0.000000 0.000000 0.000000 1.216176 1.248551 -17.069455 -76.626369 0.010204 0.010204 0.001319 348.214286 1.216176 1.248551 -17.069455 -76.626369 0.010204 0.010204 0.001319 348.214286 1 26 46 66 77 88
0.000000 0.000000 0.000000 1.000761 1.264917 -132.512223 -75.891588 0.010204 0.010204 0.001319 348.214286 1.216004 1.247832 -92.923816 -74.796809 0.010204 0.010204 0.001319 348.214286 1 26 46 66 77 92
0.000000 0.000000 0.000000 1.006510 1.767226 -1.164994 -60.766301 0.010204 0.010204 0.001268 366.857143 1.216006 1.247838 -33.673671 -65.858900 0.010204 0.010204 0.001268 366.857143 1 26 46 66 77 97
0.000000 0.000000 0.000000 1.000003 1.095135 -12.588560 -71.257732 0.010204 0.010204 0.001268 366.857143 1.216000 1.247816 -62.573143 -70.059610 0.010204 0.010204 0.001268 366.857143 1 26 46 66 77 98
0.000000 0.000000 0.000000 1.000078 1.304577 -49.311659 -62.428296 0.010204 0.010204 0.001319 348.214286 1.214960 1.246475 -107.646238 -79.217735 0.010204 0.010204 0.001319 348.214286 1 26 46 66 81 88
0.000000 0.000000 0.000000 1.001012 1.157526 -18.453975 -59.160274 0.010204 0.010204 0.001319 348.214286 1.214965 1.246825 -44.430562 -83.655665 0.010204 0.010204 0.001319 348.214286 1 26 46 66 81 92
0.000000 0.000000 0.000000 1.000001 1.060417 -6.130312 -36.817070 0.010204 0.010204 0.001268 366.857143 1.214960 1.246467 -34.539892 -75.493626 0.010204 0.010204 0.001268 366.857143 1 26 46 66 81 97
0.000000 0.000000 0.000000 1.000084 1.066143 -24.141421 -81.215614 0.010204 0.010204 0.001268 366.857143 1.214960 1.246476 -58.509541 -72.014012 0.010204 0.010204 0.001268 366.857143 1 26 46 66 81 98
0.000000 0.000000 0.000000 1.000391 1.138553 -0.052168 -66.342382 0.010204 0.010204 0.001266 366.857143 1.214975 1.246491 -18.233208 -73.537120 0.010204 0.010204 0.001266 366.857143 1 26 46 66 86 88
0.000000 0.000000 0.000000 1.000002 1.060848 -105.469121 -74.720246 0.010204 0.010204 0.001266 366.857143 1.214975 1.246481 -145.986939 -72.974657 0.010204 0.010204 0.001266 366.857143 1 26 46 66 86 92
0.000000 0.000000 0.000000 1.012591 1.646910 -63.236602 -171.325326 0.010204 0.010204 0.001219 385.500000 1.214980 1.246648 -174.519126 -64.382063 0.010204 0.010204 0.001219 385.500000 1 26 46 66 86 97
0.000000 0.000000 0.000000 1.000086 1.060482 -129.934872 -71.071510 0.010204 0.010204 0.001219 385.500000 1.214975 1.246484 -29.977022 -84.376964 0.010204 0.010204 0.001219 385.500000 1 26 46 66 86 98
0.000000 0.000000 0.000000 1.000002 1.154990 -136.092679 -72.418196 0.010204 0.010204 0.001266 366.857143 1.214936 1.246435 -60.027926 -70.785239 0.010204 0.010204 0.001266 366.857143 1 26 46 66 87 88
0.000000 0.000000 0.000000 1.000009 1.111336 -0.117784 -68.355587 0.010204 0.010204 0.001266 366.857143 1.214936 1.246445 -143.637308 -78.550027 0.010204 0.010204 0.001266 366.857143 1 26 46 66 87 92
0.000000 0.000000 0.000000 1.000003 1.056075 -24.505876 -68.666667 0.010204 0.010204 0.001219 385.500000 1.214936 1.246437 -109.084487 -70.969551 0.010204 0.010204 0.001219 385.500000 1 26 46 66 87 97
0.000000 0.000000 0.000000 1.000011 1.050299 -3.727590 -60.392225 0.010204 0.010204 0.001219 385.500000 1.214937 1.246594 -97.061136 -73.767821 0.010204 0.010204 0.001219 385.500000 1 26 46 66 87 98
0.000000 0.000000 0.000000 1.000569 1.058606 -239.744979 -53.910520 0.010204 0.010204 0.001319 348.214286 1.209020 1.242215 -37.435908 -76.858598 0.010204 0.010204 0.001319 348.214286 1 26 46 70 77 88
0.000000 0.000000 0.000000 1.000329 1.100962 -22.942975 -65.554988 0.010204 0.010204 0.001319 348.214286 1.209019 1.241870 -98.364342 -74.449725 0.010204 0.010204 0.001319 348.214286 1 26 46 70 77 92
0.000000 0.000000 0.000000 1.000745 1.147330 -89.316430 -60.346018 0.010204 0.010204 0.001268 366.857143 1.209019 1.241871 -125.046505 -69.877133 0.010204 0.010204 0.001268 366.857143 1 26 46 70 77 97
0.000000 0.000000 0.000000 1.000066 1.113970 -0.037699 -82.908318 0.010204 0.010204 0.001268 366.857143 1.209019 1.241862 -255.739835 -68.689153 0.010204 0.010204 0.001268 366.857143 1 26 46 70 77 98
0.000000 0.000000 0.000000 1.001962 1.063874 -93.958693 -48.519496 0.010204 0.010204 0.001319 348.214286 1.209046 1.242241 -99.859843 -61.953264 0.010204 0.010204 0.001319 348.214286 1 26 46 70 81 88
0.000000 0.000000 0.000000 1.023855 1.358316 -66.159044 -78.786503 0.010204 0.010204 0.001319 348.214286 1.209050 1.242766 -110.196409 -78.261708 0.010204 0.010204 0.001319 348.214286 1 26 46 70 81 92
0.000000 0.000000 0.000000 1.000086 1.413188 -0.002730 -49.125825 0.010204 0.010204 0.001268 366.857143 1.209046 1.242229 -15.287439 -73.537043 0.010204 0.010204 0.001268 366.857143 1 26 46 70 81 97
0.000000 0.000000 0.000000 1.017587 1.323166 -3.604968 -74.370813 0.010204 0.010204 0.001268 366.857143 1.209046 1.242245 -27.850329 -78.471827 0.010204 0.010204 0.001268 366.857143 1 26 46 70 81 98
0.000000 0.000000 0.000000 1.000066 1.060918 -66.192999 -56.856760 0.010204 0.010204 0.001266 366.857143 1.209019 1.241862 -117.876592 -66.659962 0.010204 0.010204 0.001266 366.857143 1 26 46 70 86 88
0.000000 0.000000 0.000000 1.000021 1.078362 -0.002234 -63.261787 0.010204 0.010204 0.001266 366.857143 1.209019 1.241853 -65.646249 -68.031422 0.010204 0.010204 0.001266 366.857143 1 26 46 70 86 92
0.000000 0.000000 0.000000 1.000211 1.119955 -0.010890 -57.216490 0.010204 0.010204 0.001219 385.500000 1.209019 1.242009 -47.097686 -58.123508 0.010204 0.010204 0.001219 385.500000 1 26 46 70 86 97
0.000000 0.000000 0.000000 1.000093 1.112157 -256.011692 -73.859534 0.010204 0.010204 0.001219 385.500000 1.209019 1.241855 -144.548567 -68.135177 0.010204 0.010204 0.001219 385.500000 1 26 46 70 86 98
0.000000 0.000000 0.000000 1.000120 1.176386 -0.025473 -64.993212 0.010204 0.010204 0.001266 366.857143 1.209020 1.241863 -232.905936 -66.999344 0.010204 0.010204 0.001266 366.857143 1 26 46 70 87 88
0.000000 0.000000 0.000000 1.001154 1.124175 -131.258056 -53.496659 0.010204 0.010204 0.001266 366.857143 1.209020 1.241873 -166.973247 -80.212787 0.010204 0.010204 0.001266 366.857143 1 26 46 70 87 92
0.000000 0.000000 0.000000 1.000316 1.052871 -34.627216 -44.704983 0.010204 0.010204 0.001219 385.500000 1.209020 1.241865 -62.541356 -78.728905 0.010204 0.010204 0.001219 385.500000 1 26 46 70 87 97
0.000000 0.000000 0.000000 1.002219 1.122317 -1.200246 -73.382605 0.010204 0.010204 0.001219 385.500000 1.209020 1.242024 -97.261008 -73.189359 0.010204 0.010204 0.001219 385.500000 1 26 46 70 87 98
0.000000 0.000000 0.000000 1.001537 1.053533 -56.592244 -57.006119 0.010204 0.010204 0.001264 366.857143 1.209103 1.242276 -226.037617 -78.892273 0.010204 0.010204 0.001264 366.857143 1 26 46 75 77 88
0.000000 0.000000 0.000000 1.000371 1.083518 -40.649219 -73.019366 0.010204 0.010204 0.001264 366.857143 1.209103 1.241930 -17.311446 -69.258044 0.010204 0.010204 0.001264 366.857143 1 26 46 75 77 92
0.000000 0.000000 0.000000 1.000607 1.064063 -0.052977 -46.862466 0.010204 0.010204 0.001217 385.500000 1.209103 1.241931 -17.313303 -69.160392 0.010204 0.010204 0.001217 385.500000 1 26 46 75 77 97
0.000000 0.000000 0.000000 1.000023 1.058137 -2.296208 -69.734826 0.010204 0.010204 0.001217 385.500000 1.209103 1.241921 -52.592856 -65.357834 0.010204 0.010204 0.001217 385.500000 1 26 46 75 77 98
0.000000 0.000000 0.000000 1.000035 1.056959 -89.785046 -66.287544 0.010204 0.010204 0.001264 366.857143 1.209101 1.241919 -20.082044 -67.413519 0.010204 0.010204 0.001264 366.857143 1 26 46 75 81 88
0.000000 0.000000 0.000000 1.000235 1.150543 -0.017658 -72.398923 0.010204 0.010204 0.001264 366.857143 1.209101 1.242259 -20.382497 -75.933941 0.010204 0.010204 0.001264 366.857143 1 26 46 75 81 92
0.000000 0.000000 0.000000 1.000010 1.054491 -10.288897 -65.058524 0.010204 0.010204 0.001217 385.500000 1.209101 1.241910 -60.302670 -79.112916 0.010204 0.010204 0.001217 385.500000 1 26 46 75 81 97
0.000000 0.000000 0.000000 1.000051 1.058444 -0.130054 -55.290060 0.010204 0.010204 0.001217 385.500000 1.209101 1.241920 -10.427802 -67.096382 0.010204 0.010204 0.001217 385.500000 1 26 46 75 81 98
0.000000 0.000000 0.000000 1.005749 1.056312 -0.917942 -49.797066 0.010204 0.010204 0.001215 385.500000 1.209132 1.242109 -130.009484 -80.595630 0.010204 0.010204 0.001215 385.500000 1 26 46 75 86 88
0.000000 0.000000 0.000000 1.000015 1.145049 -97.892103 -61.985934 0.010204 0.010204 0.001215 385.500000 1.209132 1.242096 -46.817586 -73.950106 0.010204 0.010204 0.001215 385.500000 1 26 46 75 86 92
0.000000 0.000000 0.000000 1.014421 1.069310 -2.941221 -53.263621 0.010204 0.010204 0.001171 404.142857 1.209135 1.242340 -152.970282 -75.642584 0.010204 0.010204 0.001171 404.142857 1 26 46 75 86 97
0.000000 0.000000 0.000000 1.002121 1.105004 -0.989882 -63.933421 0.010204 0.010204 0.001171 404.142857 1.209132 1.242099 -87.310960 -64.677889 0.010204 0.010204 0.001171 404.142857 1 26 46 75 86 98
0.000000 0.000000 0.000000 1.000031 1.085668 -0.003727 -66.995847 0.010204 0.010204 0.001215 385.500000 1.209102 1.241913 -71.542923 -74.398895 0.010204 0.010204 0.001215 385.500000 1 26 46 75 87 88
0.000000 0.000000 0.000000 1.000252 1.049495 -3.261991 -59.025325 0.010204 0.010204 0.001215 385.500000 1.209102 1.241923 -20.880518 -67.281250 0.010204 0.010204 0.001215 385.500000 1 26 46 75 87 92
0.000000 0.000000 0.000000 1.000292 1.100737 -0.035715 -63.806208 0.010204 0.010204 0.001171 404.142857 1.209102 1.241915 -9.622437 -79.463734 0.010204 0.010204 0.001171 404.142857 1 26 46 75 87 97
0.000000 0.000000 0.000000 1.002105 1.163378 -12.359296 -86.926600 0.010204 0.010204 0.001171 404.142857 1.209102 1.242071 -40.094694 -65.827196 0.010204 0.010204 0.001171 404.142857 1 26 46 75 87 98
0.000000 0.000000 0.000000 1.000817 1.542040 -0.087429 -118.455154 0.010204 0.010204 0.001264 366.857143 1.208889 1.242101 -47.198441 -70.120521 0.010204 0.010204 0.001264 366.857143 1 26 46 76 77 88
0.000000 0.000000 0.000000 1.000101 1.100670 -0.028775 -60.622325 0.010204 0.010204 0.001264 366.857143 1.208889 1.241761 -21.698230 -80.521770 0.010204 0.010204 0.001264 366.857143 1 26 46 76 77 92
0.000000 0.000000 0.000000 1.000081 1.068626 -75.272263 -57.398215 0.010204 0.010204 0.001217 385.500000 1.208889 1.241762 -16.747261 -70.695216 0.010204 0.010204 0.001217 385.500000 1 26 46 76 77 97
0.000000 0.000000 0.000000 1.000084 1.170208 -0.005621 -73.825110 0.010204 0.010204 0.001217 385.500000 1.208889 1.241752 -52.786099 -74.132916 0.010204 0.010204 0.001217 385.500000 1 26 46 76 77 98
0.000000 0.000000 0.000000 1.000217 1.048300 -0.033364 -56.391947 0.010204 0.010204 0.001264 366.857143 1.208890 1.241771 -59.608613 -72.119097 0.010204 0.010204 0.001264 366.857143 1 26 46 76 81 88
0.000000 0.000000 0.000000 1.001002 1.161468 -0.218399 -59.708291 0.010204 0.010204 0.001264 366.857143 1.208890 1.242117 -78.355605 -73.251520 0.010204 0.010204 0.001264 366.857143 1 26 46 76 81 92
0.000000 0.000000 0.000000 1.000093 1.052706 -63.460192 -48.336713 0.010204 0.010204 0.001217 385.500000 1.208890 1.241762 -159.875461 -84.147529 0.010204 0.010204 0.001217 385.500000 1 26 46 76 81 97
0.000000 0.000000 0.000000 1.000603 1.116062 -0.700140 -76.427715 0.010204 0.010204 0.001217 385.500000 1.208890 1.241772 -176.251221 -85.073311 0.010204 0.010204 0.001217 385.500000 1 26 46 76 81 98
0.000000 0.000000 0.000000 1.000740 1.201137 -146.698598 -61.704186 0.010204 0.010204 0.001215 385.500000 1.208890 1.241764 -74.285045 -76.927531 0.010204 0.010204 0.001215 385.500000 1 26 46 76 86 88
0.000000 0.000000 0.000000 1.000078 1.060768 -27.535129 -57.759746 0.010204 0.010204 0.001215 385.500000 1.208890 1.241755 -45.747846 -81.106877 0.010204 0.010204 0.001215 385.500000 1 26 46 76 86 92
0.000000 0.000000 0.000000 1.000322 1.070489 -1.108870 -76.540720 0.010204 0.010204 0.001171 404.142857 1.208890 1.241913 -24.809481 -72.988826 0.010204 0.010204 0.001171 404.142857 1 26 46 76 86 97
0.000000 0.000000 0.000000 1.000262 1.082878 -67.320680 -79.866078 0.010204 0.010204 0.001171 404.142857 1.208890 1.241757 -75.510540 -74.887581 0.010204 0.010204 0.001171 404.142857 1 26 46 76 86 98
0.000000 0.000000 0.000000 1.000288 1.058387 -65.912741 -46.399701 0.010204 0.010204 0.001215 385.500000 1.208897 1.241916 -94.058296 -73.387934 0.010204 0.010204 0.001215 385.500000 1 26 46 76 87 88
0.000000 0.000000 0.000000 1.000774 1.067860 -21.929940 -71.459504 0.010204 0.010204 0.001215 385.500000 1.208897 1.241930 -238.248827 -72.413277 0.010204 0.010204 0.001215 385.500000 1 26 46 76 87 92
0.000000 0.000000 0.000000 1.000993 1.088716 -0.082819 -64.802354 0.010204 0.010204 0.001171 404.142857 1.208897 1.241920 -30.943516 -68.215734 0.010204 0.010204 0.001171 404.142857 1 26 46 76 87 97
0.000000 0.000000 0.000000 1.000620 1.053269 -122.200508 -61.716354 0.010204 0.010204 0.001171 404.142857 1.208898 1.242158 -103.700672 -69.099030 0.010204 0.010204 0.001171 404.142857 1 26 46 76 87 98
0.000000 0.000000 0.000000 1.029182 1.063224 -194.251829 -52.410418 0.010204 0.010204 0.001319 348.214286 1.184215 1.232678 -8.779261 -56.609399 0.010204 0.010204 0.001319 348.214286 1 26 50 66 77 88
0.000000 0.000000 0.000000 1.049216 1.111635 -112.399981 -56.157144 0.010204 0.010204 0.001319 348.214286 1.184215 1.232157 -109.338063 -66.634352 0.010204 0.010204 0.001319 348.214286 1 26 50 66 77 92
0.000000 0.000000 0.000000 1.035838 1.079091 -5.201639 -57.859045 0.010204 0.010204 0.001268 366.857143 1.184215 1.232160 -34.655067 -70.308717 0.010204 0.010204 0.001268 366.857143 1 26 50 66 77 97
0.000000 0.000000 0.000000 1.003197 1.095191 -1.438760 -67.074784 0.010204 0.010204 0.001268 366.857143 1.184215 1.232144 -287.013820 -65.443578 0.010204 0.010204 0.001268 366.857143 1 26 50 66 77 98
0.000000 0.000000 0.000000 3.773173 26.376486 -501.755899 -1306.942110 0.010204 0.010204 0.001319 348.214286 1.184214 1.231800 -87.744350 -70.487438 0.010204 0.010204 0.001319 348.214286 1 26 50 66 81 88
0.000000 0.000000 0.000000 1.034243 1.169592 -6.871062 -66.818780 0.010204 0.010204 0.001319 348.214286 1.184214 1.232144 -103.390347 -66.439627 0.010204 0.010204 0.001319 348.214286 1 26 50 66 81 92
0.000000 0.000000 0.000000 1.001773 1.073962 -0.208316 -45.814575 0.010204 0.010204 0.001268 366.857143 1.184214 1.231791 -38.960251 -76.724475 0.010204 0.010204 0.001268 366.857143 1 26 50 66 81 97
0.000000 0.000000 0.000000 1.019951 1.138040 -48.156295 -54.921330 0.010204 0.010204 0.001268 366.857143 1.184214 1.231801 -110.406085 -70.010806 0.010204 0.010204 0.001268 366.857143 1 26 50 66 81 98
0.000000 0.000000 0.000000 1.076879 1.346683 -268.278730 -79.740521 0.010204 0.010204 0.001266 366.857143 1.184214 1.231802 -36.895395 -73.433249 0.010204 0.010204 0.001266 366.857143 1 26 50 66 86 88
0.000000 0.000000 0.000000 1.003785 1.117392 -0.428551 -62.998217 0.010204 0.010204 0.001266 366.857143 1.184214 1.231793 -62.211510 -70.133619 0.010204 0.010204 0.001266 366.857143 1 26 50 66 86 92
0.000000 0.000000 0.000000 1.071776 1.252892 -3.048741 -92.965599 0.010204 0.010204 0.001219 385.500000 1.184214 1.231953 -57.508949 -61.711379 0.010204 0.010204 0.001219 385.500000 1 26 50 66 86 97
0.000000 0.000000 0.000000 1.018729 1.104609 -37.228814 -75.759984 0.010204 0.010204 0.001219 385.500000 1.184214 1.231795 -50.650301 -64.770279 0.010204 0.010204 0.001219 385.500000 1 26 50 66 86 98
0.000000 0.000000 0.000000 1.001394 1.153480 -0.113434 -68.207875 0.010204 0.010204 0.001266 366.857143 1.184214 1.231783 -13.271937 -71.466523 0.010204 0.010204 0.001266 366.857143 1 26 50 66 87 88
0.000000 0.000000 0.000000 1.002966 1.083898 -94.590013 -58.186169 0.010204 0.010204 0.001266 366.857143 1.184214 1.231792 -68.470378 -63.167104 0.010204 0.010204 0.001266 366.857143 1 26 50 66 87 92
0.000000 0.000000 0.000000 1.001774 1.064352 -139.987184 -62.121784 0.010204 0.010204 0.001219 385.500000 1.184214 1.231785 -18.719145 -76.863353 0.010204 0.010204 0.001219 385.500000 1 26 50 66 87 97
0.000000 0.000000 0.000000 1.019865 1.372338 -4.590614 -63.150831 0.010204 0.010204 0.001219 385.500000 1.184214 1.231939 -39.446790 -85.344324 0.010204 0.010204 0.001219 385.500000 1 26 50 66 87 98
0.000000 0.000000 0.000000 1.095314 1.138820 -55.855806 -69.240023 0.010204 0.010204 0.001319 348.214286 1.184349 1.233725 -36.217490 -68.167619 0.010204 0.010204 0.001319 348.214286 1 26 50 70 77 88
0.000000 0.000000 0.000000 1.001417 1.057355 -2.333614 -60.380175 0.010204 0.010204 0.001319 348.214286 1.184349 1.233378 -18.137931 -76.937321 0.010204 0.010204 0.001319 348.214286 1 26 50 70 77 92
0.000000 0.000000 0.000000 1.004065 1.047219 -0.819532 -40.174955 0.010204 0.010204 0.001268 366.857143 1.184349 1.233380 -132.057743 -70.820236 0.010204 0.010204 0.001268 366.857143 1 26 50 70 77 97
0.000000 0.000000 0.000000 1.000070 1.065723 -0.061789 -77.636067 0.010204 0.010204 0.001268 366.857143 1.184349 1.233370 -20.227826 -59.468782 0.010204 0.010204 0.001268 366.857143 1 26 50 70 77 98
0.000000 0.000000 0.000000 1.102192 1.094721 -190.173077 -82.204443 0.010204 0.010204 0.001319 348.214286 1.184371 1.234138 -14.887127 -67.298777 0.010204 0.010204 0.001319 348.214286 1 26 50 70 81 88
0.000000 0.000000 0.000000 3.513095 2.571847 -402.780329 -175.286696 0.010204 0.010204 0.001319 348.214286 1.184375 1.234748 -169.686791 -67.511968 0.010204 0.010204 0.001319 348.214286 1 26 50 70 81 92
0.000000 0.000000 0.000000 1.000095 1.096462 -65.611033 -34.249437 0.010204 0.010204 0.001268 366.857143 1.184371 1.234124 -210.732199 -73.887195 0.010204 0.010204 0.001268 366.857143 1 26 50 70 81 97
0.000000 0.000000 0.000000 1.074235 1.048120 -6.692281 -58.881713 0.010204 0.010204 0.001268 366.857143 1.184371 1.234142 -29.987074 -70.301761 0.010204 0.010204 0.001268 366.857143 1 26 50 70 81 98
0.000000 0.000000 0.000000 1.000873 1.208693 -0.052434 -76.879727 0.010204 0.010204 0.001266 366.857143 1.184349 1.233362 -29.291630 -69.724221 0.010204 0.010204 0.001266 366.857143 1 26 50 70 86 88
0.000000 0.000000 0.000000 1.000087 1.186734 -0.006825 -77.771636 0.010204 0.010204 0.001266 366.857143 1.184349 1.233352 -103.698843 -81.935275 0.010204 0.010204 0.001266 366.857143 1 26 50 70 86 92
0.000000 0.000000 0.000000 1.001049 1.087319 -142.331987 -61.077897 0.010204 0.010204 0.001219 385.500000 1.184349 1.233510 -11.681024 -67.762113 0.010204 0.010204 0.001219 385.500000 1 26 50 70 86 97
0.000000 0.000000 0.000000 1.000179 1.069225 -10.847276 -71.086503 0.010204 0.010204 0.001219 385.500000 1.184349 1.233354 -41.835156 -60.937487 0.010204 0.010204 0.001219 385.500000 1 26 50 70 86 98
0.000000 0.000000 0.000000 1.000085 1.065580 -0.044043 -52.164053 0.010204 0.010204 0.001266 366.857143 1.184349 1.233376 -51.075043 -81.949598 0.010204 0.010204 0.001266 366.857143 1 26 50 70 87 88
0.000000 0.000000 0.000000 1.022120 1.064115 -171.018962 -58.302968 0.010204 0.010204 0.001266 366.857143 1.184349 1.233386 -31.257881 -75.872049 0.010204 0.010204 0.001266 366.857143 1 26 50 70 87 92
0.000000 0.000000 0.000000 1.015084 1.228649 -3.373700 -55.788310 0.010204 0.010204 0.001219 385.500000 1.184349 1.233378 -32.178898 -65.321501 0.010204 0.010204 0.001219 385.500000 1 26 50 70 87 97
0.000000 0.000000 0.000000 1.063091 1.047520 -38.097954 -61.554153 0.010204 0.010204 0.001219 385.500000 1.184349 1.233540 -99.138707 -81.553021 0.010204 0.010204 0.001219 385.500000 1 26 50 70 87 98
0.000000 0.000000 0.000000 1.007266 1.068221 -65.642505 -61.560485 0.010204 0.010204 0.001264 366.857143 1.184211 1.232111 -224.654037 -72.461813 0.010204 0.010204 0.001264 366.857143 1 26 50 75 77 88
0.000000 0.000000 0.000000 1.005012 1.055373 -0.385157 -68.871978 0.010204 0.010204 0.001264 366.857143 1.184211 1.231764 -114.228316 -71.321008 0.010204 0.010204 0.001264 366.857143 1 26 50 75 77 92
0.000000 0.000000 0.000000 1.007147 1.073395 -1.040265 -57.139123 0.010204 0.010204 0.001217 385.500000 1.184211 1.231765 -103.877986 -75.713595 0.010204 0.010204 0.001217 385.500000 1 26 50 75 77 97
0.000000 0.000000 0.000000 1.006239 1.118816 -85.716205 -63.094697 0.010204 0.010204 0.001217 385.500000 1.184211 1.231756 -90.149566 -72.597397 0.010204 0.010204 0.001217 385.500000 1 26 50 75 77 98
0.000000 0.000000 0.000000 1.001236 1.046469 -0.110530 -56.747308 0.010204 0.010204 0.001264 366.857143 1.184211 1.231755 -12.279788 -59.395520 0.010204 0.010204 0.001264 366.857143 1 26 50 75 81 88
0.000000 0.000000 0.000000 1.004098 1.111893 -54.612456 -54.919707 0.010204 0.010204 0.001264 366.857143 1.184211 1.232095 -105.891057 -64.515891 0.010204 0.010204 0.001264 366.857143 1 26 50 75 81 92
0.000000 0.000000 0.000000 1.001818 1.126490 -0.171171 -59.826123 0.010204 0.010204 0.001217 385.500000 1.184211 1.231746 -20.018153 -75.374543 0.010204 0.010204 0.001217 385.500000 1 26 50 75 81 97
0.000000 0.000000 0.000000 1.001862 1.061554 -83.204924 -80.353240 0.010204 0.010204 0.001217 385.500000 1.184211 1.231756 -64.736489 -71.522209 0.010204 0.010204 0.001217 385.500000 1 26 50 75 81 98
0.000000 0.000000 0.000000 1.024472 1.160812 -0.771626 -66.539459 0.010204 0.010204 0.001215 385.500000 1.184211 1.231920 -14.438735 -68.682058 0.010204 0.010204 0.001215 385.500000 1 26 50 75 86 88
0.000000 0.000000 0.000000 1.012103 1.088527 -1.447592 -48.246816 0.010204 0.010204 0.001215 385.500000 1.184211 1.231906 -64.929021 -69.662191 0.010204 0.010204 0.001215 385.500000 1 26 50 75 86 92
0.000000 0.000000 0.000000 1.019689 1.128512 -3.428047 -65.323789 0.010204 0.010204 0.001171 404.142857 1.184211 1.232147 -16.684343 -68.827880 0.010204 0.010204 0.001171 404.142857 1 26 50 75 86 97
0.000000 0.000000 0.000000 1.030248 1.199910 -23.542135 -59.316363 0.010204 0.010204 0.001171 404.142857 1.184211 1.231910 -202.763712 -83.599422 0.010204 0.010204 0.001171 404.142857 1 26 50 75 86 98
0.000000 0.000000 0.000000 1.015970 1.419834 -27.012288 -107.681391 0.010204 0.010204 0.001215 385.500000 1.184211 1.231748 -83.789247 -71.112664 0.010204 0.010204 0.001215 385.500000 1 26 50 75 87 88
0.000000 0.000000 0.000000 1.004264 1.055692 -84.077625 -70.463956 0.010204 0.010204 0.001215 385.500000 1.184211 1.231758 -243.181869 -77.163069 0.010204 0.010204 0.001215 385.500000 1 26 50 75 87 92
0.000000 0.000000 0.000000 1.004149 1.059254 -78.982928 -57.137194 0.010204 0.010204 0.001171 404.142857 1.184211 1.231750 -33.488110 -74.756651 0.010204 0.010204 0.001171 404.142857 1 26 50 75 87 97
0.000000 0.000000 0.000000 1.012782 1.147550 -104.182722 -58.639211 0.010204 0.010204 0.001171 404.142857 1.184211 1.231907 -129.065175 -74.096894 0.010204 0.010204 0.001171 404.142857 1 26 50 75 87 98
0.000000 0.000000 0.000000 1.002762 1.050624 -106.674315 -59.981626 0.010204 0.010204 0.001264 366.857143 1.184216 1.232150 -31.735984 -70.763040 0.010204 0.010204 0.001264 366.857143 1 26 50 76 77 88
0.000000 0.000000 0.000000 1.001141 1.049921 -0.142289 -63.055711 0.010204 0.010204 0.001264 366.857143 1.184216 1.231809 -19.848541 -65.279401 0.010204 0.010204 0.001264 366.857143 1 26 50 76 77 92
0.000000 0.000000 0.000000 1.003527 1.110690 -134.102594 -63.870897 0.010204 0.010204 0.001217 385.500000 1.184216 1.231810 -8.962292 -71.507237 0.010204 0.010204 0.001217 385.500000 1 26 50 76 77 97
0.000000 0.000000 0.000000 1.012588 2.970182 -180.497594 -324.798369 0.010204 0.010204 0.001217 385.500000 1.184216 1.231801 -19.776203 -65.149523 0.010204 0.010204 0.001217 385.500000 1 26 50 76 77 98
0.000000 0.000000 0.000000 1.148899 1.760417 -11.600709 -103.605141 0.010204 0.010204 0.001264 366.857143 1.184216 1.231819 -28.583157 -66.490195 0.010204 0.010204 0.001264 366.857143 1 26 50 76 81 88
0.000000 0.000000 0.000000 1.092936 1.222948 -13.021727 -71.293674 0.010204 0.010204 0.001264 366.857143 1.184216 1.232166 -19.182187 -59.384619 0.010204 0.010204 0.001264 366.857143 1 26 50 76 81 92
0.000000 0.000000 0.000000 1.001260 1.062140 -16.870618 -32.657656 0.010204 0.010204 0.001217 385.500000 1.184216 1.231811 -39.186514 -75.116804 0.010204 0.010204 0.001217 385.500000 1 26 50 76 81 97
0.000000 0.000000 0.000000 1.022650 1.078293 -8.344636 -73.048291 0.010204 0.010204 0.001217 385.500000 1.184216 1.231820 -57.933557 -74.675138 0.010204 0.010204 0.001217 385.500000 1 26 50 76 81 98
0.000000 0.000000 0.000000 1.009093 1.050794 -1.002405 -50.962441 0.010204 0.010204 0.001215 385.500000 1.184216 1.231813 -20.581229 -57.520347 0.010204 0.010204 0.001215 385.500000 1 26 50 76 86 88
0.000000 0.000000 0.000000 1.001619 1.099459 -0.103627 -57.746854 0.010204 0.010204 0.001215 385.500000 1.184216 1.231803 -19.598296 -64.917203 0.010204 0.010204 0.001215 385.500000 1 26 50 76 86 92
0.000000 0.000000 0.000000 1.021273 1.072659 -1.365228 -72.835859 0.010204 0.010204 0.001171 404.142857 1.184216 1.231961 -19.424853 -73.976486 0.010204 0.010204 0.001171 404.142857 1 26 50 76 86 97
0.000000 0.000000 0.000000 1.082334 1.673873 -118.360331 -111.729805 0.010204 0.010204 0.001171 404.142857 1.184216 1.231805 -173.119382 -78.413210 0.010204 0.010204 0.001171 404.142857 1 26 50 76 86 98
0.000000 0.000000 0.000000 1.003286 1.367883 -211.562544 -53.210417 0.010204 0.010204 0.001215 385.500000 1.184217 1.231970 -72.453874 -67.747721 0.010204 0.010204 0.001215 385.500000 1 26 50 76 87 88
0.000000 0.000000 0.000000 1.193945 1.285386 -28.851038 -65.561158 0.010204 0.010204 0.001215 385.500000 1.184217 1.231984 -77.504959 -75.564293 0.010204 0.010204 0.001215 385.500000 1 26 50 76 87 92
0.000000 0.000000 0.000000 1.030969 1.047543 -3.023570 -41.714766 0.010204 0.010204 0.001171 404.142857 1.184217 1.231974 -89.525696 -75.900986 0.010204 0.010204 0.001171 404.142857 1 26 50 76 87 97
0.000000 0.000000 0.000000 1.103652 1.149034 -5.308896 -55.929608 0.010204 0.010204 0.001171 404.142857 1.184217 1.232213 -84.358551 -81.219391 0.010204 0.010204 0.001171 404.142857 1 26 50 76 87 98
0.000000 0.000000 0.000000 1.032303 1.046333 -8.305037 -56.995899 0.010204 0.010204 0.001319 348.214286 1.184670 1.232901 -32.422578 -67.494141 0.010204 0.010204 0.001319 348.214286 1 26 61 66 77 88
0.000000 0.000000 0.000000 1.027779 1.052374 -10.165346 -53.833028 0.010204 0.010204 0.001319 348.214286 1.184670 1.232378 -131.669726 -69.124076 0.010204 0.010204 0.001319 348.214286 1 26 61 66 77 92
0.000000 0.000000 0.000000 1.047632 1.072766 -13.401132 -44.414588 0.010204 0.010204 0.001268 366.857143 1.184670 1.232381 -13.466172 -61.038517 0.010204 0.010204 0.001268 366.857143 1 26 61 66 77 97
0.000000 0.000000 0.000000 1.000761 1.233142 -0.310348 -84.030429 0.010204 0.010204 0.001268 366.857143 1.184670 1.232365 -15.541067 -56.748148 0.010204 0.010204 0.001268 366.857143 1 26 61 66 77 98
0.000000 0.000000 0.000000 1.023575 1.398986 -18.737200 -78.001768 0.010204 0.010204 0.001319 348.214286 1.184669 1.232014 -26.788932 -69.874486 0.010204 0.010204 0.001319 348.214286 1 26 61 66 81 88
0.000000 0.000000 0.000000 1.010032 1.053740 -158.392731 -57.127806 0.010204 0.010204 0.001319 348.214286 1.184669 1.232358 -101.163055 -70.820001 0.010204 0.010204 0.001319 348.214286 1 26 61 66 81 92
0.000000 0.000000 0.000000 1.000619 1.075530 -151.975976 -42.431918 0.010204 0.010204 0.001268 366.857143 1.184669 1.232005 -276.918232 -71.250466 0.010204 0.010204 0.001268 366.857143 1 26 61 66 81 97
0.000000 0.000000 0.000000 1.004988 1.051350 -0.928598 -77.943955 0.010204 0.010204 0.001268 366.857143 1.184669 1.232015 -9.621168 -62.597122 0.010204 0.010204 0.001268 366.857143 1 26 61 66 81 98
0.000000 0.000000 0.000000 1.160269 1.888430 -12.031843 -110.207859 0.010204 0.010204 0.001266 366.857143 1.184669 1.232016 -6.904861 -67.933078 0.010204 0.010204 0.001266 366.857143 1 26 61 66 86 88
0.000000 0.000000 0.000000 1.002303 1.235835 -0.120880 -69.649479 0.010204 0.010204 0.001266 366.857143 1.184669 1.232007 -24.517202 -80.261143 0.010204 0.010204 0.001266 366.857143 1 26 61 66 86 92
0.000000 0.000000 0.000000 1.015257 1.047442 -14.949084 -56.683934 0.010204 0.010204 0.001219 385.500000 1.184669 1.232167 -150.294490 -70.249341 0.010204 0.010204 0.001219 385.500000 1 26 61 66 86 97
0.000000 0.000000 0.000000 1.005813 1.051042 -1.398748 -71.658390 0.010204 0.010204 0.001219 385.500000 1.184669 1.232009 -171.298006 -65.198015 0.010204 0.010204 0.001219 385.500000 1 26 61 66 86 98
0.000000 0.000000 0.000000 1.000514 1.143364 -63.608863 -48.130518 0.010204 0.010204 0.001266 366.857143 1.184669 1.231996 -156.787996 -72.201998 0.010204 0.010204 0.001266 366.857143 1 26 61 66 87 88
0.000000 0.000000 0.000000 1.002337 1.131723 -0.438580 -65.138062 0.010204 0.010204 0.001266 366.857143 1.184669 1.232006 -155.326819 -72.979344 0.010204 0.010204 0.001266 366.857143 1 26 61 66 87 92
0.000000 0.000000 0.000000 1.000697 1.053923 -0.584236 -45.651960 0.010204 0.010204 0.001219 385.500000 1.184669 1.231998 -63.923558 -75.235551 0.010204 0.010204 0.001219 385.500000 1 26 61 66 87 97
0.000000 0.000000 0.000000 1.005640 1.181633 -139.459499 -62.288331 0.010204 0.010204 0.001219 385.500000 1.184669 1.232153 -20.325248 -62.790154 0.010204 0.010204 0.001219 385.500000 1 26 61 66 87 98
0.000000 0.000000 0.000000 1.009031 1.151746 -144.776703 -74.336446 0.010204 0.010204 0.001319 348.214286 1.184660 1.232292 -7.327929 -75.046061 0.010204 0.010204 0.001319 348.214286 1 26 61 70 77 88
0.000000 0.000000 0.000000 1.009452 1.207147 -0.506327 -58.002057 0.010204 0.010204 0.001319 348.214286 1.184660 1.231947 -55.536861 -69.003205 0.010204 0.010204 0.001319 348.214286 1 26 61 70 77 92
0.000000 0.000000 0.000000 1.004506 1.088021 -101.774194 -56.393937 0.010204 0.010204 0.001268 366.857143 1.184660 1.231949 -27.702375 -71.484321 0.010204 0.010204 0.001268 366.857143 1 26 61 70 77 97
0.000000 0.000000 0.000000 1.001752 1.077081 -0.486445 -62.241116 0.010204 0.010204 0.001268 366.857143 1.184660 1.231939 -151.179082 -66.760293 0.010204 0.010204 0.001268 366.857143 1 26 61 70 77 98
0.000000 0.000000 0.000000 1.009617 1.083007 -23.832899 -59.633885 0.010204 0.010204 0.001319 348.214286 1.184660 1.232297 -27.841819 -76.833449 0.010204 0.010204 0.001319 348.214286 1 26 61 70 81 88
0.000000 0.000000 0.000000 1.007275 1.061616 -21.692536 -53.690437 0.010204 0.010204 0.001319 348.214286 1.184660 1.232817 -106.060090 -79.807722 0.010204 0.010204 0.001319 348.214286 1 26 61 70 81 92
0.000000 0.000000 0.000000 1.011118 1.116320 -17.391527 -43.801722 0.010204 0.010204 0.001268 366.857143 1.184660 1.232285 -57.233860 -77.494595 0.010204 0.010204 0.001268 366.857143 1 26 61 70 81 97
0.000000 0.000000 0.000000 1.008362 1.071500 -3.770497 -73.026309 0.010204 0.010204 0.001268 366.857143 1.184660 1.232300 -39.500497 -69.360802 0.010204 0.010204 0.001268 366.857143 1 26 61 70 81 98
0.000000 0.000000 0.000000 1.001793 1.093411 -112.014430 -55.948199 0.010204 0.010204 0.001266 366.857143 1.184660 1.231940 -11.106819 -69.859547 0.010204 0.010204 0.001266 366.857143 1 26 61 70 86 88
0.000000 0.000000 0.000000 1.000968 1.110891 -0.065607 -51.419654 0.010204 0.010204 0.001266 366.857143 1.184660 1.231931 -29.913124 -69.798446 0.010204 0.010204 0.001266 366.857143 1 26 61 70 86 92
0.000000 0.000000 0.000000 1.002674 1.113018 -105.949468 -72.901538 0.010204 0.010204 0.001219 385.500000 1.184660 1.232087 -51.556877 -75.401073 0.010204 0.010204 0.001219 385.500000 1 26 61 70 86 97
0.000000 0.000000 0.000000 1.001199 1.071278 -0.078551 -80.396368 0.010204 0.010204 0.001219 385.500000 1.184660 1.231933 -32.355135 -63.933365 0.010204 0.010204 0.001219 385.500000 1 26 61 70 86 98
0.000000 0.000000 0.000000 1.003242 1.101044 -0.211983 -64.640981 0.010204 0.010204 0.001266 366.857143 1.184660 1.231940 -19.113310 -65.222262 0.010204 0.010204 0.001266 366.857143 1 26 61 70 87 88
0.000000 0.000000 0.000000 1.347253 6.068140 -21.784484 -496.901414 0.010204 0.010204 0.001266 366.857143 1.184660 1.231950 -170.423328 -73.398591 0.010204 0.010204 0.001266 366.857143 1 26 61 70 87 92
0.000000 0.000000 0.000000 1.038681 1.615047 -1.135009 -83.211558 0.010204 0.010204 0.001219 385.500000 1.184660 1.231942 -19.234415 -62.294273 0.010204 0.010204 0.001219 385.500000 1 26 61 70 87 97
0.000000 0.000000 0.000000 1.013355 1.174084 -5.839230 -63.774952 0.010204 0.010204 0.001219 385.500000 1.184660 1.232101 -32.455760 -73.512667 0.010204 0.010204 0.001219 385.500000 1 26 61 70 87 98
0.000000 0.000000 0.000000 1.067129 1.060584 -39.593476 -71.478896 0.010204 0.010204 0.001264 366.857143 1.184853 1.233687 -13.650234 -62.374536 0.010204 0.010204 0.001264 366.857143 1 26 61 75 77 88
0.000000 0.000000 0.000000 1.001194 1.066589 -185.855015 -63.219647 0.010204 0.010204 0.001264 366.857143 1.184853 1.233338 -9.191566 -80.368049 0.010204 0.010204 0.001264 366.857143 1 26 61 75 77 92
0.000000 0.000000 0.000000 1.004195 1.051845 -30.066708 -40.665770 0.010204 0.010204 0.001217 385.500000 1.184853 1.233339 -50.443976 -70.277994 0.010204 0.010204 0.001217 385.500000 1 26 61 75 77 97
0.000000 0.000000 0.000000 1.000036 1.063130 -13.935528 -79.247171 0.010204 0.010204 0.001217 385.500000 1.184853 1.233329 -12.973922 -69.970859 0.010204 0.010204 0.001217 385.500000 1 26 61 75 77 98
0.000000 0.000000 0.000000 1.000123 1.102081 -0.010574 -71.179367 0.010204 0.010204 0.001264 366.857143 1.184852 1.233315 -10.510123 -70.063495 0.010204 0.010204 0.001264 366.857143 1 26 61 75 81 88
0.000000 0.000000 0.000000 1.000334 1.065136 -0.656648 -74.506207 0.010204 0.010204 0.001264 366.857143 1.184852 1.233657 -45.992397 -77.358729 0.010204 0.010204 0.001264 366.857143 1 26 61 75 81 92
0.000000 0.000000 0.000000 1.000043 1.170607 -149.614132 -59.761176 0.010204 0.010204 0.001217 385.500000 1.184852 1.233307 -76.237573 -66.391656 0.010204 0.010204 0.001217 385.500000 1 26 61 75 81 97
0.000000 0.000000 0.000000 1.000286 1.145950 -0.093705 -79.405621 0.010204 0.010204 0.001217 385.500000 1.184852 1.233317 -82.090826 -72.521096 0.010204 0.010204 0.001217 385.500000 1 26 61 75 81 98
0.000000 0.000000 0.000000 1.290611 1.157993 -84.572515 -84.564374 0.010204 0.010204 0.001215 385.500000 1.184876 1.233746 -152.898165 -69.842494 0.010204 0.010204 0.001215 385.500000 1 26 61 75 86 88
0.000000 0.000000 0.000000 1.000028 1.092125 -24.259607 -80.608085 0.010204 0.010204 0.001215 385.500000 1.184876 1.233730 -10.262955 -75.771296 0.010204 0.010204 0.001215 385.500000 1 26 61 75 86 92
0.000000 0.000000 0.000000 1.178214 1.081940 -117.563631 -73.945570 0.010204 0.010204 0.001171 404.142857 1.184879 1.234015 -21.694217 -72.117162 0.010204 0.010204 0.001171 404.142857 1 26 61 75 86 97
0.000000 0.000000 0.000000 1.010055 1.055933 -205.255384 -77.762006 0.010204 0.010204 0.001171 404.142857 1.184876 1.233735 -42.370016 -63.739831 0.010204 0.010204 0.001171 404.142857 1 26 61 75 86 98
0.000000 0.000000 0.000000 1.000592 2.198024 -68.053801 -187.515900 0.010204 0.010204 0.001215 385.500000 1.184852 1.233314 -20.417918 -71.623342 0.010204 0.010204 0.001215 385.500000 1 26 61 75 87 88
0.000000 0.000000 0.000000 1.003814 1.159016 -73.806373 -61.646925 0.010204 0.010204 0.001215 385.500000 1.184852 1.233324 -26.756657 -68.774772 0.010204 0.010204 0.001215 385.500000 1 26 61 75 87 92
0.000000 0.000000 0.000000 1.001320 1.146998 -269.310300 -50.127866 0.010204 0.010204 0.001171 404.142857 1.184852 1.233316 -19.956814 -72.111686 0.010204 0.010204 0.001171 404.142857 1 26 61 75 87 97
0.000000 0.000000 0.000000 1.026209 1.090163 -5.759025 -63.643257 0.010204 0.010204 0.001171 404.142857 1.184852 1.233474 -29.369734 -76.145630 0.010204 0.010204 0.001171 404.142857 1 26 61 75 87 98
0.000000 0.000000 0.000000 1.035779 2.110547 -189.759206 -78.150402 0.010204 0.010204 0.001264 366.857143 1.184664 1.232305 -8.105056 -66.002593 0.010204 0.010204 0.001264 366.857143 1 26 61 76 77 88
0.000000 0.000000 0.000000 1.000912 1.058369 -0.172252 -61.828794 0.010204 0.010204 0.001264 366.857143 1.184664 1.231965 -5.489122 -64.765402 0.010204 0.010204 0.001264 366.857143 1 26 61 76 77 92
0.000000 0.000000 0.000000 1.043216 3.092949 -168.464098 -109.746313 0.010204 0.010204 0.001217 385.500000 1.184664 1.231966 -153.886137 -72.130864 0.010204 0.010204 0.001217 385.500000 1 26 61 76 77 97
0.000000 0.000000 0.000000 1.000264 1.051330 -0.061431 -80.019572 0.010204 0.010204 0.001217 385.500000 1.184664 1.231956 -27.770157 -89.482983 0.010204 0.010204 0.001217 385.500000 1 26 61 76 77 98
0.000000 0.000000 0.000000 1.007793 1.071328 -258.645441 -67.406436 0.010204 0.010204 0.001264 366.857143 1.184664 1.231975 -20.666042 -82.209877 0.010204 0.010204 0.001264 366.857143 1 26 61 76 81 88
0.000000 0.000000 0.000000 1.048641 1.215768 -185.466916 -62.302254 0.010204 0.010204 0.001264 366.857143 1.184664 1.232321 -11.151287 -70.769038 0.010204 0.010204 0.001264 366.857143 1 26 61 76 81 92
0.000000 0.000000 0.000000 1.002307 1.145087 -38.592591 -48.245901 0.010204 0.010204 0.001217 385.500000 1.184664 1.231966 -106.281253 -67.845231 0.010204 0.010204 0.001217 385.500000 1 26 61 76 81 97
0.000000 0.000000 0.000000 1.029097 1.188203 -1.395090 -80.453494 0.010204 0.010204 0.001217 385.500000 1.184664 1.231976 -64.950887 -65.744268 0.010204 0.010204 0.001217 385.500000 1 26 61 76 81 98
0.000000 0.000000 0.000000 1.004602 1.047501 -301.429125 -65.090334 0.010204 0.010204 0.001215 385.500000 1.184664 1.231968 -12.152138 -75.957259 0.010204 0.010204 0.001215 385.500000 1 26 61 76 86 88
0.000000 0.000000 0.000000 1.000755 1.059142 -0.120955 -61.522240 0.010204 0.010204 0.001215 385.500000 1.184664 1.231959 -38.364599 -60.624301 0.010204 0.010204 0.001215 385.500000 1 26 61 76 86 92
0.000000 0.000000 0.000000 1.008658 1.056898 -84.160420 -61.306319 0.010204 0.010204 0.001171 404.142857 1.184664 1.232117 -44.047228 -66.081609 0.010204 0.010204 0.001171 404.142857 1 26 61 76 86 97
0.000000 0.000000 0.000000 1.015017 1.214130 -2.418202 -74.094050 0.010204 0.010204 0.001171 404.142857 1.184664 1.231961 -74.207325 -72.730660 0.010204 0.010204 0.001171 404.142857 1 26 61 76 86 98
0.000000 0.000000 0.000000 1.000523 1.050310 -0.056939 -63.991368 0.010204 0.010204 0.001215 385.500000 1.184664 1.232121 -25.600048 -57.516558 0.010204 0.010204 0.001215 385.500000 1 26 61 76 87 88
0.000000 0.000000 0.000000 1.083831 1.191936 -24.763459 -52.546655 0.010204 0.010204 0.001215 385.500000 1.184664 1.232135 -111.208188 -71.670818 0.010204 0.010204 0.001215 385.500000 1 26 61 76 87 92
0.000000 0.000000 0.000000 1.020115 1.048901 -2.250810 -46.376603 0.010204 0.010204 0.001171 404.142857 1.184664 1.232125 -41.462260 -57.911254 0.010204 0.010204 0.001171 404.142857 1 26 61 76 87 97
0.000000 0.000000 0.000000 1.043461 1.095903 -7.834901 -62.412895 0.010204 0.010204 0.001171 404.142857 1.184664 1.232363 -30.329403 -68.290128 0.010204 0.010204 0.001171 404.142857 1 26 61 76 87 98
0.000000 0.000000 0.000000 1.013694 1.073241 -1.616900 -65.297768 0.010204 0.010204 0.001319 348.214286 1.183731 1.232442 -209.166724 -71.913337 0.010204 0.010204 0.001319 348.214286 1 26 65 66 77 88
0.000000 0.000000 0.000000 1.014859 1.079773 -5.358052 -47.205269 0.010204 0.010204 0.001319 348.214286 1.183731 1.231922 -28.513356 -69.233304 0.010204 0.010204 0.001319 348.214286 1 26 65 66 77 92
0.000000 0.000000 0.000000 1.014336 1.076836 -78.965459 -65.979871 0.010204 0.010204 0.001268 366.857143 1.183731 1.231925 -10.010011 -70.336028 0.010204 0.010204 0.001268 366.857143 1 26 65 66 77 97
0.000000 0.000000 0.000000 1.020129 1.109658 -4.320962 -67.018437 0.010204 0.010204 0.001268 366.857143 1.183731 1.231909 -188.427631 -63.542617 0.010204 0.010204 0.001268 366.857143 1 26 65 66 77 98
0.000000 0.000000 0.000000 1.007210 1.057189 -13.399350 -52.339817 0.010204 0.010204 0.001319 348.214286 1.183731 1.231572 -15.285406 -70.110356 0.010204 0.010204 0.001319 348.214286 1 26 65 66 81 88
0.000000 0.000000 0.000000 1.111162 1.804005 -21.274472 -150.757682 0.010204 0.010204 0.001319 348.214286 1.183731 1.231917 -23.179503 -68.508123 0.010204 0.010204 0.001319 348.214286 1 26 65 66 81 92
0.000000 0.000000 0.000000 1.007534 1.078044 -2.508659 -52.486682 0.010204 0.010204 0.001268 366.857143 1.183731 1.231564 -12.538416 -73.950715 0.010204 0.010204 0.001268 366.857143 1 26 65 66 81 97
0.000000 0.000000 0.000000 1.018878 1.143895 -1.443000 -92.475243 0.010204 0.010204 0.001268 366.857143 1.183731 1.231573 -178.505371 -68.063617 0.010204 0.010204 0.001268 366.857143 1 26 65 66 81 98
0.000000 0.000000 0.000000 1.008800 1.058415 -9.763928 -64.595189 0.010204 0.010204 0.001266 366.857143 1.183731 1.231575 -28.850341 -76.245675 0.010204 0.010204 0.001266 366.857143 1 26 65 66 86 88
0.000000 0.000000 0.000000 1.022817 1.188075 -3.589594 -68.820264 0.010204 0.010204 0.001266 366.857143 1.183731 1.231565 -50.239389 -68.652430 0.010204 0.010204 0.001266 366.857143 1 26 65 66 86 92
0.000000 0.000000 0.000000 1.029161 1.187146 -2.737274 -73.019938 0.010204 0.010204 0.001219 385.500000 1.183731 1.231726 -153.972974 -77.253533 0.010204 0.010204 0.001219 385.500000 1 26 65 66 86 97
0.000000 0.000000 0.000000 1.014864 1.101141 -171.029120 -73.797925 0.010204 0.010204 0.001219 385.500000 1.183731 1.231567 -30.140384 -69.829262 0.010204 0.010204 0.001219 385.500000 1 26 65 66 86 98
0.000000 0.000000 0.000000 1.019522 1.452850 -68.257159 -77.010890 0.010204 0.010204 0.001266 366.857143 1.183731 1.231556 -91.214870 -64.787959 0.010204 0.010204 0.001266 366.857143 1 26 65 66 87 88
0.000000 0.000000 0.000000 1.016325 1.227495 -2.795837 -70.247847 0.010204 0.010204 0.001266 366.857143 1.183731 1.231565 -86.231458 -61.205356 0.010204 0.010204 0.001266 366.857143 1 26 65 66 87 92
0.000000 0.000000 0.000000 1.030354 1.457014 -2.160416 -73.937193 0.010204 0.010204 0.001219 385.500000 1.183731 1.231558 -44.643159 -69.247310 0.010204 0.010204 0.001219 385.500000 1 26 65 66 87 97
0.000000 0.000000 0.000000 1.004139 1.051364 -36.929867 -47.003337 0.010204 0.010204 0.001219 385.500000 1.183731 1.231712 -34.809688 -71.636664 0.010204 0.010204 0.001219 385.500000 1 26 65 66 87 98
0.000000 0.000000 0.000000 1.042420 1.114873 -72.118177 -59.493836 0.010204 0.010204 0.001319 348.214286 1.183733 1.231980 -28.668275 -63.363020 0.010204 0.010204 0.001319 348.214286 1 26 65 70 77 88
0.000000 0.000000 0.000000 1.020189 1.066010 -4.682352 -60.295648 0.010204 0.010204 0.001319 348.214286 1.183733 1.231635 -114.178246 -63.996144 0.010204 0.010204 0.001319 348.214286 1 26 65 70 77 92
0.000000 0.000000 0.000000 1.031568 1.094102 -106.399295 -60.297151 0.010204 0.010204 0.001268 366.857143 1.183733 1.231636 -13.674845 -66.461405 0.010204 0.010204 0.001268 366.857143 1 26 65 70 77 97
0.000000 0.000000 0.000000 1.008700 1.074820 -19.029468 -64.275534 0.010204 0.010204 0.001268 366.857143 1.183733 1.231626 -23.753545 -76.757933 0.010204 0.010204 0.001268 366.857143 1 26 65 70 77 98
0.000000 0.000000 0.000000 1.031562 1.067234 -107.046596 -58.803404 0.010204 0.010204 0.001319 348.214286 1.183733 1.231998 -99.153869 -76.380406 0.010204 0.010204 0.001319 348.214286 1 26 65 70 81 88
0.000000 0.000000 0.000000 1.029594 1.062737 -12.995816 -65.611112 0.010204 0.010204 0.001319 348.214286 1.183734 1.232522 -189.037038 -80.333532 0.010204 0.010204 0.001319 348.214286 1 26 65 70 81 92
0.000000 0.000000 0.000000 1.058103 1.132478 -1.200740 -50.681818 0.010204 0.010204 0.001268 366.857143 1.183733 1.231986 -14.119604 -63.200418 0.010204 0.010204 0.001268 366.857143 1 26 65 70 81 97
0.000000 0.000000 0.000000 1.030609 1.065045 -7.628964 -55.290975 0.010204 0.010204 0.001268 366.857143 1.183733 1.232002 -41.337331 -69.554510 0.010204 0.010204 0.001268 366.857143 1 26 65 70 81 98
0.000000 0.000000 0.000000 1.016850 1.131215 -2.139256 -74.321258 0.010204 0.010204 0.001266 366.857143 1.183733 1.231627 -31.936136 -69.573447 0.010204 0.010204 0.001266 366.857143 1 26 65 70 86 88
0.000000 0.000000 0.000000 1.002396 1.076069 -10.724962 -56.122293 0.010204 0.010204 0.001266 366.857143 1.183733 1.231618 -68.961931 -76.681000 0.010204 0.010204 0.001266 366.857143 1 26 65 70 86 92
0.000000 0.000000 0.000000 1.021471 1.121763 -83.970663 -74.828697 0.010204 0.010204 0.001219 385.500000 1.183733 1.231774 -12.832835 -63.978325 0.010204 0.010204 0.001219 385.500000 1 26 65 70 86 97
0.000000 0.000000 0.000000 1.018845 1.183243 -94.273805 -69.170972 0.010204 0.010204 0.001219 385.500000 1.183733 1.231620 -65.231319 -74.299799 0.010204 0.010204 0.001219 385.500000 1 26 65 70 86 98
0.000000 0.000000 0.000000 1.186031 2.036869 -12.218153 -166.734860 0.010204 0.010204 0.001266 366.857143 1.183733 1.231628 -25.340220 -76.233090 0.010204 0.010204 0.001266 366.857143 1 26 65 70 87 88
0.000000 0.000000 0.000000 1.051275 1.130796 -16.227773 -61.069389 0.010204 0.010204 0.001266 366.857143 1.183733 1.231637 -33.431590 -65.218207 0.010204 0.010204 0.001266 366.857143 1 26 65 70 87 92
0.000000 0.000000 0.000000 1.018066 1.048280 -23.941217 -65.964258 0.010204 0.010204 0.001219 385.500000 1.183733 1.231630 -109.136852 -71.035369 0.010204 0.010204 0.001219 385.500000 1 26 65 70 87 97
0.000000 0.000000 0.000000 1.021882 1.053014 -5.165720 -67.150772 0.010204 0.010204 0.001219 385.500000 1.183733 1.231789 -83.208117 -68.434915 0.010204 0.010204 0.001219 385.500000 1 26 65 70 87 98
0.000000 0.000000 0.000000 1.021274 1.064689 -6.842430 -72.248090 0.010204 0.010204 0.001264 366.857143 1.183732 1.231945 -12.427379 -56.236890 0.010204 0.010204 0.001264 366.857143 1 26 65 75 77 88
0.000000 0.000000 0.000000 1.019166 1.064210 -61.213578 -55.230728 0.010204 0.010204 0.001264 366.857143 1.183732 1.231598 -13.820082 -65.845941 0.010204 0.010204 0.001264 366.857143 1 26 65 75 77 92
0.000000 0.000000 0.000000 1.082398 1.263598 -8.154042 -66.816080 0.010204 0.010204 0.001217 385.500000 1.183732 1.231599 -13.557437 -58.211682 0.010204 0.010204 0.001217 385.500000 1 26 65 75 77 97
0.000000 0.000000 0.000000 1.012377 1.069111 -155.989713 -66.010941 0.010204 0.010204 0.001217 385.500000 1.183732 1.231590 -56.031639 -65.435856 0.010204 0.010204 0.001217 385.500000 1 26 65 75 77 98
0.000000 0.000000 0.000000 1.005401 1.056153 -0.307296 -58.751169 0.010204 0.010204 0.001264 366.857143 1.183732 1.231588 -336.352174 -76.729187 0.010204 0.010204 0.001264 366.857143 1 26 65 75 81 88
0.000000 0.000000 0.000000 1.022759 1.156310 -143.353621 -71.952653 0.010204 0.010204 0.001264 366.857143 1.183732 1.231929 -23.171935 -65.484949 0.010204 0.010204 0.001264 366.857143 1 26 65 75 81 92
0.000000 0.000000 0.000000 1.001792 1.046212 -34.388089 -46.959467 0.010204 0.010204 0.001217 385.500000 1.183732 1.231580 -118.694078 -68.795496 0.010204 0.010204 0.001217 385.500000 1 26 65 75 81 97
0.000000 0.000000 0.000000 1.007766 1.067793 -4.029718 -63.534725 0.010204 0.010204 0.001217 385.500000 1.183732 1.231589 -30.353348 -71.140561 0.010204 0.010204 0.001217 385.500000 1 26 65 75 81 98
0.000000 0.000000 0.000000 1.162923 1.422916 -28.551699 -80.445170 0.010204 0.010204 0.001215 385.500000 1.183732 1.231758 -75.181795 -76.039027 0.010204 0.010204 0.001215 385.500000 1 26 65 75 86 88
0.000000 0.000000 0.000000 1.021283 1.058048 -0.877291 -64.990368 0.010204 0.010204 0.001215 385.500000 1.183732 1.231744 -46.132280 -60.954809 0.010204 0.010204 0.001215 385.500000 1 26 65 75 86 92
0.000000 0.000000 0.000000 1.131359 1.340103 -8.879527 -112.101779 0.010204 0.010204 0.001171 404.142857 1.183732 1.231986 -77.529445 -67.971122 0.010204 0.010204 0.001171 404.142857 1 26 65 75 86 97
0.000000 0.000000 0.000000 1.201104 1.523179 -49.156418 -90.892380 0.010204 0.010204 0.001171 404.142857 1.183732 1.231748 -49.603424 -72.844851 0.010204 0.010204 0.001171 404.142857 1 26 65 75 86 98
0.000000 0.000000 0.000000 1.009297 1.073564 -1.052180 -72.828709 0.010204 0.010204 0.001215 385.500000 1.183732 1.231582 -30.236485 -70.417993 0.010204 0.010204 0.001215 385.500000 1 26 65 75 87 88
0.000000 0.000000 0.000000 1.079997 1.296848 -5.199496 -73.404313 0.010204 0.010204 0.001215 385.500000 1.183732 1.231591 -206.240084 -66.085878 0.010204 0.010204 0.001215 385.500000 1 26 65 75 87 92
0.000000 0.000000 0.000000 1.025848 1.102879 -2.787501 -49.624543 0.010204 0.010204 0.001171 404.142857 1.183732 1.231584 -28.314372 -67.833856 0.010204 0.010204 0.001171 404.142857 1 26 65 75 87 97
0.000000 0.000000 0.000000 1.199029 1.677950 -227.827590 -95.523024 0.010204 0.010204 0.001171 404.142857 1.183732 1.231740 -62.071761 -83.592960 0.010204 0.010204 0.001171 404.142857 1 26 65 75 87 98
0.000000 0.000000 0.000000 1.067960 1.206176 -8.291721 -63.964136 0.010204 0.010204 0.001264 366.857143 1.183778 1.233203 -19.320934 -77.836481 0.010204 0.010204 0.001264 366.857143 1 26 65 76 77 88
0.000000 0.000000 0.000000 1.002972 1.076649 -124.290741 -62.507362 0.010204 0.010204 0.001264 366.857143 1.183778 1.232862 -29.977996 -66.011792 0.010204 0.010204 0.001264 366.857143 1 26 65 76 77 92
0.000000 0.000000 0.000000 1.005126 1.055454 -69.909198 -52.784393 0.010204 0.010204 0.001217 385.500000 1.183778 1.232863 -12.850327 -60.402370 0.010204 0.010204 0.001217 385.500000 1 26 65 76 77 97
0.000000 0.000000 0.000000 1.001590 1.514275 -0.133056 -94.262762 0.010204 0.010204 0.001217 385.500000 1.183778 1.232853 -17.327206 -64.007675 0.010204 0.010204 0.001217 385.500000 1 26 65 76 77 98
0.000000 0.000000 0.000000 1.034182 1.050417 -146.213424 -68.199698 0.010204 0.010204 0.001264 366.857143 1.183778 1.232883 -28.949095 -64.552856 0.010204 0.010204 0.001264 366.857143 1 26 65 76 81 88
0.000000 0.000000 0.000000 1.377641 1.540987 -91.984044 -78.373909 0.010204 0.010204 0.001264 366.857143 1.183778 1.233233 -43.367711 -88.149273 0.010204 0.010204 0.001264 366.857143 1 26 65 76 81 92
0.000000 0.000000 0.000000 1.007638 1.178212 -253.580947 -51.113057 0.010204 0.010204 0.001217 385.500000 1.183778 1.232875 -100.432529 -68.619873 0.010204 0.010204 0.001217 385.500000 1 26 65 76 81 97
0.000000 0.000000 0.000000 3.095120 4.031287 -850.997831 -398.888480 0.010204 0.010204 0.001217 385.500000 1.183778 1.232884 -89.149315 -53.602675 0.010204 0.010204 0.001217 385.500000 1 26 65 76 81 98
0.000000 0.000000 0.000000 1.041818 1.062637 -3.037247 -59.741467 0.010204 0.010204 0.001215 385.500000 1.183778 1.232870 -36.571617 -67.736912 0.010204 0.010204 0.001215 385.500000 1 26 65 76 86 88
0.000000 0.000000 0.000000 1.001732 1.072078 -2.422329 -73.612361 0.010204 0.010204 0.001215 385.500000 1.183778 1.232860 -172.285294 -76.558910 0.010204 0.010204 0.001215 385.500000 1 26 65 76 86 92
0.000000 0.000000 0.000000 1.033991 1.049432 -0.439191 -64.421061 0.010204 0.010204 0.001171 404.142857 1.183778 1.233020 -21.024192 -71.609065 0.010204 0.010204 0.001171 404.142857 1 26 65 76 86 97
0.000000 0.000000 0.000000 1.058348 1.091553 -4.254527 -84.368400 0.010204 0.010204 0.001171 404.142857 1.183778 1.232862 -14.869418 -57.705401 0.010204 0.010204 0.001171 404.142857 1 26 65 76 86 98
0.000000 0.000000 0.000000 1.651348 2.093577 -101.636447 -102.162680 0.010204 0.010204 0.001215 385.500000 1.183784 1.233265 -15.070181 -72.915982 0.010204 0.010204 0.001215 385.500000 1 26 65 76 87 88
0.000000 0.000000 0.000000 1.132485 1.187111 -172.134512 -82.877244 0.010204 0.010204 0.001215 385.500000 1.183784 1.233280 -103.958624 -76.482237 0.010204 0.010204 0.001215 385.500000 1 26 65 76 87 92
0.000000 0.000000 0.000000 1.133669 1.188853 -4.995947 -75.293871 0.010204 0.010204 0.001171 404.142857 1.183784 1.233269 -34.151039 -79.738982 0.010204 0.010204 0.001171 404.142857 1 26 65 76 87 97
0.000000 0.000000 0.000000 1.131194 1.185230 -22.106478 -91.783719 0.010204 0.010204 0.001171 404.142857 1.183784 1.233548 -37.447854 -74.290857 0.010204 0.010204 0.001171 404.142857 1 26 65 76 87 98
0.000000 0.000000 0.000000 22.993251 1.956923 -2756.460346 -206.941383 0.010204 0.010204 0.001319 348.214286 1.113382 1.217106 -7.236694 -67.362259 0.010204 0.010204 0.001319 348.214286 1 30 46 66 77 88
0.000000 0.000000 0.000000 26.247282 2.099840 -3607.825384 -276.728268 0.010204 0.010204 0.001319 348.214286 1.113382 1.216497 -11.637082 -67.709187 0.010204 0.010204 0.001319 348.214286 1 30 46 66 77 92
0.000000 0.000000 0.000000 24.331880 2.015601 -1030.633764 -154.674588 0.010204 0.010204 0.001268 366.857143 1.113382 1.216501 -7.092593 -63.140649 0.010204 0.010204 0.001268 366.857143 1 30 46 66 77 97
0.000000 0.000000 0.000000 1.049541 1.100807 -50.295476 -66.358074 0.010204 0.010204 0.001268 366.857143 1.113382 1.216483 -122.719906 -80.381305 0.010204 0.010204 0.001268 366.857143 1 30 46 66 77 98
0.000000 0.000000 0.000000 1.668061 1.061410 -67.350947 -56.449116 0.010204 0.010204 0.001319 348.214286 1.113381 1.215744 -14.949187 -76.770168 0.010204 0.010204 0.001319 348.214286 1 30 46 66 81 88
0.000000 0.000000 0.000000 2.462686 1.066382 -159.665987 -56.523881 0.010204 0.010204 0.001319 348.214286 1.113381 1.216092 -9.008628 -78.612541 0.010204 0.010204 0.001319 348.214286 1 30 46 66 81 92
0.000000 0.000000 0.000000 1.006843 1.069692 -0.299262 -33.386514 0.010204 0.010204 0.001268 366.857143 1.113381 1.215736 -13.869264 -70.723738 0.010204 0.010204 0.001268 366.857143 1 30 46 66 81 97
0.000000 0.000000 0.000000 4.569106 1.181419 -104.458657 -72.879134 0.010204 0.010204 0.001268 366.857143 1.113381 1.215746 -5.722361 -72.737073 0.010204 0.010204 0.001268 366.857143 1 30 46 66 81 98
0.000000 0.000000 0.000000 2.332257 1.060495 -30.550055 -51.826959 0.010204 0.010204 0.001266 366.857143 1.113381 1.215752 -63.553978 -70.877434 0.010204 0.010204 0.001266 366.857143 1 30 46 66 86 88
0.000000 0.000000 0.000000 1.012706 1.070411 -2.123455 -52.290533 0.010204 0.010204 0.001266 366.857143 1.113381 1.215742 -13.654166 -72.851974 0.010204 0.010204 0.001266 366.857143 1 30 46 66 86 92
0.000000 0.000000 0.000000 2.168043 1.051636 -165.706797 -66.394564 0.010204 0.010204 0.001219 385.500000 1.113381 1.215906 -109.136773 -67.624046 0.010204 0.010204 0.001219 385.500000 1 30 46 66 86 97
0.000000 0.000000 0.000000 2.722865 1.083168 -342.584678 -73.215466 0.010204 0.010204 0.001219 385.500000 1.113381 1.215744 -16.461500 -76.755361 0.010204 0.010204 0.001219 385.500000 1 30 46 66 86 98
0.000000 0.000000 0.000000 1.004041 1.199708 -275.349823 -73.043572 0.010204 0.010204 0.001266 366.857143 1.113381 1.215719 -8.673089 -66.653397 0.010204 0.010204 0.001266 366.857143 1 30 46 66 87 88
0.000000 0.000000 0.000000 1.213217 1.645579 -99.409526 -103.662249 0.010204 0.010204 0.001266 366.857143 1.113381 1.215728 -210.627339 -77.452369 0.010204 0.010204 0.001266 366.857143 1 30 46 66 87 92
0.000000 0.000000 0.000000 1.015317 1.081015 -101.817176 -57.754134 0.010204 0.010204 0.001219 385.500000 1.113381 1.215721 -5.773250 -71.982042 0.010204 0.010204 0.001219 385.500000 1 30 46 66 87 97
0.000000 0.000000 0.000000 4.931222 3.565497 -494.497339 -191.538485 0.010204 0.010204 0.001219 385.500000 1.113381 1.215876 -58.160609 -61.008470 0.010204 0.010204 0.001219 385.500000 1 30 46 66 87 98
0.000000 0.000000 0.000000 1.370319 1.047032 -166.262593 -73.952296 0.010204 0.010204 0.001319 348.214286 1.113378 1.214549 -10.426712 -67.383780 0.010204 0.010204 0.001319 348.214286 1 30 46 70 77 88
0.000000 0.000000 0.000000 1.360469 1.069826 -53.955771 -49.454614 0.010204 0.010204 0.001319 348.214286 1.113378 1.214205 -60.388193 -70.122780 0.010204 0.010204 0.001319 348.214286 1 30 46 70 77 92
0.000000 0.000000 0.000000 2.459315 1.230747 -365.333231 -59.195034 0.010204 0.010204 0.001268 366.857143 1.113378 1.214206 -5.695076 -73.553435 0.010204 0.010204 0.001268 366.857143 1 30 46 70 77 97
0.000000 0.000000 0.000000 1.069219 1.057973 -44.581859 -63.045145 0.010204 0.010204 0.001268 366.857143 1.113378 1.214196 -17.533952 -66.869963 0.010204 0.010204 0.001268 366.857143 1 30 46 70 77 98
0.000000 0.000000 0.000000 2.932442 1.151331 -321.913698 -87.669456 0.010204 0.010204 0.001319 348.214286 1.113378 1.214561 -169.099901 -75.761457 0.010204 0.010204 0.001319 348.214286 1 30 46 70 81 88
0.000000 0.000000 0.000000 2.478970 1.114328 -32.298792 -59.889209 0.010204 0.010204 0.001319 348.214286 1.113378 1.215083 -6.931524 -74.596177 0.010204 0.010204 0.001319 348.214286 1 30 46 70 81 92
0.000000 0.000000 0.000000 1.762825 1.113403 -15.585416 -38.551049 0.010204 0.010204 0.001268 366.857143 1.113378 1.214549 -130.759255 -66.956062 0.010204 0.010204 0.001268 366.857143 1 30 46 70 81 97
0.000000 0.000000 0.000000 2.676512 1.130381 -144.016166 -79.809634 0.010204 0.010204 0.001268 366.857143 1.113378 1.214564 -206.530902 -82.203810 0.010204 0.010204 0.001268 366.857143 1 30 46 70 81 98
0.000000 0.000000 0.000000 1.188409 1.125035 -45.155373 -55.787991 0.010204 0.010204 0.001266 366.857143 1.113378 1.214197 -6.155297 -71.712791 0.010204 0.010204 0.001266 366.857143 1 30 46 70 86 88
0.000000 0.000000 0.000000 1.016171 1.046547 -182.527097 -54.252742 0.010204 0.010204 0.001266 366.857143 1.113378 1.214188 -61.319703 -64.985467 0.010204 0.010204 0.001266 366.857143 1 30 46 70 86 92
0.000000 0.000000 0.000000 1.268886 1.117416 -207.498645 -67.541548 0.010204 0.010204 0.001219 385.500000 1.113378 1.214344 -120.423185 -79.055049 0.010204 0.010204 0.001219 385.500000 1 30 46 70 86 97
0.000000 0.000000 0.000000 1.068392 1.058988 -14.837683 -73.239454 0.010204 0.010204 0.001219 385.500000 1.113378 1.214190 -16.124751 -70.474915 0.010204 0.010204 0.001219 385.500000 1 30 46 70 86 98
0.000000 0.000000 0.000000 1.331901 1.180070 -38.723003 -67.754349 0.010204 0.010204 0.001266 366.857143 1.113378 1.214198 -179.305222 -75.986498 0.010204 0.010204 0.001266 366.857143 1 30 46 70 87 88
0.000000 0.000000 0.000000 2.134393 1.130220 -129.337571 -78.319093 0.010204 0.010204 0.001266 366.857143 1.113378 1.214207 -32.508182 -65.160739 0.010204 0.010204 0.001266 366.857143 1 30 46 70 87 92
0.000000 0.000000 0.000000 1.757069 1.097836 -47.897090 -53.839527 0.010204 0.010204 0.001219 385.500000 1.113378 1.214200 -9.707977 -62.525350 0.010204 0.010204 0.001219 385.500000 1 30 46 70 87 97
0.000000 0.000000 0.000000 2.200571 1.121391 -238.506766 -69.746107 0.010204 0.010204 0.001219 385.500000 1.113378 1.214358 -25.075213 -56.767370 0.010204 0.010204 0.001219 385.500000 1 30 46 70 87 98
0.000000 0.000000 0.000000 3.669052 1.198470 -45.494791 -74.124062 0.010204 0.010204 0.001264 366.857143 1.113378 1.214570 -15.708054 -66.281989 0.010204 0.010204 0.001264 366.857143 1 30 46 75 77 88
0.000000 0.000000 0.000000 2.506144 1.148796 -114.719403 -56.395245 0.010204 0.010204 0.001264 366.857143 1.113378 1.214224 -48.760510 -69.340933 0.010204 0.010204 0.001264 366.857143 1 30 46 75 77 92
0.000000 0.000000 0.000000 2.825136 1.154190 -144.986498 -56.709903 0.010204 0.010204 0.001217 385.500000 1.113378 1.214225 -230.866220 -93.651435 0.010204 0.010204 0.001217 385.500000 1 30 46 75 77 97
0.000000 0.000000 0.000000 5.320644 4.250311 -218.670589 -478.571185 0.010204 0.010204 0.001217 385.500000 1.113378 1.214215 -161.963556 -70.949596 0.010204 0.010204 0.001217 385.500000 1 30 46 75 77 98
0.000000 0.000000 0.000000 1.366266 1.345165 -13.684057 -69.354605 0.010204 0.010204 0.001264 366.857143 1.113378 1.214214 -4.780397 -71.576461 0.010204 0.010204 0.001264 366.857143 1 30 46 75 81 88
0.000000 0.000000 0.000000 1.950308 1.354083 -124.948210 -80.292640 0.010204 0.010204 0.001264 366.857143 1.113378 1.214554 -8.359553 -71.335411 0.010204 0.010204 0.001264 366.857143 1 30 46 75 81 92
0.000000 0.000000 0.000000 1.015073 1.059280 -1.693675 -51.001206 0.010204 0.010204 0.001217 385.500000 1.113378 1.214205 -88.794559 -61.304390 0.010204 0.010204 0.001217 385.500000 1 30 46 75 81 97
0.000000 0.000000 0.000000 1.206006 1.134752 -106.491555 -73.499525 0.010204 0.010204 0.001217 385.500000 1.113378 1.214215 -43.857546 -72.885271 0.010204 0.010204 0.001217 385.500000 1 30 46 75 81 98
0.000000 0.000000 0.000000 3.297427 1.140423 -149.329686 -87.977219 0.010204 0.010204 0.001215 385.500000 1.113378 1.214388 -8.561084 -73.811964 0.010204 0.010204 0.001215 385.500000 1 30 46 75 86 88
0.000000 0.000000 0.000000 1.303356 1.094766 -14.083925 -52.166063 0.010204 0.010204 0.001215 385.500000 1.113378 1.214374 -40.827723 -75.186476 0.010204 0.010204 0.001215 385.500000 1 30 46 75 86 92
0.000000 0.000000 0.000000 3.077757 1.126408 -692.108849 -63.271308 0.010204 0.010204 0.001171 404.142857 1.113378 1.214617 -8.055838 -73.619123 0.010204 0.010204 0.001171 404.142857 1 30 46 75 86 97
0.000000 0.000000 0.000000 3.554578 1.156953 -414.390633 -62.261321 0.010204 0.010204 0.001171 404.142857 1.113378 1.214378 -11.777903 -64.923354 0.010204 0.010204 0.001171 404.142857 1 30 46 75 86 98
0.000000 0.000000 0.000000 1.047043 1.051289 -2.494102 -52.457252 0.010204 0.010204 0.001215 385.500000 1.113378 1.214208 -213.059127 -69.495590 0.010204 0.010204 0.001215 385.500000 1 30 46 75 87 88
0.000000 0.000000 0.000000 1.541583 1.061444 -45.018863 -60.261303 0.010204 0.010204 0.001215 385.500000 1.113378 1.214217 -100.306938 -73.198623 0.010204 0.010204 0.001215 385.500000 1 30 46 75 87 92
0.000000 0.000000 0.000000 2.643257 1.237084 -56.747221 -55.628645 0.010204 0.010204 0.001171 404.142857 1.113378 1.214210 -156.249416 -74.498144 0.010204 0.010204 0.001171 404.142857 1 30 46 75 87 97
0.000000 0.000000 0.000000 2.082394 1.096174 -64.252034 -66.749092 0.010204 0.010204 0.001171 404.142857 1.113378 1.214366 -161.100553 -77.173802 0.010204 0.010204 0.001171 404.142857 1 30 46 75 87 98
0.000000 0.000000 0.000000 1.373538 1.293877 -95.276085 -65.114305 0.010204 0.010204 0.001264 366.857143 1.113378 1.214501 -11.191774 -73.441411 0.010204 0.010204 0.001264 366.857143 1 30 46 76 77 88
0.000000 0.000000 0.000000 2.134844 2.231831 -210.573750 -131.195842 0.010204 0.010204 0.001264 366.857143 1.113378 1.214161 -11.021392 -72.025675 0.010204 0.010204 0.001264 366.857143 1 30 46 76 77 92
0.000000 0.000000 0.000000 1.071289 1.067955 -117.044925 -61.254883 0.010204 0.010204 0.001217 385.500000 1.113378 1.214162 -19.476406 -67.334882 0.010204 0.010204 0.001217 385.500000 1 30 46 76 77 97
0.000000 0.000000 0.000000 1.027101 1.055476 -66.135197 -54.714811 0.010204 0.010204 0.001217 385.500000 1.113378 1.214152 -6.597423 -64.855608 0.010204 0.010204 0.001217 385.500000 1 30 46 76 77 98
0.000000 0.000000 0.000000 2.802560 1.560335 -297.346799 -92.847647 0.010204 0.010204 0.001264 366.857143 1.113378 1.214170 -11.667706 -75.637230 0.010204 0.010204 0.001264 366.857143 1 30 46 76 81 88
0.000000 0.000000 0.000000 1.324894 1.088110 -22.262456 -59.425860 0.010204 0.010204 0.001264 366.857143 1.113378 1.214517 -6.745976 -71.231694 0.010204 0.010204 0.001264 366.857143 1 30 46 76 81 92
0.000000 0.000000 0.000000 1.141015 1.070328 -12.859535 -36.078075 0.010204 0.010204 0.001217 385.500000 1.113378 1.214162 -227.003665 -79.178538 0.010204 0.010204 0.001217 385.500000 1 30 46 76 81 97
0.000000 0.000000 0.000000 1.223785 1.065433 -21.562512 -55.888377 0.010204 0.010204 0.001217 385.500000 1.113378 1.214171 -78.144819 -64.918596 0.010204 0.010204 0.001217 385.500000 1 30 46 76 81 98
0.000000 0.000000 0.000000 1.295106 1.108523 -32.323240 -66.254815 0.010204 0.010204 0.001215 385.500000 1.113378 1.214164 -15.623878 -54.176934 0.010204 0.010204 0.001215 385.500000 1 30 46 76 86 88
0.000000 0.000000 0.000000 1.081302 1.057217 -4.038020 -58.048675 0.010204 0.010204 0.001215 385.500000 1.113378 1.214154 -20.969659 -78.901426 0.010204 0.010204 0.001215 385.500000 1 30 46 76 86 92
0.000000 0.000000 0.000000 1.212242 1.069949 -11.958506 -53.320667 0.010204 0.010204 0.001171 404.142857 1.113378 1.214313 -42.571514 -68.306642 0.010204 0.010204 0.001171 404.142857 1 30 46 76 86 97
0.000000 0.000000 0.000000 1.209326 1.083394 -91.823112 -64.594512 0.010204 0.010204 0.001171 404.142857 1.113378 1.214156 -71.168938 -64.255773 0.010204 0.010204 0.001171 404.142857 1 30 46 76 86 98
0.000000 0.000000 0.000000 1.349768 1.073514 -124.995481 -57.260707 0.010204 0.010204 0.001215 385.500000 1.113378 1.214312 -136.680881 -70.821555 0.010204 0.010204 0.001215 385.500000 1 30 46 76 87 88
0.000000 0.000000 0.000000 3.236782 1.441819 -803.218823 -106.490540 0.010204 0.010204 0.001215 385.500000 1.113378 1.214325 -10.149722 -71.981641 0.010204 0.010204 0.001215 385.500000 1 30 46 76 87 92
0.000000 0.000000 0.000000 4.466703 1.687544 -371.567899 -99.372773 0.010204 0.010204 0.001171 404.142857 1.113378 1.214315 -17.485338 -64.400357 0.010204 0.010204 0.001171 404.142857 1 30 46 76 87 97
0.000000 0.000000 0.000000 2.530116 1.300737 -77.728962 -84.255635 0.010204 0.010204 0.001171 404.142857 1.113378 1.214553 -19.753656 -69.992197 0.010204 0.010204 0.001171 404.142857 1 30 46 76 87 98
0.000000 0.000000 0.000000 2.417073 1.075737 -145.904083 -55.051823 0.010204 0.010204 0.001319 348.214286 1.113930 1.218509 -14.820918 -70.435790 0.010204 0.010204 0.001319 348.214286 1 30 50 66 77 88
0.000000 0.000000 0.000000 3.704218 1.265736 -660.471975 -80.487047 0.010204 0.010204 0.001319 348.214286 1.113930 1.217986 -124.867616 -66.176339 0.010204 0.010204 0.001319 348.214286 1 30 50 66 77 92
0.000000 0.000000 0.000000 4.281750 1.201755 -134.398141 -61.914739 0.010204 0.010204 0.001268 366.857143 1.113930 1.217990 -5.430827 -70.574154 0.010204 0.010204 0.001268 366.857143 1 30 50 66 77 97
0.000000 0.000000 0.000000 1.007733 1.436107 -1.230663 -77.712507 0.010204 0.010204 0.001268 366.857143 1.113930 1.217974 -18.920964 -74.808213 0.010204 0.010204 0.001268 366.857143 1 30 50 66 77 98
0.000000 0.000000 0.000000 1.027904 1.129617 -141.738393 -77.193999 0.010204 0.010204 0.001319 348.214286 1.113929 1.217623 -282.730571 -71.461361 0.010204 0.010204 0.001319 348.214286 1 30 50 66 81 88
0.000000 0.000000 0.000000 1.091786 1.099962 -77.941350 -58.727770 0.010204 0.010204 0.001319 348.214286 1.113929 1.217968 -30.390655 -64.170739 0.010204 0.010204 0.001319 348.214286 1 30 50 66 81 92
0.000000 0.000000 0.000000 1.003121 1.119360 -219.608560 -50.544515 0.010204 0.010204 0.001268 366.857143 1.113929 1.217615 -12.517724 -73.180101 0.010204 0.010204 0.001268 366.857143 1 30 50 66 81 97
0.000000 0.000000 0.000000 1.106766 1.288434 -16.095190 -76.626817 0.010204 0.010204 0.001268 366.857143 1.113929 1.217625 -92.816076 -75.000635 0.010204 0.010204 0.001268 366.857143 1 30 50 66 81 98
0.000000 0.000000 0.000000 1.566868 1.614739 -7.368958 -130.475780 0.010204 0.010204 0.001266 366.857143 1.113929 1.217626 -52.292301 -61.714824 0.010204 0.010204 0.001266 366.857143 1 30 50 66 86 88
0.000000 0.000000 0.000000 1.006520 1.191388 -86.103150 -76.010208 0.010204 0.010204 0.001266 366.857143 1.113929 1.217616 -41.872484 -65.494987 0.010204 0.010204 0.001266 366.857143 1 30 50 66 86 92
0.000000 0.000000 0.000000 1.169885 1.064115 -99.381279 -66.796243 0.010204 0.010204 0.001219 385.500000 1.113929 1.217777 -4.807073 -68.518793 0.010204 0.010204 0.001219 385.500000 1 30 50 66 86 97
0.000000 0.000000 0.000000 1.038573 1.068969 -38.934823 -66.554373 0.010204 0.010204 0.001219 385.500000 1.113929 1.217619 -43.426467 -66.971964 0.010204 0.010204 0.001219 385.500000 1 30 50 66 86 98
0.000000 0.000000 0.000000 1.000777 1.079658 -18.664401 -69.886792 0.010204 0.010204 0.001266 366.857143 1.113929 1.217606 -9.142176 -74.685602 0.010204 0.010204 0.001266 366.857143 1 30 50 66 87 88
0.000000 0.000000 0.000000 1.003066 1.064057 -33.124579 -53.516409 0.010204 0.010204 0.001266 366.857143 1.113929 1.217616 -4.312385 -68.563197 0.010204 0.010204 0.001266 366.857143 1 30 50 66 87 92
0.000000 0.000000 0.000000 1.004171 1.119960 -24.582117 -53.889171 0.010204 0.010204 0.001219 385.500000 1.113929 1.217608 -69.699217 -61.619891 0.010204 0.010204 0.001219 385.500000 1 30 50 66 87 97
0.000000 0.000000 0.000000 1.011718 1.139817 -1.187169 -58.324134 0.010204 0.010204 0.001219 385.500000 1.113929 1.217763 -16.225475 -62.348242 0.010204 0.010204 0.001219 385.500000 1 30 50 66 87 98
0.000000 0.000000 0.000000 2.388530 1.082321 -256.902777 -57.158866 0.010204 0.010204 0.001319 348.214286 1.114052 1.220740 -21.206007 -66.159600 0.010204 0.010204 0.001319 348.214286 1 30 50 70 77 88
0.000000 0.000000 0.000000 1.016598 1.318652 -218.272307 -115.764548 0.010204 0.010204 0.001319 348.214286 1.114052 1.220392 -20.971452 -63.578213 0.010204 0.010204 0.001319 348.214286 1 30 50 70 77 92
0.000000 0.000000 0.000000 1.040925 1.068914 -151.045787 -39.103247 0.010204 0.010204 0.001268 366.857143 1.114052 1.220393 -7.094405 -58.197798 0.010204 0.010204 0.001268 366.857143 1 30 50 70 77 97
0.000000 0.000000 0.000000 1.000161 1.060475 -264.019327 -68.660918 0.010204 0.010204 0.001268 366.857143 1.114052 1.220383 -230.746241 -80.323581 0.010204 0.010204 0.001268 366.857143 1 30 50 70 77 98
0.000000 0.000000 0.000000 3.347253 1.094773 -171.148200 -58.768103 0.010204 0.010204 0.001319 348.214286 1.114073 1.221404 -17.969085 -62.468780 0.010204 0.010204 0.001319 348.214286 1 30 50 70 81 88
0.000000 0.000000 0.000000 3.275750 1.053724 -37.353945 -65.427900 0.010204 0.010204 0.001319 348.214286 1.114077 1.222062 -10.759025 -66.801601 0.010204 0.010204 0.001319 348.214286 1 30 50 70 81 92
0.000000 0.000000 0.000000 1.001682 1.095193 -156.763319 -46.323647 0.010204 0.010204 0.001268 366.857143 1.114073 1.221388 -6.516700 -71.930561 0.010204 0.010204 0.001268 366.857143 1 30 50 70 81 97
0.000000 0.000000 0.000000 3.280849 1.055098 -740.596540 -68.874552 0.010204 0.010204 0.001268 366.857143 1.114073 1.221409 -5.236803 -73.679425 0.010204 0.010204 0.001268 366.857143 1 30 50 70 81 98
0.000000 0.000000 0.000000 1.000745 1.112024 -97.850067 -69.700688 0.010204 0.010204 0.001266 366.857143 1.114051 1.220370 -11.289857 -70.811223 0.010204 0.010204 0.001266 366.857143 1 30 50 70 86 88
0.000000 0.000000 0.000000 1.000075 1.155200 -0.059400 -63.879234 0.010204 0.010204 0.001266 366.857143 1.114051 1.220360 -24.456526 -66.011924 0.010204 0.010204 0.001266 366.857143 1 30 50 70 86 92
0.000000 0.000000 0.000000 1.001961 1.050685 -186.484046 -51.929176 0.010204 0.010204 0.001219 385.500000 1.114051 1.220518 -4.725992 -65.390711 0.010204 0.010204 0.001219 385.500000 1 30 50 70 86 97
0.000000 0.000000 0.000000 1.000244 1.056202 -18.459669 -80.150943 0.010204 0.010204 0.001219 385.500000 1.114051 1.220362 -9.986774 -71.682584 0.010204 0.010204 0.001219 385.500000 1 30 50 70 86 98
0.000000 0.000000 0.000000 1.000341 1.060911 -79.105999 -61.662742 0.010204 0.010204 0.001266 366.857143 1.114052 1.220393 -12.047852 -65.657561 0.010204 0.010204 0.001266 366.857143 1 30 50 70 87 88
0.000000 0.000000 0.000000 1.366759 1.178382 -103.971180 -64.855360 0.010204 0.010204 0.001266 366.857143 1.114052 1.220403 -99.151636 -73.607274 0.010204 0.010204 0.001266 366.857143 1 30 50 70 87 92
0.000000 0.000000 0.000000 1.048498 1.062791 -93.745019 -52.601129 0.010204 0.010204 0.001219 385.500000 1.114052 1.220395 -145.249575 -61.035642 0.010204 0.010204 0.001219 385.500000 1 30 50 70 87 97
0.000000 0.000000 0.000000 3.424765 1.059317 -263.880813 -55.036962 0.010204 0.010204 0.001219 385.500000 1.114052 1.220558 -217.808112 -73.182158 0.010204 0.010204 0.001219 385.500000 1 30 50 70 87 98
0.000000 0.000000 0.000000 1.141431 1.448711 -17.609039 -70.869551 0.010204 0.010204 0.001264 366.857143 1.113926 1.217910 -15.873879 -66.526780 0.010204 0.010204 0.001264 366.857143 1 30 50 75 77 88
0.000000 0.000000 0.000000 1.012495 1.057510 -124.000084 -60.363826 0.010204 0.010204 0.001264 366.857143 1.113926 1.217563 -66.105502 -78.678870 0.010204 0.010204 0.001264 366.857143 1 30 50 75 77 92
0.000000 0.000000 0.000000 1.049233 1.192493 -1.073207 -71.285584 0.010204 0.010204 0.001217 385.500000 1.113926 1.217564 -76.403978 -65.958477 0.010204 0.010204 0.001217 385.500000 1 30 50 75 77 97
0.000000 0.000000 0.000000 1.004254 1.056688 -185.430704 -66.511847 0.010204 0.010204 0.001217 385.500000 1.113926 1.217555 -29.217348 -66.803784 0.010204 0.010204 0.001217 385.500000 1 30 50 75 77 98
0.000000 0.000000 0.000000 1.003998 1.109023 -0.925118 -51.625376 0.010204 0.010204 0.001264 366.857143 1.113926 1.217553 -10.049209 -61.585805 0.010204 0.010204 0.001264 366.857143 1 30 50 75 81 88
0.000000 0.000000 0.000000 1.069643 2.216767 -116.477553 -137.737982 0.010204 0.010204 0.001264 366.857143 1.113926 1.217894 -11.353147 -73.591261 0.010204 0.010204 0.001264 366.857143 1 30 50 75 81 92
0.000000 0.000000 0.000000 1.003080 1.181968 -0.165855 -61.590157 0.010204 0.010204 0.001217 385.500000 1.113926 1.217545 -13.671066 -66.189556 0.010204 0.010204 0.001217 385.500000 1 30 50 75 81 97
0.000000 0.000000 0.000000 1.003199 1.073248 -0.497136 -57.529457 0.010204 0.010204 0.001217 385.500000 1.113926 1.217555 -170.168609 -75.483917 0.010204 0.010204 0.001217 385.500000 1 30 50 75 81 98
0.000000 0.000000 0.000000 1.099614 1.142012 -64.064660 -92.660404 0.010204 0.010204 0.001215 385.500000 1.113926 1.217720 -185.407966 -70.119883 0.010204 0.010204 0.001215 385.500000 1 30 50 75 86 88
0.000000 0.000000 0.000000 1.021285 1.072620 -63.360750 -45.510271 0.010204 0.010204 0.001215 385.500000 1.113926 1.217707 -28.424302 -70.214675 0.010204 0.010204 0.001215 385.500000 1 30 50 75 86 92
0.000000 0.000000 0.000000 1.067733 1.093881 -43.650974 -69.869924 0.010204 0.010204 0.001171 404.142857 1.113926 1.217948 -59.636956 -69.019570 0.010204 0.010204 0.001171 404.142857 1 30 50 75 86 97
0.000000 0.000000 0.000000 1.172877 1.253149 -6.761169 -73.098069 0.010204 0.010204 0.001171 404.142857 1.113926 1.217710 -54.029710 -70.524000 0.010204 0.010204 0.001171 404.142857 1 30 50 75 86 98
0.000000 0.000000 0.000000 1.003300 1.064611 -20.995237 -70.010795 0.010204 0.010204 0.001215 385.500000 1.113926 1.217547 -158.765255 -74.338166 0.010204 0.010204 0.001215 385.500000 1 30 50 75 87 88
0.000000 0.000000 0.000000 1.064469 1.386859 -2.026424 -67.516322 0.010204 0.010204 0.001215 385.500000 1.113926 1.217557 -33.205032 -73.849471 0.010204 0.010204 0.001215 385.500000 1 30 50 75 87 92
0.000000 0.000000 0.000000 1.014265 1.101492 -1.823618 -50.318277 0.010204 0.010204 0.001171 404.142857 1.113926 1.217549 -33.936649 -73.299188 0.010204 0.010204 0.001171 404.142857 1 30 50 75 87 97
0.000000 0.000000 0.000000 1.019523 1.090933 -5.324779 -64.495530 0.010204 0.010204 0.001171 404.142857 1.113926 1.217705 -69.757604 -71.549812 0.010204 0.010204 0.001171 404.142857 1 30 50 75 87 98
0.000000 0.000000 0.000000 1.014599 1.177910 -3.509103 -55.357315 0.010204 0.010204 0.001264 366.857143 1.113931 1.217989 -8.517992 -69.850143 0.010204 0.010204 0.001264 366.857143 1 30 50 76 77 88
0.000000 0.000000 0.000000 1.001608 1.058498 -56.421906 -70.681159 0.010204 0.010204 0.001264 366.857143 1.113931 1.217648 -129.804943 -62.793617 0.010204 0.010204 0.001264 366.857143 1 30 50 76 77 92
0.000000 0.000000 0.000000 1.002501 1.060709 -0.526653 -60.216156 0.010204 0.010204 0.001217 385.500000 1.113931 1.217649 -69.298932 -72.605846 0.010204 0.010204 0.001217 385.500000 1 30 50 76 77 97
0.000000 0.000000 0.000000 1.000368 1.054926 -0.195661 -67.233693 0.010204 0.010204 0.001217 385.500000 1.113931 1.217640 -21.601860 -69.103417 0.010204 0.010204 0.001217 385.500000 1 30 50 76 77 98
0.000000 0.000000 0.000000 1.061948 1.113979 -24.126838 -70.409905 0.010204 0.010204 0.001264 366.857143 1.113931 1.217658 -181.780476 -69.470076 0.010204 0.010204 0.001264 366.857143 1 30 50 76 81 88
0.000000 0.000000 0.000000 1.708513 1.085837 -213.214256 -47.810204 0.010204 0.010204 0.001264 366.857143 1.113931 1.218005 -13.149159 -69.485624 0.010204 0.010204 0.001264 366.857143 1 30 50 76 81 92
0.000000 0.000000 0.000000 1.001370 1.059129 -0.417618 -51.226042 0.010204 0.010204 0.001217 385.500000 1.113931 1.217650 -27.726137 -63.073053 0.010204 0.010204 0.001217 385.500000 1 30 50 76 81 97
0.000000 0.000000 0.000000 1.191549 1.122890 -18.310538 -56.555582 0.010204 0.010204 0.001217 385.500000 1.113931 1.217659 -48.665833 -76.305084 0.010204 0.010204 0.001217 385.500000 1 30 50 76 81 98
0.000000 0.000000 0.000000 1.035332 1.061161 -126.037466 -66.003688 0.010204 0.010204 0.001215 385.500000 1.113931 1.217651 -6.666052 -70.631534 0.010204 0.010204 0.001215 385.500000 1 30 50 76 86 88
0.000000 0.000000 0.000000 1.001536 1.087581 -172.233018 -56.067702 0.010204 0.010204 0.001215 385.500000 1.113931 1.217642 -14.310513 -74.033117 0.010204 0.010204 0.001215 385.500000 1 30 50 76 86 92
0.000000 0.000000 0.000000 1.138123 1.058373 -46.026914 -54.042007 0.010204 0.010204 0.001171 404.142857 1.113931 1.217800 -15.391957 -58.142689 0.010204 0.010204 0.001171 404.142857 1 30 50 76 86 97
0.000000 0.000000 0.000000 1.030851 1.125836 -1.642262 -69.165399 0.010204 0.010204 0.001171 404.142857 1.113931 1.217644 -244.689509 -75.067676 0.010204 0.010204 0.001171 404.142857 1 30 50 76 86 98
0.000000 0.000000 0.000000 1.002613 1.146254 -170.598582 -54.774865 0.010204 0.010204 0.001215 385.500000 1.113931 1.217815 -43.783656 -67.223305 0.010204 0.010204 0.001215 385.500000 1 30 50 76 87 88
0.000000 0.000000 0.000000 4.013189 1.087638 -83.745435 -71.115914 0.010204 0.010204 0.001215 385.500000 1.113931 1.217829 -12.209343 -65.205242 0.010204 0.010204 0.001215 385.500000 1 30 50 76 87 92
0.000000 0.000000 0.000000 15.777102 1.553416 -1172.425741 -85.476316 0.010204 0.010204 0.001171 404.142857 1.113931 1.217819 -93.634045 -68.357865 0.010204 0.010204 0.001171 404.142857 1 30 50 76 87 97
0.000000 0.000000 0.000000 3.547858 1.070624 -64.297071 -66.315273 0.010204 0.010204 0.001171 404.142857 1.113931 1.218059 -7.820042 -75.379316 0.010204 0.010204 0.001171 404.142857 1 30 50 76 87 98
0.000000 0.000000 0.000000 2.232380 1.118893 -142.719368 -65.483474 0.010204 0.010204 0.001319 348.214286 1.113367 1.215051 -13.401005 -73.010555 0.010204 0.010204 0.001319 348.214286 1 30 61 66 77 88
0.000000 0.000000 0.000000 2.294211 1.125078 -91.393487 -58.197059 0.010204 0.010204 0.001319 348.214286 1.113367 1.214528 -120.625799 -85.120245 0.010204 0.010204 0.001319 348.214286 1 30 61 66 77 92
0.000000 0.000000 0.000000 2.265789 1.122230 -15.569888 -72.884305 0.010204 0.010204 0.001268 366.857143 1.113367 1.214531 -5.840886 -69.543520 0.010204 0.010204 0.001268 366.857143 1 30 61 66 77 97
0.000000 0.000000 0.000000 2.641845 1.160481 -204.015380 -82.793482 0.010204 0.010204 0.001268 366.857143 1.113367 1.214515 -35.597315 -63.528670 0.010204 0.010204 0.001268 366.857143 1 30 61 66 77 98
0.000000 0.000000 0.000000 1.513249 1.060698 -9.670420 -57.656255 0.010204 0.010204 0.001319 348.214286 1.113367 1.214164 -250.656039 -61.103908 0.010204 0.010204 0.001319 348.214286 1 30 61 66 81 88
0.000000 0.000000 0.000000 1.815460 1.089268 -68.456345 -58.149154 0.010204 0.010204 0.001319 348.214286 1.113367 1.214509 -7.514028 -70.213657 0.010204 0.010204 0.001319 348.214286 1 30 61 66 81 92
0.000000 0.000000 0.000000 1.588461 1.109566 -54.388988 -49.237825 0.010204 0.010204 0.001268 366.857143 1.113367 1.214156 -4.299130 -62.065593 0.010204 0.010204 0.001268 366.857143 1 30 61 66 81 97
0.000000 0.000000 0.000000 4.513276 1.400380 -806.317468 -70.689959 0.010204 0.010204 0.001268 366.857143 1.113367 1.214165 -34.152083 -68.110423 0.010204 0.010204 0.001268 366.857143 1 30 61 66 81 98
0.000000 0.000000 0.000000 4.631535 1.383213 -490.170540 -77.892287 0.010204 0.010204 0.001266 366.857143 1.113367 1.214167 -14.840941 -75.052423 0.010204 0.010204 0.001266 366.857143 1 30 61 66 86 88
0.000000 0.000000 0.000000 4.311522 1.455544 -192.842637 -85.657403 0.010204 0.010204 0.001266 366.857143 1.113367 1.214157 -5.725333 -65.385699 0.010204 0.010204 0.001266 366.857143 1 30 61 66 86 92
0.000000 0.000000 0.000000 2.342235 1.138741 -17.149910 -71.705563 0.010204 0.010204 0.001219 385.500000 1.113367 1.214318 -98.463151 -73.359445 0.010204 0.010204 0.001219 385.500000 1 30 61 66 86 97
0.000000 0.000000 0.000000 1.450827 1.048411 -26.536317 -52.144371 0.010204 0.010204 0.001219 385.500000 1.113367 1.214159 -5.390365 -62.074347 0.010204 0.010204 0.001219 385.500000 1 30 61 66 86 98
0.000000 0.000000 0.000000 1.166674 1.122050 -94.142313 -57.698006 0.010204 0.010204 0.001266 366.857143 1.113367 1.214147 -10.787765 -62.307906 0.010204 0.010204 0.001266 366.857143 1 30 61 66 87 88
0.000000 0.000000 0.000000 2.443962 1.302462 -80.142001 -74.845185 0.010204 0.010204 0.001266 366.857143 1.113367 1.214157 -56.350869 -64.475616 0.010204 0.010204 0.001266 366.857143 1 30 61 66 87 92
0.000000 0.000000 0.000000 1.258286 1.063617 -17.699257 -69.799121 0.010204 0.010204 0.001219 385.500000 1.113367 1.214149 -51.623017 -73.918075 0.010204 0.010204 0.001219 385.500000 1 30 61 66 87 97
0.000000 0.000000 0.000000 5.732860 1.805521 -249.547526 -147.506293 0.010204 0.010204 0.001219 385.500000 1.113367 1.214304 -11.471789 -72.136459 0.010204 0.010204 0.001219 385.500000 1 30 61 66 87 98
0.000000 0.000000 0.000000 1.288573 1.073197 -54.935887 -44.229031 0.010204 0.010204 0.001319 348.214286 1.113367 1.214447 -3.640871 -74.689461 0.010204 0.010204 0.001319 348.214286 1 30 61 70 77 88
0.000000 0.000000 0.000000 1.243513 1.066259 -33.654252 -47.734068 0.010204 0.010204 0.001319 348.214286 1.113367 1.214102 -176.738297 -65.769894 0.010204 0.010204 0.001319 348.214286 1 30 61 70 77 92
0.000000 0.000000 0.000000 2.762056 1.465210 -125.078914 -61.652556 0.010204 0.010204 0.001268 366.857143 1.113367 1.214103 -6.663185 -62.392920 0.010204 0.010204 0.001268 366.857143 1 30 61 70 77 97
0.000000 0.000000 0.000000 1.505914 1.168856 -35.896483 -58.517448 0.010204 0.010204 0.001268 366.857143 1.113367 1.214094 -19.607620 -76.036071 0.010204 0.010204 0.001268 366.857143 1 30 61 70 77 98
0.000000 0.000000 0.000000 4.794214 1.755969 -225.846634 -113.830465 0.010204 0.010204 0.001319 348.214286 1.113367 1.214452 -3.582103 -65.171699 0.010204 0.010204 0.001319 348.214286 1 30 61 70 81 88
0.000000 0.000000 0.000000 3.496094 1.496038 -155.399986 -67.324631 0.010204 0.010204 0.001319 348.214286 1.113367 1.214972 -12.094826 -74.771612 0.010204 0.010204 0.001319 348.214286 1 30 61 70 81 92
0.000000 0.000000 0.000000 1.237958 1.047834 -35.840302 -53.847815 0.010204 0.010204 0.001268 366.857143 1.113367 1.214439 -17.305917 -71.294783 0.010204 0.010204 0.001268 366.857143 1 30 61 70 81 97
0.000000 0.000000 0.000000 4.108605 1.618664 -106.628876 -88.767841 0.010204 0.010204 0.001268 366.857143 1.113367 1.214455 -16.106803 -79.465991 0.010204 0.010204 0.001268 366.857143 1 30 61 70 81 98
0.000000 0.000000 0.000000 1.169207 1.076554 -62.636154 -47.131715 0.010204 0.010204 0.001266 366.857143 1.113367 1.214095 -91.836307 -78.576641 0.010204 0.010204 0.001266 366.857143 1 30 61 70 86 88
0.000000 0.000000 0.000000 1.154200 1.111151 -80.382100 -66.629530 0.010204 0.010204 0.001266 366.857143 1.113367 1.214086 -40.089921 -75.028349 0.010204 0.010204 0.001266 366.857143 1 30 61 70 86 92
0.000000 0.000000 0.000000 3.574056 2.051986 -119.541833 -140.859798 0.010204 0.010204 0.001219 385.500000 1.113367 1.214242 -7.241394 -64.476820 0.010204 0.010204 0.001219 385.500000 1 30 61 70 86 97
0.000000 0.000000 0.000000 1.144368 1.069965 -17.857024 -61.914855 0.010204 0.010204 0.001219 385.500000 1.113367 1.214088 -150.922656 -67.132815 0.010204 0.010204 0.001219 385.500000 1 30 61 70 86 98
0.000000 0.000000 0.000000 1.668574 1.183806 -102.971010 -72.286460 0.010204 0.010204 0.001266 366.857143 1.113367 1.214095 -6.177663 -84.140009 0.010204 0.010204 0.001266 366.857143 1 30 61 70 87 88
0.000000 0.000000 0.000000 3.354323 1.554754 -105.551307 -57.281910 0.010204 0.010204 0.001266 366.857143 1.113367 1.214105 -189.730961 -75.298685 0.010204 0.010204 0.001266 366.857143 1 30 61 70 87 92
0.000000 0.000000 0.000000 1.228076 1.054719 -22.852283 -82.098585 0.010204 0.010204 0.001219 385.500000 1.113367 1.214097 -15.125358 -82.297776 0.010204 0.010204 0.001219 385.500000 1 30 61 70 87 97
0.000000 0.000000 0.000000 1.495877 1.113983 -39.079647 -55.823610 0.010204 0.010204 0.001219 385.500000 1.113367 1.214256 -170.083169 -66.883953 0.010204 0.010204 0.001219 385.500000 1 30 61 70 87 98
0.000000 0.000000 0.000000 10.922873 1.753913 -916.454194 -150.252928 0.010204 0.010204 0.001264 366.857143 1.113368 1.215749 -99.067257 -70.727686 0.010204 0.010204 0.001264 366.857143 1 30 61 75 77 88
0.000000 0.000000 0.000000 24.496968 2.792761 -2424.911341 -465.070634 0.010204 0.010204 0.001264 366.857143 1.113368 1.215400 -31.258144 -76.734840 0.010204 0.010204 0.001264 366.857143 1 30 61 75 77 92
0.000000 0.000000 0.000000 15.199002 2.081026 -525.767141 -81.269049 0.010204 0.010204 0.001217 385.500000 1.113368 1.215401 -145.865109 -75.949886 0.010204 0.010204 0.001217 385.500000 1 30 61 75 77 97
0.000000 0.000000 0.000000 1.890704 1.077155 -226.663093 -60.619529 0.010204 0.010204 0.001217 385.500000 1.113368 1.215391 -27.423759 -71.314184 0.010204 0.010204 0.001217 385.500000 1 30 61 75 77 98
0.000000 0.000000 0.000000 9.952710 2.404782 -1028.320182 -212.613945 0.010204 0.010204 0.001264 366.857143 1.113368 1.215378 -172.590045 -73.975719 0.010204 0.010204 0.001264 366.857143 1 30 61 75 81 88
0.000000 0.000000 0.000000 3.092458 1.174458 -107.612785 -54.542262 0.010204 0.010204 0.001264 366.857143 1.113368 1.215720 -142.359975 -68.587897 0.010204 0.010204 0.001264 366.857143 1 30 61 75 81 92
0.000000 0.000000 0.000000 1.012008 1.048271 -0.380720 -62.263270 0.010204 0.010204 0.001217 385.500000 1.113368 1.215370 -7.756412 -74.708984 0.010204 0.010204 0.001217 385.500000 1 30 61 75 81 97
0.000000 0.000000 0.000000 2.055937 1.107149 -176.770930 -74.606843 0.010204 0.010204 0.001217 385.500000 1.113368 1.215379 -101.200764 -66.437640 0.010204 0.010204 0.001217 385.500000 1 30 61 75 81 98
0.000000 0.000000 0.000000 5.681867 1.353887 -155.111241 -84.749235 0.010204 0.010204 0.001215 385.500000 1.113368 1.215795 -127.864618 -66.566962 0.010204 0.010204 0.001215 385.500000 1 30 61 75 86 88
0.000000 0.000000 0.000000 6.003286 1.379267 -613.008072 -102.238536 0.010204 0.010204 0.001215 385.500000 1.113368 1.215780 -73.240694 -79.440331 0.010204 0.010204 0.001215 385.500000 1 30 61 75 86 92
0.000000 0.000000 0.000000 5.654471 1.351790 -185.305405 -89.385868 0.010204 0.010204 0.001171 404.142857 1.113368 1.216063 -8.119874 -77.861761 0.010204 0.010204 0.001171 404.142857 1 30 61 75 86 97
0.000000 0.000000 0.000000 5.703811 1.355570 -164.598264 -99.918159 0.010204 0.010204 0.001171 404.142857 1.113368 1.215784 -114.607636 -74.205747 0.010204 0.010204 0.001171 404.142857 1 30 61 75 86 98
0.000000 0.000000 0.000000 1.868350 1.116055 -64.754114 -59.753261 0.010204 0.010204 0.001215 385.500000 1.113368 1.215377 -257.784976 -81.189874 0.010204 0.010204 0.001215 385.500000 1 30 61 75 87 88
0.000000 0.000000 0.000000 1.624453 1.047894 -106.386288 -58.304554 0.010204 0.010204 0.001215 385.500000 1.113368 1.215386 -19.554944 -70.482194 0.010204 0.010204 0.001215 385.500000 1 30 61 75 87 92
0.000000 0.000000 0.000000 1.649183 1.050064 -184.837716 -54.089591 0.010204 0.010204 0.001171 404.142857 1.113368 1.215379 -12.563766 -73.664651 0.010204 0.010204 0.001171 404.142857 1 30 61 75 87 97
0.000000 0.000000 0.000000 91.217481 7.885729 -3471.756674 -729.350040 0.010204 0.010204 0.001171 404.142857 1.113368 1.215536 -12.223538 -74.713765 0.010204 0.010204 0.001171 404.142857 1 30 61 75 87 98
0.000000 0.000000 0.000000 1.291140 1.061867 -183.590874 -74.867043 0.010204 0.010204 0.001264 366.857143 1.113367 1.214459 -8.539846 -77.759079 0.010204 0.010204 0.001264 366.857143 1 30 61 76 77 88
0.000000 0.000000 0.000000 1.296673 1.086165 -104.053277 -65.240776 0.010204 0.010204 0.001264 366.857143 1.113367 1.214118 -6.204966 -75.335861 0.010204 0.010204 0.001264 366.857143 1 30 61 76 77 92
0.000000 0.000000 0.000000 1.197647 1.050081 -31.443219 -64.896007 0.010204 0.010204 0.001217 385.500000 1.113367 1.214119 -8.171729 -64.092067 0.010204 0.010204 0.001217 385.500000 1 30 61 76 77 97
0.000000 0.000000 0.000000 1.141673 1.093569 -53.741953 -64.567861 0.010204 0.010204 0.001217 385.500000 1.113367 1.214110 -176.380317 -69.633948 0.010204 0.010204 0.001217 385.500000 1 30 61 76 77 98
0.000000 0.000000 0.000000 24.193183 3.960012 -1262.940997 -463.765461 0.010204 0.010204 0.001264 366.857143 1.113367 1.214128 -142.982629 -75.474648 0.010204 0.010204 0.001264 366.857143 1 30 61 76 81 88
0.000000 0.000000 0.000000 1.755169 1.092021 -31.830404 -64.225802 0.010204 0.010204 0.001264 366.857143 1.113367 1.214474 -77.025529 -69.409929 0.010204 0.010204 0.001264 366.857143 1 30 61 76 81 92
0.000000 0.000000 0.000000 4.323036 1.531814 -331.115968 -76.123052 0.010204 0.010204 0.001217 385.500000 1.113367 1.214119 -7.651492 -75.427418 0.010204 0.010204 0.001217 385.500000 1 30 61 76 81 97
0.000000 0.000000 0.000000 2.637554 1.204559 -50.316507 -69.448598 0.010204 0.010204 0.001217 385.500000 1.113367 1.214129 -43.085297 -73.976720 0.010204 0.010204 0.001217 385.500000 1 30 61 76 81 98
0.000000 0.000000 0.000000 1.345101 1.047113 -118.215195 -56.850936 0.010204 0.010204 0.001215 385.500000 1.113367 1.214121 -11.220040 -67.554073 0.010204 0.010204 0.001215 385.500000 1 30 61 76 86 88
0.000000 0.000000 0.000000 1.603881 1.124529 -129.096945 -60.162691 0.010204 0.010204 0.001215 385.500000 1.113367 1.214112 -150.263625 -73.999818 0.010204 0.010204 0.001215 385.500000 1 30 61 76 86 92
0.000000 0.000000 0.000000 1.789537 1.103115 -132.831051 -73.078127 0.010204 0.010204 0.001171 404.142857 1.113367 1.214270 -49.271871 -66.321941 0.010204 0.010204 0.001171 404.142857 1 30 61 76 86 97
0.000000 0.000000 0.000000 1.558394 1.079011 -80.269621 -76.080428 0.010204 0.010204 0.001171 404.142857 1.113367 1.214114 -22.513488 -67.309500 0.010204 0.010204 0.001171 404.142857 1 30 61 76 86 98
0.000000 0.000000 0.000000 1.456794 1.051380 -139.469062 -64.967091 0.010204 0.010204 0.001215 385.500000 1.113367 1.214274 -82.830388 -77.720306 0.010204 0.010204 0.001215 385.500000 1 30 61 76 87 88
0.000000 0.000000 0.000000 29.179375 4.127128 -2837.344072 -174.722462 0.010204 0.010204 0.001215 385.500000 1.113367 1.214288 -62.325170 -72.607796 0.010204 0.010204 0.001215 385.500000 1 30 61 76 87 92
0.000000 0.000000 0.000000 82.835462 10.090037 -3190.802381 -368.399387 0.010204 0.010204 0.001171 404.142857 1.113367 1.214278 -47.452426 -64.900754 0.010204 0.010204 0.001171 404.142857 1 30 61 76 87 97
0.000000 0.000000 0.000000 16.033069 2.666274 -1103.073935 -231.952487 0.010204 0.010204 0.001171 404.142857 1.113367 1.214516 -98.416554 -63.139050 0.010204 0.010204 0.001171 404.142857 1 30 61 76 87 98
0.000000 0.000000 0.000000 1.454135 1.101903 -19.270335 -69.524440 0.010204 0.010204 0.001319 348.214286 1.113389 1.215106 -7.770393 -71.734323 0.010204 0.010204 0.001319 348.214286 1 30 65 66 77 88
0.000000 0.000000 0.000000 1.636917 1.145058 -111.315453 -62.925093 0.010204 0.010204 0.001319 348.214286 1.113389 1.214586 -137.095339 -80.739076 0.010204 0.010204 0.001319 348.214286 1 30 65 66 77 92
0.000000 0.000000 0.000000 1.537382 1.121515 -77.809504 -57.228095 0.010204 0.010204 0.001268 366.857143 1.113389 1.214590 -11.192686 -65.581215 0.010204 0.010204 0.001268 366.857143 1 30 65 66 77 97
0.000000 0.000000 0.000000 1.311522 1.080020 -49.647291 -62.811815 0.010204 0.010204 0.001268 366.857143 1.113389 1.214574 -6.054087 -66.239061 0.010204 0.010204 0.001268 366.857143 1 30 65 66 77 98
0.000000 0.000000 0.000000 1.105612 1.060075 -134.894114 -56.366393 0.010204 0.010204 0.001319 348.214286 1.113389 1.214237 -23.354916 -64.731515 0.010204 0.010204 0.001319 348.214286 1 30 65 66 81 88
0.000000 0.000000 0.000000 1.227046 1.099909 -14.765655 -44.707844 0.010204 0.010204 0.001319 348.214286 1.113389 1.214582 -29.026795 -79.313691 0.010204 0.010204 0.001319 348.214286 1 30 65 66 81 92
0.000000 0.000000 0.000000 1.048314 1.055259 -8.118063 -52.256580 0.010204 0.010204 0.001268 366.857143 1.113389 1.214229 -15.619593 -63.001225 0.010204 0.010204 0.001268 366.857143 1 30 65 66 81 97
0.000000 0.000000 0.000000 1.097391 1.049543 -65.583903 -70.935734 0.010204 0.010204 0.001268 366.857143 1.113389 1.214238 -20.906077 -69.145279 0.010204 0.010204 0.001268 366.857143 1 30 65 66 81 98
0.000000 0.000000 0.000000 1.132134 1.049840 -19.865378 -53.610508 0.010204 0.010204 0.001266 366.857143 1.113389 1.214239 -16.772694 -63.553626 0.010204 0.010204 0.001266 366.857143 1 30 65 66 86 88
0.000000 0.000000 0.000000 1.150430 1.116530 -11.462973 -60.269030 0.010204 0.010204 0.001266 366.857143 1.113389 1.214230 -56.504678 -60.481532 0.010204 0.010204 0.001266 366.857143 1 30 65 66 86 92
0.000000 0.000000 0.000000 1.136298 1.046345 -5.964033 -74.854412 0.010204 0.010204 0.001219 385.500000 1.113389 1.214391 -16.602305 -66.520185 0.010204 0.010204 0.001219 385.500000 1 30 65 66 86 97
0.000000 0.000000 0.000000 1.811544 1.331319 -109.001563 -67.845319 0.010204 0.010204 0.001219 385.500000 1.113389 1.214232 -272.562497 -78.673615 0.010204 0.010204 0.001219 385.500000 1 30 65 66 86 98
0.000000 0.000000 0.000000 1.133520 1.448476 -10.077495 -74.837257 0.010204 0.010204 0.001266 366.857143 1.113389 1.214220 -45.903200 -67.835491 0.010204 0.010204 0.001266 366.857143 1 30 65 66 87 88
0.000000 0.000000 0.000000 1.037866 1.055486 -1.654400 -56.087512 0.010204 0.010204 0.001266 366.857143 1.113389 1.214230 -101.049909 -67.220808 0.010204 0.010204 0.001266 366.857143 1 30 65 66 87 92
0.000000 0.000000 0.000000 1.422860 1.711717 -46.510329 -121.891853 0.010204 0.010204 0.001219 385.500000 1.113389 1.214222 -10.476327 -72.930199 0.010204 0.010204 0.001219 385.500000 1 30 65 66 87 97
0.000000 0.000000 0.000000 1.065894 1.077656 -133.240011 -59.789655 0.010204 0.010204 0.001219 385.500000 1.113389 1.214377 -56.729468 -72.774514 0.010204 0.010204 0.001219 385.500000 1 30 65 66 87 98
0.000000 0.000000 0.000000 1.698176 1.068493 -116.609913 -55.133293 0.010204 0.010204 0.001319 348.214286 1.113389 1.214645 -18.685250 -84.710811 0.010204 0.010204 0.001319 348.214286 1 30 65 70 77 88
0.000000 0.000000 0.000000 2.415985 1.345119 -84.456902 -71.336105 0.010204 0.010204 0.001319 348.214286 1.113389 1.214301 -9.087701 -76.950453 0.010204 0.010204 0.001319 348.214286 1 30 65 70 77 92
0.000000 0.000000 0.000000 1.368628 1.057087 -32.161526 -57.334199 0.010204 0.010204 0.001268 366.857143 1.113389 1.214302 -25.508321 -86.094235 0.010204 0.010204 0.001268 366.857143 1 30 65 70 77 97
0.000000 0.000000 0.000000 1.058752 1.139146 -0.265108 -70.906498 0.010204 0.010204 0.001268 366.857143 1.113389 1.214292 -174.917108 -71.716411 0.010204 0.010204 0.001268 366.857143 1 30 65 70 77 98
0.000000 0.000000 0.000000 1.913033 1.048990 -18.805606 -44.407033 0.010204 0.010204 0.001319 348.214286 1.113389 1.214665 -10.200950 -71.931989 0.010204 0.010204 0.001319 348.214286 1 30 65 70 81 88
0.000000 0.000000 0.000000 11.786538 1.563242 -839.920888 -168.488436 0.010204 0.010204 0.001319 348.214286 1.113389 1.215188 -5.025822 -74.528104 0.010204 0.010204 0.001319 348.214286 1 30 65 70 81 92
0.000000 0.000000 0.000000 1.249416 1.601274 -141.802797 -54.163136 0.010204 0.010204 0.001268 366.857143 1.113389 1.214652 -43.143158 -63.466916 0.010204 0.010204 0.001268 366.857143 1 30 65 70 81 97
0.000000 0.000000 0.000000 34.923535 2.787220 -9759.782603 -311.513940 0.010204 0.010204 0.001268 366.857143 1.113389 1.214668 -37.771422 -74.116922 0.010204 0.010204 0.001268 366.857143 1 30 65 70 81 98
0.000000 0.000000 0.000000 1.051144 1.060128 -69.957433 -72.302379 0.010204 0.010204 0.001266 366.857143 1.113389 1.214293 -207.226547 -77.504517 0.010204 0.010204 0.001266 366.857143 1 30 65 70 86 88
0.000000 0.000000 0.000000 1.032099 1.231246 -1.615154 -80.134133 0.010204 0.010204 0.001266 366.857143 1.113389 1.214284 -20.041029 -62.384934 0.010204 0.010204 0.001266 366.857143 1 30 65 70 86 92
0.000000 0.000000 0.000000 1.297717 1.186937 -182.029766 -104.152542 0.010204 0.010204 0.001219 385.500000 1.113389 1.214440 -152.474755 -72.463507 0.010204 0.010204 0.001219 385.500000 1 30 65 70 86 97
0.000000 0.000000 0.000000 1.066988 1.113134 -149.716715 -74.235421 0.010204 0.010204 0.001219 385.500000 1.113389 1.214286 -72.105407 -71.449676 0.010204 0.010204 0.001219 385.500000 1 30 65 70 86 98
0.000000 0.000000 0.000000 1.032535 1.053570 -110.200711 -51.306939 0.010204 0.010204 0.001266 366.857143 1.113389 1.214294 -5.942388 -71.042889 0.010204 0.010204 0.001266 366.857143 1 30 65 70 87 88
0.000000 0.000000 0.000000 1.669361 1.060957 -43.379824 -42.448937 0.010204 0.010204 0.001266 366.857143 1.113389 1.214303 -47.656568 -69.542463 0.010204 0.010204 0.001266 366.857143 1 30 65 70 87 92
0.000000 0.000000 0.000000 3.053246 1.248446 -29.647071 -54.102339 0.010204 0.010204 0.001219 385.500000 1.113389 1.214296 -117.368407 -70.728589 0.010204 0.010204 0.001219 385.500000 1 30 65 70 87 97
0.000000 0.000000 0.000000 3.037719 1.144305 -281.654250 -68.600210 0.010204 0.010204 0.001219 385.500000 1.113389 1.214455 -211.192226 -74.331641 0.010204 0.010204 0.001219 385.500000 1 30 65 70 87 98
0.000000 0.000000 0.000000 1.892326 1.089772 -54.305641 -57.971914 0.010204 0.010204 0.001264 366.857143 1.113389 1.214610 -4.033583 -68.670518 0.010204 0.010204 0.001264 366.857143 1 30 65 75 77 88
0.000000 0.000000 0.000000 1.830361 1.133594 -25.048622 -63.270551 0.010204 0.010204 0.001264 366.857143 1.113389 1.214263 -101.431476 -63.687948 0.010204 0.010204 0.001264 366.857143 1 30 65 75 77 92
0.000000 0.000000 0.000000 1.396099 1.049985 -22.213149 -49.368331 0.010204 0.010204 0.001217 385.500000 1.113389 1.214264 -9.727744 -57.802752 0.010204 0.010204 0.001217 385.500000 1 30 65 75 77 97
0.000000 0.000000 0.000000 1.052802 1.059147 -2.251485 -78.102156 0.010204 0.010204 0.001217 385.500000 1.113389 1.214255 -55.815202 -75.999812 0.010204 0.010204 0.001217 385.500000 1 30 65 75 77 98
0.000000 0.000000 0.000000 1.117661 1.177806 -60.624913 -71.946459 0.010204 0.010204 0.001264 366.857143 1.113389 1.214253 -16.383463 -67.071856 0.010204 0.010204 0.001264 366.857143 1 30 65 75 81 88
0.000000 0.000000 0.000000 10.611368 7.598530 -136.803078 -642.296888 0.010204 0.010204 0.001264 366.857143 1.113389 1.214594 -10.482179 -67.796183 0.010204 0.010204 0.001264 366.857143 1 30 65 75 81 92
0.000000 0.000000 0.000000 1.012721 1.065702 -1.572529 -53.726860 0.010204 0.010204 0.001217 385.500000 1.113389 1.214245 -105.818695 -51.516717 0.010204 0.010204 0.001217 385.500000 1 30 65 75 81 97
0.000000 0.000000 0.000000 1.130455 1.145110 -95.067147 -71.817310 0.010204 0.010204 0.001217 385.500000 1.113389 1.214254 -32.603887 -75.177622 0.010204 0.010204 0.001217 385.500000 1 30 65 75 81 98
0.000000 0.000000 0.000000 3.248351 1.153294 -263.200960 -66.141741 0.010204 0.010204 0.001215 385.500000 1.113389 1.214423 -8.978246 -70.197578 0.010204 0.010204 0.001215 385.500000 1 30 65 75 86 88
0.000000 0.000000 0.000000 1.126431 1.087721 -24.826442 -52.827027 0.010204 0.010204 0.001215 385.500000 1.113389 1.214410 -44.081108 -63.515448 0.010204 0.010204 0.001215 385.500000 1 30 65 75 86 92
0.000000 0.000000 0.000000 2.817857 1.122624 -307.295351 -70.113545 0.010204 0.010204 0.001171 404.142857 1.113389 1.214651 -8.606767 -73.048726 0.010204 0.010204 0.001171 404.142857 1 30 65 75 86 97
0.000000 0.000000 0.000000 3.950205 1.203664 -52.201689 -75.744569 0.010204 0.010204 0.001171 404.142857 1.113389 1.214413 -141.894027 -73.352998 0.010204 0.010204 0.001171 404.142857 1 30 65 75 86 98
0.000000 0.000000 0.000000 1.083957 1.135462 -40.711934 -69.241315 0.010204 0.010204 0.001215 385.500000 1.113389 1.214247 -24.483744 -69.890595 0.010204 0.010204 0.001215 385.500000 1 30 65 75 87 88
0.000000 0.000000 0.000000 4.389619 1.658918 -206.736886 -77.278394 0.010204 0.010204 0.001215 385.500000 1.113389 1.214257 -24.930758 -76.839601 0.010204 0.010204 0.001215 385.500000 1 30 65 75 87 92
0.000000 0.000000 0.000000 5.443667 2.151291 -203.840014 -138.135732 0.010204 0.010204 0.001171 404.142857 1.113389 1.214249 -10.381340 -81.100341 0.010204 0.010204 0.001171 404.142857 1 30 65 75 87 97
0.000000 0.000000 0.000000 1.542573 1.074118 -60.405076 -56.704233 0.010204 0.010204 0.001171 404.142857 1.113389 1.214405 -8.239338 -53.123407 0.010204 0.010204 0.001171 404.142857 1 30 65 75 87 98
0.000000 0.000000 0.000000 1.050941 1.090094 -231.004796 -66.801872 0.010204 0.010204 0.001264 366.857143 1.113393 1.215891 -132.402804 -77.844500 0.010204 0.010204 0.001264 366.857143 1 30 65 76 77 88
0.000000 0.000000 0.000000 1.008196 1.112228 -24.511385 -69.624847 0.010204 0.010204 0.001264 366.857143 1.113393 1.215550 -5.223651 -73.665412 0.010204 0.010204 0.001264 366.857143 1 30 65 76 77 92
0.000000 0.000000 0.000000 1.025035 1.184272 -109.211114 -65.707260 0.010204 0.010204 0.001217 385.500000 1.113393 1.215551 -155.466724 -71.986687 0.010204 0.010204 0.001217 385.500000 1 30 65 76 77 97
0.000000 0.000000 0.000000 1.001814 1.176110 -276.438956 -101.647536 0.010204 0.010204 0.001217 385.500000 1.113393 1.215542 -59.967701 -77.943701 0.010204 0.010204 0.001217 385.500000 1 30 65 76 77 98
0.000000 0.000000 0.000000 1.824089 1.057435 -160.492673 -49.662940 0.010204 0.010204 0.001264 366.857143 1.113393 1.215572 -16.096921 -70.368265 0.010204 0.010204 0.001264 366.857143 1 30 65 76 81 88
0.000000 0.000000 0.000000 5.526606 1.166485 -876.492559 -60.272454 0.010204 0.010204 0.001264 366.857143 1.113393 1.215921 -8.131799 -64.080896 0.010204 0.010204 0.001264 366.857143 1 30 65 76 81 92
0.000000 0.000000 0.000000 1.004295 1.064895 -0.223321 -48.399966 0.010204 0.010204 0.001217 385.500000 1.113393 1.215563 -66.058622 -69.639981 0.010204 0.010204 0.001217 385.500000 1 30 65 76 81 97
0.000000 0.000000 0.000000 24.131583 1.901746 -5404.192950 -201.045709 0.010204 0.010204 0.001217 385.500000 1.113393 1.215573 -157.953049 -69.532263 0.010204 0.010204 0.001217 385.500000 1 30 65 76 81 98
0.000000 0.000000 0.000000 2.027789 1.065499 -142.903652 -55.960665 0.010204 0.010204 0.001215 385.500000 1.113393 1.215558 -70.456770 -61.656896 0.010204 0.010204 0.001215 385.500000 1 30 65 76 86 88
0.000000 0.000000 0.000000 1.057389 3.010406 -147.303578 -187.643851 0.010204 0.010204 0.001215 385.500000 1.113393 1.215549 -44.967911 -73.890622 0.010204 0.010204 0.001215 385.500000 1 30 65 76 86 92
0.000000 0.000000 0.000000 19.176005 1.692455 -3274.702298 -125.822736 0.010204 0.010204 0.001171 404.142857 1.113393 1.215708 -16.759598 -68.015999 0.010204 0.010204 0.001171 404.142857 1 30 65 76 86 97
0.000000 0.000000 0.000000 1.226262 1.060117 -190.902367 -65.148178 0.010204 0.010204 0.001171 404.142857 1.113393 1.215551 -209.383583 -77.292757 0.010204 0.010204 0.001171 404.142857 1 30 65 76 86 98
0.000000 0.000000 0.000000 1.014247 1.093240 -6.084744 -57.769150 0.010204 0.010204 0.001215 385.500000 1.113394 1.215957 -132.384214 -83.557760 0.010204 0.010204 0.001215 385.500000 1 30 65 76 87 88
0.000000 0.000000 0.000000 3.893061 1.104377 -174.320033 -65.533946 0.010204 0.010204 0.001215 385.500000 1.113394 1.215973 -86.948040 -67.509646 0.010204 0.010204 0.001215 385.500000 1 30 65 76 87 92
0.000000 0.000000 0.000000 3.925513 1.106085 -256.814998 -64.914980 0.010204 0.010204 0.001171 404.142857 1.113394 1.215962 -94.723748 -67.033338 0.010204 0.010204 0.001171 404.142857 1 30 65 76 87 97
0.000000 0.000000 0.000000 3.868606 1.103336 -105.082071 -59.976784 0.010204 0.010204 0.001171 404.142857 1.113394 1.216241 -16.050114 -62.207554 0.010204 0.010204 0.001171 404.142857 1 30 65 76 87 98
0.000000 0.000000 0.000000 4.153359 1.142989 -947.306725 -86.932072 0.010204 0.010204 0.001319 348.214286 1.114640 1.217519 -12.043640 -63.970797 0.010204 0.010204 0.001319 348.214286 1 41 46 66 77 88
0.000000 0.000000 0.000000 4.628411 1.170768 -407.576659 -62.664395 0.010204 0.010204 0.001319 348.214286 1.114639 1.216909 -189.963956 -63.371917 0.010204 0.010204 0.001319 348.214286 1 41 46 66 77 92
0.000000 0.000000 0.000000 4.265463 1.148809 -186.815555 -49.641544 0.010204 0.010204 0.001268 366.857143 1.114639 1.216914 -120.755596 -59.165960 0.010204 0.010204 0.001268 366.857143 1 41 46 66 77 97
0.000000 0.000000 0.000000 1.002902 1.096214 -74.478747 -74.969379 0.010204 0.010204 0.001268 366.857143 1.114639 1.216895 -25.503768 -66.306944 0.010204 0.010204 0.001268 366.857143 1 41 46 66 77 98
0.000000 0.000000 0.000000 1.030275 1.053891 -86.606590 -66.956431 0.010204 0.010204 0.001319 348.214286 1.114638 1.216152 -11.552567 -77.689133 0.010204 0.010204 0.001319 348.214286 1 41 46 66 81 88
0.000000 0.000000 0.000000 14.910804 1.831062 -1802.973992 -124.873069 0.010204 0.010204 0.001319 348.214286 1.114638 1.216499 -218.810194 -63.130087 0.010204 0.010204 0.001319 348.214286 1 41 46 66 81 92
0.000000 0.000000 0.000000 1.000959 1.064042 -0.371933 -27.818750 0.010204 0.010204 0.001268 366.857143 1.114638 1.216144 -10.492558 -74.716040 0.010204 0.010204 0.001268 366.857143 1 41 46 66 81 97
0.000000 0.000000 0.000000 1.116402 1.049217 -21.139309 -71.729247 0.010204 0.010204 0.001268 366.857143 1.114638 1.216153 -83.723599 -73.766614 0.010204 0.010204 0.001268 366.857143 1 41 46 66 81 98
0.000000 0.000000 0.000000 2.073347 1.088874 -73.282721 -66.587533 0.010204 0.010204 0.001266 366.857143 1.114638 1.216160 -16.579548 -66.901799 0.010204 0.010204 0.001266 366.857143 1 41 46 66 86 88
0.000000 0.000000 0.000000 1.001343 1.064167 -0.347772 -63.674165 0.010204 0.010204 0.001266 366.857143 1.114638 1.216150 -7.820808 -59.068313 0.010204 0.010204 0.001266 366.857143 1 41 46 66 86 92
0.000000 0.000000 0.000000 2.002378 1.048418 -364.930247 -60.616568 0.010204 0.010204 0.001219 385.500000 1.114638 1.216313 -9.902785 -70.312002 0.010204 0.010204 0.001219 385.500000 1 41 46 66 86 97
0.000000 0.000000 0.000000 1.569477 1.302721 -114.573582 -68.223670 0.010204 0.010204 0.001219 385.500000 1.114638 1.216152 -15.745938 -60.891660 0.010204 0.010204 0.001219 385.500000 1 41 46 66 86 98
0.000000 0.000000 0.000000 1.000947 1.174938 -0.143884 -55.347848 0.010204 0.010204 0.001266 366.857143 1.114638 1.216126 -102.545590 -65.343677 0.010204 0.010204 0.001266 366.857143 1 41 46 66 87 88
0.000000 0.000000 0.000000 1.009403 1.167369 -143.906561 -72.982336 0.010204 0.010204 0.001266 366.857143 1.114638 1.216136 -16.949999 -68.229953 0.010204 0.010204 0.001266 366.857143 1 41 46 66 87 92
0.000000 0.000000 0.000000 1.002203 1.064725 -0.023435 -64.936863 0.010204 0.010204 0.001219 385.500000 1.114638 1.216128 -65.444906 -68.280140 0.010204 0.010204 0.001219 385.500000 1 41 46 66 87 97
0.000000 0.000000 0.000000 1.014107 1.074236 -57.866868 -61.705727 0.010204 0.010204 0.001219 385.500000 1.114638 1.216283 -13.028108 -70.319666 0.010204 0.010204 0.001219 385.500000 1 41 46 66 87 98
0.000000 0.000000 0.000000 1.165892 1.047439 -14.274571 -66.767870 0.010204 0.010204 0.001319 348.214286 1.114630 1.214936 -17.198627 -74.918036 0.010204 0.010204 0.001319 348.214286 1 41 46 70 77 88
0.000000 0.000000 0.000000 1.262813 1.157493 -38.595581 -47.782230 0.010204 0.010204 0.001319 348.214286 1.114630 1.214591 -8.027116 -74.216071 0.010204 0.010204 0.001319 348.214286 1 41 46 70 77 92
0.000000 0.000000 0.000000 1.128711 1.055046 -208.875677 -49.574530 0.010204 0.010204 0.001268 366.857143 1.114630 1.214592 -4.654771 -67.745640 0.010204 0.010204 0.001268 366.857143 1 41 46 70 77 97
0.000000 0.000000 0.000000 1.073558 1.247558 -315.497227 -90.010528 0.010204 0.010204 0.001268 366.857143 1.114630 1.214583 -75.169364 -67.347948 0.010204 0.010204 0.001268 366.857143 1 41 46 70 77 98
0.000000 0.000000 0.000000 1.607999 1.072789 -107.955867 -59.976782 0.010204 0.010204 0.001319 348.214286 1.114630 1.214948 -11.123946 -74.939796 0.010204 0.010204 0.001319 348.214286 1 41 46 70 81 88
0.000000 0.000000 0.000000 1.429213 1.048938 -116.774213 -57.504292 0.010204 0.010204 0.001319 348.214286 1.114630 1.215469 -102.441858 -69.804569 0.010204 0.010204 0.001319 348.214286 1 41 46 70 81 92
0.000000 0.000000 0.000000 1.030415 1.067156 -1.436713 -45.244610 0.010204 0.010204 0.001268 366.857143 1.114630 1.214935 -19.180220 -64.836487 0.010204 0.010204 0.001268 366.857143 1 41 46 70 81 97
0.000000 0.000000 0.000000 1.494212 1.057424 -37.712705 -56.993391 0.010204 0.010204 0.001268 366.857143 1.114630 1.214951 -133.430848 -74.556005 0.010204 0.010204 0.001268 366.857143 1 41 46 70 81 98
0.000000 0.000000 0.000000 1.042114 1.091559 -229.828443 -58.606261 0.010204 0.010204 0.001266 366.857143 1.114630 1.214583 -9.185443 -64.532461 0.010204 0.010204 0.001266 366.857143 1 41 46 70 86 88
0.000000 0.000000 0.000000 1.006654 1.062942 -174.227649 -49.223342 0.010204 0.010204 0.001266 366.857143 1.114630 1.214574 -32.278292 -78.239704 0.010204 0.010204 0.001266 366.857143 1 41 46 70 86 92
0.000000 0.000000 0.000000 1.109091 1.148867 -7.733802 -69.518078 0.010204 0.010204 0.001219 385.500000 1.114630 1.214731 -139.629829 -85.032082 0.010204 0.010204 0.001219 385.500000 1 41 46 70 86 97
0.000000 0.000000 0.000000 1.029775 1.085352 -120.865974 -80.240135 0.010204 0.010204 0.001219 385.500000 1.114630 1.214576 -26.417686 -69.642045 0.010204 0.010204 0.001219 385.500000 1 41 46 70 86 98
0.000000 0.000000 0.000000 1.019376 1.046903 -147.710616 -59.132920 0.010204 0.010204 0.001266 366.857143 1.114630 1.214584 -8.040872 -63.410994 0.010204 0.010204 0.001266 366.857143 1 41 46 70 87 88
0.000000 0.000000 0.000000 1.258143 1.066433 -70.460494 -53.353638 0.010204 0.010204 0.001266 366.857143 1.114630 1.214593 -18.917019 -71.066846 0.010204 0.010204 0.001266 366.857143 1 41 46 70 87 92
0.000000 0.000000 0.000000 1.151025 1.050295 -46.702480 -56.597784 0.010204 0.010204 0.001219 385.500000 1.114630 1.214586 -80.622835 -69.602378 0.010204 0.010204 0.001219 385.500000 1 41 46 70 87 97
0.000000 0.000000 0.000000 1.290028 1.055793 -62.909440 -51.955665 0.010204 0.010204 0.001219 385.500000 1.114630 1.214745 -86.756488 -75.271953 0.010204 0.010204 0.001219 385.500000 1 41 46 70 87 98
0.000000 0.000000 0.000000 17.529535 3.058766 -788.953789 -168.021137 0.010204 0.010204 0.001264 366.857143 1.114630 1.214957 -11.627580 -65.863488 0.010204 0.010204 0.001264 366.857143 1 41 46 75 77 88
0.000000 0.000000 0.000000 1.162455 1.046884 -11.748855 -61.098149 0.010204 0.010204 0.001264 366.857143 1.114630 1.214610 -13.375454 -66.357990 0.010204 0.010204 0.001264 366.857143 1 41 46 75 77 92
0.000000 0.000000 0.000000 1.462030 1.085462 -230.005606 -57.642170 0.010204 0.010204 0.001217 385.500000 1.114630 1.214611 -15.046017 -63.590366 0.010204 0.010204 0.001217 385.500000 1 41 46 75 77 97
0.000000 0.000000 0.000000 1.172728 1.677048 -38.127259 -88.371096 0.010204 0.010204 0.001217 385.500000 1.114630 1.214602 -24.098580 -75.217095 0.010204 0.010204 0.001217 385.500000 1 41 46 75 77 98
0.000000 0.000000 0.000000 1.027566 1.095452 -251.450231 -55.708104 0.010204 0.010204 0.001264 366.857143 1.114630 1.214600 -67.441543 -63.020366 0.010204 0.010204 0.001264 366.857143 1 41 46 75 81 88
0.000000 0.000000 0.000000 1.042524 1.055708 -3.544325 -55.582156 0.010204 0.010204 0.001264 366.857143 1.114630 1.214941 -6.871589 -77.137127 0.010204 0.010204 0.001264 366.857143 1 41 46 75 81 92
0.000000 0.000000 0.000000 1.012144 1.163704 -103.045926 -61.778349 0.010204 0.010204 0.001217 385.500000 1.114630 1.214592 -16.416265 -66.024693 0.010204 0.010204 0.001217 385.500000 1 41 46 75 81 97
0.000000 0.000000 0.000000 1.153782 1.369706 -35.047419 -92.533766 0.010204 0.010204 0.001217 385.500000 1.114630 1.214601 -16.671077 -71.412513 0.010204 0.010204 0.001217 385.500000 1 41 46 75 81 98
0.000000 0.000000 0.000000 53.369173 5.140839 -7988.017810 -380.943752 0.010204 0.010204 0.001215 385.500000 1.114630 1.214774 -21.422309 -79.701171 0.010204 0.010204 0.001215 385.500000 1 41 46 75 86 88
0.000000 0.000000 0.000000 1.032911 1.256330 -2.776822 -72.669631 0.010204 0.010204 0.001215 385.500000 1.114630 1.214761 -16.113720 -65.361629 0.010204 0.010204 0.001215 385.500000 1 41 46 75 86 92
0.000000 0.000000 0.000000 6.199003 1.403905 -492.472942 -125.864025 0.010204 0.010204 0.001171 404.142857 1.114630 1.215004 -15.757026 -68.738097 0.010204 0.010204 0.001171 404.142857 1 41 46 75 86 97
0.000000 0.000000 0.000000 1.661584 1.054170 -94.818673 -61.826763 0.010204 0.010204 0.001171 404.142857 1.114630 1.214765 -137.852076 -79.251510 0.010204 0.010204 0.001171 404.142857 1 41 46 75 86 98
0.000000 0.000000 0.000000 1.011654 1.057276 -1.639199 -66.018776 0.010204 0.010204 0.001215 385.500000 1.114630 1.214594 -118.714616 -75.662148 0.010204 0.010204 0.001215 385.500000 1 41 46 75 87 88
0.000000 0.000000 0.000000 1.144950 1.046915 -21.613934 -56.104346 0.010204 0.010204 0.001215 385.500000 1.114630 1.214604 -39.559909 -74.232189 0.010204 0.010204 0.001215 385.500000 1 41 46 75 87 92
0.000000 0.000000 0.000000 5.971949 3.548659 -341.201741 -101.575492 0.010204 0.010204 0.001171 404.142857 1.114630 1.214596 -107.342830 -69.681247 0.010204 0.010204 0.001171 404.142857 1 41 46 75 87 97
0.000000 0.000000 0.000000 1.334625 1.061129 -81.913065 -60.878674 0.010204 0.010204 0.001171 404.142857 1.114630 1.214752 -167.863460 -66.190242 0.010204 0.010204 0.001171 404.142857 1 41 46 75 87 98
0.000000 0.000000 0.000000 1.149328 1.313882 -25.301084 -62.189206 0.010204 0.010204 0.001264 366.857143 1.114630 1.214887 -10.314604 -67.868736 0.010204 0.010204 0.001264 366.857143 1 41 46 76 77 88
0.000000 0.000000 0.000000 1.038945 1.117397 -55.836162 -57.505163 0.010204 0.010204 0.001264 366.857143 1.114630 1.214546 -11.649868 -70.785955 0.010204 0.010204 0.001264 366.857143 1 41 46 76 77 92
0.000000 0.000000 0.000000 1.061886 1.161543 -6.349646 -79.324636 0.010204 0.010204 0.001217 385.500000 1.114630 1.214547 -6.794659 -71.985544 0.010204 0.010204 0.001217 385.500000 1 41 46 76 77 97
0.000000 0.000000 0.000000 1.023161 1.137206 -56.303911 -86.780665 0.010204 0.010204 0.001217 385.500000 1.114630 1.214538 -168.697239 -78.568034 0.010204 0.010204 0.001217 385.500000 1 41 46 76 77 98
0.000000 0.000000 0.000000 1.294162 1.219809 -41.513009 -54.419294 0.010204 0.010204 0.001264 366.857143 1.114630 1.214556 -19.117033 -67.744584 0.010204 0.010204 0.001264 366.857143 1 41 46 76 81 88
0.000000 0.000000 0.000000 1.265747 1.162416 -25.638622 -59.295163 0.010204 0.010204 0.001264 366.857143 1.114630 1.214903 -46.346647 -62.507296 0.010204 0.010204 0.001264 366.857143 1 41 46 76 81 92
0.000000 0.000000 0.000000 1.448316 1.651331 -147.807308 -72.551140 0.010204 0.010204 0.001217 385.500000 1.114630 1.214548 -23.987506 -67.039714 0.010204 0.010204 0.001217 385.500000 1 41 46 76 81 97
0.000000 0.000000 0.000000 1.543670 1.371100 -34.390232 -75.968598 0.010204 0.010204 0.001217 385.500000 1.114630 1.214557 -45.363029 -76.377851 0.010204 0.010204 0.001217 385.500000 1 41 46 76 81 98
0.000000 0.000000 0.000000 1.489239 1.443411 -68.480015 -96.641896 0.010204 0.010204 0.001215 385.500000 1.114630 1.214550 -5.457947 -70.664374 0.010204 0.010204 0.001215 385.500000 1 41 46 76 86 88
0.000000 0.000000 0.000000 1.040140 1.083209 -23.932780 -50.421169 0.010204 0.010204 0.001215 385.500000 1.114630 1.214540 -7.301678 -58.963184 0.010204 0.010204 0.001215 385.500000 1 41 46 76 86 92
0.000000 0.000000 0.000000 1.078716 1.061426 -19.190003 -65.302717 0.010204 0.010204 0.001171 404.142857 1.114630 1.214698 -52.656347 -84.362177 0.010204 0.010204 0.001171 404.142857 1 41 46 76 86 97
0.000000 0.000000 0.000000 1.048227 1.048679 -3.745653 -66.240973 0.010204 0.010204 0.001171 404.142857 1.114630 1.214542 -17.859649 -69.563001 0.010204 0.010204 0.001171 404.142857 1 41 46 76 86 98
0.000000 0.000000 0.000000 1.523513 1.244705 -14.410550 -48.529780 0.010204 0.010204 0.001215 385.500000 1.114630 1.214698 -19.740343 -72.737095 0.010204 0.010204 0.001215 385.500000 1 41 46 76 87 88
0.000000 0.000000 0.000000 1.664699 1.265387 -92.582850 -92.902155 0.010204 0.010204 0.001215 385.500000 1.114630 1.214711 -16.711460 -68.829699 0.010204 0.010204 0.001215 385.500000 1 41 46 76 87 92
0.000000 0.000000 0.000000 2.034808 1.416218 -33.193717 -57.107776 0.010204 0.010204 0.001171 404.142857 1.114630 1.214701 -14.522170 -74.179065 0.010204 0.010204 0.001171 404.142857 1 41 46 76 87 97
0.000000 0.000000 0.000000 1.460150 1.182161 -202.821040 -59.829330 0.010204 0.010204 0.001171 404.142857 1.114630 1.214939 -178.584449 -65.799303 0.010204 0.010204 0.001171 404.142857 1 41 46 76 87 98
0.000000 0.000000 0.000000 1.791089 1.133726 -249.753854 -80.558431 0.010204 0.010204 0.001319 348.214286 1.114595 1.215330 -9.350295 -72.350933 0.010204 0.010204 0.001319 348.214286 1 41 50 66 77 88
0.000000 0.000000 0.000000 1.872222 1.147891 -9.643135 -67.585687 0.010204 0.010204 0.001319 348.214286 1.114595 1.214808 -14.135607 -70.743111 0.010204 0.010204 0.001319 348.214286 1 41 50 66 77 92
0.000000 0.000000 0.000000 1.833963 1.141202 -184.385304 -64.555992 0.010204 0.010204 0.001268 366.857143 1.114595 1.214811 -40.084469 -72.753829 0.010204 0.010204 0.001268 366.857143 1 41 50 66 77 97
0.000000 0.000000 0.000000 2.532152 1.264580 -202.485198 -89.373323 0.010204 0.010204 0.001268 366.857143 1.114595 1.214796 -18.276742 -78.150196 0.010204 0.010204 0.001268 366.857143 1 41 50 66 77 98
0.000000 0.000000 0.000000 3.401725 1.557239 -52.518562 -94.678078 0.010204 0.010204 0.001319 348.214286 1.114595 1.214452 -143.199443 -83.237851 0.010204 0.010204 0.001319 348.214286 1 41 50 66 81 88
0.000000 0.000000 0.000000 2.008596 1.209654 -103.222382 -60.093905 0.010204 0.010204 0.001319 348.214286 1.114595 1.214796 -22.635443 -71.368826 0.010204 0.010204 0.001319 348.214286 1 41 50 66 81 92
0.000000 0.000000 0.000000 1.125930 1.047587 -95.365235 -53.693574 0.010204 0.010204 0.001268 366.857143 1.114595 1.214443 -5.121319 -59.442536 0.010204 0.010204 0.001268 366.857143 1 41 50 66 81 97
0.000000 0.000000 0.000000 1.361190 1.079623 -112.831699 -58.308747 0.010204 0.010204 0.001268 366.857143 1.114595 1.214453 -39.815507 -64.962945 0.010204 0.010204 0.001268 366.857143 1 41 50 66 81 98
0.000000 0.000000 0.000000 2.252134 1.245637 -132.415604 -76.287297 0.010204 0.010204 0.001266 366.857143 1.114595 1.214454 -48.966355 -79.122846 0.010204 0.010204 0.001266 366.857143 1 41 50 66 86 88
0.000000 0.000000 0.000000 1.524803 1.144890 -39.066855 -69.280536 0.010204 0.010204 0.001266 366.857143 1.114595 1.214445 -9.178914 -71.049596 0.010204 0.010204 0.001266 366.857143 1 41 50 66 86 92
0.000000 0.000000 0.000000 1.448738 1.085201 -223.900585 -67.807431 0.010204 0.010204 0.001219 385.500000 1.114595 1.214605 -187.360704 -71.892235 0.010204 0.010204 0.001219 385.500000 1 41 50 66 86 97
0.000000 0.000000 0.000000 1.248957 1.050164 -107.807878 -66.424631 0.010204 0.010204 0.001219 385.500000 1.114595 1.214447 -13.860183 -67.759277 0.010204 0.010204 0.001219 385.500000 1 41 50 66 86 98
0.000000 0.000000 0.000000 1.475174 1.582049 -29.652518 -132.079291 0.010204 0.010204 0.001266 366.857143 1.114595 1.214435 -259.726475 -64.741035 0.010204 0.010204 0.001266 366.857143 1 41 50 66 87 88
0.000000 0.000000 0.000000 1.282218 1.125531 -60.026177 -52.123224 0.010204 0.010204 0.001266 366.857143 1.114595 1.214444 -75.069753 -59.698578 0.010204 0.010204 0.001266 366.857143 1 41 50 66 87 92
0.000000 0.000000 0.000000 1.100425 1.051593 -107.144670 -65.775559 0.010204 0.010204 0.001219 385.500000 1.114595 1.214437 -19.863267 -65.751851 0.010204 0.010204 0.001219 385.500000 1 41 50 66 87 97
0.000000 0.000000 0.000000 1.258935 1.094211 -29.684543 -61.911505 0.010204 0.010204 0.001219 385.500000 1.114595 1.214591 -69.800535 -68.302948 0.010204 0.010204 0.001219 385.500000 1 41 50 66 87 98
0.000000 0.000000 0.000000 1.666623 1.072340 -83.931783 -54.053972 0.010204 0.010204 0.001319 348.214286 1.114597 1.216317 -19.087897 -63.773620 0.010204 0.010204 0.001319 348.214286 1 41 50 70 77 88
0.000000 0.000000 0.000000 1.855438 1.094898 -121.487743 -49.822776 0.010204 0.010204 0.001319 348.214286 1.114597 1.215970 -23.922527 -68.387770 0.010204 0.010204 0.001319 348.214286 1 41 50 70 77 92
0.000000 0.000000 0.000000 1.746193 1.081730 -72.496851 -59.966291 0.010204 0.010204 0.001268 366.857143 1.114597 1.215971 -3.618176 -73.087927 0.010204 0.010204 0.001268 366.857143 1 41 50 70 77 97
0.000000 0.000000 0.000000 1.105841 1.061453 -9.325612 -58.215060 0.010204 0.010204 0.001268 366.857143 1.114597 1.215961 -14.597161 -70.421534 0.010204 0.010204 0.001268 366.857143 1 41 50 70 77 98
0.000000 0.000000 0.000000 1.515811 1.055152 -126.502712 -60.127335 0.010204 0.010204 0.001319 348.214286 1.114598 1.216718 -9.156892 -70.931450 0.010204 0.010204 0.001319 348.214286 1 41 50 70 81 88
0.000000 0.000000 0.000000 1.514349 1.054977 -52.671973 -66.353009 0.010204 0.010204 0.001319 348.214286 1.114598 1.217327 -28.112873 -66.337067 0.010204 0.010204 0.001319 348.214286 1 41 50 70 81 92
0.000000 0.000000 0.000000 1.526308 1.057863 -98.763748 -48.683892 0.010204 0.010204 0.001268 366.857143 1.114598 1.216704 -20.588371 -63.275243 0.010204 0.010204 0.001268 366.857143 1 41 50 70 81 97
0.000000 0.000000 0.000000 1.515124 1.055068 -44.458617 -55.992388 0.010204 0.010204 0.001268 366.857143 1.114598 1.216722 -2.738612 -70.785611 0.010204 0.010204 0.001268 366.857143 1 41 50 70 81 98
0.000000 0.000000 0.000000 1.473702 1.104670 -34.087717 -72.792043 0.010204 0.010204 0.001266 366.857143 1.114597 1.215954 -37.586117 -68.876278 0.010204 0.010204 0.001266 366.857143 1 41 50 70 86 88
0.000000 0.000000 0.000000 1.172735 3.040599 -100.963294 -246.764602 0.010204 0.010204 0.001266 366.857143 1.114597 1.215944 -4.865302 -75.811426 0.010204 0.010204 0.001266 366.857143 1 41 50 70 86 92
0.000000 0.000000 0.000000 1.876483 1.114075 -140.405738 -54.598437 0.010204 0.010204 0.001219 385.500000 1.114597 1.216101 -6.795840 -54.635617 0.010204 0.010204 0.001219 385.500000 1 41 50 70 86 97
0.000000 0.000000 0.000000 1.127810 1.058032 -18.164578 -60.304236 0.010204 0.010204 0.001219 385.500000 1.114597 1.215946 -9.740475 -62.941989 0.010204 0.010204 0.001219 385.500000 1 41 50 70 86 98
0.000000 0.000000 0.000000 1.768799 1.142508 -124.459513 -63.261020 0.010204 0.010204 0.001266 366.857143 1.114597 1.215968 -9.650400 -64.459951 0.010204 0.010204 0.001266 366.857143 1 41 50 70 87 88
0.000000 0.000000 0.000000 1.611587 1.066104 -12.408519 -63.524042 0.010204 0.010204 0.001266 366.857143 1.114597 1.215977 -7.564152 -59.614414 0.010204 0.010204 0.001266 366.857143 1 41 50 70 87 92
0.000000 0.000000 0.000000 1.636872 1.069118 -89.969680 -51.956689 0.010204 0.010204 0.001219 385.500000 1.114597 1.215970 -218.473332 -63.239858 0.010204 0.010204 0.001219 385.500000 1 41 50 70 87 97
0.000000 0.000000 0.000000 1.585697 1.063074 -73.554150 -64.761933 0.010204 0.010204 0.001219 385.500000 1.114597 1.216131 -127.205380 -64.075583 0.010204 0.010204 0.001219 385.500000 1 41 50 70 87 98
0.000000 0.000000 0.000000 1.258432 1.095350 -25.995776 -61.603632 0.010204 0.010204 0.001264 366.857143 1.114595 1.214764 -9.306135 -64.506547 0.010204 0.010204 0.001264 366.857143 1 41 50 75 77 88
0.000000 0.000000 0.000000 1.142847 1.055399 -28.405801 -48.523868 0.010204 0.010204 0.001264 366.857143 1.114595 1.214418 -5.600374 -72.663722 0.010204 0.010204 0.001264 366.857143 1 41 50 75 77 92
0.000000 0.000000 0.000000 2.058071 1.401547 -110.665587 -76.776021 0.010204 0.010204 0.001217 385.500000 1.114595 1.214419 -9.493224 -67.304097 0.010204 0.010204 0.001217 385.500000 1 41 50 75 77 97
0.000000 0.000000 0.000000 4.313744 2.503121 -202.944801 -161.295587 0.010204 0.010204 0.001217 385.500000 1.114595 1.214409 -74.662373 -67.307483 0.010204 0.010204 0.001217 385.500000 1 41 50 75 77 98
0.000000 0.000000 0.000000 1.074739 1.061123 -8.047820 -53.137841 0.010204 0.010204 0.001264 366.857143 1.114595 1.214408 -156.147013 -80.469059 0.010204 0.010204 0.001264 366.857143 1 41 50 75 81 88
0.000000 0.000000 0.000000 1.206606 1.140590 -15.427701 -47.553118 0.010204 0.010204 0.001264 366.857143 1.114595 1.214749 -245.224020 -61.553857 0.010204 0.010204 0.001264 366.857143 1 41 50 75 81 92
0.000000 0.000000 0.000000 1.171319 1.211529 -4.243625 -73.167861 0.010204 0.010204 0.001217 385.500000 1.114595 1.214400 -258.685277 -64.876826 0.010204 0.010204 0.001217 385.500000 1 41 50 75 81 97
0.000000 0.000000 0.000000 1.075616 1.057330 -17.554197 -64.737099 0.010204 0.010204 0.001217 385.500000 1.114595 1.214409 -9.966280 -59.192961 0.010204 0.010204 0.001217 385.500000 1 41 50 75 81 98
0.000000 0.000000 0.000000 1.365825 1.115209 -22.424642 -61.707129 0.010204 0.010204 0.001215 385.500000 1.114595 1.214573 -65.200651 -64.317788 0.010204 0.010204 0.001215 385.500000 1 41 50 75 86 88
0.000000 0.000000 0.000000 1.537514 1.171313 -63.418174 -64.337854 0.010204 0.010204 0.001215 385.500000 1.114595 1.214559 -4.679496 -72.794873 0.010204 0.010204 0.001215 385.500000 1 41 50 75 86 92
0.000000 0.000000 0.000000 1.346956 1.109084 -55.475478 -71.437942 0.010204 0.010204 0.001171 404.142857 1.114595 1.214800 -11.442541 -80.869341 0.010204 0.010204 0.001171 404.142857 1 41 50 75 86 97
0.000000 0.000000 0.000000 1.380519 1.119986 -75.232044 -69.298760 0.010204 0.010204 0.001171 404.142857 1.114595 1.214563 -37.286996 -71.987119 0.010204 0.010204 0.001171 404.142857 1 41 50 75 86 98
0.000000 0.000000 0.000000 1.093327 1.051738 -29.412250 -73.929448 0.010204 0.010204 0.001215 385.500000 1.114595 1.214402 -91.624292 -72.518986 0.010204 0.010204 0.001215 385.500000 1 41 50 75 87 88
0.000000 0.000000 0.000000 3.965391 2.266200 -263.290889 -115.215696 0.010204 0.010204 0.001215 385.500000 1.114595 1.214411 -11.080297 -65.363837 0.010204 0.010204 0.001215 385.500000 1 41 50 75 87 92
0.000000 0.000000 0.000000 1.175283 1.077273 -121.209188 -59.750568 0.010204 0.010204 0.001171 404.142857 1.114595 1.214404 -197.915662 -70.615667 0.010204 0.010204 0.001171 404.142857 1 41 50 75 87 97
0.000000 0.000000 0.000000 1.181654 1.074201 -22.028135 -51.917479 0.010204 0.010204 0.001171 404.142857 1.114595 1.214560 -10.244995 -66.495708 0.010204 0.010204 0.001171 404.142857 1 41 50 75 87 98
0.000000 0.000000 0.000000 1.457587 1.132228 -55.385728 -66.099503 0.010204 0.010204 0.001264 366.857143 1.114595 1.214801 -6.660345 -70.309633 0.010204 0.010204 0.001264 366.857143 1 41 50 76 77 88
0.000000 0.000000 0.000000 1.402913 1.183323 -85.414884 -69.155855 0.010204 0.010204 0.001264 366.857143 1.114595 1.214460 -6.563299 -72.893363 0.010204 0.010204 0.001264 366.857143 1 41 50 76 77 92
0.000000 0.000000 0.000000 3.642158 1.983094 -472.672799 -115.386882 0.010204 0.010204 0.001217 385.500000 1.114595 1.214461 -6.120440 -62.274639 0.010204 0.010204 0.001217 385.500000 1 41 50 76 77 97
0.000000 0.000000 0.000000 1.032715 1.046469 -143.769458 -58.592424 0.010204 0.010204 0.001217 385.500000 1.114595 1.214452 -10.359610 -67.956772 0.010204 0.010204 0.001217 385.500000 1 41 50 76 77 98
0.000000 0.000000 0.000000 1.606869 1.099822 -244.882798 -50.588323 0.010204 0.010204 0.001264 366.857143 1.114595 1.214471 -11.931004 -62.112220 0.010204 0.010204 0.001264 366.857143 1 41 50 76 81 88
0.000000 0.000000 0.000000 8.515291 2.168787 -723.425352 -220.933652 0.010204 0.010204 0.001264 366.857143 1.114595 1.214817 -9.855578 -68.957409 0.010204 0.010204 0.001264 366.857143 1 41 50 76 81 92
0.000000 0.000000 0.000000 1.249745 1.060478 -29.613030 -46.996210 0.010204 0.010204 0.001217 385.500000 1.114595 1.214462 -33.207576 -73.913747 0.010204 0.010204 0.001217 385.500000 1 41 50 76 81 97
0.000000 0.000000 0.000000 1.397781 1.063676 -103.698602 -70.440142 0.010204 0.010204 0.001217 385.500000 1.114595 1.214472 -186.799734 -74.693024 0.010204 0.010204 0.001217 385.500000 1 41 50 76 81 98
0.000000 0.000000 0.000000 1.493577 1.086694 -109.675561 -62.414315 0.010204 0.010204 0.001215 385.500000 1.114595 1.214464 -105.871900 -68.767818 0.010204 0.010204 0.001215 385.500000 1 41 50 76 86 88
0.000000 0.000000 0.000000 1.236064 1.081610 -13.526794 -57.129647 0.010204 0.010204 0.001215 385.500000 1.114595 1.214454 -135.545003 -70.740219 0.010204 0.010204 0.001215 385.500000 1 41 50 76 86 92
0.000000 0.000000 0.000000 4.065356 1.510055 -270.701695 -66.428500 0.010204 0.010204 0.001171 404.142857 1.114595 1.214613 -22.633715 -67.746699 0.010204 0.010204 0.001171 404.142857 1 41 50 76 86 97
0.000000 0.000000 0.000000 3.286114 1.420974 -321.080127 -78.841148 0.010204 0.010204 0.001171 404.142857 1.114595 1.214456 -44.210868 -62.682251 0.010204 0.010204 0.001171 404.142857 1 41 50 76 86 98
0.000000 0.000000 0.000000 2.865214 1.271542 -49.090349 -85.505524 0.010204 0.010204 0.001215 385.500000 1.114595 1.214621 -66.871585 -63.369304 0.010204 0.010204 0.001215 385.500000 1 41 50 76 87 88
0.000000 0.000000 0.000000 2.062604 1.151599 -269.172010 -51.552921 0.010204 0.010204 0.001215 385.500000 1.114595 1.214634 -68.399373 -72.346065 0.010204 0.010204 0.001215 385.500000 1 41 50 76 87 92
0.000000 0.000000 0.000000 2.100234 1.157136 -69.732762 -58.841676 0.010204 0.010204 0.001171 404.142857 1.114595 1.214625 -144.205858 -59.292728 0.010204 0.010204 0.001171 404.142857 1 41 50 76 87 97
0.000000 0.000000 0.000000 2.018004 1.145051 -402.174028 -59.148082 0.010204 0.010204 0.001171 404.142857 1.114595 1.214863 -200.897335 -65.105926 0.010204 0.010204 0.001171 404.142857 1 41 50 76 87 98
0.000000 0.000000 0.000000 2.301598 1.076978 -44.816108 -76.909299 0.010204 0.010204 0.001319 348.214286 1.115490 1.218988 -28.952824 -67.315899 0.010204 0.010204 0.001319 348.214286 1 41 61 66 77 88
0.000000 0.000000 0.000000 1.125063 1.075883 -15.528682 -56.500060 0.010204 0.010204 0.001319 348.214286 1.115490 1.218463 -10.839266 -80.434985 0.010204 0.010204 0.001319 348.214286 1 41 61 66 77 92
0.000000 0.000000 0.000000 2.021499 1.095385 -127.231967 -60.612656 0.010204 0.010204 0.001268 366.857143 1.115490 1.218466 -8.398672 -73.042599 0.010204 0.010204 0.001268 366.857143 1 41 61 66 77 97
0.000000 0.000000 0.000000 1.000696 1.159486 -28.491126 -79.393339 0.010204 0.010204 0.001268 366.857143 1.115490 1.218451 -218.805653 -71.926417 0.010204 0.010204 0.001268 366.857143 1 41 61 66 77 98
0.000000 0.000000 0.000000 1.012423 1.160745 -2.095300 -86.199844 0.010204 0.010204 0.001319 348.214286 1.115488 1.218089 -8.519251 -66.892746 0.010204 0.010204 0.001319 348.214286 1 41 61 66 81 88
0.000000 0.000000 0.000000 1.024686 1.047909 -22.182010 -67.021724 0.010204 0.010204 0.001319 348.214286 1.115488 1.218434 -9.049803 -61.910974 0.010204 0.010204 0.001319 348.214286 1 41 61 66 81 92
0.000000 0.000000 0.000000 1.001872 1.224971 -87.523044 -46.024250 0.010204 0.010204 0.001268 366.857143 1.115488 1.218081 -227.824345 -74.263459 0.010204 0.010204 0.001268 366.857143 1 41 61 66 81 97
0.000000 0.000000 0.000000 1.579702 4.992347 -30.383518 -415.150511 0.010204 0.010204 0.001268 366.857143 1.115488 1.218091 -22.743441 -69.827745 0.010204 0.010204 0.001268 366.857143 1 41 61 66 81 98
0.000000 0.000000 0.000000 1.048705 1.124088 -2.648344 -64.499655 0.010204 0.010204 0.001266 366.857143 1.115488 1.218092 -212.936163 -70.166681 0.010204 0.010204 0.001266 366.857143 1 41 61 66 86 88
0.000000 0.000000 0.000000 1.000620 1.061040 -103.128465 -57.291883 0.010204 0.010204 0.001266 366.857143 1.115488 1.218082 -6.839866 -71.070559 0.010204 0.010204 0.001266 366.857143 1 41 61 66 86 92
0.000000 0.000000 0.000000 1.658370 1.474841 -49.057317 -96.788854 0.010204 0.010204 0.001219 385.500000 1.115488 1.218243 -28.269024 -67.350401 0.010204 0.010204 0.001219 385.500000 1 41 61 66 86 97
0.000000 0.000000 0.000000 1.010167 1.050461 -6.969711 -73.307188 0.010204 0.010204 0.001219 385.500000 1.115488 1.218085 -25.043567 -56.637287 0.010204 0.010204 0.001219 385.500000 1 41 61 66 86 98
0.000000 0.000000 0.000000 1.000209 1.056766 -24.389536 -70.841072 0.010204 0.010204 0.001266 366.857143 1.115488 1.218072 -18.469532 -67.052552 0.010204 0.010204 0.001266 366.857143 1 41 61 66 87 88
0.000000 0.000000 0.000000 1.001342 1.066460 -0.274573 -74.557857 0.010204 0.010204 0.001266 366.857143 1.115488 1.218081 -12.108927 -68.140696 0.010204 0.010204 0.001266 366.857143 1 41 61 66 87 92
0.000000 0.000000 0.000000 1.000686 1.048140 -0.295196 -59.017886 0.010204 0.010204 0.001219 385.500000 1.115488 1.218074 -7.049418 -66.596398 0.010204 0.010204 0.001219 385.500000 1 41 61 66 87 97
0.000000 0.000000 0.000000 1.009351 1.244177 -188.659166 -67.020385 0.010204 0.010204 0.001219 385.500000 1.115488 1.218229 -21.511142 -78.412275 0.010204 0.010204 0.001219 385.500000 1 41 61 66 87 98
0.000000 0.000000 0.000000 1.004912 1.048815 -193.064147 -68.242971 0.010204 0.010204 0.001319 348.214286 1.115481 1.218323 -184.275156 -76.154625 0.010204 0.010204 0.001319 348.214286 1 41 61 70 77 88
0.000000 0.000000 0.000000 1.003770 1.055923 -0.357640 -48.925621 0.010204 0.010204 0.001319 348.214286 1.115481 1.217979 -163.987381 -71.846723 0.010204 0.010204 0.001319 348.214286 1 41 61 70 77 92
0.000000 0.000000 0.000000 1.006745 1.084394 -0.782325 -61.631241 0.010204 0.010204 0.001268 366.857143 1.115481 1.217980 -157.716077 -74.210483 0.010204 0.010204 0.001268 366.857143 1 41 61 70 77 97
0.000000 0.000000 0.000000 1.004030 1.151780 -140.889137 -82.030881 0.010204 0.010204 0.001268 366.857143 1.115481 1.217970 -37.029781 -70.411939 0.010204 0.010204 0.001268 366.857143 1 41 61 70 77 98
0.000000 0.000000 0.000000 1.017358 1.061040 -215.055662 -59.858839 0.010204 0.010204 0.001319 348.214286 1.115481 1.218331 -25.356013 -74.752828 0.010204 0.010204 0.001319 348.214286 1 41 61 70 81 88
0.000000 0.000000 0.000000 1.136386 1.462067 -245.101308 -49.433901 0.010204 0.010204 0.001319 348.214286 1.115481 1.218851 -5.159128 -64.291979 0.010204 0.010204 0.001319 348.214286 1 41 61 70 81 92
0.000000 0.000000 0.000000 1.016745 1.129166 -140.826532 -37.972330 0.010204 0.010204 0.001268 366.857143 1.115481 1.218318 -93.777760 -60.848504 0.010204 0.010204 0.001268 366.857143 1 41 61 70 81 97
0.000000 0.000000 0.000000 1.014405 1.049418 -89.088695 -67.890947 0.010204 0.010204 0.001268 366.857143 1.115481 1.218334 -20.936609 -72.282095 0.010204 0.010204 0.001268 366.857143 1 41 61 70 81 98
0.000000 0.000000 0.000000 1.002382 1.100207 -0.340346 -64.737779 0.010204 0.010204 0.001266 366.857143 1.115481 1.217971 -9.925672 -74.560965 0.010204 0.010204 0.001266 366.857143 1 41 61 70 86 88
0.000000 0.000000 0.000000 1.002755 1.287631 -22.970244 -65.622310 0.010204 0.010204 0.001266 366.857143 1.115481 1.217962 -9.648910 -66.047085 0.010204 0.010204 0.001266 366.857143 1 41 61 70 86 92
0.000000 0.000000 0.000000 1.001688 1.054901 -36.727484 -63.776570 0.010204 0.010204 0.001219 385.500000 1.115481 1.218119 -5.197203 -63.620063 0.010204 0.010204 0.001219 385.500000 1 41 61 70 86 97
0.000000 0.000000 0.000000 1.002620 1.129135 -0.361578 -73.569128 0.010204 0.010204 0.001219 385.500000 1.115481 1.217964 -6.259167 -68.951390 0.010204 0.010204 0.001219 385.500000 1 41 61 70 86 98
0.000000 0.000000 0.000000 1.002749 1.071245 -0.253176 -50.161137 0.010204 0.010204 0.001266 366.857143 1.115481 1.217972 -176.083229 -73.119770 0.010204 0.010204 0.001266 366.857143 1 41 61 70 87 88
0.000000 0.000000 0.000000 1.005864 1.048557 -2.209694 -60.860594 0.010204 0.010204 0.001266 366.857143 1.115481 1.217981 -49.743906 -65.539946 0.010204 0.010204 0.001266 366.857143 1 41 61 70 87 92
0.000000 0.000000 0.000000 1.007972 1.076146 -249.450706 -59.723449 0.010204 0.010204 0.001219 385.500000 1.115481 1.217974 -50.394462 -58.553240 0.010204 0.010204 0.001219 385.500000 1 41 61 70 87 97
0.000000 0.000000 0.000000 1.008808 1.060289 -35.940855 -70.650719 0.010204 0.010204 0.001219 385.500000 1.115481 1.218132 -55.894847 -71.661369 0.010204 0.010204 0.001219 385.500000 1 41 61 70 87 98
0.000000 0.000000 0.000000 2.654017 1.076939 -205.908042 -54.357425 0.010204 0.010204 0.001264 366.857143 1.115656 1.220752 -12.746686 -75.865407 0.010204 0.010204 0.001264 366.857143 1 41 61 75 77 88
0.000000 0.000000 0.000000 1.006118 1.052044 -204.674400 -63.766400 0.010204 0.010204 0.001264 366.857143 1.115656 1.220401 -34.057566 -67.510026 0.010204 0.010204 0.001264 366.857143 1 41 61 75 77 92
0.000000 0.000000 0.000000 1.036681 1.139961 -4.829293 -66.639341 0.010204 0.010204 0.001217 385.500000 1.115656 1.220402 -10.510845 -71.317688 0.010204 0.010204 0.001217 385.500000 1 41 61 75 77 97
0.000000 0.000000 0.000000 1.000076 1.060759 -28.241444 -75.335224 0.010204 0.010204 0.001217 385.500000 1.115656 1.220392 -4.410642 -78.999685 0.010204 0.010204 0.001217 385.500000 1 41 61 75 77 98
0.000000 0.000000 0.000000 1.000121 1.087085 -0.193600 -67.021754 0.010204 0.010204 0.001264 366.857143 1.115655 1.220371 -6.966731 -57.704028 0.010204 0.010204 0.001264 366.857143 1 41 61 75 81 88
0.000000 0.000000 0.000000 1.000475 1.051007 -35.238975 -84.152772 0.010204 0.010204 0.001264 366.857143 1.115655 1.220712 -6.850727 -76.371869 0.010204 0.010204 0.001264 366.857143 1 41 61 75 81 92
0.000000 0.000000 0.000000 1.000039 1.154248 -0.609249 -65.543175 0.010204 0.010204 0.001217 385.500000 1.115655 1.220362 -7.459144 -68.419162 0.010204 0.010204 0.001217 385.500000 1 41 61 75 81 97
0.000000 0.000000 0.000000 1.000260 1.110246 -5.136057 -66.868840 0.010204 0.010204 0.001217 385.500000 1.115655 1.220372 -4.739735 -72.770495 0.010204 0.010204 0.001217 385.500000 1 41 61 75 81 98
0.000000 0.000000 0.000000 4.994858 1.125912 -156.588973 -65.731273 0.010204 0.010204 0.001215 385.500000 1.115678 1.220965 -120.013624 -69.735326 0.010204 0.010204 0.001215 385.500000 1 41 61 75 86 88
0.000000 0.000000 0.000000 1.000278 1.091563 -40.695905 -86.774039 0.010204 0.010204 0.001215 385.500000 1.115678 1.220948 -10.776061 -75.977898 0.010204 0.010204 0.001215 385.500000 1 41 61 75 86 92
0.000000 0.000000 0.000000 4.788570 1.100704 -1057.088950 -88.080640 0.010204 0.010204 0.001171 404.142857 1.115681 1.221256 -11.887976 -66.322115 0.010204 0.010204 0.001171 404.142857 1 41 61 75 86 97
0.000000 0.000000 0.000000 1.663779 18.303783 -62.744034 -785.100977 0.010204 0.010204 0.001171 404.142857 1.115678 1.220953 -78.689147 -69.234746 0.010204 0.010204 0.001171 404.142857 1 41 61 75 86 98
0.000000 0.000000 0.000000 1.000358 1.686570 -6.617772 -135.814362 0.010204 0.010204 0.001215 385.500000 1.115656 1.220373 -13.049782 -63.183442 0.010204 0.010204 0.001215 385.500000 1 41 61 75 87 88
0.000000 0.000000 0.000000 1.008411 1.077999 -156.513640 -67.280194 0.010204 0.010204 0.001215 385.500000 1.115656 1.220382 -7.331834 -70.032132 0.010204 0.010204 0.001215 385.500000 1 41 61 75 87 92
0.000000 0.000000 0.000000 1.002779 1.095727 -0.050830 -59.407343 0.010204 0.010204 0.001171 404.142857 1.115656 1.220375 -6.118427 -56.204879 0.010204 0.010204 0.001171 404.142857 1 41 61 75 87 97
0.000000 0.000000 0.000000 1.106736 1.049578 -108.740936 -67.621056 0.010204 0.010204 0.001171 404.142857 1.115656 1.220533 -42.956788 -73.647708 0.010204 0.010204 0.001171 404.142857 1 41 61 75 87 98
0.000000 0.000000 0.000000 1.003889 1.094481 -156.706872 -52.721535 0.010204 0.010204 0.001264 366.857143 1.115484 1.218355 -57.471124 -62.129085 0.010204 0.010204 0.001264 366.857143 1 41 61 76 77 88
0.000000 0.000000 0.000000 1.002603 1.147548 -0.335702 -80.853997 0.010204 0.010204 0.001264 366.857143 1.115484 1.218015 -11.164320 -72.172202 0.010204 0.010204 0.001264 366.857143 1 41 61 76 77 92
0.000000 0.000000 0.000000 1.001317 1.054284 -131.540903 -68.641380 0.010204 0.010204 0.001217 385.500000 1.115484 1.218016 -12.151734 -75.816873 0.010204 0.010204 0.001217 385.500000 1 41 61 76 77 97
0.000000 0.000000 0.000000 1.000392 1.073429 -0.322150 -87.748139 0.010204 0.010204 0.001217 385.500000 1.115484 1.218006 -87.452851 -69.924229 0.010204 0.010204 0.001217 385.500000 1 41 61 76 77 98
0.000000 0.000000 0.000000 1.014234 1.078606 -5.473612 -62.565004 0.010204 0.010204 0.001264 366.857143 1.115484 1.218025 -9.547691 -79.450185 0.010204 0.010204 0.001264 366.857143 1 41 61 76 81 88
0.000000 0.000000 0.000000 1.069714 1.090034 -4.674210 -68.910857 0.010204 0.010204 0.001264 366.857143 1.115484 1.218372 -20.078936 -65.225449 0.010204 0.010204 0.001264 366.857143 1 41 61 76 81 92
0.000000 0.000000 0.000000 1.002469 1.153855 -82.625937 -45.772172 0.010204 0.010204 0.001217 385.500000 1.115484 1.218016 -5.758709 -76.580793 0.010204 0.010204 0.001217 385.500000 1 41 61 76 81 97
0.000000 0.000000 0.000000 1.030253 1.090042 -229.857010 -68.506526 0.010204 0.010204 0.001217 385.500000 1.115484 1.218026 -11.506816 -67.094229 0.010204 0.010204 0.001217 385.500000 1 41 61 76 81 98
0.000000 0.000000 0.000000 1.147646 1.931122 -10.108027 -96.559908 0.010204 0.010204 0.001215 385.500000 1.115484 1.218018 -18.862200 -75.253212 0.010204 0.010204 0.001215 385.500000 1 41 61 76 86 88
0.000000 0.000000 0.000000 1.000805 1.060727 -0.224822 -58.572588 0.010204 0.010204 0.001215 385.500000 1.115484 1.218009 -28.730450 -68.331681 0.010204 0.010204 0.001215 385.500000 1 41 61 76 86 92
0.000000 0.000000 0.000000 1.027698 1.075802 -12.072970 -78.589775 0.010204 0.010204 0.001171 404.142857 1.115484 1.218167 -8.087700 -63.002737 0.010204 0.010204 0.001171 404.142857 1 41 61 76 86 97
0.000000 0.000000 0.000000 1.011084 1.110145 -71.577896 -61.081553 0.010204 0.010204 0.001171 404.142857 1.115484 1.218011 -157.166417 -65.932445 0.010204 0.010204 0.001171 404.142857 1 41 61 76 86 98
0.000000 0.000000 0.000000 1.002023 1.318217 -0.221367 -64.800720 0.010204 0.010204 0.001215 385.500000 1.115485 1.218175 -14.160958 -70.629792 0.010204 0.010204 0.001215 385.500000 1 41 61 76 87 88
0.000000 0.000000 0.000000 1.217015 1.049371 -65.615262 -52.194078 0.010204 0.010204 0.001215 385.500000 1.115485 1.218189 -6.790525 -65.468957 0.010204 0.010204 0.001215 385.500000 1 41 61 76 87 92
0.000000 0.000000 0.000000 1.312316 1.129036 -42.280732 -52.269701 0.010204 0.010204 0.001171 404.142857 1.115485 1.218179 -7.628090 -57.765923 0.010204 0.010204 0.001171 404.142857 1 41 61 76 87 97
0.000000 0.000000 0.000000 1.339837 1.062976 -121.367059 -62.157030 0.010204 0.010204 0.001171 404.142857 1.115485 1.218418 -35.617999 -62.790850 0.010204 0.010204 0.001171 404.142857 1 41 61 76 87 98
0.000000 0.000000 0.000000 1.235852 1.081707 -29.595996 -60.391417 0.010204 0.010204 0.001319 348.214286 1.114613 1.215360 -7.537321 -79.005170 0.010204 0.010204 0.001319 348.214286 1 41 65 66 77 88
0.000000 0.000000 0.000000 1.291486 1.102082 -90.466903 -57.680355 0.010204 0.010204 0.001319 348.214286 1.114613 1.214840 -109.134046 -74.397818 0.010204 0.010204 0.001319 348.214286 1 41 65 66 77 92
0.000000 0.000000 0.000000 1.263416 1.091780 -62.912141 -63.794828 0.010204 0.010204 0.001268 366.857143 1.114613 1.214844 -16.009277 -72.401704 0.010204 0.010204 0.001268 366.857143 1 41 65 66 77 97
0.000000 0.000000 0.000000 1.128106 1.048251 -8.961063 -57.197252 0.010204 0.010204 0.001268 366.857143 1.114613 1.214828 -52.976408 -72.155281 0.010204 0.010204 0.001268 366.857143 1 41 65 66 77 98
0.000000 0.000000 0.000000 2.880622 2.386518 -98.779478 -169.639883 0.010204 0.010204 0.001319 348.214286 1.114613 1.214491 -63.069246 -64.891164 0.010204 0.010204 0.001319 348.214286 1 41 65 66 81 88
0.000000 0.000000 0.000000 1.225684 1.135595 -9.363940 -65.402504 0.010204 0.010204 0.001319 348.214286 1.114613 1.214836 -9.602719 -69.673019 0.010204 0.010204 0.001319 348.214286 1 41 65 66 81 92
0.000000 0.000000 0.000000 1.035378 1.046411 -229.679631 -45.499156 0.010204 0.010204 0.001268 366.857143 1.114613 1.214483 -113.541117 -67.659061 0.010204 0.010204 0.001268 366.857143 1 41 65 66 81 97
0.000000 0.000000 0.000000 3.845787 2.919150 -50.335036 -216.901994 0.010204 0.010204 0.001268 366.857143 1.114613 1.214492 -18.200292 -67.920038 0.010204 0.010204 0.001268 366.857143 1 41 65 66 81 98
0.000000 0.000000 0.000000 1.134561 1.070815 -16.702065 -67.004599 0.010204 0.010204 0.001266 366.857143 1.114613 1.214494 -34.298453 -68.710354 0.010204 0.010204 0.001266 366.857143 1 41 65 66 86 88
0.000000 0.000000 0.000000 1.246507 1.227383 -201.948981 -88.686638 0.010204 0.010204 0.001266 366.857143 1.114613 1.214484 -162.985737 -71.023924 0.010204 0.010204 0.001266 366.857143 1 41 65 66 86 92
0.000000 0.000000 0.000000 1.172394 1.083723 -165.114480 -65.239754 0.010204 0.010204 0.001219 385.500000 1.114613 1.214645 -12.492266 -63.032452 0.010204 0.010204 0.001219 385.500000 1 41 65 66 86 97
0.000000 0.000000 0.000000 6.369317 4.003263 -76.446331 -201.170335 0.010204 0.010204 0.001219 385.500000 1.114613 1.214486 -9.066192 -67.950975 0.010204 0.010204 0.001219 385.500000 1 41 65 66 86 98
0.000000 0.000000 0.000000 1.013439 1.048499 -1.419110 -48.803464 0.010204 0.010204 0.001266 366.857143 1.114613 1.214474 -337.198920 -66.650849 0.010204 0.010204 0.001266 366.857143 1 41 65 66 87 88
0.000000 0.000000 0.000000 1.028136 1.047878 -112.469188 -54.369010 0.010204 0.010204 0.001266 366.857143 1.114613 1.214484 -31.898180 -72.330120 0.010204 0.010204 0.001266 366.857143 1 41 65 66 87 92
0.000000 0.000000 0.000000 1.077012 1.148161 -2.788824 -89.869040 0.010204 0.010204 0.001219 385.500000 1.114613 1.214476 -11.727510 -70.538252 0.010204 0.010204 0.001219 385.500000 1 41 65 66 87 97
0.000000 0.000000 0.000000 1.068622 1.096514 -84.032276 -68.790187 0.010204 0.010204 0.001219 385.500000 1.114613 1.214631 -30.866441 -68.558783 0.010204 0.010204 0.001219 385.500000 1 41 65 66 87 98
0.000000 0.000000 0.000000 2.580675 1.258041 -73.628953 -68.816867 0.010204 0.010204 0.001319 348.214286 1.114613 1.214899 -56.838651 -81.988730 0.010204 0.010204 0.001319 348.214286 1 41 65 70 77 88
0.000000 0.000000 0.000000 1.399198 1.131013 -203.353799 -65.391109 0.010204 0.010204 0.001319 348.214286 1.114613 1.214554 -144.071698 -72.432576 0.010204 0.010204 0.001319 348.214286 1 41 65 70 77 92
0.000000 0.000000 0.000000 1.303213 1.070446 -30.050846 -56.749549 0.010204 0.010204 0.001268 366.857143 1.114613 1.214555 -11.340102 -73.038901 0.010204 0.010204 0.001268 366.857143 1 41 65 70 77 97
0.000000 0.000000 0.000000 1.022776 1.055321 -281.577592 -70.549704 0.010204 0.010204 0.001268 366.857143 1.114613 1.214546 -7.713524 -66.293060 0.010204 0.010204 0.001268 366.857143 1 41 65 70 77 98
0.000000 0.000000 0.000000 1.713647 1.067024 -90.909866 -54.372049 0.010204 0.010204 0.001319 348.214286 1.114613 1.214918 -36.320599 -68.120300 0.010204 0.010204 0.001319 348.214286 1 41 65 70 81 88
0.000000 0.000000 0.000000 1.597288 1.054813 -22.850737 -49.436612 0.010204 0.010204 0.001319 348.214286 1.114613 1.215441 -15.228898 -66.788993 0.010204 0.010204 0.001319 348.214286 1 41 65 70 81 92
0.000000 0.000000 0.000000 1.043454 1.053576 -1.604851 -39.973681 0.010204 0.010204 0.001268 366.857143 1.114613 1.214905 -230.961850 -76.913366 0.010204 0.010204 0.001268 366.857143 1 41 65 70 81 97
0.000000 0.000000 0.000000 1.645796 1.059800 -77.230058 -75.551699 0.010204 0.010204 0.001268 366.857143 1.114613 1.214921 -182.203351 -66.745572 0.010204 0.010204 0.001268 366.857143 1 41 65 70 81 98
0.000000 0.000000 0.000000 1.046564 1.061759 -8.352047 -61.733808 0.010204 0.010204 0.001266 366.857143 1.114613 1.214546 -8.684915 -73.158926 0.010204 0.010204 0.001266 366.857143 1 41 65 70 86 88
0.000000 0.000000 0.000000 1.007384 1.054393 -1.099576 -47.606405 0.010204 0.010204 0.001266 366.857143 1.114613 1.214537 -83.268677 -80.631926 0.010204 0.010204 0.001266 366.857143 1 41 65 70 86 92
0.000000 0.000000 0.000000 1.072885 1.055433 -11.320400 -62.468991 0.010204 0.010204 0.001219 385.500000 1.114613 1.214694 -48.058049 -69.820519 0.010204 0.010204 0.001219 385.500000 1 41 65 70 86 97
0.000000 0.000000 0.000000 1.043600 1.080462 -2.800883 -78.917254 0.010204 0.010204 0.001219 385.500000 1.114613 1.214539 -162.282561 -68.442944 0.010204 0.010204 0.001219 385.500000 1 41 65 70 86 98
0.000000 0.000000 0.000000 1.084378 1.146444 -7.085859 -59.980878 0.010204 0.010204 0.001266 366.857143 1.114613 1.214547 -4.685163 -65.714631 0.010204 0.010204 0.001266 366.857143 1 41 65 70 87 88
0.000000 0.000000 0.000000 1.842616 1.127498 -161.702407 -57.945311 0.010204 0.010204 0.001266 366.857143 1.114613 1.214557 -18.731771 -67.334172 0.010204 0.010204 0.001266 366.857143 1 41 65 70 87 92
0.000000 0.000000 0.000000 12.572353 3.169715 -92.889748 -119.871496 0.010204 0.010204 0.001219 385.500000 1.114613 1.214549 -139.569871 -71.264204 0.010204 0.010204 0.001219 385.500000 1 41 65 70 87 97
0.000000 0.000000 0.000000 1.459900 1.056760 -62.754113 -69.326478 0.010204 0.010204 0.001219 385.500000 1.114613 1.214708 -12.007775 -71.685196 0.010204 0.010204 0.001219 385.500000 1 41 65 70 87 98
0.000000 0.000000 0.000000 1.569548 1.096988 -17.002180 -41.873700 0.010204 0.010204 0.001264 366.857143 1.114613 1.214864 -17.593382 -65.471316 0.010204 0.010204 0.001264 366.857143 1 41 65 75 77 88
0.000000 0.000000 0.000000 1.242407 1.058665 -28.910310 -53.188925 0.010204 0.010204 0.001264 366.857143 1.114613 1.214517 -105.155657 -68.901223 0.010204 0.010204 0.001264 366.857143 1 41 65 75 77 92
0.000000 0.000000 0.000000 3.391814 1.484681 -255.125579 -79.126666 0.010204 0.010204 0.001217 385.500000 1.114613 1.214518 -13.326235 -62.538272 0.010204 0.010204 0.001217 385.500000 1 41 65 75 77 97
0.000000 0.000000 0.000000 1.043727 1.051767 -3.983287 -70.401057 0.010204 0.010204 0.001217 385.500000 1.114613 1.214509 -91.071747 -78.257790 0.010204 0.010204 0.001217 385.500000 1 41 65 75 77 98
0.000000 0.000000 0.000000 1.170854 1.287372 -20.069987 -107.879328 0.010204 0.010204 0.001264 366.857143 1.114613 1.214507 -80.398802 -72.516895 0.010204 0.010204 0.001264 366.857143 1 41 65 75 81 88
0.000000 0.000000 0.000000 1.186043 1.155716 -28.741951 -57.611744 0.010204 0.010204 0.001264 366.857143 1.114613 1.214848 -6.087117 -63.881521 0.010204 0.010204 0.001264 366.857143 1 41 65 75 81 92
0.000000 0.000000 0.000000 1.050823 1.271764 -1.180103 -54.007978 0.010204 0.010204 0.001217 385.500000 1.114613 1.214499 -188.660062 -72.716762 0.010204 0.010204 0.001217 385.500000 1 41 65 75 81 97
0.000000 0.000000 0.000000 2.315089 2.679103 -389.980078 -154.263829 0.010204 0.010204 0.001217 385.500000 1.114613 1.214508 -11.289720 -65.675401 0.010204 0.010204 0.001217 385.500000 1 41 65 75 81 98
0.000000 0.000000 0.000000 2.274107 1.154232 -93.775784 -61.587433 0.010204 0.010204 0.001215 385.500000 1.114613 1.214677 -35.394998 -79.246513 0.010204 0.010204 0.001215 385.500000 1 41 65 75 86 88
0.000000 0.000000 0.000000 1.104503 1.053275 -103.573360 -64.585109 0.010204 0.010204 0.001215 385.500000 1.114613 1.214663 -16.972338 -67.843166 0.010204 0.010204 0.001215 385.500000 1 41 65 75 86 92
0.000000 0.000000 0.000000 2.037569 1.124464 -204.422153 -59.961203 0.010204 0.010204 0.001171 404.142857 1.114613 1.214905 -48.131095 -67.030836 0.010204 0.010204 0.001171 404.142857 1 41 65 75 86 97
0.000000 0.000000 0.000000 2.625741 1.198746 -282.549227 -60.757736 0.010204 0.010204 0.001171 404.142857 1.114613 1.214667 -46.079437 -69.476373 0.010204 0.010204 0.001171 404.142857 1 41 65 75 86 98
0.000000 0.000000 0.000000 1.051808 1.088131 -87.521819 -55.388806 0.010204 0.010204 0.001215 385.500000 1.114613 1.214501 -13.743857 -65.508554 0.010204 0.010204 0.001215 385.500000 1 41 65 75 87 88
0.000000 0.000000 0.000000 1.310704 1.088888 -114.810064 -58.728288 0.010204 0.010204 0.001215 385.500000 1.114613 1.214510 -8.795544 -65.820075 0.010204 0.010204 0.001215 385.500000 1 41 65 75 87 92
0.000000 0.000000 0.000000 1.162360 1.057835 -59.129505 -52.041960 0.010204 0.010204 0.001171 404.142857 1.114613 1.214503 -13.542409 -73.199250 0.010204 0.010204 0.001171 404.142857 1 41 65 75 87 97
0.000000 0.000000 0.000000 1.289899 1.063463 -37.658335 -61.007715 0.010204 0.010204 0.001171 404.142857 1.114613 1.214659 -34.133228 -78.126626 0.010204 0.010204 0.001171 404.142857 1 41 65 75 87 98
0.000000 0.000000 0.000000 1.071684 1.149686 -20.943598 -57.066138 0.010204 0.010204 0.001264 366.857143 1.114618 1.216128 -190.557394 -73.627335 0.010204 0.010204 0.001264 366.857143 1 41 65 76 77 88
0.000000 0.000000 0.000000 1.009323 1.134397 -5.203732 -56.694998 0.010204 0.010204 0.001264 366.857143 1.114618 1.215787 -21.405702 -59.427248 0.010204 0.010204 0.001264 366.857143 1 41 65 76 77 92
0.000000 0.000000 0.000000 1.037702 1.295769 -33.277318 -67.493190 0.010204 0.010204 0.001217 385.500000 1.114618 1.215788 -10.108385 -74.583840 0.010204 0.010204 0.001217 385.500000 1 41 65 76 77 97
0.000000 0.000000 0.000000 1.001967 1.192100 -0.259019 -91.377325 0.010204 0.010204 0.001217 385.500000 1.114618 1.215778 -55.501766 -82.483523 0.010204 0.010204 0.001217 385.500000 1 41 65 76 77 98
0.000000 0.000000 0.000000 2.109269 1.121893 -70.488408 -71.696170 0.010204 0.010204 0.001264 366.857143 1.114618 1.215808 -13.240944 -64.700128 0.010204 0.010204 0.001264 366.857143 1 41 65 76 81 88
0.000000 0.000000 0.000000 19.400235 2.078278 -1761.239994 -147.690188 0.010204 0.010204 0.001264 366.857143 1.114618 1.216158 -145.199217 -70.969493 0.010204 0.010204 0.001264 366.857143 1 41 65 76 81 92
0.000000 0.000000 0.000000 1.003645 1.067521 -0.312266 -40.180213 0.010204 0.010204 0.001217 385.500000 1.114618 1.215800 -12.391015 -62.094361 0.010204 0.010204 0.001217 385.500000 1 41 65 76 81 97
0.000000 0.000000 0.000000 2.070219 1.069117 -112.430203 -59.816146 0.010204 0.010204 0.001217 385.500000 1.114618 1.215810 -14.459705 -66.053017 0.010204 0.010204 0.001217 385.500000 1 41 65 76 81 98
0.000000 0.000000 0.000000 3.606736 1.267077 -350.468529 -72.948226 0.010204 0.010204 0.001215 385.500000 1.114618 1.215795 -41.014944 -67.434227 0.010204 0.010204 0.001215 385.500000 1 41 65 76 86 88
0.000000 0.000000 0.000000 1.001790 1.046276 -10.265547 -61.797879 0.010204 0.010204 0.001215 385.500000 1.114618 1.215785 -172.200584 -57.305727 0.010204 0.010204 0.001215 385.500000 1 41 65 76 86 92
0.000000 0.000000 0.000000 2.073801 1.066547 -148.155389 -64.538063 0.010204 0.010204 0.001171 404.142857 1.114618 1.215945 -17.258923 -78.018807 0.010204 0.010204 0.001171 404.142857 1 41 65 76 86 97
0.000000 0.000000 0.000000 1.268544 1.102946 -159.791205 -57.861910 0.010204 0.010204 0.001171 404.142857 1.114618 1.215787 -13.191384 -70.956450 0.010204 0.010204 0.001171 404.142857 1 41 65 76 86 98
0.000000 0.000000 0.000000 1.009625 1.093977 -5.937448 -66.504296 0.010204 0.010204 0.001215 385.500000 1.114618 1.216191 -16.912144 -78.399763 0.010204 0.010204 0.001215 385.500000 1 41 65 76 87 88
0.000000 0.000000 0.000000 3.863776 1.163061 -54.070656 -48.332234 0.010204 0.010204 0.001215 385.500000 1.114618 1.216207 -129.608166 -82.706614 0.010204 0.010204 0.001215 385.500000 1 41 65 76 87 92
0.000000 0.000000 0.000000 3.940614 1.168118 -328.034144 -57.657004 0.010204 0.010204 0.001171 404.142857 1.114618 1.216196 -15.697745 -66.565479 0.010204 0.010204 0.001171 404.142857 1 41 65 76 87 97
0.000000 0.000000 0.000000 3.807378 1.159610 -447.151821 -75.502880 0.010204 0.010204 0.001171 404.142857 1.114618 1.216475 -13.246417 -76.302952 0.010204 0.010204 0.001171 404.142857 1 41 65 76 87 98
0.000000 0.000000 0.000000 2.298421 1.054284 -175.458526 -54.847708 0.010204 0.010204 0.001319 348.214286 1.112053 1.216669 -5.843483 -87.364862 0.010204 0.010204 0.001319 348.214286 1 45 46 66 77 88
0.000000 0.000000 0.000000 2.299044 1.054312 -143.190273 -56.216355 0.010204 0.010204 0.001319 348.214286 1.112053 1.216060 -59.597447 -65.939482 0.010204 0.010204 0.001319 348.214286 1 45 46 66 77 92
0.000000 0.000000 0.000000 2.298776 1.054300 -107.660000 -72.212289 0.010204 0.010204 0.001268 366.857143 1.112053 1.216065 -10.830218 -66.460296 0.010204 0.010204 0.001268 366.857143 1 45 46 66 77 97
0.000000 0.000000 0.000000 2.300996 1.054413 -161.828980 -52.863731 0.010204 0.010204 0.001268 366.857143 1.112053 1.216046 -139.566631 -71.503798 0.010204 0.010204 0.001268 366.857143 1 45 46 66 77 98
0.000000 0.000000 0.000000 2.412915 1.059335 -273.500262 -57.094307 0.010204 0.010204 0.001319 348.214286 1.112053 1.215312 -15.348217 -64.219300 0.010204 0.010204 0.001319 348.214286 1 45 46 66 81 88
0.000000 0.000000 0.000000 2.384249 1.058047 -402.875785 -61.482919 0.010204 0.010204 0.001319 348.214286 1.112053 1.215659 -17.598744 -66.176415 0.010204 0.010204 0.001319 348.214286 1 45 46 66 81 92
0.000000 0.000000 0.000000 2.539600 1.065361 -174.300921 -69.470474 0.010204 0.010204 0.001268 366.857143 1.112053 1.215304 -161.277636 -72.776936 0.010204 0.010204 0.001268 366.857143 1 45 46 66 81 97
0.000000 0.000000 0.000000 2.400075 1.058755 -82.934038 -54.522489 0.010204 0.010204 0.001268 366.857143 1.112053 1.215314 -188.077102 -77.873498 0.010204 0.010204 0.001268 366.857143 1 45 46 66 81 98
0.000000 0.000000 0.000000 2.353981 1.056722 -131.667385 -68.628426 0.010204 0.010204 0.001266 366.857143 1.112053 1.215320 -31.485467 -71.658857 0.010204 0.010204 0.001266 366.857143 1 45 46 66 86 88
0.000000 0.000000 0.000000 2.412938 1.059478 -250.710160 -58.099181 0.010204 0.010204 0.001266 366.857143 1.112053 1.215310 -15.303780 -68.275149 0.010204 0.010204 0.001266 366.857143 1 45 46 66 86 92
0.000000 0.000000 0.000000 2.346061 1.056369 -217.145720 -71.327009 0.010204 0.010204 0.001219 385.500000 1.112053 1.215473 -6.511738 -76.762408 0.010204 0.010204 0.001219 385.500000 1 45 46 66 86 97
0.000000 0.000000 0.000000 2.359909 1.056988 -268.397869 -61.243905 0.010204 0.010204 0.001219 385.500000 1.112053 1.215312 -161.614032 -64.540234 0.010204 0.010204 0.001219 385.500000 1 45 46 66 86 98
0.000000 0.000000 0.000000 1.910567 1.074013 -45.097318 -51.244890 0.010204 0.010204 0.001266 366.857143 1.112053 1.215287 -9.325126 -74.664978 0.010204 0.010204 0.001266 366.857143 1 45 46 66 87 88
0.000000 0.000000 0.000000 2.928624 1.082552 -376.649898 -70.302100 0.010204 0.010204 0.001266 366.857143 1.112053 1.215296 -4.499795 -71.748179 0.010204 0.010204 0.001266 366.857143 1 45 46 66 87 92
0.000000 0.000000 0.000000 3.140313 1.092440 -82.045799 -54.782361 0.010204 0.010204 0.001219 385.500000 1.112053 1.215289 -13.340033 -69.420809 0.010204 0.010204 0.001219 385.500000 1 45 46 66 87 97
0.000000 0.000000 0.000000 2.739266 1.073845 -363.822653 -62.371867 0.010204 0.010204 0.001219 385.500000 1.112053 1.215444 -18.535521 -84.691370 0.010204 0.010204 0.001219 385.500000 1 45 46 66 87 98
0.000000 0.000000 0.000000 1.875331 1.048338 -11.295120 -63.293074 0.010204 0.010204 0.001319 348.214286 1.112053 1.214139 -308.332214 -66.054451 0.010204 0.010204 0.001319 348.214286 1 45 46 70 77 88
0.000000 0.000000 0.000000 2.326725 1.075228 -189.631480 -52.260943 0.010204 0.010204 0.001319 348.214286 1.112053 1.213795 -213.749863 -63.326522 0.010204 0.010204 0.001319 348.214286 1 45 46 70 77 92
0.000000 0.000000 0.000000 2.086868 1.060906 -64.519573 -65.957885 0.010204 0.010204 0.001268 366.857143 1.112053 1.213796 -11.681999 -65.061894 0.010204 0.010204 0.001268 366.857143 1 45 46 70 77 97
0.000000 0.000000 0.000000 2.214090 1.076179 -202.864956 -58.175997 0.010204 0.010204 0.001268 366.857143 1.112053 1.213786 -20.703599 -67.175520 0.010204 0.010204 0.001268 366.857143 1 45 46 70 77 98
0.000000 0.000000 0.000000 5.538263 1.233211 -467.717128 -96.724386 0.010204 0.010204 0.001319 348.214286 1.112053 1.214151 -7.419135 -72.960673 0.010204 0.010204 0.001319 348.214286 1 45 46 70 81 88
0.000000 0.000000 0.000000 5.351694 1.223471 -134.800318 -63.889323 0.010204 0.010204 0.001319 348.214286 1.112053 1.214673 -65.055402 -64.238151 0.010204 0.010204 0.001319 348.214286 1 45 46 70 81 92
0.000000 0.000000 0.000000 6.180515 1.266844 -79.906165 -71.740618 0.010204 0.010204 0.001268 366.857143 1.112053 1.214139 -7.690305 -66.318048 0.010204 0.010204 0.001268 366.857143 1 45 46 70 81 97
0.000000 0.000000 0.000000 5.457141 1.228974 -581.194650 -87.899689 0.010204 0.010204 0.001268 366.857143 1.112053 1.214154 -17.567682 -70.541797 0.010204 0.010204 0.001268 366.857143 1 45 46 70 81 98
0.000000 0.000000 0.000000 1.720989 1.053404 -83.919158 -58.861519 0.010204 0.010204 0.001266 366.857143 1.112053 1.213787 -247.584458 -80.546308 0.010204 0.010204 0.001266 366.857143 1 45 46 70 86 88
0.000000 0.000000 0.000000 1.389975 1.049535 -76.720257 -47.432444 0.010204 0.010204 0.001266 366.857143 1.112053 1.213778 -11.599313 -71.009251 0.010204 0.010204 0.001266 366.857143 1 45 46 70 86 92
0.000000 0.000000 0.000000 2.013674 1.069676 -103.095006 -76.823153 0.010204 0.010204 0.001219 385.500000 1.112053 1.213934 -95.914712 -81.682444 0.010204 0.010204 0.001219 385.500000 1 45 46 70 86 97
0.000000 0.000000 0.000000 3.277198 1.178795 -43.400262 -79.683477 0.010204 0.010204 0.001219 385.500000 1.112053 1.213780 -9.914260 -71.834862 0.010204 0.010204 0.001219 385.500000 1 45 46 70 86 98
0.000000 0.000000 0.000000 2.081277 1.061840 -106.237005 -56.772394 0.010204 0.010204 0.001266 366.857143 1.112053 1.213787 -53.659873 -68.888477 0.010204 0.010204 0.001266 366.857143 1 45 46 70 87 88
0.000000 0.000000 0.000000 3.350100 1.126737 -25.444559 -75.512914 0.010204 0.010204 0.001266 366.857143 1.112053 1.213797 -8.924727 -65.661460 0.010204 0.010204 0.001266 366.857143 1 45 46 70 87 92
0.000000 0.000000 0.000000 3.905964 1.157651 -270.241406 -65.534950 0.010204 0.010204 0.001219 385.500000 1.112053 1.213790 -41.579664 -67.008479 0.010204 0.010204 0.001219 385.500000 1 45 46 70 87 97
0.000000 0.000000 0.000000 2.853943 1.099193 -208.560134 -58.351259 0.010204 0.010204 0.001219 385.500000 1.112053 1.213948 -23.913633 -75.796856 0.010204 0.010204 0.001219 385.500000 1 45 46 70 87 98
0.000000 0.000000 0.000000 1.977118 1.047455 -84.765044 -57.445468 0.010204 0.010204 0.001264 366.857143 1.112053 1.214160 -76.090271 -65.353528 0.010204 0.010204 0.001264 366.857143 1 45 46 75 77 88
0.000000 0.000000 0.000000 2.120446 1.054953 -148.172228 -45.020106 0.010204 0.010204 0.001264 366.857143 1.112053 1.213813 -106.517174 -68.222725 0.010204 0.010204 0.001264 366.857143 1 45 46 75 77 92
0.000000 0.000000 0.000000 2.053936 1.051464 -107.012098 -74.562947 0.010204 0.010204 0.001217 385.500000 1.112053 1.213815 -224.421582 -72.953159 0.010204 0.010204 0.001217 385.500000 1 45 46 75 77 97
0.000000 0.000000 0.000000 3.094774 1.106899 -458.393255 -77.860234 0.010204 0.010204 0.001217 385.500000 1.112053 1.213805 -35.664507 -66.698554 0.010204 0.010204 0.001217 385.500000 1 45 46 75 77 98
0.000000 0.000000 0.000000 4.803330 1.249044 -150.327359 -70.910035 0.010204 0.010204 0.001264 366.857143 1.112053 1.213803 -10.275747 -64.473381 0.010204 0.010204 0.001264 366.857143 1 45 46 75 81 88
0.000000 0.000000 0.000000 3.292903 1.133084 -65.548971 -60.991541 0.010204 0.010204 0.001264 366.857143 1.112053 1.214144 -124.238863 -67.251800 0.010204 0.010204 0.001264 366.857143 1 45 46 75 81 92
0.000000 0.000000 0.000000 1.422903 1.047714 -34.326536 -62.831019 0.010204 0.010204 0.001217 385.500000 1.112053 1.213795 -17.876503 -54.036595 0.010204 0.010204 0.001217 385.500000 1 45 46 75 81 97
0.000000 0.000000 0.000000 2.059452 1.065571 -122.265385 -59.452549 0.010204 0.010204 0.001217 385.500000 1.112053 1.213804 -17.992193 -69.093811 0.010204 0.010204 0.001217 385.500000 1 45 46 75 81 98
0.000000 0.000000 0.000000 3.343744 1.110893 -80.791653 -63.135215 0.010204 0.010204 0.001215 385.500000 1.112053 1.213977 -8.372911 -69.317646 0.010204 0.010204 0.001215 385.500000 1 45 46 75 86 88
0.000000 0.000000 0.000000 3.458747 1.116552 -225.505669 -56.448182 0.010204 0.010204 0.001215 385.500000 1.112053 1.213964 -12.401552 -75.405981 0.010204 0.010204 0.001215 385.500000 1 45 46 75 86 92
0.000000 0.000000 0.000000 3.325397 1.109997 -137.534643 -80.622990 0.010204 0.010204 0.001171 404.142857 1.112053 1.214206 -5.545088 -56.556480 0.010204 0.010204 0.001171 404.142857 1 45 46 75 86 97
0.000000 0.000000 0.000000 3.356979 1.111540 -349.734086 -59.427846 0.010204 0.010204 0.001171 404.142857 1.112053 1.213967 -170.972455 -65.748094 0.010204 0.010204 0.001171 404.142857 1 45 46 75 86 98
0.000000 0.000000 0.000000 2.291228 1.070542 -28.721588 -56.658372 0.010204 0.010204 0.001215 385.500000 1.112053 1.213797 -116.692513 -68.077020 0.010204 0.010204 0.001215 385.500000 1 45 46 75 87 88
0.000000 0.000000 0.000000 2.868021 1.093460 -202.023717 -45.547893 0.010204 0.010204 0.001215 385.500000 1.112053 1.213807 -16.943987 -55.344844 0.010204 0.010204 0.001215 385.500000 1 45 46 75 87 92
0.000000 0.000000 0.000000 3.273064 1.114626 -77.355148 -71.721513 0.010204 0.010204 0.001171 404.142857 1.112053 1.213799 -148.862601 -76.048573 0.010204 0.010204 0.001171 404.142857 1 45 46 75 87 97
0.000000 0.000000 0.000000 2.502495 1.074417 -181.662008 -61.344463 0.010204 0.010204 0.001171 404.142857 1.112053 1.213955 -72.987715 -68.872811 0.010204 0.010204 0.001171 404.142857 1 45 46 75 87 98
0.000000 0.000000 0.000000 4.823367 1.470191 -164.775464 -102.465332 0.010204 0.010204 0.001264 366.857143 1.112053 1.214092 -84.602904 -72.123767 0.010204 0.010204 0.001264 366.857143 1 45 46 76 77 88
0.000000 0.000000 0.000000 1.759688 1.105730 -44.245515 -63.413826 0.010204 0.010204 0.001264 366.857143 1.112053 1.213751 -7.762299 -68.634233 0.010204 0.010204 0.001264 366.857143 1 45 46 76 77 92
0.000000 0.000000 0.000000 3.799463 1.369997 -480.807849 -90.409596 0.010204 0.010204 0.001217 385.500000 1.112053 1.213752 -8.565463 -61.229828 0.010204 0.010204 0.001217 385.500000 1 45 46 76 77 97
0.000000 0.000000 0.000000 1.371383 1.070110 -129.710517 -71.873808 0.010204 0.010204 0.001217 385.500000 1.112053 1.213743 -85.167840 -70.805364 0.010204 0.010204 0.001217 385.500000 1 45 46 76 77 98
0.000000 0.000000 0.000000 1.564233 1.047256 -100.205802 -48.457110 0.010204 0.010204 0.001264 366.857143 1.112053 1.213761 -14.665594 -70.729220 0.010204 0.010204 0.001264 366.857143 1 45 46 76 81 88
0.000000 0.000000 0.000000 3.035184 1.166553 -267.283029 -63.279201 0.010204 0.010204 0.001264 366.857143 1.112053 1.214107 -22.676072 -70.143184 0.010204 0.010204 0.001264 366.857143 1 45 46 76 81 92
0.000000 0.000000 0.000000 4.556330 1.318500 -294.279303 -69.778137 0.010204 0.010204 0.001217 385.500000 1.112053 1.213752 -20.157828 -67.158402 0.010204 0.010204 0.001217 385.500000 1 45 46 76 81 97
0.000000 0.000000 0.000000 6.498115 1.455962 -383.744651 -89.134970 0.010204 0.010204 0.001217 385.500000 1.112053 1.213762 -129.474501 -71.294093 0.010204 0.010204 0.001217 385.500000 1 45 46 76 81 98
0.000000 0.000000 0.000000 1.606377 1.053930 -12.206624 -61.719298 0.010204 0.010204 0.001215 385.500000 1.112053 1.213754 -11.619504 -75.574893 0.010204 0.010204 0.001215 385.500000 1 45 46 76 86 88
0.000000 0.000000 0.000000 2.591281 1.160632 -27.670906 -75.942036 0.010204 0.010204 0.001215 385.500000 1.112053 1.213745 -91.163689 -60.620785 0.010204 0.010204 0.001215 385.500000 1 45 46 76 86 92
0.000000 0.000000 0.000000 4.293445 1.286483 -65.921354 -86.410126 0.010204 0.010204 0.001171 404.142857 1.112053 1.213903 -4.688483 -62.128433 0.010204 0.010204 0.001171 404.142857 1 45 46 76 86 97
0.000000 0.000000 0.000000 1.808091 1.073016 -76.976916 -58.036092 0.010204 0.010204 0.001171 404.142857 1.112053 1.213747 -72.320591 -75.359983 0.010204 0.010204 0.001171 404.142857 1 45 46 76 86 98
0.000000 0.000000 0.000000 1.656008 1.049269 -113.332296 -57.349926 0.010204 0.010204 0.001215 385.500000 1.112053 1.213902 -12.322680 -70.286798 0.010204 0.010204 0.001215 385.500000 1 45 46 76 87 88
0.000000 0.000000 0.000000 1.620088 1.046376 -110.116124 -46.189812 0.010204 0.010204 0.001215 385.500000 1.112053 1.213916 -11.625485 -59.293544 0.010204 0.010204 0.001215 385.500000 1 45 46 76 87 92
0.000000 0.000000 0.000000 1.624712 1.046746 -51.652274 -89.853656 0.010204 0.010204 0.001171 404.142857 1.112053 1.213906 -133.320644 -76.612228 0.010204 0.010204 0.001171 404.142857 1 45 46 76 87 97
0.000000 0.000000 0.000000 144.984924 11.760894 -9710.111474 -1456.815188 0.010204 0.010204 0.001171 404.142857 1.112053 1.214143 -23.626687 -58.819664 0.010204 0.010204 0.001171 404.142857 1 45 46 76 87 98
0.000000 0.000000 0.000000 2.960617 1.061501 -361.327930 -57.542926 0.010204 0.010204 0.001319 348.214286 1.112061 1.214805 -8.926131 -70.702716 0.010204 0.010204 0.001319 348.214286 1 45 50 66 77 88
0.000000 0.000000 0.000000 3.013692 1.063310 -10.307640 -64.779618 0.010204 0.010204 0.001319 348.214286 1.112061 1.214283 -20.956279 -65.070029 0.010204 0.010204 0.001319 348.214286 1 45 50 66 77 92
0.000000 0.000000 0.000000 2.988827 1.062458 -239.499208 -64.950369 0.010204 0.010204 0.001268 366.857143 1.112061 1.214286 -9.147491 -66.764686 0.010204 0.010204 0.001268 366.857143 1 45 50 66 77 97
0.000000 0.000000 0.000000 3.385597 1.077269 -26.513463 -60.620021 0.010204 0.010204 0.001268 366.857143 1.112061 1.214271 -54.356615 -78.013591 0.010204 0.010204 0.001268 366.857143 1 45 50 66 77 98
0.000000 0.000000 0.000000 2.217661 1.052012 -111.745326 -60.607886 0.010204 0.010204 0.001319 348.214286 1.112061 1.213926 -91.011425 -65.646282 0.010204 0.010204 0.001319 348.214286 1 45 50 66 81 88
0.000000 0.000000 0.000000 2.285567 1.047343 -204.742947 -63.711773 0.010204 0.010204 0.001319 348.214286 1.112061 1.214271 -165.130484 -66.496746 0.010204 0.010204 0.001319 348.214286 1 45 50 66 81 92
0.000000 0.000000 0.000000 1.486574 1.063348 -58.451116 -57.587578 0.010204 0.010204 0.001268 366.857143 1.112061 1.213918 -3.943883 -69.841197 0.010204 0.010204 0.001268 366.857143 1 45 50 66 81 97
0.000000 0.000000 0.000000 3.948278 1.116685 -437.847875 -67.909126 0.010204 0.010204 0.001268 366.857143 1.112061 1.213928 -8.187078 -64.654408 0.010204 0.010204 0.001268 366.857143 1 45 50 66 81 98
0.000000 0.000000 0.000000 3.514188 1.088228 -127.296809 -57.460728 0.010204 0.010204 0.001266 366.857143 1.112061 1.213929 -40.047342 -75.524905 0.010204 0.010204 0.001266 366.857143 1 45 50 66 86 88
0.000000 0.000000 0.000000 1.756266 1.052762 -151.968874 -59.818073 0.010204 0.010204 0.001266 366.857143 1.112061 1.213919 -12.867196 -67.089189 0.010204 0.010204 0.001266 366.857143 1 45 50 66 86 92
0.000000 0.000000 0.000000 2.698377 1.057736 -146.942109 -75.799787 0.010204 0.010204 0.001219 385.500000 1.112061 1.214080 -115.414602 -64.338831 0.010204 0.010204 0.001219 385.500000 1 45 50 66 86 97
0.000000 0.000000 0.000000 5.266312 1.154227 -416.227469 -55.362868 0.010204 0.010204 0.001219 385.500000 1.112061 1.213921 -16.944438 -76.752767 0.010204 0.010204 0.001219 385.500000 1 45 50 66 86 98
0.000000 0.000000 0.000000 1.660647 1.546790 -87.340018 -81.062084 0.010204 0.010204 0.001266 366.857143 1.112061 1.213909 -13.637624 -67.493188 0.010204 0.010204 0.001266 366.857143 1 45 50 66 87 88
0.000000 0.000000 0.000000 1.769016 1.103941 -180.047435 -69.062769 0.010204 0.010204 0.001266 366.857143 1.112061 1.213919 -24.857545 -67.543443 0.010204 0.010204 0.001266 366.857143 1 45 50 66 87 92
0.000000 0.000000 0.000000 2.072310 1.197422 -19.633230 -63.030201 0.010204 0.010204 0.001219 385.500000 1.112061 1.213911 -230.759283 -70.220212 0.010204 0.010204 0.001219 385.500000 1 45 50 66 87 97
0.000000 0.000000 0.000000 1.957609 1.083401 -127.740840 -60.446422 0.010204 0.010204 0.001219 385.500000 1.112061 1.214066 -33.692304 -68.421831 0.010204 0.010204 0.001219 385.500000 1 45 50 66 87 98
0.000000 0.000000 0.000000 15.531593 1.384074 -160.155844 -93.222708 0.010204 0.010204 0.001319 348.214286 1.112063 1.215833 -5.568439 -73.760831 0.010204 0.010204 0.001319 348.214286 1 45 50 70 77 88
0.000000 0.000000 0.000000 21.992767 1.558260 -99.842528 -82.761781 0.010204 0.010204 0.001319 348.214286 1.112063 1.215486 -6.275834 -68.479130 0.010204 0.010204 0.001319 348.214286 1 45 50 70 77 92
0.000000 0.000000 0.000000 18.015228 1.450867 -114.667281 -61.207730 0.010204 0.010204 0.001268 366.857143 1.112063 1.215487 -15.542366 -71.918220 0.010204 0.010204 0.001268 366.857143 1 45 50 70 77 97
0.000000 0.000000 0.000000 1.365775 1.099970 -71.471061 -67.342522 0.010204 0.010204 0.001268 366.857143 1.112063 1.215477 -163.799935 -70.368604 0.010204 0.010204 0.001268 366.857143 1 45 50 70 77 98
0.000000 0.000000 0.000000 11.558941 1.277987 -142.199599 -75.647886 0.010204 0.010204 0.001319 348.214286 1.112064 1.216242 -13.067223 -72.643085 0.010204 0.010204 0.001319 348.214286 1 45 50 70 81 88
0.000000 0.000000 0.000000 11.522414 1.277002 -483.922382 -77.588662 0.010204 0.010204 0.001319 348.214286 1.112064 1.216852 -207.075999 -75.991439 0.010204 0.010204 0.001319 348.214286 1 45 50 70 81 92
0.000000 0.000000 0.000000 11.846278 1.287596 -689.524186 -69.226617 0.010204 0.010204 0.001268 366.857143 1.112064 1.216228 -5.137035 -69.030999 0.010204 0.010204 0.001268 366.857143 1 45 50 70 81 97
0.000000 0.000000 0.000000 11.541671 1.277518 -708.738031 -77.267916 0.010204 0.010204 0.001268 366.857143 1.112064 1.216247 -71.122706 -75.587218 0.010204 0.010204 0.001268 366.857143 1 45 50 70 81 98
0.000000 0.000000 0.000000 3.426356 1.126999 -376.205039 -56.926014 0.010204 0.010204 0.001266 366.857143 1.112063 1.215469 -11.279776 -61.531472 0.010204 0.010204 0.001266 366.857143 1 45 50 70 86 88
0.000000 0.000000 0.000000 1.021203 1.202364 -2.382926 -54.760014 0.010204 0.010204 0.001266 366.857143 1.112063 1.215460 -5.703905 -64.048241 0.010204 0.010204 0.001266 366.857143 1 45 50 70 86 92
0.000000 0.000000 0.000000 3.237331 1.064272 -525.478430 -68.380863 0.010204 0.010204 0.001219 385.500000 1.112063 1.215617 -179.418881 -66.667031 0.010204 0.010204 0.001219 385.500000 1 45 50 70 86 97
0.000000 0.000000 0.000000 2.122483 1.252460 -211.002944 -88.380032 0.010204 0.010204 0.001219 385.500000 1.112063 1.215462 -19.847783 -71.410985 0.010204 0.010204 0.001219 385.500000 1 45 50 70 86 98
0.000000 0.000000 0.000000 3.726937 1.120489 -762.522643 -54.902236 0.010204 0.010204 0.001266 366.857143 1.112063 1.215484 -5.966130 -73.409727 0.010204 0.010204 0.001266 366.857143 1 45 50 70 87 88
0.000000 0.000000 0.000000 14.022639 1.343829 -82.252997 -106.410122 0.010204 0.010204 0.001266 366.857143 1.112063 1.215493 -9.047043 -62.919160 0.010204 0.010204 0.001266 366.857143 1 45 50 70 87 92
0.000000 0.000000 0.000000 14.746070 1.363328 -254.569217 -71.564933 0.010204 0.010204 0.001219 385.500000 1.112063 1.215486 -6.626864 -71.376500 0.010204 0.010204 0.001219 385.500000 1 45 50 70 87 97
0.000000 0.000000 0.000000 13.314637 1.324817 -161.128018 -80.244890 0.010204 0.010204 0.001219 385.500000 1.112063 1.215647 -54.190533 -68.107103 0.010204 0.010204 0.001219 385.500000 1 45 50 70 87 98
0.000000 0.000000 0.000000 2.455772 1.104115 -254.485829 -57.896940 0.010204 0.010204 0.001264 366.857143 1.112061 1.214238 -186.306693 -70.938728 0.010204 0.010204 0.001264 366.857143 1 45 50 75 77 88
0.000000 0.000000 0.000000 2.384057 1.110979 -200.118699 -55.656545 0.010204 0.010204 0.001264 366.857143 1.112061 1.213892 -21.524580 -71.922523 0.010204 0.010204 0.001264 366.857143 1 45 50 75 77 92
0.000000 0.000000 0.000000 1.686526 1.052264 -140.056232 -49.829106 0.010204 0.010204 0.001217 385.500000 1.112061 1.213893 -144.228735 -71.276423 0.010204 0.010204 0.001217 385.500000 1 45 50 75 77 97
0.000000 0.000000 0.000000 14.170365 2.640419 -557.454994 -130.963445 0.010204 0.010204 0.001217 385.500000 1.112061 1.213883 -16.661006 -69.656572 0.010204 0.010204 0.001217 385.500000 1 45 50 75 77 98
0.000000 0.000000 0.000000 1.273353 1.091650 -49.358203 -62.050577 0.010204 0.010204 0.001264 366.857143 1.112061 1.213882 -86.612661 -79.204625 0.010204 0.010204 0.001264 366.857143 1 45 50 75 81 88
0.000000 0.000000 0.000000 1.410250 1.094313 -92.065948 -74.791845 0.010204 0.010204 0.001264 366.857143 1.112061 1.214223 -8.785792 -71.724108 0.010204 0.010204 0.001264 366.857143 1 45 50 75 81 92
0.000000 0.000000 0.000000 1.186542 1.132230 -1.496535 -54.640214 0.010204 0.010204 0.001217 385.500000 1.112061 1.213874 -71.264992 -66.159368 0.010204 0.010204 0.001217 385.500000 1 45 50 75 81 97
0.000000 0.000000 0.000000 2.221893 1.351685 -74.966431 -105.197379 0.010204 0.010204 0.001217 385.500000 1.112061 1.213883 -118.060881 -65.275683 0.010204 0.010204 0.001217 385.500000 1 45 50 75 81 98
0.000000 0.000000 0.000000 2.617396 1.089132 -264.273285 -48.952800 0.010204 0.010204 0.001215 385.500000 1.112061 1.214047 -150.620691 -66.043606 0.010204 0.010204 0.001215 385.500000 1 45 50 75 86 88
0.000000 0.000000 0.000000 3.887928 1.164541 -52.590434 -55.318641 0.010204 0.010204 0.001215 385.500000 1.112061 1.214033 -19.129706 -66.504175 0.010204 0.010204 0.001215 385.500000 1 45 50 75 86 92
0.000000 0.000000 0.000000 2.532221 1.084168 -463.804036 -73.911103 0.010204 0.010204 0.001171 404.142857 1.112061 1.214274 -35.717262 -70.678588 0.010204 0.010204 0.001171 404.142857 1 45 50 75 86 97
0.000000 0.000000 0.000000 2.688127 1.093267 -90.932668 -60.659075 0.010204 0.010204 0.001171 404.142857 1.112061 1.214037 -39.101436 -72.967845 0.010204 0.010204 0.001171 404.142857 1 45 50 75 86 98
0.000000 0.000000 0.000000 1.343714 1.064314 -22.830985 -57.194661 0.010204 0.010204 0.001215 385.500000 1.112061 1.213876 -115.740612 -68.840480 0.010204 0.010204 0.001215 385.500000 1 45 50 75 87 88
0.000000 0.000000 0.000000 2.389356 1.132468 -76.583380 -72.617865 0.010204 0.010204 0.001215 385.500000 1.112061 1.213885 -9.473128 -78.932248 0.010204 0.010204 0.001215 385.500000 1 45 50 75 87 92
0.000000 0.000000 0.000000 1.679681 1.069990 -46.901895 -62.885099 0.010204 0.010204 0.001171 404.142857 1.112061 1.213878 -7.161622 -74.145890 0.010204 0.010204 0.001171 404.142857 1 45 50 75 87 97
0.000000 0.000000 0.000000 2.802627 1.155147 -94.745231 -54.925005 0.010204 0.010204 0.001171 404.142857 1.112061 1.214034 -10.150906 -72.608929 0.010204 0.010204 0.001171 404.142857 1 45 50 75 87 98
0.000000 0.000000 0.000000 16.415218 1.953906 -1719.171249 -106.388848 0.010204 0.010204 0.001264 366.857143 1.112061 1.214276 -89.728785 -75.570870 0.010204 0.010204 0.001264 366.857143 1 45 50 76 77 88
0.000000 0.000000 0.000000 1.920033 1.148857 -62.911943 -58.677004 0.010204 0.010204 0.001264 366.857143 1.112061 1.213936 -50.339251 -69.493090 0.010204 0.010204 0.001264 366.857143 1 45 50 76 77 92
0.000000 0.000000 0.000000 1.494220 1.051667 -82.350419 -67.552407 0.010204 0.010204 0.001217 385.500000 1.112061 1.213937 -59.890659 -74.657727 0.010204 0.010204 0.001217 385.500000 1 45 50 76 77 97
0.000000 0.000000 0.000000 1.054980 1.056913 -30.616680 -86.541977 0.010204 0.010204 0.001217 385.500000 1.112061 1.213927 -17.005806 -65.787847 0.010204 0.010204 0.001217 385.500000 1 45 50 76 77 98
0.000000 0.000000 0.000000 4.711797 1.116464 -232.513994 -71.300062 0.010204 0.010204 0.001264 366.857143 1.112061 1.213946 -8.180701 -65.188836 0.010204 0.010204 0.001264 366.857143 1 45 50 76 81 88
0.000000 0.000000 0.000000 3.155072 1.065046 -510.872163 -77.588708 0.010204 0.010204 0.001264 366.857143 1.112061 1.214292 -16.996890 -70.675411 0.010204 0.010204 0.001264 366.857143 1 45 50 76 81 92
0.000000 0.000000 0.000000 2.541114 1.094443 -95.518307 -52.993569 0.010204 0.010204 0.001217 385.500000 1.112061 1.213937 -8.747128 -74.060832 0.010204 0.010204 0.001217 385.500000 1 45 50 76 81 97
0.000000 0.000000 0.000000 3.745929 1.084436 -616.023136 -63.167165 0.010204 0.010204 0.001217 385.500000 1.112061 1.213947 -33.006950 -74.669442 0.010204 0.010204 0.001217 385.500000 1 45 50 76 81 98
0.000000 0.000000 0.000000 2.479278 1.048525 -237.553196 -67.261522 0.010204 0.010204 0.001215 385.500000 1.112061 1.213939 -56.199702 -65.700314 0.010204 0.010204 0.001215 385.500000 1 45 50 76 86 88
0.000000 0.000000 0.000000 1.498363 1.060685 -51.798451 -63.255322 0.010204 0.010204 0.001215 385.500000 1.112061 1.213930 -115.995059 -76.744784 0.010204 0.010204 0.001215 385.500000 1 45 50 76 86 92
0.000000 0.000000 0.000000 6.476241 1.172014 -46.555782 -83.643421 0.010204 0.010204 0.001171 404.142857 1.112061 1.214088 -8.433960 -70.829433 0.010204 0.010204 0.001171 404.142857 1 45 50 76 86 97
0.000000 0.000000 0.000000 3.157206 1.074057 -258.903496 -67.937137 0.010204 0.010204 0.001171 404.142857 1.112061 1.213932 -21.086179 -77.265393 0.010204 0.010204 0.001171 404.142857 1 45 50 76 86 98
0.000000 0.000000 0.000000 10.964868 1.293524 -216.039848 -69.478084 0.010204 0.010204 0.001215 385.500000 1.112061 1.214096 -11.498064 -62.435047 0.010204 0.010204 0.001215 385.500000 1 45 50 76 87 88
0.000000 0.000000 0.000000 7.796123 1.196648 -46.375837 -67.401078 0.010204 0.010204 0.001215 385.500000 1.112061 1.214110 -17.784607 -79.957866 0.010204 0.010204 0.001215 385.500000 1 45 50 76 87 92
0.000000 0.000000 0.000000 7.932533 1.200707 -263.140083 -77.842057 0.010204 0.010204 0.001171 404.142857 1.112061 1.214100 -13.364600 -73.766088 0.010204 0.010204 0.001171 404.142857 1 45 50 76 87 97
0.000000 0.000000 0.000000 7.635162 1.191870 -225.142412 -76.360005 0.010204 0.010204 0.001171 404.142857 1.112061 1.214339 -149.504137 -67.986856 0.010204 0.010204 0.001171 404.142857 1 45 50 76 87 98
0.000000 0.000000 0.000000 2.638779 1.053695 -171.752965 -66.475795 0.010204 0.010204 0.001319 348.214286 1.112057 1.214780 -6.811329 -72.977262 0.010204 0.010204 0.001319 348.214286 1 45 61 66 77 88
0.000000 0.000000 0.000000 2.660114 1.054455 -81.454666 -57.435183 0.010204 0.010204 0.001319 348.214286 1.112057 1.214257 -180.991620 -60.146766 0.010204 0.010204 0.001319 348.214286 1 45 61 66 77 92
0.000000 0.000000 0.000000 2.650374 1.054106 -71.881055 -64.205831 0.010204 0.010204 0.001268 366.857143 1.112057 1.214260 -77.706193 -74.996630 0.010204 0.010204 0.001268 366.857143 1 45 61 66 77 97
0.000000 0.000000 0.000000 2.769228 1.058794 -40.037354 -63.353440 0.010204 0.010204 0.001268 366.857143 1.112057 1.214244 -23.689337 -56.573372 0.010204 0.010204 0.001268 366.857143 1 45 61 66 77 98
0.000000 0.000000 0.000000 5.736573 1.179705 -289.224220 -71.744572 0.010204 0.010204 0.001319 348.214286 1.112057 1.213893 -67.352367 -73.255376 0.010204 0.010204 0.001319 348.214286 1 45 61 66 81 88
0.000000 0.000000 0.000000 2.601793 1.056895 -170.103723 -69.598813 0.010204 0.010204 0.001319 348.214286 1.112057 1.214238 -107.285284 -74.935077 0.010204 0.010204 0.001319 348.214286 1 45 61 66 81 92
0.000000 0.000000 0.000000 1.929856 1.068719 -110.533205 -33.956181 0.010204 0.010204 0.001268 366.857143 1.112057 1.213885 -193.788959 -69.342043 0.010204 0.010204 0.001268 366.857143 1 45 61 66 81 97
0.000000 0.000000 0.000000 3.447874 1.089824 -573.246791 -71.479058 0.010204 0.010204 0.001268 366.857143 1.112057 1.213894 -23.349897 -81.566866 0.010204 0.010204 0.001268 366.857143 1 45 61 66 81 98
0.000000 0.000000 0.000000 10.024409 1.312834 -257.795549 -85.382288 0.010204 0.010204 0.001266 366.857143 1.112057 1.213896 -57.074062 -68.526397 0.010204 0.010204 0.001266 366.857143 1 45 61 66 86 88
0.000000 0.000000 0.000000 3.660155 1.125485 -219.821964 -57.986292 0.010204 0.010204 0.001266 366.857143 1.112057 1.213886 -60.505986 -70.091459 0.010204 0.010204 0.001266 366.857143 1 45 61 66 86 92
0.000000 0.000000 0.000000 5.815412 1.164495 -36.190025 -74.730334 0.010204 0.010204 0.001219 385.500000 1.112057 1.214047 -32.141362 -68.909316 0.010204 0.010204 0.001219 385.500000 1 45 61 66 86 97
0.000000 0.000000 0.000000 33.330486 2.135665 -1877.161287 -184.823342 0.010204 0.010204 0.001219 385.500000 1.112057 1.213888 -9.160233 -64.461292 0.010204 0.010204 0.001219 385.500000 1 45 61 66 86 98
0.000000 0.000000 0.000000 1.092278 1.048970 -175.834351 -63.465218 0.010204 0.010204 0.001266 366.857143 1.112057 1.213876 -6.996990 -61.686768 0.010204 0.010204 0.001266 366.857143 1 45 61 66 87 88
0.000000 0.000000 0.000000 2.575066 1.121441 -127.468514 -64.463151 0.010204 0.010204 0.001266 366.857143 1.112057 1.213885 -108.128437 -80.839974 0.010204 0.010204 0.001266 366.857143 1 45 61 66 87 92
0.000000 0.000000 0.000000 1.744167 1.075259 -74.109165 -65.262602 0.010204 0.010204 0.001219 385.500000 1.112057 1.213878 -21.632149 -80.727292 0.010204 0.010204 0.001219 385.500000 1 45 61 66 87 97
0.000000 0.000000 0.000000 2.509956 1.084420 -183.084467 -57.085659 0.010204 0.010204 0.001219 385.500000 1.112057 1.214033 -179.570591 -76.106189 0.010204 0.010204 0.001219 385.500000 1 45 61 66 87 98
0.000000 0.000000 0.000000 1.933183 1.078256 -51.732211 -60.758960 0.010204 0.010204 0.001319 348.214286 1.112057 1.214175 -7.312552 -68.856391 0.010204 0.010204 0.001319 348.214286 1 45 61 70 77 88
0.000000 0.000000 0.000000 2.472997 1.139711 -75.051155 -65.182299 0.010204 0.010204 0.001319 348.214286 1.112057 1.213830 -65.640906 -71.326479 0.010204 0.010204 0.001319 348.214286 1 45 61 70 77 92
0.000000 0.000000 0.000000 1.580485 1.052149 -56.053098 -68.776175 0.010204 0.010204 0.001268 366.857143 1.112057 1.213831 -149.859044 -70.060797 0.010204 0.010204 0.001268 366.857143 1 45 61 70 77 97
0.000000 0.000000 0.000000 1.458883 1.064755 -27.842365 -64.288294 0.010204 0.010204 0.001268 366.857143 1.112057 1.213822 -132.745735 -64.939419 0.010204 0.010204 0.001268 366.857143 1 45 61 70 77 98
0.000000 0.000000 0.000000 7.250982 1.375579 -179.177014 -74.556627 0.010204 0.010204 0.001319 348.214286 1.112057 1.214180 -8.549026 -61.456270 0.010204 0.010204 0.001319 348.214286 1 45 61 70 81 88
0.000000 0.000000 0.000000 5.773240 1.285661 -426.564900 -86.285109 0.010204 0.010204 0.001319 348.214286 1.112057 1.214700 -65.592111 -60.309826 0.010204 0.010204 0.001319 348.214286 1 45 61 70 81 92
0.000000 0.000000 0.000000 1.760839 1.046495 -24.083402 -55.170280 0.010204 0.010204 0.001268 366.857143 1.112057 1.214167 -25.239689 -69.657383 0.010204 0.010204 0.001268 366.857143 1 45 61 70 81 97
0.000000 0.000000 0.000000 6.508490 1.330381 -378.772702 -72.153783 0.010204 0.010204 0.001268 366.857143 1.112057 1.214183 -81.248127 -73.041931 0.010204 0.010204 0.001268 366.857143 1 45 61 70 81 98
0.000000 0.000000 0.000000 1.306013 1.064078 -6.268183 -57.981285 0.010204 0.010204 0.001266 366.857143 1.112057 1.213823 -8.962281 -74.576941 0.010204 0.010204 0.001266 366.857143 1 45 61 70 86 88
0.000000 0.000000 0.000000 1.327887 1.146499 -82.469419 -71.811019 0.010204 0.010204 0.001266 366.857143 1.112057 1.213813 -144.374551 -78.216092 0.010204 0.010204 0.001266 366.857143 1 45 61 70 86 92
0.000000 0.000000 0.000000 1.392212 1.068964 -121.860972 -78.062631 0.010204 0.010204 0.001219 385.500000 1.112057 1.213970 -118.263564 -60.717404 0.010204 0.010204 0.001219 385.500000 1 45 61 70 86 97
0.000000 0.000000 0.000000 1.470645 1.110781 -180.726255 -86.199955 0.010204 0.010204 0.001219 385.500000 1.112057 1.213815 -94.239914 -61.925026 0.010204 0.010204 0.001219 385.500000 1 45 61 70 86 98
0.000000 0.000000 0.000000 2.193252 1.121962 -163.774798 -47.337098 0.010204 0.010204 0.001266 366.857143 1.112057 1.213823 -99.171808 -64.735952 0.010204 0.010204 0.001266 366.857143 1 45 61 70 87 88
0.000000 0.000000 0.000000 9.343525 1.631931 -1182.694240 -146.272684 0.010204 0.010204 0.001266 366.857143 1.112057 1.213833 -18.321397 -68.766314 0.010204 0.010204 0.001266 366.857143 1 45 61 70 87 92
0.000000 0.000000 0.000000 1.786967 1.061479 -79.622283 -47.133706 0.010204 0.010204 0.001219 385.500000 1.112057 1.213825 -10.316264 -66.269284 0.010204 0.010204 0.001219 385.500000 1 45 61 70 87 97
0.000000 0.000000 0.000000 2.308896 1.095164 -103.088351 -71.849788 0.010204 0.010204 0.001219 385.500000 1.112057 1.213984 -126.677994 -80.627980 0.010204 0.010204 0.001219 385.500000 1 45 61 70 87 98
0.000000 0.000000 0.000000 5.965752 1.145504 -101.173433 -68.653320 0.010204 0.010204 0.001264 366.857143 1.112058 1.215496 -7.126656 -70.819731 0.010204 0.010204 0.001264 366.857143 1 45 61 75 77 88
0.000000 0.000000 0.000000 6.206763 1.152852 -141.001759 -56.736245 0.010204 0.010204 0.001264 366.857143 1.112058 1.215146 -18.509058 -69.487938 0.010204 0.010204 0.001264 366.857143 1 45 61 75 77 92
0.000000 0.000000 0.000000 6.088423 1.149228 -1553.234822 -88.337447 0.010204 0.010204 0.001217 385.500000 1.112058 1.215148 -7.476950 -72.786036 0.010204 0.010204 0.001217 385.500000 1 45 61 75 77 97
0.000000 0.000000 0.000000 11.779703 1.334906 -1531.206737 -106.445619 0.010204 0.010204 0.001217 385.500000 1.112058 1.215138 -12.487569 -62.018178 0.010204 0.010204 0.001217 385.500000 1 45 61 75 77 98
0.000000 0.000000 0.000000 3.504176 1.149181 -420.044805 -64.988693 0.010204 0.010204 0.001264 366.857143 1.112058 1.215125 -249.500649 -63.835293 0.010204 0.010204 0.001264 366.857143 1 45 61 75 81 88
0.000000 0.000000 0.000000 276.772974 9.417819 -33115.814943 -857.090981 0.010204 0.010204 0.001264 366.857143 1.112058 1.215466 -11.661393 -70.099378 0.010204 0.010204 0.001264 366.857143 1 45 61 75 81 92
0.000000 0.000000 0.000000 1.064717 1.278128 -132.943585 -62.231815 0.010204 0.010204 0.001217 385.500000 1.112058 1.215116 -105.407901 -71.963782 0.010204 0.010204 0.001217 385.500000 1 45 61 75 81 97
0.000000 0.000000 0.000000 3.524292 1.089427 -282.921005 -67.553128 0.010204 0.010204 0.001217 385.500000 1.112058 1.215126 -100.047804 -73.301331 0.010204 0.010204 0.001217 385.500000 1 45 61 75 81 98
0.000000 0.000000 0.000000 5.559172 1.133314 -1056.233841 -79.838991 0.010204 0.010204 0.001215 385.500000 1.112059 1.215545 -21.001391 -74.463299 0.010204 0.010204 0.001215 385.500000 1 45 61 75 86 88
0.000000 0.000000 0.000000 5.604876 1.135312 -228.557079 -58.649445 0.010204 0.010204 0.001215 385.500000 1.112059 1.215529 -40.263231 -69.621570 0.010204 0.010204 0.001215 385.500000 1 45 61 75 86 92
0.000000 0.000000 0.000000 5.555032 1.133189 -368.224992 -72.138277 0.010204 0.010204 0.001171 404.142857 1.112059 1.215813 -13.671966 -67.655046 0.010204 0.010204 0.001171 404.142857 1 45 61 75 86 97
0.000000 0.000000 0.000000 5.562459 1.133415 -64.800068 -59.861638 0.010204 0.010204 0.001171 404.142857 1.112059 1.215534 -32.662989 -75.566622 0.010204 0.010204 0.001171 404.142857 1 45 61 75 86 98
0.000000 0.000000 0.000000 4.228422 1.160178 -144.776118 -62.183213 0.010204 0.010204 0.001215 385.500000 1.112058 1.215123 -127.128079 -67.304073 0.010204 0.010204 0.001215 385.500000 1 45 61 75 87 88
0.000000 0.000000 0.000000 6.649160 1.166167 -262.515249 -50.822469 0.010204 0.010204 0.001215 385.500000 1.112058 1.215133 -12.987490 -69.017391 0.010204 0.010204 0.001215 385.500000 1 45 61 75 87 92
0.000000 0.000000 0.000000 6.955856 1.175585 -190.689936 -67.407419 0.010204 0.010204 0.001171 404.142857 1.112058 1.215125 -177.978424 -64.161630 0.010204 0.010204 0.001171 404.142857 1 45 61 75 87 97
0.000000 0.000000 0.000000 6.347497 1.156980 -443.592303 -61.814809 0.010204 0.010204 0.001171 404.142857 1.112058 1.215283 -52.236869 -65.417516 0.010204 0.010204 0.001171 404.142857 1 45 61 75 87 98
0.000000 0.000000 0.000000 2.481634 1.108631 -341.147219 -70.429497 0.010204 0.010204 0.001264 366.857143 1.112057 1.214187 -110.312657 -70.336098 0.010204 0.010204 0.001264 366.857143 1 45 61 76 77 88
0.000000 0.000000 0.000000 2.077503 1.134169 -52.575040 -56.346362 0.010204 0.010204 0.001264 366.857143 1.112057 1.213846 -18.867841 -81.425395 0.010204 0.010204 0.001264 366.857143 1 45 61 76 77 92
0.000000 0.000000 0.000000 4.241476 1.318988 -100.121365 -74.506443 0.010204 0.010204 0.001217 385.500000 1.112057 1.213847 -14.352061 -65.203095 0.010204 0.010204 0.001217 385.500000 1 45 61 76 77 97
0.000000 0.000000 0.000000 1.103565 1.046757 -40.353237 -62.846398 0.010204 0.010204 0.001217 385.500000 1.112057 1.213838 -38.251972 -75.748711 0.010204 0.010204 0.001217 385.500000 1 45 61 76 77 98
0.000000 0.000000 0.000000 2.455860 1.058053 -266.377273 -58.209045 0.010204 0.010204 0.001264 366.857143 1.112057 1.213856 -4.554468 -69.136362 0.010204 0.010204 0.001264 366.857143 1 45 61 76 81 88
0.000000 0.000000 0.000000 7.128500 1.233835 -1124.641859 -82.494996 0.010204 0.010204 0.001264 366.857143 1.112057 1.214203 -94.338967 -75.493342 0.010204 0.010204 0.001264 366.857143 1 45 61 76 81 92
0.000000 0.000000 0.000000 2.147841 1.063346 -63.144078 -49.974265 0.010204 0.010204 0.001217 385.500000 1.112057 1.213848 -47.021017 -72.107539 0.010204 0.010204 0.001217 385.500000 1 45 61 76 81 97
0.000000 0.000000 0.000000 2.186127 1.046297 -141.646348 -52.546383 0.010204 0.010204 0.001217 385.500000 1.112057 1.213857 -108.422601 -75.455715 0.010204 0.010204 0.001217 385.500000 1 45 61 76 81 98
0.000000 0.000000 0.000000 17.828268 1.712862 -1303.931392 -126.708445 0.010204 0.010204 0.001215 385.500000 1.112057 1.213850 -7.500865 -81.397812 0.010204 0.010204 0.001215 385.500000 1 45 61 76 86 88
0.000000 0.000000 0.000000 1.670181 1.054597 -70.445046 -49.886546 0.010204 0.010204 0.001215 385.500000 1.112057 1.213840 -70.020906 -65.705600 0.010204 0.010204 0.001215 385.500000 1 45 61 76 86 92
0.000000 0.000000 0.000000 3.465475 1.099761 -626.104530 -80.793676 0.010204 0.010204 0.001171 404.142857 1.112057 1.213998 -82.052594 -65.431963 0.010204 0.010204 0.001171 404.142857 1 45 61 76 86 97
0.000000 0.000000 0.000000 2.469660 1.064866 -62.247719 -65.861598 0.010204 0.010204 0.001171 404.142857 1.112057 1.213842 -14.617812 -77.796506 0.010204 0.010204 0.001171 404.142857 1 45 61 76 86 98
0.000000 0.000000 0.000000 23.500486 1.810463 -4365.431042 -193.162371 0.010204 0.010204 0.001215 385.500000 1.112057 1.214002 -13.004599 -72.817222 0.010204 0.010204 0.001215 385.500000 1 45 61 76 87 88
0.000000 0.000000 0.000000 10.434140 1.335798 -209.518381 -99.632325 0.010204 0.010204 0.001215 385.500000 1.112057 1.214016 -11.196801 -69.115193 0.010204 0.010204 0.001215 385.500000 1 45 61 76 87 92
0.000000 0.000000 0.000000 10.922598 1.353446 -816.497535 -77.621115 0.010204 0.010204 0.001171 404.142857 1.112057 1.214006 -7.016288 -75.621778 0.010204 0.010204 0.001171 404.142857 1 45 61 76 87 97
0.000000 0.000000 0.000000 9.868443 1.315378 -1421.546849 -77.982930 0.010204 0.010204 0.001171 404.142857 1.112057 1.214244 -9.912118 -67.797889 0.010204 0.010204 0.001171 404.142857 1 45 61 76 87 98
0.000000 0.000000 0.000000 6.330324 1.254182 -127.355235 -77.152291 0.010204 0.010204 0.001319 348.214286 1.112269 1.217998 -18.336633 -67.825226 0.010204 0.010204 0.001319 348.214286 1 45 65 66 77 88
0.000000 0.000000 0.000000 20.177066 1.953379 -217.526030 -124.858166 0.010204 0.010204 0.001319 348.214286 1.112269 1.217478 -73.244814 -69.421600 0.010204 0.010204 0.001319 348.214286 1 45 65 66 77 92
0.000000 0.000000 0.000000 9.413068 1.409638 -260.641806 -100.394349 0.010204 0.010204 0.001268 366.857143 1.112269 1.217481 -225.388277 -68.905281 0.010204 0.010204 0.001268 366.857143 1 45 65 66 77 97
0.000000 0.000000 0.000000 1.991478 1.083662 -72.877151 -63.061445 0.010204 0.010204 0.001268 366.857143 1.112269 1.217466 -19.447213 -58.688509 0.010204 0.010204 0.001268 366.857143 1 45 65 66 77 98
0.000000 0.000000 0.000000 1.207471 1.137155 -68.319741 -51.633309 0.010204 0.010204 0.001319 348.214286 1.112269 1.217126 -21.323091 -70.742660 0.010204 0.010204 0.001319 348.214286 1 45 65 66 81 88
0.000000 0.000000 0.000000 1.846643 1.300072 -199.042519 -65.568008 0.010204 0.010204 0.001319 348.214286 1.112269 1.217471 -8.458597 -66.317047 0.010204 0.010204 0.001319 348.214286 1 45 65 66 81 92
0.000000 0.000000 0.000000 1.119909 1.315925 -134.692099 -46.867627 0.010204 0.010204 0.001268 366.857143 1.112269 1.217118 -86.247659 -71.222441 0.010204 0.010204 0.001268 366.857143 1 45 65 66 81 97
0.000000 0.000000 0.000000 1.099625 1.047208 -49.496533 -58.598981 0.010204 0.010204 0.001268 366.857143 1.112269 1.217128 -77.495084 -71.687384 0.010204 0.010204 0.001268 366.857143 1 45 65 66 81 98
0.000000 0.000000 0.000000 1.238160 1.051181 -37.319505 -77.948905 0.010204 0.010204 0.001266 366.857143 1.112269 1.217129 -6.330084 -71.484280 0.010204 0.010204 0.001266 366.857143 1 45 65 66 86 88
0.000000 0.000000 0.000000 1.092070 1.120331 -107.748897 -61.769878 0.010204 0.010204 0.001266 366.857143 1.112269 1.217119 -71.410576 -81.598848 0.010204 0.010204 0.001266 366.857143 1 45 65 66 86 92
0.000000 0.000000 0.000000 1.664459 1.109065 -38.484364 -55.477402 0.010204 0.010204 0.001219 385.500000 1.112269 1.217280 -72.300059 -73.880491 0.010204 0.010204 0.001219 385.500000 1 45 65 66 86 97
0.000000 0.000000 0.000000 1.226938 1.062155 -14.686080 -68.020417 0.010204 0.010204 0.001219 385.500000 1.112269 1.217121 -21.416027 -65.825251 0.010204 0.010204 0.001219 385.500000 1 45 65 66 86 98
0.000000 0.000000 0.000000 1.035021 1.424742 -79.823872 -121.808051 0.010204 0.010204 0.001266 366.857143 1.112269 1.217110 -15.355899 -65.233419 0.010204 0.010204 0.001266 366.857143 1 45 65 66 87 88
0.000000 0.000000 0.000000 1.037740 1.143345 -1.925059 -59.910636 0.010204 0.010204 0.001266 366.857143 1.112269 1.217119 -5.234297 -75.264091 0.010204 0.010204 0.001266 366.857143 1 45 65 66 87 92
0.000000 0.000000 0.000000 1.040604 1.190593 -1.998316 -58.205592 0.010204 0.010204 0.001219 385.500000 1.112269 1.217112 -8.650864 -65.557704 0.010204 0.010204 0.001219 385.500000 1 45 65 66 87 97
0.000000 0.000000 0.000000 1.026963 1.071500 -6.805903 -58.939522 0.010204 0.010204 0.001219 385.500000 1.112269 1.217266 -36.952352 -69.802836 0.010204 0.010204 0.001219 385.500000 1 45 65 66 87 98
0.000000 0.000000 0.000000 5.731073 1.105439 -51.866716 -55.638832 0.010204 0.010204 0.001319 348.214286 1.112271 1.217580 -29.524533 -69.087176 0.010204 0.010204 0.001319 348.214286 1 45 65 70 77 88
0.000000 0.000000 0.000000 2.887637 1.052438 -35.943353 -54.624129 0.010204 0.010204 0.001319 348.214286 1.112271 1.217235 -20.333544 -73.330137 0.010204 0.010204 0.001319 348.214286 1 45 65 70 77 92
0.000000 0.000000 0.000000 8.161811 1.166746 -1606.961489 -69.372428 0.010204 0.010204 0.001268 366.857143 1.112271 1.217236 -5.315402 -71.570569 0.010204 0.010204 0.001268 366.857143 1 45 65 70 77 97
0.000000 0.000000 0.000000 1.096365 1.321751 -11.623714 -77.785612 0.010204 0.010204 0.001268 366.857143 1.112271 1.217227 -24.746776 -76.314294 0.010204 0.010204 0.001268 366.857143 1 45 65 70 77 98
0.000000 0.000000 0.000000 4.357724 1.072833 -572.558825 -58.067052 0.010204 0.010204 0.001319 348.214286 1.112271 1.217608 -5.949346 -73.005328 0.010204 0.010204 0.001319 348.214286 1 45 65 70 81 88
0.000000 0.000000 0.000000 4.345367 1.072505 -218.147068 -58.493054 0.010204 0.010204 0.001319 348.214286 1.112271 1.218133 -31.757378 -64.619586 0.010204 0.010204 0.001319 348.214286 1 45 65 70 81 92
0.000000 0.000000 0.000000 5.051617 1.130451 -27.843869 -43.799798 0.010204 0.010204 0.001268 366.857143 1.112271 1.217596 -10.155551 -62.345488 0.010204 0.010204 0.001268 366.857143 1 45 65 70 81 97
0.000000 0.000000 0.000000 4.351541 1.072656 -70.626015 -62.784166 0.010204 0.010204 0.001268 366.857143 1.112271 1.217611 -51.993279 -75.595013 0.010204 0.010204 0.001268 366.857143 1 45 65 70 81 98
0.000000 0.000000 0.000000 1.069860 1.087365 -15.268283 -56.797693 0.010204 0.010204 0.001266 366.857143 1.112271 1.217227 -66.180397 -74.891321 0.010204 0.010204 0.001266 366.857143 1 45 65 70 86 88
0.000000 0.000000 0.000000 1.002782 1.058456 -5.480203 -71.313357 0.010204 0.010204 0.001266 366.857143 1.112271 1.217218 -35.319352 -67.487079 0.010204 0.010204 0.001266 366.857143 1 45 65 70 86 92
0.000000 0.000000 0.000000 1.196923 1.060581 -52.261096 -59.344050 0.010204 0.010204 0.001219 385.500000 1.112271 1.217374 -9.998016 -61.337023 0.010204 0.010204 0.001219 385.500000 1 45 65 70 86 97
0.000000 0.000000 0.000000 1.025684 1.054597 -13.415426 -73.433243 0.010204 0.010204 0.001219 385.500000 1.112271 1.217220 -28.081074 -64.671186 0.010204 0.010204 0.001219 385.500000 1 45 65 70 86 98
0.000000 0.000000 0.000000 1.096239 1.071952 -13.682620 -54.704136 0.010204 0.010204 0.001266 366.857143 1.112271 1.217228 -16.817987 -73.897652 0.010204 0.010204 0.001266 366.857143 1 45 65 70 87 88
0.000000 0.000000 0.000000 5.180912 1.092512 -97.118010 -45.326472 0.010204 0.010204 0.001266 366.857143 1.112271 1.217238 -81.719716 -76.964672 0.010204 0.010204 0.001266 366.857143 1 45 65 70 87 92
0.000000 0.000000 0.000000 5.646675 1.104526 -494.390908 -70.517585 0.010204 0.010204 0.001219 385.500000 1.112271 1.217230 -142.037808 -69.559992 0.010204 0.010204 0.001219 385.500000 1 45 65 70 87 97
0.000000 0.000000 0.000000 4.855699 1.084429 -26.579273 -59.750327 0.010204 0.010204 0.001219 385.500000 1.112271 1.217389 -60.790400 -66.572805 0.010204 0.010204 0.001219 385.500000 1 45 65 70 87 98
0.000000 0.000000 0.000000 8.950587 1.179526 -259.161578 -62.660796 0.010204 0.010204 0.001264 366.857143 1.112270 1.217518 -10.656270 -70.834640 0.010204 0.010204 0.001264 366.857143 1 45 65 75 77 88
0.000000 0.000000 0.000000 2.964152 1.049062 -103.021652 -60.831992 0.010204 0.010204 0.001264 366.857143 1.112270 1.217172 -162.800473 -76.074014 0.010204 0.010204 0.001264 366.857143 1 45 65 75 77 92
0.000000 0.000000 0.000000 15.149920 1.327870 -2839.073171 -116.621214 0.010204 0.010204 0.001217 385.500000 1.112270 1.217173 -7.427053 -71.627351 0.010204 0.010204 0.001217 385.500000 1 45 65 75 77 97
0.000000 0.000000 0.000000 1.245973 1.291211 -19.864157 -92.350081 0.010204 0.010204 0.001217 385.500000 1.112270 1.217163 -38.304478 -62.039111 0.010204 0.010204 0.001217 385.500000 1 45 65 75 77 98
0.000000 0.000000 0.000000 1.076773 1.230863 -49.694578 -100.248277 0.010204 0.010204 0.001264 366.857143 1.112270 1.217162 -179.678297 -69.311315 0.010204 0.010204 0.001264 366.857143 1 45 65 75 81 88
0.000000 0.000000 0.000000 1.420388 1.294090 -13.021008 -65.013405 0.010204 0.010204 0.001264 366.857143 1.112270 1.217502 -22.268649 -75.543517 0.010204 0.010204 0.001264 366.857143 1 45 65 75 81 92
0.000000 0.000000 0.000000 1.004642 1.077438 -0.039308 -43.193276 0.010204 0.010204 0.001217 385.500000 1.112270 1.217153 -14.085777 -71.331241 0.010204 0.010204 0.001217 385.500000 1 45 65 75 81 97
0.000000 0.000000 0.000000 1.044401 1.069274 -15.311114 -61.121609 0.010204 0.010204 0.001217 385.500000 1.112270 1.217163 -21.092191 -63.883544 0.010204 0.010204 0.001217 385.500000 1 45 65 75 81 98
0.000000 0.000000 0.000000 5.555614 1.100025 -340.908572 -73.709487 0.010204 0.010204 0.001215 385.500000 1.112270 1.217336 -54.246254 -70.374865 0.010204 0.010204 0.001215 385.500000 1 45 65 75 86 88
0.000000 0.000000 0.000000 11.116344 1.318853 -125.145449 -65.892728 0.010204 0.010204 0.001215 385.500000 1.112270 1.217322 -15.003166 -65.817091 0.010204 0.010204 0.001215 385.500000 1 45 65 75 86 92
0.000000 0.000000 0.000000 5.531344 1.099447 -790.681923 -83.032061 0.010204 0.010204 0.001171 404.142857 1.112270 1.217564 -15.818438 -68.744409 0.010204 0.010204 0.001171 404.142857 1 45 65 75 86 97
0.000000 0.000000 0.000000 5.577772 1.100572 -33.566383 -59.082320 0.010204 0.010204 0.001171 404.142857 1.112270 1.217326 -80.744080 -72.156090 0.010204 0.010204 0.001171 404.142857 1 45 65 75 86 98
0.000000 0.000000 0.000000 1.036738 1.070616 -3.144386 -64.995074 0.010204 0.010204 0.001215 385.500000 1.112270 1.217155 -52.087569 -68.074371 0.010204 0.010204 0.001215 385.500000 1 45 65 75 87 88
0.000000 0.000000 0.000000 4.441750 1.095559 -55.397866 -56.041355 0.010204 0.010204 0.001215 385.500000 1.112270 1.217165 -7.025390 -77.456234 0.010204 0.010204 0.001215 385.500000 1 45 65 75 87 92
0.000000 0.000000 0.000000 2.992561 1.077985 -29.218992 -50.217702 0.010204 0.010204 0.001171 404.142857 1.112270 1.217158 -9.906043 -72.339252 0.010204 0.010204 0.001171 404.142857 1 45 65 75 87 97
0.000000 0.000000 0.000000 594.797512 15.048044 -4280.368014 -696.222149 0.010204 0.010204 0.001171 404.142857 1.112270 1.217314 -41.216689 -73.034520 0.010204 0.010204 0.001171 404.142857 1 45 65 75 87 98
0.000000 0.000000 0.000000 5.741909 1.197283 -421.983604 -71.026481 0.010204 0.010204 0.001264 366.857143 1.112311 1.219815 -12.585787 -63.813974 0.010204 0.010204 0.001264 366.857143 1 45 65 76 77 88
0.000000 0.000000 0.000000 1.035507 1.089522 -12.858901 -70.621048 0.010204 0.010204 0.001264 366.857143 1.112311 1.219473 -5.592876 -72.560010 0.010204 0.010204 0.001264 366.857143 1 45 65 76 77 92
0.000000 0.000000 0.000000 1.113058 1.118562 -2.568410 -66.065561 0.010204 0.010204 0.001217 385.500000 1.112311 1.219474 -6.684128 -64.326908 0.010204 0.010204 0.001217 385.500000 1 45 65 76 77 97
0.000000 0.000000 0.000000 1.001301 1.155029 -57.790446 -70.922753 0.010204 0.010204 0.001217 385.500000 1.112311 1.219465 -149.306569 -63.585132 0.010204 0.010204 0.001217 385.500000 1 45 65 76 77 98
0.000000 0.000000 0.000000 3.596619 1.056043 -60.352969 -78.537950 0.010204 0.010204 0.001264 366.857143 1.112312 1.219502 -55.129093 -71.237484 0.010204 0.010204 0.001264 366.857143 1 45 65 76 81 88
0.000000 0.000000 0.000000 3.587641 1.055472 -320.518537 -61.590836 0.010204 0.010204 0.001264 366.857143 1.112312 1.219853 -125.950600 -69.591373 0.010204 0.010204 0.001264 366.857143 1 45 65 76 81 92
0.000000 0.000000 0.000000 1.099926 1.063371 -189.297081 -51.009677 0.010204 0.010204 0.001217 385.500000 1.112312 1.219494 -45.332729 -65.058631 0.010204 0.010204 0.001217 385.500000 1 45 65 76 81 97
0.000000 0.000000 0.000000 3.591692 1.055642 -387.832902 -76.130318 0.010204 0.010204 0.001217 385.500000 1.112312 1.219504 -171.951031 -66.631086 0.010204 0.010204 0.001217 385.500000 1 45 65 76 81 98
0.000000 0.000000 0.000000 3.606038 1.056214 -94.133427 -52.414201 0.010204 0.010204 0.001215 385.500000 1.112311 1.219484 -15.983866 -69.431213 0.010204 0.010204 0.001215 385.500000 1 45 65 76 86 88
0.000000 0.000000 0.000000 1.053150 1.731001 -135.325205 -84.997628 0.010204 0.010204 0.001215 385.500000 1.112311 1.219475 -9.490491 -77.039830 0.010204 0.010204 0.001215 385.500000 1 45 65 76 86 92
0.000000 0.000000 0.000000 3.595895 1.055684 -355.223955 -66.290109 0.010204 0.010204 0.001171 404.142857 1.112311 1.219635 -62.107963 -76.925226 0.010204 0.010204 0.001171 404.142857 1 45 65 76 86 97
0.000000 0.000000 0.000000 3.619690 1.057382 -136.720525 -67.698663 0.010204 0.010204 0.001171 404.142857 1.112311 1.219477 -118.681691 -59.696979 0.010204 0.010204 0.001171 404.142857 1 45 65 76 86 98
0.000000 0.000000 0.000000 3.589703 1.084184 -14.871118 -54.851415 0.010204 0.010204 0.001215 385.500000 1.112317 1.220044 -10.390649 -64.487464 0.010204 0.010204 0.001215 385.500000 1 45 65 76 87 88
0.000000 0.000000 0.000000 3.578720 1.055267 -79.682979 -66.109596 0.010204 0.010204 0.001215 385.500000 1.112317 1.220060 -7.367515 -63.591084 0.010204 0.010204 0.001215 385.500000 1 45 65 76 87 92
0.000000 0.000000 0.000000 3.578840 1.055286 -188.696469 -55.028382 0.010204 0.010204 0.001171 404.142857 1.112317 1.220048 -8.541674 -76.458301 0.010204 0.010204 0.001171 404.142857 1 45 65 76 87 97
0.000000 0.000000 0.000000 3.578588 1.055259 -210.709852 -63.186301 0.010204 0.010204 0.001171 404.142857 1.112318 1.220350 -276.060487 -74.308407 0.010204 0.010204 0.001171 404.142857 1 45 65 76 87 98
0.000000 0.000000 0.000000 3.275750 1.053724 -304.482447 -70.569066 0.010204 0.010204 0.001319 348.214286 1.114077 1.222062 -11.146253 -77.118749 0.010204 0.010204 0.001319 348.214286 5 26 46 66 77 88
0.000000 0.000000 0.000000 3.347253 1.094773 -117.299244 -68.200352 0.010204 0.010204 0.001319 348.214286 1.114073 1.221404 -23.603209 -66.592843 0.010204 0.010204 0.001319 348.214286 5 26 46 66 77 92
0.000000 0.000000 0.000000 3.280849 1.055098 -26.429964 -42.426522 0.010204 0.010204 0.001268 366.857143 1.114073 1.221409 -16.907761 -64.675516 0.010204 0.010204 0.001268 366.857143 5 26 46 66 77 97
0.000000 0.000000 0.000000 1.001682 1.095193 -20.996478 -83.306439 0.010204 0.010204 0.001268 366.857143 1.114073 1.221388 -21.123361 -88.957185 0.010204 0.010204 0.001268 366.857143 5 26 46 66 77 98
0.000000 0.000000 0.000000 1.016598 1.318652 -0.530334 -68.651121 0.010204 0.010204 0.001319 348.214286 1.114052 1.220392 -6.389502 -67.356456 0.010204 0.010204 0.001319 348.214286 5 26 46 66 81 88
0.000000 0.000000 0.000000 2.388530 1.082321 -72.993603 -72.012643 0.010204 0.010204 0.001319 348.214286 1.114052 1.220740 -8.782944 -80.697389 0.010204 0.010204 0.001319 348.214286 5 26 46 66 81 92
0.000000 0.000000 0.000000 1.000161 1.060475 -0.068228 -49.547326 0.010204 0.010204 0.001268 366.857143 1.114052 1.220383 -118.796407 -69.306709 0.010204 0.010204 0.001268 366.857143 5 26 46 66 81 97
0.000000 0.000000 0.000000 1.040925 1.068914 -50.922907 -71.325227 0.010204 0.010204 0.001268 366.857143 1.114052 1.220393 -49.068122 -78.265461 0.010204 0.010204 0.001268 366.857143 5 26 46 66 81 98
0.000000 0.000000 0.000000 1.366759 1.178382 -116.214310 -70.358107 0.010204 0.010204 0.001266 366.857143 1.114052 1.220403 -100.083930 -67.728945 0.010204 0.010204 0.001266 366.857143 5 26 46 66 86 88
0.000000 0.000000 0.000000 1.000341 1.060911 -109.285678 -75.798977 0.010204 0.010204 0.001266 366.857143 1.114052 1.220393 -12.449311 -69.472617 0.010204 0.010204 0.001266 366.857143 5 26 46 66 86 92
0.000000 0.000000 0.000000 3.424765 1.059317 -46.817669 -53.867583 0.010204 0.010204 0.001219 385.500000 1.114052 1.220558 -11.194459 -82.844632 0.010204 0.010204 0.001219 385.500000 5 26 46 66 86 97
0.000000 0.000000 0.000000 1.048498 1.062791 -25.816252 -82.911321 0.010204 0.010204 0.001219 385.500000 1.114052 1.220395 -8.851167 -72.773076 0.010204 0.010204 0.001219 385.500000 5 26 46 66 86 98
0.000000 0.000000 0.000000 1.000075 1.155200 -0.036355 -59.464241 0.010204 0.010204 0.001266 366.857143 1.114051 1.220360 -15.839567 -62.361199 0.010204 0.010204 0.001266 366.857143 5 26 46 66 87 88
0.000000 0.000000 0.000000 1.000745 1.112024 -30.317725 -65.088089 0.010204 0.010204 0.001266 366.857143 1.114051 1.220370 -263.433275 -72.064742 0.010204 0.010204 0.001266 366.857143 5 26 46 66 87 92
0.000000 0.000000 0.000000 1.000244 1.056202 -200.263849 -68.748828 0.010204 0.010204 0.001219 385.500000 1.114051 1.220362 -5.382711 -66.518990 0.010204 0.010204 0.001219 385.500000 5 26 46 66 87 97
0.000000 0.000000 0.000000 1.001961 1.050685 -279.202127 -79.550287 0.010204 0.010204 0.001219 385.500000 1.114051 1.220518 -110.045600 -64.400441 0.010204 0.010204 0.001219 385.500000 5 26 46 66 87 98
0.000000 0.000000 0.000000 1.091786 1.099962 -276.127025 -76.769045 0.010204 0.010204 0.001319 348.214286 1.113929 1.217968 -18.982293 -72.106822 0.010204 0.010204 0.001319 348.214286 5 26 46 70 77 88
0.000000 0.000000 0.000000 1.027904 1.129617 -256.701188 -74.041000 0.010204 0.010204 0.001319 348.214286 1.113929 1.217623 -187.396782 -64.114000 0.010204 0.010204 0.001319 348.214286 5 26 46 70 77 92
0.000000 0.000000 0.000000 1.106766 1.288434 -57.347128 -56.896441 0.010204 0.010204 0.001268 366.857143 1.113929 1.217625 -10.797224 -62.185269 0.010204 0.010204 0.001268 366.857143 5 26 46 70 77 97
0.000000 0.000000 0.000000 1.003121 1.119360 -137.850161 -70.624122 0.010204 0.010204 0.001268 366.857143 1.113929 1.217615 -17.878180 -75.160119 0.010204 0.010204 0.001268 366.857143 5 26 46 70 77 98
0.000000 0.000000 0.000000 3.704218 1.265736 -38.248651 -60.209485 0.010204 0.010204 0.001319 348.214286 1.113930 1.217986 -41.709255 -66.720618 0.010204 0.010204 0.001319 348.214286 5 26 46 70 81 88
0.000000 0.000000 0.000000 2.417073 1.075737 -184.054773 -64.895251 0.010204 0.010204 0.001319 348.214286 1.113930 1.218509 -81.049547 -67.161461 0.010204 0.010204 0.001319 348.214286 5 26 46 70 81 92
0.000000 0.000000 0.000000 1.007733 1.436107 -0.351428 -51.109702 0.010204 0.010204 0.001268 366.857143 1.113930 1.217974 -4.819793 -71.891635 0.010204 0.010204 0.001268 366.857143 5 26 46 70 81 97
0.000000 0.000000 0.000000 4.281750 1.201755 -529.619332 -98.945499 0.010204 0.010204 0.001268 366.857143 1.113930 1.217990 -95.976778 -72.716309 0.010204 0.010204 0.001268 366.857143 5 26 46 70 81 98
0.000000 0.000000 0.000000 1.003066 1.064057 -11.939626 -70.856807 0.010204 0.010204 0.001266 366.857143 1.113929 1.217616 -94.210664 -66.868341 0.010204 0.010204 0.001266 366.857143 5 26 46 70 86 88
0.000000 0.000000 0.000000 1.000777 1.079658 -0.657009 -55.772211 0.010204 0.010204 0.001266 366.857143 1.113929 1.217606 -10.068352 -77.265451 0.010204 0.010204 0.001266 366.857143 5 26 46 70 86 92
0.000000 0.000000 0.000000 1.011718 1.139817 -208.521805 -50.090208 0.010204 0.010204 0.001219 385.500000 1.113929 1.217763 -14.663023 -77.279164 0.010204 0.010204 0.001219 385.500000 5 26 46 70 86 97
0.000000 0.000000 0.000000 1.004171 1.119960 -159.167886 -76.529855 0.010204 0.010204 0.001219 385.500000 1.113929 1.217608 -86.174499 -70.672810 0.010204 0.010204 0.001219 385.500000 5 26 46 70 86 98
0.000000 0.000000 0.000000 1.006520 1.191388 -0.439993 -67.520876 0.010204 0.010204 0.001266 366.857143 1.113929 1.217616 -9.743471 -54.672435 0.010204 0.010204 0.001266 366.857143 5 26 46 70 87 88
0.000000 0.000000 0.000000 1.566868 1.614739 -117.899582 -68.755462 0.010204 0.010204 0.001266 366.857143 1.113929 1.217626 -115.282820 -75.722682 0.010204 0.010204 0.001266 366.857143 5 26 46 70 87 92
0.000000 0.000000 0.000000 1.038573 1.068969 -3.291005 -54.403097 0.010204 0.010204 0.001219 385.500000 1.113929 1.217619 -58.070481 -65.694828 0.010204 0.010204 0.001219 385.500000 5 26 46 70 87 97
0.000000 0.000000 0.000000 1.169885 1.064115 -85.185217 -69.327305 0.010204 0.010204 0.001219 385.500000 1.113929 1.217777 -34.831054 -67.927221 0.010204 0.010204 0.001219 385.500000 5 26 46 70 87 98
0.000000 0.000000 0.000000 1.708513 1.085837 -55.836344 -54.872488 0.010204 0.010204 0.001264 366.857143 1.113931 1.218005 -4.729731 -65.569632 0.010204 0.010204 0.001264 366.857143 5 26 46 75 77 88
0.000000 0.000000 0.000000 1.061948 1.113979 -113.690238 -71.070965 0.010204 0.010204 0.001264 366.857143 1.113931 1.217658 -142.209888 -71.686158 0.010204 0.010204 0.001264 366.857143 5 26 46 75 77 92
0.000000 0.000000 0.000000 1.191549 1.122890 -19.006478 -53.849357 0.010204 0.010204 0.001217 385.500000 1.113931 1.217659 -6.514742 -66.757585 0.010204 0.010204 0.001217 385.500000 5 26 46 75 77 97
0.000000 0.000000 0.000000 1.001370 1.059129 -92.816080 -80.953274 0.010204 0.010204 0.001217 385.500000 1.113931 1.217650 -18.634849 -67.851962 0.010204 0.010204 0.001217 385.500000 5 26 46 75 77 98
0.000000 0.000000 0.000000 1.001608 1.058498 -9.821807 -52.398900 0.010204 0.010204 0.001264 366.857143 1.113931 1.217648 -8.159534 -71.759560 0.010204 0.010204 0.001264 366.857143 5 26 46 75 81 88
0.000000 0.000000 0.000000 1.014599 1.177910 -1.355132 -78.460424 0.010204 0.010204 0.001264 366.857143 1.113931 1.217989 -20.201847 -57.488746 0.010204 0.010204 0.001264 366.857143 5 26 46 75 81 92
0.000000 0.000000 0.000000 1.000368 1.054926 -89.571336 -53.699664 0.010204 0.010204 0.001217 385.500000 1.113931 1.217640 -12.301759 -66.394023 0.010204 0.010204 0.001217 385.500000 5 26 46 75 81 97
0.000000 0.000000 0.000000 1.002501 1.060709 -3.673006 -68.749587 0.010204 0.010204 0.001217 385.500000 1.113931 1.217649 -62.714462 -71.216233 0.010204 0.010204 0.001217 385.500000 5 26 46 75 81 98
0.000000 0.000000 0.000000 4.013189 1.087638 -476.548441 -72.184072 0.010204 0.010204 0.001215 385.500000 1.113931 1.217829 -14.945173 -80.035016 0.010204 0.010204 0.001215 385.500000 5 26 46 75 86 88
0.000000 0.000000 0.000000 1.002613 1.146254 -5.452351 -64.585048 0.010204 0.010204 0.001215 385.500000 1.113931 1.217815 -11.287036 -74.402682 0.010204 0.010204 0.001215 385.500000 5 26 46 75 86 92
0.000000 0.000000 0.000000 3.547858 1.070624 -229.325834 -54.929864 0.010204 0.010204 0.001171 404.142857 1.113931 1.218059 -9.783051 -70.038202 0.010204 0.010204 0.001171 404.142857 5 26 46 75 86 97
0.000000 0.000000 0.000000 15.777102 1.553416 -1700.675544 -115.855135 0.010204 0.010204 0.001171 404.142857 1.113931 1.217819 -8.494994 -62.375200 0.010204 0.010204 0.001171 404.142857 5 26 46 75 86 98
0.000000 0.000000 0.000000 1.001536 1.087581 -0.313207 -45.554707 0.010204 0.010204 0.001215 385.500000 1.113931 1.217642 -202.715387 -63.413816 0.010204 0.010204 0.001215 385.500000 5 26 46 75 87 88
0.000000 0.000000 0.000000 1.035332 1.061161 -13.237193 -52.209154 0.010204 0.010204 0.001215 385.500000 1.113931 1.217651 -34.060686 -71.232090 0.010204 0.010204 0.001215 385.500000 5 26 46 75 87 92
0.000000 0.000000 0.000000 1.030851 1.125836 -112.821224 -49.792130 0.010204 0.010204 0.001171 404.142857 1.113931 1.217644 -23.986864 -66.549305 0.010204 0.010204 0.001171 404.142857 5 26 46 75 87 97
0.000000 0.000000 0.000000 1.138123 1.058373 -17.208550 -57.279152 0.010204 0.010204 0.001171 404.142857 1.113931 1.217800 -48.770070 -75.187858 0.010204 0.010204 0.001171 404.142857 5 26 46 75 87 98
0.000000 0.000000 0.000000 1.069643 2.216767 -10.928870 -161.537257 0.010204 0.010204 0.001264 366.857143 1.113926 1.217894 -7.785940 -67.136105 0.010204 0.010204 0.001264 366.857143 5 26 46 76 77 88
0.000000 0.000000 0.000000 1.003998 1.109023 -0.137204 -68.966345 0.010204 0.010204 0.001264 366.857143 1.113926 1.217553 -112.671266 -72.053578 0.010204 0.010204 0.001264 366.857143 5 26 46 76 77 92
0.000000 0.000000 0.000000 1.003199 1.073248 -0.208445 -76.372528 0.010204 0.010204 0.001217 385.500000 1.113926 1.217555 -16.531151 -67.079163 0.010204 0.010204 0.001217 385.500000 5 26 46 76 77 97
0.000000 0.000000 0.000000 1.003080 1.181968 -146.166499 -72.052564 0.010204 0.010204 0.001217 385.500000 1.113926 1.217545 -60.657903 -71.478852 0.010204 0.010204 0.001217 385.500000 5 26 46 76 77 98
0.000000 0.000000 0.000000 1.012495 1.057510 -3.886348 -68.164438 0.010204 0.010204 0.001264 366.857143 1.113926 1.217563 -34.972749 -70.417877 0.010204 0.010204 0.001264 366.857143 5 26 46 76 81 88
0.000000 0.000000 0.000000 1.141431 1.448711 -23.233628 -68.051858 0.010204 0.010204 0.001264 366.857143 1.113926 1.217910 -44.268527 -73.023791 0.010204 0.010204 0.001264 366.857143 5 26 46 76 81 92
0.000000 0.000000 0.000000 1.004254 1.056688 -218.610268 -39.426507 0.010204 0.010204 0.001217 385.500000 1.113926 1.217555 -73.164563 -61.582119 0.010204 0.010204 0.001217 385.500000 5 26 46 76 81 97
0.000000 0.000000 0.000000 1.049233 1.192493 -4.918978 -60.342495 0.010204 0.010204 0.001217 385.500000 1.113926 1.217564 -84.603855 -75.169735 0.010204 0.010204 0.001217 385.500000 5 26 46 76 81 98
0.000000 0.000000 0.000000 1.064469 1.386859 -65.260501 -88.286037 0.010204 0.010204 0.001215 385.500000 1.113926 1.217557 -10.392997 -64.777866 0.010204 0.010204 0.001215 385.500000 5 26 46 76 86 88
0.000000 0.000000 0.000000 1.003300 1.064611 -270.309745 -70.705394 0.010204 0.010204 0.001215 385.500000 1.113926 1.217547 -91.208404 -73.389714 0.010204 0.010204 0.001215 385.500000 5 26 46 76 86 92
0.000000 0.000000 0.000000 1.019523 1.090933 -306.103723 -71.443490 0.010204 0.010204 0.001171 404.142857 1.113926 1.217705 -18.491608 -68.405152 0.010204 0.010204 0.001171 404.142857 5 26 46 76 86 97
0.000000 0.000000 0.000000 1.014265 1.101492 -32.065151 -70.032371 0.010204 0.010204 0.001171 404.142857 1.113926 1.217549 -29.275867 -75.442094 0.010204 0.010204 0.001171 404.142857 5 26 46 76 86 98
0.000000 0.000000 0.000000 1.021285 1.072620 -74.611779 -68.347180 0.010204 0.010204 0.001215 385.500000 1.113926 1.217707 -13.880612 -76.333521 0.010204 0.010204 0.001215 385.500000 5 26 46 76 87 88
0.000000 0.000000 0.000000 1.099614 1.142012 -114.397619 -55.691263 0.010204 0.010204 0.001215 385.500000 1.113926 1.217720 -83.013396 -68.442931 0.010204 0.010204 0.001215 385.500000 5 26 46 76 87 92
0.000000 0.000000 0.000000 1.172877 1.253149 -37.402847 -58.736499 0.010204 0.010204 0.001171 404.142857 1.113926 1.217710 -27.132378 -68.827411 0.010204 0.010204 0.001171 404.142857 5 26 46 76 87 97
0.000000 0.000000 0.000000 1.067733 1.093881 -158.701039 -71.668277 0.010204 0.010204 0.001171 404.142857 1.113926 1.217948 -19.186460 -64.518113 0.010204 0.010204 0.001171 404.142857 5 26 46 76 87 98
0.000000 0.000000 0.000000 2.478970 1.114328 -416.929712 -66.212794 0.010204 0.010204 0.001319 348.214286 1.113378 1.215083 -14.773864 -77.677878 0.010204 0.010204 0.001319 348.214286 5 26 50 66 77 88
0.000000 0.000000 0.000000 2.932442 1.151331 -309.481410 -57.403122 0.010204 0.010204 0.001319 348.214286 1.113378 1.214561 -143.623843 -71.005226 0.010204 0.010204 0.001319 348.214286 5 26 50 66 77 92
0.000000 0.000000 0.000000 2.676512 1.130381 -144.075048 -55.392584 0.010204 0.010204 0.001268 366.857143 1.113378 1.214564 -184.654807 -85.103730 0.010204 0.010204 0.001268 366.857143 5 26 50 66 77 97
0.000000 0.000000 0.000000 1.762825 1.113403 -39.134556 -71.628820 0.010204 0.010204 0.001268 366.857143 1.113378 1.214549 -8.429364 -64.104245 0.010204 0.010204 0.001268 366.857143 5 26 50 66 77 98
0.000000 0.000000 0.000000 1.360469 1.069826 -69.802763 -73.349441 0.010204 0.010204 0.001319 348.214286 1.113378 1.214205 -79.622058 -64.926054 0.010204 0.010204 0.001319 348.214286 5 26 50 66 81 88
0.000000 0.000000 0.000000 1.370319 1.047032 -39.098656 -59.069333 0.010204 0.010204 0.001319 348.214286 1.113378 1.214549 -35.506359 -68.041069 0.010204 0.010204 0.001319 348.214286 5 26 50 66 81 92
0.000000 0.000000 0.000000 1.069219 1.057973 -151.912375 -48.696137 0.010204 0.010204 0.001268 366.857143 1.113378 1.214196 -339.075844 -66.629414 0.010204 0.010204 0.001268 366.857143 5 26 50 66 81 97
0.000000 0.000000 0.000000 2.459315 1.230747 -125.959882 -62.596260 0.010204 0.010204 0.001268 366.857143 1.113378 1.214206 -110.730401 -67.424542 0.010204 0.010204 0.001268 366.857143 5 26 50 66 81 98
0.000000 0.000000 0.000000 2.134393 1.130220 -108.747042 -73.159395 0.010204 0.010204 0.001266 366.857143 1.113378 1.214207 -9.156803 -71.373208 0.010204 0.010204 0.001266 366.857143 5 26 50 66 86 88
0.000000 0.000000 0.000000 1.331901 1.180070 -130.661078 -61.475124 0.010204 0.010204 0.001266 366.857143 1.113378 1.214198 -8.925861 -62.924794 0.010204 0.010204 0.001266 366.857143 5 26 50 66 86 92
0.000000 0.000000 0.000000 2.200571 1.121391 -175.349415 -68.285323 0.010204 0.010204 0.001219 385.500000 1.113378 1.214358 -18.157792 -63.374839 0.010204 0.010204 0.001219 385.500000 5 26 50 66 86 97
0.000000 0.000000 0.000000 1.757069 1.097836 -80.452035 -64.272499 0.010204 0.010204 0.001219 385.500000 1.113378 1.214200 -59.183208 -71.944410 0.010204 0.010204 0.001219 385.500000 5 26 50 66 86 98
0.000000 0.000000 0.000000 1.016171 1.046547 -65.378833 -53.840902 0.010204 0.010204 0.001266 366.857143 1.113378 1.214188 -4.495613 -64.940374 0.010204 0.010204 0.001266 366.857143 5 26 50 66 87 88
0.000000 0.000000 0.000000 1.188409 1.125035 -101.934865 -48.424461 0.010204 0.010204 0.001266 366.857143 1.113378 1.214197 -258.002604 -61.958590 0.010204 0.010204 0.001266 366.857143 5 26 50 66 87 92
0.000000 0.000000 0.000000 1.068392 1.058988 -7.868911 -45.602831 0.010204 0.010204 0.001219 385.500000 1.113378 1.214190 -47.735625 -66.317319 0.010204 0.010204 0.001219 385.500000 5 26 50 66 87 97
0.000000 0.000000 0.000000 1.268886 1.117416 -3.370632 -70.365980 0.010204 0.010204 0.001219 385.500000 1.113378 1.214344 -53.506377 -67.527539 0.010204 0.010204 0.001219 385.500000 5 26 50 66 87 98
0.000000 0.000000 0.000000 2.462686 1.066382 -253.337975 -59.652020 0.010204 0.010204 0.001319 348.214286 1.113381 1.216092 -18.204088 -67.539354 0.010204 0.010204 0.001319 348.214286 5 26 50 70 77 88
0.000000 0.000000 0.000000 1.668061 1.061410 -43.535123 -62.175362 0.010204 0.010204 0.001319 348.214286 1.113381 1.215744 -55.479995 -66.193657 0.010204 0.010204 0.001319 348.214286 5 26 50 70 77 92
0.000000 0.000000 0.000000 4.569106 1.181419 -127.126128 -60.443617 0.010204 0.010204 0.001268 366.857143 1.113381 1.215746 -6.901005 -69.680772 0.010204 0.010204 0.001268 366.857143 5 26 50 70 77 97
0.000000 0.000000 0.000000 1.006843 1.069692 -130.891236 -71.248142 0.010204 0.010204 0.001268 366.857143 1.113381 1.215736 -58.571191 -61.615585 0.010204 0.010204 0.001268 366.857143 5 26 50 70 77 98
0.000000 0.000000 0.000000 26.247282 2.099840 -1425.154199 -121.016522 0.010204 0.010204 0.001319 348.214286 1.113382 1.216497 -38.457499 -65.830744 0.010204 0.010204 0.001319 348.214286 5 26 50 70 81 88
0.000000 0.000000 0.000000 22.993251 1.956923 -1062.731421 -94.189934 0.010204 0.010204 0.001319 348.214286 1.113382 1.217106 -69.447816 -72.802859 0.010204 0.010204 0.001319 348.214286 5 26 50 70 81 92
0.000000 0.000000 0.000000 1.049541 1.100807 -36.593678 -33.219492 0.010204 0.010204 0.001268 366.857143 1.113382 1.216483 -129.975976 -68.546820 0.010204 0.010204 0.001268 366.857143 5 26 50 70 81 97
0.000000 0.000000 0.000000 24.331880 2.015601 -4246.646788 -145.229203 0.010204 0.010204 0.001268 366.857143 1.113382 1.216501 -6.701243 -75.312080 0.010204 0.010204 0.001268 366.857143 5 26 50 70 81 98
0.000000 0.000000 0.000000 1.213217 1.645579 -133.810954 -154.962851 0.010204 0.010204 0.001266 366.857143 1.113381 1.215728 -163.263840 -66.236872 0.010204 0.010204 0.001266 366.857143 5 26 50 70 86 88
0.000000 0.000000 0.000000 1.004041 1.199708 -7.736227 -57.285157 0.010204 0.010204 0.001266 366.857143 1.113381 1.215719 -15.431770 -67.930279 0.010204 0.010204 0.001266 366.857143 5 26 50 70 86 92
0.000000 0.000000 0.000000 4.931222 3.565497 -1129.615538 -214.618097 0.010204 0.010204 0.001219 385.500000 1.113381 1.215876 -8.034572 -72.251162 0.010204 0.010204 0.001219 385.500000 5 26 50 70 86 97
0.000000 0.000000 0.000000 1.015317 1.081015 -5.248402 -84.244267 0.010204 0.010204 0.001219 385.500000 1.113381 1.215721 -191.365931 -75.568012 0.010204 0.010204 0.001219 385.500000 5 26 50 70 86 98
0.000000 0.000000 0.000000 1.012706 1.070411 -93.257073 -57.521566 0.010204 0.010204 0.001266 366.857143 1.113381 1.215742 -5.006545 -70.660717 0.010204 0.010204 0.001266 366.857143 5 26 50 70 87 88
0.000000 0.000000 0.000000 2.332257 1.060495 -221.754706 -53.243756 0.010204 0.010204 0.001266 366.857143 1.113381 1.215752 -8.773470 -78.035565 0.010204 0.010204 0.001266 366.857143 5 26 50 70 87 92
0.000000 0.000000 0.000000 2.722865 1.083168 -67.637270 -44.037908 0.010204 0.010204 0.001219 385.500000 1.113381 1.215744 -16.447115 -71.928007 0.010204 0.010204 0.001219 385.500000 5 26 50 70 87 97
0.000000 0.000000 0.000000 2.168043 1.051636 -97.125028 -69.308673 0.010204 0.010204 0.001219 385.500000 1.113381 1.215906 -161.801075 -75.895426 0.010204 0.010204 0.001219 385.500000 5 26 50 70 87 98
0.000000 0.000000 0.000000 1.324894 1.088110 -20.181837 -57.792931 0.010204 0.010204 0.001264 366.857143 1.113378 1.214517 -14.957498 -75.860499 0.010204 0.010204 0.001264 366.857143 5 26 50 75 77 88
0.000000 0.000000 0.000000 2.802560 1.560335 -271.800739 -78.918245 0.010204 0.010204 0.001264 366.857143 1.113378 1.214170 -124.345113 -65.912465 0.010204 0.010204 0.001264 366.857143 5 26 50 75 77 92
0.000000 0.000000 0.000000 1.223785 1.065433 -33.511853 -72.774466 0.010204 0.010204 0.001217 385.500000 1.113378 1.214171 -15.354080 -63.861245 0.010204 0.010204 0.001217 385.500000 5 26 50 75 77 97
0.000000 0.000000 0.000000 1.141015 1.070328 -78.312467 -64.987731 0.010204 0.010204 0.001217 385.500000 1.113378 1.214162 -72.846838 -68.771121 0.010204 0.010204 0.001217 385.500000 5 26 50 75 77 98
0.000000 0.000000 0.000000 2.134844 2.231831 -118.683804 -117.843740 0.010204 0.010204 0.001264 366.857143 1.113378 1.214161 -97.575456 -70.859222 0.010204 0.010204 0.001264 366.857143 5 26 50 75 81 88
0.000000 0.000000 0.000000 1.373538 1.293877 -235.764198 -74.684424 0.010204 0.010204 0.001264 366.857143 1.113378 1.214501 -9.192587 -55.819802 0.010204 0.010204 0.001264 366.857143 5 26 50 75 81 92
0.000000 0.000000 0.000000 1.027101 1.055476 -136.804945 -62.890492 0.010204 0.010204 0.001217 385.500000 1.113378 1.214152 -27.339955 -61.348340 0.010204 0.010204 0.001217 385.500000 5 26 50 75 81 97
0.000000 0.000000 0.000000 1.071289 1.067955 -8.043201 -71.409563 0.010204 0.010204 0.001217 385.500000 1.113378 1.214162 -89.065751 -67.040889 0.010204 0.010204 0.001217 385.500000 5 26 50 75 81 98
0.000000 0.000000 0.000000 3.236782 1.441819 -191.014968 -86.599007 0.010204 0.010204 0.001215 385.500000 1.113378 1.214325 -4.765928 -68.709160 0.010204 0.010204 0.001215 385.500000 5 26 50 75 86 88
0.000000 0.000000 0.000000 1.349768 1.073514 -129.716201 -47.934717 0.010204 0.010204 0.001215 385.500000 1.113378 1.214312 -12.919251 -64.844139 0.010204 0.010204 0.001215 385.500000 5 26 50 75 86 92
0.000000 0.000000 0.000000 2.530116 1.300737 -293.306105 -90.934678 0.010204 0.010204 0.001171 404.142857 1.113378 1.214553 -13.776501 -66.155529 0.010204 0.010204 0.001171 404.142857 5 26 50 75 86 97
0.000000 0.000000 0.000000 4.466703 1.687544 -104.870667 -80.510669 0.010204 0.010204 0.001171 404.142857 1.113378 1.214315 -167.115651 -73.089613 0.010204 0.010204 0.001171 404.142857 5 26 50 75 86 98
0.000000 0.000000 0.000000 1.081302 1.057217 -199.111799 -74.432826 0.010204 0.010204 0.001215 385.500000 1.113378 1.214154 -101.242778 -75.451965 0.010204 0.010204 0.001215 385.500000 5 26 50 75 87 88
0.000000 0.000000 0.000000 1.295106 1.108523 -14.543692 -58.155914 0.010204 0.010204 0.001215 385.500000 1.113378 1.214164 -19.633761 -71.172679 0.010204 0.010204 0.001215 385.500000 5 26 50 75 87 92
0.000000 0.000000 0.000000 1.209326 1.083394 -10.031257 -65.543601 0.010204 0.010204 0.001171 404.142857 1.113378 1.214156 -15.389942 -73.638428 0.010204 0.010204 0.001171 404.142857 5 26 50 75 87 97
0.000000 0.000000 0.000000 1.212242 1.069949 -53.224461 -60.616365 0.010204 0.010204 0.001171 404.142857 1.113378 1.214313 -142.653896 -63.061587 0.010204 0.010204 0.001171 404.142857 5 26 50 75 87 98
0.000000 0.000000 0.000000 1.950308 1.354083 -155.109302 -93.092534 0.010204 0.010204 0.001264 366.857143 1.113378 1.214554 -13.276420 -62.231074 0.010204 0.010204 0.001264 366.857143 5 26 50 76 77 88
0.000000 0.000000 0.000000 1.366266 1.345165 -85.065419 -82.631814 0.010204 0.010204 0.001264 366.857143 1.113378 1.214214 -4.108387 -82.158079 0.010204 0.010204 0.001264 366.857143 5 26 50 76 77 92
0.000000 0.000000 0.000000 1.206006 1.134752 -65.481590 -65.311579 0.010204 0.010204 0.001217 385.500000 1.113378 1.214215 -8.894157 -76.114623 0.010204 0.010204 0.001217 385.500000 5 26 50 76 77 97
0.000000 0.000000 0.000000 1.015073 1.059280 -1.206888 -76.661854 0.010204 0.010204 0.001217 385.500000 1.113378 1.214205 -85.266151 -74.538634 0.010204 0.010204 0.001217 385.500000 5 26 50 76 77 98
0.000000 0.000000 0.000000 2.506144 1.148796 -68.947263 -53.141760 0.010204 0.010204 0.001264 366.857143 1.113378 1.214224 -22.948455 -76.315334 0.010204 0.010204 0.001264 366.857143 5 26 50 76 81 88
0.000000 0.000000 0.000000 3.669052 1.198470 -56.571136 -51.540176 0.010204 0.010204 0.001264 366.857143 1.113378 1.214570 -10.980209 -69.335099 0.010204 0.010204 0.001264 366.857143 5 26 50 76 81 92
0.000000 0.000000 0.000000 5.320644 4.250311 -139.952752 -107.550191 0.010204 0.010204 0.001217 385.500000 1.113378 1.214215 -41.679727 -69.485958 0.010204 0.010204 0.001217 385.500000 5 26 50 76 81 97
0.000000 0.000000 0.000000 2.825136 1.154190 -90.581015 -57.771273 0.010204 0.010204 0.001217 385.500000 1.113378 1.214225 -25.975817 -76.873437 0.010204 0.010204 0.001217 385.500000 5 26 50 76 81 98
0.000000 0.000000 0.000000 1.541583 1.061444 -52.012459 -57.806727 0.010204 0.010204 0.001215 385.500000 1.113378 1.214217 -23.076378 -68.054472 0.010204 0.010204 0.001215 385.500000 5 26 50 76 86 88
0.000000 0.000000 0.000000 1.047043 1.051289 -6.631343 -56.669167 0.010204 0.010204 0.001215 385.500000 1.113378 1.214208 -7.978047 -60.466535 0.010204 0.010204 0.001215 385.500000 5 26 50 76 86 92
0.000000 0.000000 0.000000 2.082394 1.096174 -192.999658 -75.137805 0.010204 0.010204 0.001171 404.142857 1.113378 1.214366 -4.376565 -64.427353 0.010204 0.010204 0.001171 404.142857 5 26 50 76 86 97
0.000000 0.000000 0.000000 2.643257 1.237084 -111.815344 -86.708977 0.010204 0.010204 0.001171 404.142857 1.113378 1.214210 -23.051192 -73.302808 0.010204 0.010204 0.001171 404.142857 5 26 50 76 86 98
0.000000 0.000000 0.000000 1.303356 1.094766 -218.743529 -66.746894 0.010204 0.010204 0.001215 385.500000 1.113378 1.214374 -15.217683 -67.990464 0.010204 0.010204 0.001215 385.500000 5 26 50 76 87 88
0.000000 0.000000 0.000000 3.297427 1.140423 -266.353505 -61.838916 0.010204 0.010204 0.001215 385.500000 1.113378 1.214388 -5.899686 -63.104563 0.010204 0.010204 0.001215 385.500000 5 26 50 76 87 92
0.000000 0.000000 0.000000 3.554578 1.156953 -207.320692 -66.192431 0.010204 0.010204 0.001171 404.142857 1.113378 1.214378 -135.838110 -66.250656 0.010204 0.010204 0.001171 404.142857 5 26 50 76 87 97
0.000000 0.000000 0.000000 3.077757 1.126408 -60.452420 -65.530206 0.010204 0.010204 0.001171 404.142857 1.113378 1.214617 -136.360858 -73.080954 0.010204 0.010204 0.001171 404.142857 5 26 50 76 87 98
0.000000 0.000000 0.000000 11.786538 1.563242 -2958.922812 -128.462101 0.010204 0.010204 0.001319 348.214286 1.113389 1.215188 -6.923284 -64.318511 0.010204 0.010204 0.001319 348.214286 5 26 61 66 77 88
0.000000 0.000000 0.000000 1.913033 1.048990 -154.574481 -54.741216 0.010204 0.010204 0.001319 348.214286 1.113389 1.214665 -17.228370 -72.964903 0.010204 0.010204 0.001319 348.214286 5 26 61 66 77 92
0.000000 0.000000 0.000000 34.923535 2.787220 -1352.341787 -135.233231 0.010204 0.010204 0.001268 366.857143 1.113389 1.214668 -15.456356 -69.571432 0.010204 0.010204 0.001268 366.857143 5 26 61 66 77 97
0.000000 0.000000 0.000000 1.249416 1.601274 -252.269292 -92.431680 0.010204 0.010204 0.001268 366.857143 1.113389 1.214652 -73.457294 -77.795370 0.010204 0.010204 0.001268 366.857143 5 26 61 66 77 98
0.000000 0.000000 0.000000 2.415985 1.345119 -244.143055 -80.237097 0.010204 0.010204 0.001319 348.214286 1.113389 1.214301 -15.270893 -79.832559 0.010204 0.010204 0.001319 348.214286 5 26 61 66 81 88
0.000000 0.000000 0.000000 1.698176 1.068493 -97.320812 -58.421608 0.010204 0.010204 0.001319 348.214286 1.113389 1.214645 -6.824495 -71.145517 0.010204 0.010204 0.001319 348.214286 5 26 61 66 81 92
0.000000 0.000000 0.000000 1.058752 1.139146 -36.070503 -35.305279 0.010204 0.010204 0.001268 366.857143 1.113389 1.214292 -13.458486 -63.832678 0.010204 0.010204 0.001268 366.857143 5 26 61 66 81 97
0.000000 0.000000 0.000000 1.368628 1.057087 -79.321954 -61.083856 0.010204 0.010204 0.001268 366.857143 1.113389 1.214302 -17.062337 -66.124237 0.010204 0.010204 0.001268 366.857143 5 26 61 66 81 98
0.000000 0.000000 0.000000 1.669361 1.060957 -211.291720 -57.078972 0.010204 0.010204 0.001266 366.857143 1.113389 1.214303 -4.436469 -59.211714 0.010204 0.010204 0.001266 366.857143 5 26 61 66 86 88
0.000000 0.000000 0.000000 1.032535 1.053570 -5.118124 -60.084397 0.010204 0.010204 0.001266 366.857143 1.113389 1.214294 -47.328521 -67.615807 0.010204 0.010204 0.001266 366.857143 5 26 61 66 86 92
0.000000 0.000000 0.000000 3.037719 1.144305 -353.633465 -60.593063 0.010204 0.010204 0.001219 385.500000 1.113389 1.214455 -69.531736 -61.498528 0.010204 0.010204 0.001219 385.500000 5 26 61 66 86 97
0.000000 0.000000 0.000000 3.053246 1.248446 -223.670322 -85.273964 0.010204 0.010204 0.001219 385.500000 1.113389 1.214296 -9.264901 -69.591766 0.010204 0.010204 0.001219 385.500000 5 26 61 66 86 98
0.000000 0.000000 0.000000 1.032099 1.231246 -297.257143 -66.697282 0.010204 0.010204 0.001266 366.857143 1.113389 1.214284 -150.059225 -74.667055 0.010204 0.010204 0.001266 366.857143 5 26 61 66 87 88
0.000000 0.000000 0.000000 1.051144 1.060128 -2.272067 -58.535305 0.010204 0.010204 0.001266 366.857143 1.113389 1.214293 -11.952477 -60.315864 0.010204 0.010204 0.001266 366.857143 5 26 61 66 87 92
0.000000 0.000000 0.000000 1.066988 1.113134 -64.309291 -56.556646 0.010204 0.010204 0.001219 385.500000 1.113389 1.214286 -6.742687 -70.942669 0.010204 0.010204 0.001219 385.500000 5 26 61 66 87 97
0.000000 0.000000 0.000000 1.297717 1.186937 -61.713653 -59.527545 0.010204 0.010204 0.001219 385.500000 1.113389 1.214440 -6.629870 -74.031949 0.010204 0.010204 0.001219 385.500000 5 26 61 66 87 98
0.000000 0.000000 0.000000 1.227046 1.099909 -20.136670 -67.197311 0.010204 0.010204 0.001319 348.214286 1.113389 1.214582 -57.915017 -68.735954 0.010204 0.010204 0.001319 348.214286 5 26 61 70 77 88
0.000000 0.000000 0.000000 1.105612 1.060075 -8.805709 -54.368243 0.010204 0.010204 0.001319 348.214286 1.113389 1.214237 -24.418221 -77.542952 0.010204 0.010204 0.001319 348.214286 5 26 61 70 77 92
0.000000 0.000000 0.000000 1.097391 1.049543 -35.745353 -71.335021 0.010204 0.010204 0.001268 366.857143 1.113389 1.214238 -13.820223 -65.787108 0.010204 0.010204 0.001268 366.857143 5 26 61 70 77 97
0.000000 0.000000 0.000000 1.048314 1.055259 -22.693717 -65.115103 0.010204 0.010204 0.001268 366.857143 1.113389 1.214229 -87.429813 -75.574507 0.010204 0.010204 0.001268 366.857143 5 26 61 70 77 98
0.000000 0.000000 0.000000 1.636917 1.145058 -78.502808 -54.677917 0.010204 0.010204 0.001319 348.214286 1.113389 1.214586 -51.870942 -75.871957 0.010204 0.010204 0.001319 348.214286 5 26 61 70 81 88
0.000000 0.000000 0.000000 1.454135 1.101903 -58.323035 -50.701357 0.010204 0.010204 0.001319 348.214286 1.113389 1.215106 -59.240601 -79.412509 0.010204 0.010204 0.001319 348.214286 5 26 61 70 81 92
0.000000 0.000000 0.000000 1.311522 1.080020 -13.492629 -48.666688 0.010204 0.010204 0.001268 366.857143 1.113389 1.214574 -5.067602 -60.109741 0.010204 0.010204 0.001268 366.857143 5 26 61 70 81 97
0.000000 0.000000 0.000000 1.537382 1.121515 -74.295082 -70.509830 0.010204 0.010204 0.001268 366.857143 1.113389 1.214590 -7.697288 -73.370089 0.010204 0.010204 0.001268 366.857143 5 26 61 70 81 98
0.000000 0.000000 0.000000 1.037866 1.055486 -3.565985 -78.559857 0.010204 0.010204 0.001266 366.857143 1.113389 1.214230 -12.773813 -69.033840 0.010204 0.010204 0.001266 366.857143 5 26 61 70 86 88
0.000000 0.000000 0.000000 1.133520 1.448476 -91.916640 -104.911173 0.010204 0.010204 0.001266 366.857143 1.113389 1.214220 -13.496238 -67.195234 0.010204 0.010204 0.001266 366.857143 5 26 61 70 86 92
0.000000 0.000000 0.000000 1.065894 1.077656 -5.878654 -75.867699 0.010204 0.010204 0.001219 385.500000 1.113389 1.214377 -273.549985 -71.381500 0.010204 0.010204 0.001219 385.500000 5 26 61 70 86 97
0.000000 0.000000 0.000000 1.422860 1.711717 -62.281167 -151.532001 0.010204 0.010204 0.001219 385.500000 1.113389 1.214222 -145.593520 -72.998642 0.010204 0.010204 0.001219 385.500000 5 26 61 70 86 98
0.000000 0.000000 0.000000 1.150430 1.116530 -8.228036 -71.059137 0.010204 0.010204 0.001266 366.857143 1.113389 1.214230 -7.857640 -53.742085 0.010204 0.010204 0.001266 366.857143 5 26 61 70 87 88
0.000000 0.000000 0.000000 1.132134 1.049840 -71.853207 -53.226645 0.010204 0.010204 0.001266 366.857143 1.113389 1.214239 -7.053550 -65.004236 0.010204 0.010204 0.001266 366.857143 5 26 61 70 87 92
0.000000 0.000000 0.000000 1.811544 1.331319 -37.107155 -72.982305 0.010204 0.010204 0.001219 385.500000 1.113389 1.214232 -12.738112 -64.398738 0.010204 0.010204 0.001219 385.500000 5 26 61 70 87 97
0.000000 0.000000 0.000000 1.136298 1.046345 -67.122088 -55.332571 0.010204 0.010204 0.001219 385.500000 1.113389 1.214391 -113.784297 -71.437772 0.010204 0.010204 0.001219 385.500000 5 26 61 70 87 98
0.000000 0.000000 0.000000 5.526606 1.166485 -1418.336321 -78.953319 0.010204 0.010204 0.001264 366.857143 1.113393 1.215921 -338.945179 -71.547759 0.010204 0.010204 0.001264 366.857143 5 26 61 75 77 88
0.000000 0.000000 0.000000 1.824089 1.057435 -33.135684 -58.722430 0.010204 0.010204 0.001264 366.857143 1.113393 1.215572 -7.932766 -62.803481 0.010204 0.010204 0.001264 366.857143 5 26 61 75 77 92
0.000000 0.000000 0.000000 24.131583 1.901746 -737.210145 -78.979028 0.010204 0.010204 0.001217 385.500000 1.113393 1.215573 -5.283717 -66.780467 0.010204 0.010204 0.001217 385.500000 5 26 61 75 77 97
0.000000 0.000000 0.000000 1.004295 1.064895 -85.273177 -78.801313 0.010204 0.010204 0.001217 385.500000 1.113393 1.215563 -75.049551 -71.925954 0.010204 0.010204 0.001217 385.500000 5 26 61 75 77 98
0.000000 0.000000 0.000000 1.008196 1.112228 -20.910571 -60.050753 0.010204 0.010204 0.001264 366.857143 1.113393 1.215550 -128.215095 -64.163935 0.010204 0.010204 0.001264 366.857143 5 26 61 75 81 88
0.000000 0.000000 0.000000 1.050941 1.090094 -22.305813 -75.144018 0.010204 0.010204 0.001264 366.857143 1.113393 1.215891 -116.982377 -68.448862 0.010204 0.010204 0.001264 366.857143 5 26 61 75 81 92
0.000000 0.000000 0.000000 1.001814 1.176110 -0.041666 -66.484825 0.010204 0.010204 0.001217 385.500000 1.113393 1.215542 -136.295404 -72.680998 0.010204 0.010204 0.001217 385.500000 5 26 61 75 81 97
0.000000 0.000000 0.000000 1.025035 1.184272 -54.013133 -67.799554 0.010204 0.010204 0.001217 385.500000 1.113393 1.215551 -6.631589 -65.153716 0.010204 0.010204 0.001217 385.500000 5 26 61 75 81 98
0.000000 0.000000 0.000000 3.893061 1.104377 -496.587266 -73.382116 0.010204 0.010204 0.001215 385.500000 1.113394 1.215973 -201.239210 -68.793021 0.010204 0.010204 0.001215 385.500000 5 26 61 75 86 88
0.000000 0.000000 0.000000 1.014247 1.093240 -72.255031 -59.114416 0.010204 0.010204 0.001215 385.500000 1.113394 1.215957 -24.767614 -77.696852 0.010204 0.010204 0.001215 385.500000 5 26 61 75 86 92
0.000000 0.000000 0.000000 3.868606 1.103336 -77.149882 -69.522044 0.010204 0.010204 0.001171 404.142857 1.113394 1.216241 -9.882840 -71.070554 0.010204 0.010204 0.001171 404.142857 5 26 61 75 86 97
0.000000 0.000000 0.000000 3.925513 1.106085 -134.837797 -60.390898 0.010204 0.010204 0.001171 404.142857 1.113394 1.215962 -171.523598 -76.463890 0.010204 0.010204 0.001171 404.142857 5 26 61 75 86 98
0.000000 0.000000 0.000000 1.057389 3.010406 -5.438151 -277.763988 0.010204 0.010204 0.001215 385.500000 1.113393 1.215549 -14.022172 -80.791166 0.010204 0.010204 0.001215 385.500000 5 26 61 75 87 88
0.000000 0.000000 0.000000 2.027789 1.065499 -89.778447 -52.443750 0.010204 0.010204 0.001215 385.500000 1.113393 1.215558 -14.172315 -73.266992 0.010204 0.010204 0.001215 385.500000 5 26 61 75 87 92
0.000000 0.000000 0.000000 1.226262 1.060117 -8.997564 -49.725125 0.010204 0.010204 0.001171 404.142857 1.113393 1.215551 -21.424950 -71.308205 0.010204 0.010204 0.001171 404.142857 5 26 61 75 87 97
0.000000 0.000000 0.000000 19.176005 1.692455 -2344.883621 -122.317416 0.010204 0.010204 0.001171 404.142857 1.113393 1.215708 -122.491031 -66.928691 0.010204 0.010204 0.001171 404.142857 5 26 61 75 87 98
0.000000 0.000000 0.000000 10.611368 7.598530 -559.473988 -939.223681 0.010204 0.010204 0.001264 366.857143 1.113389 1.214594 -13.174048 -73.815447 0.010204 0.010204 0.001264 366.857143 5 26 61 76 77 88
0.000000 0.000000 0.000000 1.117661 1.177806 -12.326928 -56.056679 0.010204 0.010204 0.001264 366.857143 1.113389 1.214253 -167.984494 -76.817460 0.010204 0.010204 0.001264 366.857143 5 26 61 76 77 92
0.000000 0.000000 0.000000 1.130455 1.145110 -74.956714 -47.222757 0.010204 0.010204 0.001217 385.500000 1.113389 1.214254 -128.441186 -71.770184 0.010204 0.010204 0.001217 385.500000 5 26 61 76 77 97
0.000000 0.000000 0.000000 1.012721 1.065702 -13.616189 -76.364418 0.010204 0.010204 0.001217 385.500000 1.113389 1.214245 -53.742115 -64.219077 0.010204 0.010204 0.001217 385.500000 5 26 61 76 77 98
0.000000 0.000000 0.000000 1.830361 1.133594 -80.317783 -70.551273 0.010204 0.010204 0.001264 366.857143 1.113389 1.214263 -13.359386 -69.788100 0.010204 0.010204 0.001264 366.857143 5 26 61 76 81 88
0.000000 0.000000 0.000000 1.892326 1.089772 -94.434939 -60.563803 0.010204 0.010204 0.001264 366.857143 1.113389 1.214610 -61.821964 -71.672819 0.010204 0.010204 0.001264 366.857143 5 26 61 76 81 92
0.000000 0.000000 0.000000 1.052802 1.059147 -0.821432 -45.185416 0.010204 0.010204 0.001217 385.500000 1.113389 1.214255 -6.609569 -75.309034 0.010204 0.010204 0.001217 385.500000 5 26 61 76 81 97
0.000000 0.000000 0.000000 1.396099 1.049985 -127.537685 -61.077698 0.010204 0.010204 0.001217 385.500000 1.113389 1.214264 -211.154702 -71.894174 0.010204 0.010204 0.001217 385.500000 5 26 61 76 81 98
0.000000 0.000000 0.000000 4.389619 1.658918 -270.408237 -103.047849 0.010204 0.010204 0.001215 385.500000 1.113389 1.214257 -104.773517 -69.755635 0.010204 0.010204 0.001215 385.500000 5 26 61 76 86 88
0.000000 0.000000 0.000000 1.083957 1.135462 -6.249301 -60.098069 0.010204 0.010204 0.001215 385.500000 1.113389 1.214247 -18.096140 -81.462214 0.010204 0.010204 0.001215 385.500000 5 26 61 76 86 92
0.000000 0.000000 0.000000 1.542573 1.074118 -6.630685 -71.524312 0.010204 0.010204 0.001171 404.142857 1.113389 1.214405 -51.020735 -78.478066 0.010204 0.010204 0.001171 404.142857 5 26 61 76 86 97
0.000000 0.000000 0.000000 5.443667 2.151291 -670.729440 -109.297198 0.010204 0.010204 0.001171 404.142857 1.113389 1.214249 -79.937387 -64.453473 0.010204 0.010204 0.001171 404.142857 5 26 61 76 86 98
0.000000 0.000000 0.000000 1.126431 1.087721 -4.465869 -57.554408 0.010204 0.010204 0.001215 385.500000 1.113389 1.214410 -222.207123 -70.204369 0.010204 0.010204 0.001215 385.500000 5 26 61 76 87 88
0.000000 0.000000 0.000000 3.248351 1.153294 -155.126215 -60.231217 0.010204 0.010204 0.001215 385.500000 1.113389 1.214423 -25.280443 -65.680568 0.010204 0.010204 0.001215 385.500000 5 26 61 76 87 92
0.000000 0.000000 0.000000 3.950205 1.203664 -194.903714 -64.908354 0.010204 0.010204 0.001171 404.142857 1.113389 1.214413 -142.876889 -63.565184 0.010204 0.010204 0.001171 404.142857 5 26 61 76 87 97
0.000000 0.000000 0.000000 2.817857 1.122624 -148.604079 -69.212870 0.010204 0.010204 0.001171 404.142857 1.113389 1.214651 -182.516290 -73.319039 0.010204 0.010204 0.001171 404.142857 5 26 61 76 87 98
0.000000 0.000000 0.000000 3.496094 1.496038 -66.210644 -115.706792 0.010204 0.010204 0.001319 348.214286 1.113367 1.214972 -4.865973 -62.243721 0.010204 0.010204 0.001319 348.214286 5 26 65 66 77 88
0.000000 0.000000 0.000000 4.794214 1.755969 -135.537529 -110.177671 0.010204 0.010204 0.001319 348.214286 1.113367 1.214452 -36.803482 -67.791841 0.010204 0.010204 0.001319 348.214286 5 26 65 66 77 92
0.000000 0.000000 0.000000 4.108605 1.618664 -259.997416 -134.292817 0.010204 0.010204 0.001268 366.857143 1.113367 1.214455 -8.528476 -68.810310 0.010204 0.010204 0.001268 366.857143 5 26 65 66 77 97
0.000000 0.000000 0.000000 1.237958 1.047834 -12.687613 -52.048080 0.010204 0.010204 0.001268 366.857143 1.113367 1.214439 -111.661433 -65.173040 0.010204 0.010204 0.001268 366.857143 5 26 65 66 77 98
0.000000 0.000000 0.000000 1.243513 1.066259 -98.448825 -72.630299 0.010204 0.010204 0.001319 348.214286 1.113367 1.214102 -309.194631 -65.616580 0.010204 0.010204 0.001319 348.214286 5 26 65 66 81 88
0.000000 0.000000 0.000000 1.288573 1.073197 -60.213731 -53.782523 0.010204 0.010204 0.001319 348.214286 1.113367 1.214447 -7.536875 -67.922488 0.010204 0.010204 0.001319 348.214286 5 26 65 66 81 92
0.000000 0.000000 0.000000 1.505914 1.168856 -62.339825 -52.533402 0.010204 0.010204 0.001268 366.857143 1.113367 1.214094 -5.019926 -68.094854 0.010204 0.010204 0.001268 366.857143 5 26 65 66 81 97
0.000000 0.000000 0.000000 2.762056 1.465210 -219.266028 -106.262421 0.010204 0.010204 0.001268 366.857143 1.113367 1.214103 -161.739652 -73.132839 0.010204 0.010204 0.001268 366.857143 5 26 65 66 81 98
0.000000 0.000000 0.000000 3.354323 1.554754 -248.757094 -112.783166 0.010204 0.010204 0.001266 366.857143 1.113367 1.214105 -51.052510 -73.694414 0.010204 0.010204 0.001266 366.857143 5 26 65 66 86 88
0.000000 0.000000 0.000000 1.668574 1.183806 -78.106626 -71.522429 0.010204 0.010204 0.001266 366.857143 1.113367 1.214095 -4.545267 -67.057330 0.010204 0.010204 0.001266 366.857143 5 26 65 66 86 92
0.000000 0.000000 0.000000 1.495877 1.113983 -148.043970 -85.302332 0.010204 0.010204 0.001219 385.500000 1.113367 1.214256 -17.479166 -67.657095 0.010204 0.010204 0.001219 385.500000 5 26 65 66 86 97
0.000000 0.000000 0.000000 1.228076 1.054719 -4.224398 -67.483990 0.010204 0.010204 0.001219 385.500000 1.113367 1.214097 -135.600348 -81.675604 0.010204 0.010204 0.001219 385.500000 5 26 65 66 86 98
0.000000 0.000000 0.000000 1.154200 1.111151 -78.450134 -75.614793 0.010204 0.010204 0.001266 366.857143 1.113367 1.214086 -4.573737 -77.800120 0.010204 0.010204 0.001266 366.857143 5 26 65 66 87 88
0.000000 0.000000 0.000000 1.169207 1.076554 -32.894058 -45.656233 0.010204 0.010204 0.001266 366.857143 1.113367 1.214095 -19.238929 -62.608510 0.010204 0.010204 0.001266 366.857143 5 26 65 66 87 92
0.000000 0.000000 0.000000 1.144368 1.069965 -90.026033 -61.752726 0.010204 0.010204 0.001219 385.500000 1.113367 1.214088 -70.641635 -59.697694 0.010204 0.010204 0.001219 385.500000 5 26 65 66 87 97
0.000000 0.000000 0.000000 3.574056 2.051986 -295.249725 -166.840071 0.010204 0.010204 0.001219 385.500000 1.113367 1.214242 -7.999050 -75.154439 0.010204 0.010204 0.001219 385.500000 5 26 65 66 87 98
0.000000 0.000000 0.000000 1.815460 1.089268 -166.038466 -43.520024 0.010204 0.010204 0.001319 348.214286 1.113367 1.214509 -15.576364 -79.416089 0.010204 0.010204 0.001319 348.214286 5 26 65 70 77 88
0.000000 0.000000 0.000000 1.513249 1.060698 -40.775853 -46.961201 0.010204 0.010204 0.001319 348.214286 1.113367 1.214164 -16.010026 -67.782319 0.010204 0.010204 0.001319 348.214286 5 26 65 70 77 92
0.000000 0.000000 0.000000 4.513276 1.400380 -124.069468 -74.457410 0.010204 0.010204 0.001268 366.857143 1.113367 1.214165 -87.185442 -75.820452 0.010204 0.010204 0.001268 366.857143 5 26 65 70 77 97
0.000000 0.000000 0.000000 1.588461 1.109566 -202.572985 -74.657480 0.010204 0.010204 0.001268 366.857143 1.113367 1.214156 -20.844994 -71.012373 0.010204 0.010204 0.001268 366.857143 5 26 65 70 77 98
0.000000 0.000000 0.000000 2.294211 1.125078 -253.380328 -81.200664 0.010204 0.010204 0.001319 348.214286 1.113367 1.214528 -17.308794 -65.102873 0.010204 0.010204 0.001319 348.214286 5 26 65 70 81 88
0.000000 0.000000 0.000000 2.232380 1.118893 -79.398804 -46.334236 0.010204 0.010204 0.001319 348.214286 1.113367 1.215051 -252.955740 -66.202295 0.010204 0.010204 0.001319 348.214286 5 26 65 70 81 92
0.000000 0.000000 0.000000 2.641845 1.160481 -155.352400 -45.009493 0.010204 0.010204 0.001268 366.857143 1.113367 1.214515 -28.306376 -68.272957 0.010204 0.010204 0.001268 366.857143 5 26 65 70 81 97
0.000000 0.000000 0.000000 2.265789 1.122230 -98.258035 -77.770836 0.010204 0.010204 0.001268 366.857143 1.113367 1.214531 -18.427743 -71.687473 0.010204 0.010204 0.001268 366.857143 5 26 65 70 81 98
0.000000 0.000000 0.000000 2.443962 1.302462 -381.574368 -86.231745 0.010204 0.010204 0.001266 366.857143 1.113367 1.214157 -14.157656 -67.667893 0.010204 0.010204 0.001266 366.857143 5 26 65 70 86 88
0.000000 0.000000 0.000000 1.166674 1.122050 -26.571759 -56.346880 0.010204 0.010204 0.001266 366.857143 1.113367 1.214147 -106.386364 -72.930954 0.010204 0.010204 0.001266 366.857143 5 26 65 70 86 92
0.000000 0.000000 0.000000 5.732860 1.805521 -349.570688 -106.469675 0.010204 0.010204 0.001219 385.500000 1.113367 1.214304 -7.355973 -78.834429 0.010204 0.010204 0.001219 385.500000 5 26 65 70 86 97
0.000000 0.000000 0.000000 1.258286 1.063617 -222.988764 -61.619969 0.010204 0.010204 0.001219 385.500000 1.113367 1.214149 -147.716530 -70.223198 0.010204 0.010204 0.001219 385.500000 5 26 65 70 86 98
0.000000 0.000000 0.000000 4.311522 1.455544 -104.667887 -75.425866 0.010204 0.010204 0.001266 366.857143 1.113367 1.214157 -69.323544 -71.415874 0.010204 0.010204 0.001266 366.857143 5 26 65 70 87 88
0.000000 0.000000 0.000000 4.631535 1.383213 -354.289346 -68.738926 0.010204 0.010204 0.001266 366.857143 1.113367 1.214167 -8.328196 -64.329727 0.010204 0.010204 0.001266 366.857143 5 26 65 70 87 92
0.000000 0.000000 0.000000 1.450827 1.048411 -23.276727 -59.431455 0.010204 0.010204 0.001219 385.500000 1.113367 1.214159 -195.126140 -63.549269 0.010204 0.010204 0.001219 385.500000 5 26 65 70 87 97
0.000000 0.000000 0.000000 2.342235 1.138741 -50.922115 -64.287672 0.010204 0.010204 0.001219 385.500000 1.113367 1.214318 -42.342652 -75.066815 0.010204 0.010204 0.001219 385.500000 5 26 65 70 87 98
0.000000 0.000000 0.000000 1.755169 1.092021 -87.958435 -67.386433 0.010204 0.010204 0.001264 366.857143 1.113367 1.214474 -40.125024 -62.494237 0.010204 0.010204 0.001264 366.857143 5 26 65 75 77 88
0.000000 0.000000 0.000000 24.193183 3.960012 -1299.362228 -231.671140 0.010204 0.010204 0.001264 366.857143 1.113367 1.214128 -113.180806 -60.340164 0.010204 0.010204 0.001264 366.857143 5 26 65 75 77 92
0.000000 0.000000 0.000000 2.637554 1.204559 -205.156263 -59.903655 0.010204 0.010204 0.001217 385.500000 1.113367 1.214129 -20.300810 -57.666382 0.010204 0.010204 0.001217 385.500000 5 26 65 75 77 97
0.000000 0.000000 0.000000 4.323036 1.531814 -602.753252 -111.811308 0.010204 0.010204 0.001217 385.500000 1.113367 1.214119 -94.077645 -71.119498 0.010204 0.010204 0.001217 385.500000 5 26 65 75 77 98
0.000000 0.000000 0.000000 1.296673 1.086165 -192.173794 -66.486613 0.010204 0.010204 0.001264 366.857143 1.113367 1.214118 -294.251893 -71.035527 0.010204 0.010204 0.001264 366.857143 5 26 65 75 81 88
0.000000 0.000000 0.000000 1.291140 1.061867 -27.926667 -62.378367 0.010204 0.010204 0.001264 366.857143 1.113367 1.214459 -10.735953 -63.372243 0.010204 0.010204 0.001264 366.857143 5 26 65 75 81 92
0.000000 0.000000 0.000000 1.141673 1.093569 -39.637577 -58.684473 0.010204 0.010204 0.001217 385.500000 1.113367 1.214110 -81.295633 -74.351512 0.010204 0.010204 0.001217 385.500000 5 26 65 75 81 97
0.000000 0.000000 0.000000 1.197647 1.050081 -15.278443 -59.086629 0.010204 0.010204 0.001217 385.500000 1.113367 1.214119 -49.884280 -83.513140 0.010204 0.010204 0.001217 385.500000 5 26 65 75 81 98
0.000000 0.000000 0.000000 29.179375 4.127128 -1906.121451 -199.843556 0.010204 0.010204 0.001215 385.500000 1.113367 1.214288 -14.025020 -74.738857 0.010204 0.010204 0.001215 385.500000 5 26 65 75 86 88
0.000000 0.000000 0.000000 1.456794 1.051380 -119.556322 -50.353692 0.010204 0.010204 0.001215 385.500000 1.113367 1.214274 -62.700462 -69.409910 0.010204 0.010204 0.001215 385.500000 5 26 65 75 86 92
0.000000 0.000000 0.000000 16.033069 2.666274 -478.990898 -446.313636 0.010204 0.010204 0.001171 404.142857 1.113367 1.214516 -9.677733 -79.752512 0.010204 0.010204 0.001171 404.142857 5 26 65 75 86 97
0.000000 0.000000 0.000000 82.835462 10.090037 -542.880759 -763.950243 0.010204 0.010204 0.001171 404.142857 1.113367 1.214278 -289.917582 -77.447212 0.010204 0.010204 0.001171 404.142857 5 26 65 75 86 98
0.000000 0.000000 0.000000 1.603881 1.124529 -26.490021 -62.466236 0.010204 0.010204 0.001215 385.500000 1.113367 1.214112 -5.985190 -69.908439 0.010204 0.010204 0.001215 385.500000 5 26 65 75 87 88
0.000000 0.000000 0.000000 1.345101 1.047113 -177.930291 -59.139126 0.010204 0.010204 0.001215 385.500000 1.113367 1.214121 -7.437168 -73.969473 0.010204 0.010204 0.001215 385.500000 5 26 65 75 87 92
0.000000 0.000000 0.000000 1.558394 1.079011 -171.306309 -65.552446 0.010204 0.010204 0.001171 404.142857 1.113367 1.214114 -15.266317 -65.727700 0.010204 0.010204 0.001171 404.142857 5 26 65 75 87 97
0.000000 0.000000 0.000000 1.789537 1.103115 -154.346884 -60.729131 0.010204 0.010204 0.001171 404.142857 1.113367 1.214270 -114.362300 -69.284908 0.010204 0.010204 0.001171 404.142857 5 26 65 75 87 98
0.000000 0.000000 0.000000 3.092458 1.174458 -250.076870 -54.545249 0.010204 0.010204 0.001264 366.857143 1.113368 1.215720 -21.541540 -63.344702 0.010204 0.010204 0.001264 366.857143 5 26 65 76 77 88
0.000000 0.000000 0.000000 9.952710 2.404782 -456.212142 -121.617913 0.010204 0.010204 0.001264 366.857143 1.113368 1.215378 -11.675640 -77.379263 0.010204 0.010204 0.001264 366.857143 5 26 65 76 77 92
0.000000 0.000000 0.000000 2.055937 1.107149 -64.024921 -50.831277 0.010204 0.010204 0.001217 385.500000 1.113368 1.215379 -21.163895 -69.882245 0.010204 0.010204 0.001217 385.500000 5 26 65 76 77 97
0.000000 0.000000 0.000000 1.012008 1.048271 -19.883602 -62.633759 0.010204 0.010204 0.001217 385.500000 1.113368 1.215370 -81.415581 -68.648113 0.010204 0.010204 0.001217 385.500000 5 26 65 76 77 98
0.000000 0.000000 0.000000 24.496968 2.792761 -4345.397459 -186.260463 0.010204 0.010204 0.001264 366.857143 1.113368 1.215400 -245.699410 -60.574941 0.010204 0.010204 0.001264 366.857143 5 26 65 76 81 88
0.000000 0.000000 0.000000 10.922873 1.753913 -262.324007 -117.517039 0.010204 0.010204 0.001264 366.857143 1.113368 1.215749 -38.482538 -80.388730 0.010204 0.010204 0.001264 366.857143 5 26 65 76 81 92
0.000000 0.000000 0.000000 1.890704 1.077155 -83.728683 -50.320501 0.010204 0.010204 0.001217 385.500000 1.113368 1.215391 -12.898640 -66.868664 0.010204 0.010204 0.001217 385.500000 5 26 65 76 81 97
0.000000 0.000000 0.000000 15.199002 2.081026 -1874.013611 -239.193805 0.010204 0.010204 0.001217 385.500000 1.113368 1.215401 -7.913404 -57.601611 0.010204 0.010204 0.001217 385.500000 5 26 65 76 81 98
0.000000 0.000000 0.000000 1.624453 1.047894 -35.732976 -50.061156 0.010204 0.010204 0.001215 385.500000 1.113368 1.215386 -10.408037 -68.684153 0.010204 0.010204 0.001215 385.500000 5 26 65 76 86 88
0.000000 0.000000 0.000000 1.868350 1.116055 -240.540682 -56.601872 0.010204 0.010204 0.001215 385.500000 1.113368 1.215377 -38.354328 -78.335683 0.010204 0.010204 0.001215 385.500000 5 26 65 76 86 92
0.000000 0.000000 0.000000 91.217481 7.885729 -7148.925992 -1831.589349 0.010204 0.010204 0.001171 404.142857 1.113368 1.215536 -10.415342 -76.081441 0.010204 0.010204 0.001171 404.142857 5 26 65 76 86 97
0.000000 0.000000 0.000000 1.649183 1.050064 -79.632530 -63.297929 0.010204 0.010204 0.001171 404.142857 1.113368 1.215379 -9.044075 -74.088296 0.010204 0.010204 0.001171 404.142857 5 26 65 76 86 98
0.000000 0.000000 0.000000 6.003286 1.379267 -759.003228 -89.495069 0.010204 0.010204 0.001215 385.500000 1.113368 1.215780 -28.601908 -68.267254 0.010204 0.010204 0.001215 385.500000 5 26 65 76 87 88
0.000000 0.000000 0.000000 5.681867 1.353887 -174.545211 -69.304600 0.010204 0.010204 0.001215 385.500000 1.113368 1.215795 -73.427782 -79.875623 0.010204 0.010204 0.001215 385.500000 5 26 65 76 87 92
0.000000 0.000000 0.000000 5.703811 1.355570 -618.252395 -80.548146 0.010204 0.010204 0.001171 404.142857 1.113368 1.215784 -231.736690 -64.918391 0.010204 0.010204 0.001171 404.142857 5 26 65 76 87 97
0.000000 0.000000 0.000000 5.654471 1.351790 -158.740258 -87.739419 0.010204 0.010204 0.001171 404.142857 1.113368 1.216063 -41.709662 -72.787649 0.010204 0.010204 0.001171 404.142857 5 26 65 76 87 98
0.000000 0.000000 0.000000 3.513095 2.571847 -164.844010 -274.577175 0.010204 0.010204 0.001319 348.214286 1.184375 1.234748 -171.061311 -65.263435 0.010204 0.010204 0.001319 348.214286 5 30 46 66 77 88
0.000000 0.000000 0.000000 1.102192 1.094721 -95.285881 -57.706606 0.010204 0.010204 0.001319 348.214286 1.184371 1.234138 -13.102366 -70.239563 0.010204 0.010204 0.001319 348.214286 5 30 46 66 77 92
0.000000 0.000000 0.000000 1.074235 1.048120 -130.893704 -48.539878 0.010204 0.010204 0.001268 366.857143 1.184371 1.234142 -36.767515 -59.378008 0.010204 0.010204 0.001268 366.857143 5 30 46 66 77 97
0.000000 0.000000 0.000000 1.000095 1.096462 -5.471434 -77.366839 0.010204 0.010204 0.001268 366.857143 1.184371 1.234124 -132.081357 -66.557410 0.010204 0.010204 0.001268 366.857143 5 30 46 66 77 98
0.000000 0.000000 0.000000 1.001417 1.057355 -0.124987 -40.690819 0.010204 0.010204 0.001319 348.214286 1.184349 1.233378 -11.408946 -70.152819 0.010204 0.010204 0.001319 348.214286 5 30 46 66 81 88
0.000000 0.000000 0.000000 1.095314 1.138820 -10.305886 -65.852371 0.010204 0.010204 0.001319 348.214286 1.184349 1.233725 -21.539860 -73.050480 0.010204 0.010204 0.001319 348.214286 5 30 46 66 81 92
0.000000 0.000000 0.000000 1.000070 1.065723 -91.650976 -42.859286 0.010204 0.010204 0.001268 366.857143 1.184349 1.233370 -11.307129 -71.354214 0.010204 0.010204 0.001268 366.857143 5 30 46 66 81 97
0.000000 0.000000 0.000000 1.004065 1.047219 -5.307118 -75.213743 0.010204 0.010204 0.001268 366.857143 1.184349 1.233380 -58.035654 -74.041597 0.010204 0.010204 0.001268 366.857143 5 30 46 66 81 98
0.000000 0.000000 0.000000 1.022120 1.064115 -5.000611 -58.599094 0.010204 0.010204 0.001266 366.857143 1.184349 1.233386 -15.304883 -70.979708 0.010204 0.010204 0.001266 366.857143 5 30 46 66 86 88
0.000000 0.000000 0.000000 1.000085 1.065580 -0.019007 -69.410057 0.010204 0.010204 0.001266 366.857143 1.184349 1.233376 -46.843725 -76.666377 0.010204 0.010204 0.001266 366.857143 5 30 46 66 86 92
0.000000 0.000000 0.000000 1.063091 1.047520 -163.420634 -69.897169 0.010204 0.010204 0.001219 385.500000 1.184349 1.233540 -31.248016 -76.906778 0.010204 0.010204 0.001219 385.500000 5 30 46 66 86 97
0.000000 0.000000 0.000000 1.015084 1.228649 -174.156738 -76.324728 0.010204 0.010204 0.001219 385.500000 1.184349 1.233378 -16.620800 -66.230531 0.010204 0.010204 0.001219 385.500000 5 30 46 66 86 98
0.000000 0.000000 0.000000 1.000087 1.186734 -133.371630 -78.493150 0.010204 0.010204 0.001266 366.857143 1.184349 1.233352 -36.323122 -61.918800 0.010204 0.010204 0.001266 366.857143 5 30 46 66 87 88
0.000000 0.000000 0.000000 1.000873 1.208693 -0.087782 -58.890250 0.010204 0.010204 0.001266 366.857143 1.184349 1.233362 -159.454338 -70.479675 0.010204 0.010204 0.001266 366.857143 5 30 46 66 87 92
0.000000 0.000000 0.000000 1.000179 1.069225 -14.673721 -60.484438 0.010204 0.010204 0.001219 385.500000 1.184349 1.233354 -57.842359 -82.625604 0.010204 0.010204 0.001219 385.500000 5 30 46 66 87 97
0.000000 0.000000 0.000000 1.001049 1.087319 -2.854067 -73.830435 0.010204 0.010204 0.001219 385.500000 1.184349 1.233510 -58.959680 -68.064713 0.010204 0.010204 0.001219 385.500000 5 30 46 66 87 98
0.000000 0.000000 0.000000 1.034243 1.169592 -13.950790 -66.740481 0.010204 0.010204 0.001319 348.214286 1.184214 1.232144 -13.596952 -60.824362 0.010204 0.010204 0.001319 348.214286 5 30 46 70 77 88
0.000000 0.000000 0.000000 3.773173 26.376486 -295.124773 -2499.801872 0.010204 0.010204 0.001319 348.214286 1.184214 1.231800 -19.822782 -75.262998 0.010204 0.010204 0.001319 348.214286 5 30 46 70 77 92
0.000000 0.000000 0.000000 1.019951 1.138040 -60.899038 -70.892460 0.010204 0.010204 0.001268 366.857143 1.184214 1.231801 -22.089880 -71.912806 0.010204 0.010204 0.001268 366.857143 5 30 46 70 77 97
0.000000 0.000000 0.000000 1.001773 1.073962 -2.286434 -66.977535 0.010204 0.010204 0.001268 366.857143 1.184214 1.231791 -110.834013 -75.485566 0.010204 0.010204 0.001268 366.857143 5 30 46 70 77 98
0.000000 0.000000 0.000000 1.049216 1.111635 -41.877755 -69.831347 0.010204 0.010204 0.001319 348.214286 1.184215 1.232157 -29.987940 -78.104233 0.010204 0.010204 0.001319 348.214286 5 30 46 70 81 88
0.000000 0.000000 0.000000 1.029182 1.063224 -3.877115 -51.183527 0.010204 0.010204 0.001319 348.214286 1.184215 1.232678 -169.810992 -86.724439 0.010204 0.010204 0.001319 348.214286 5 30 46 70 81 92
0.000000 0.000000 0.000000 1.003197 1.095191 -34.373655 -44.509634 0.010204 0.010204 0.001268 366.857143 1.184215 1.232144 -10.668558 -62.106853 0.010204 0.010204 0.001268 366.857143 5 30 46 70 81 97
0.000000 0.000000 0.000000 1.035838 1.079091 -24.409973 -68.830030 0.010204 0.010204 0.001268 366.857143 1.184215 1.232160 -17.211966 -70.364401 0.010204 0.010204 0.001268 366.857143 5 30 46 70 81 98
0.000000 0.000000 0.000000 1.002966 1.083898 -26.214235 -49.260363 0.010204 0.010204 0.001266 366.857143 1.184214 1.231792 -23.164836 -58.940596 0.010204 0.010204 0.001266 366.857143 5 30 46 70 86 88
0.000000 0.000000 0.000000 1.001394 1.153480 -96.742764 -67.202513 0.010204 0.010204 0.001266 366.857143 1.184214 1.231783 -56.015022 -71.926656 0.010204 0.010204 0.001266 366.857143 5 30 46 70 86 92
0.000000 0.000000 0.000000 1.019865 1.372338 -105.769826 -70.911425 0.010204 0.010204 0.001219 385.500000 1.184214 1.231939 -88.418934 -73.220241 0.010204 0.010204 0.001219 385.500000 5 30 46 70 86 97
0.000000 0.000000 0.000000 1.001774 1.064352 -0.088391 -65.370423 0.010204 0.010204 0.001219 385.500000 1.184214 1.231785 -22.751257 -66.815858 0.010204 0.010204 0.001219 385.500000 5 30 46 70 86 98
0.000000 0.000000 0.000000 1.003785 1.117392 -0.225007 -57.463624 0.010204 0.010204 0.001266 366.857143 1.184214 1.231793 -160.618584 -67.579187 0.010204 0.010204 0.001266 366.857143 5 30 46 70 87 88
0.000000 0.000000 0.000000 1.076879 1.346683 -116.511677 -79.094390 0.010204 0.010204 0.001266 366.857143 1.184214 1.231802 -105.841122 -69.393693 0.010204 0.010204 0.001266 366.857143 5 30 46 70 87 92
0.000000 0.000000 0.000000 1.018729 1.104609 -36.916223 -51.907026 0.010204 0.010204 0.001219 385.500000 1.184214 1.231795 -101.233603 -78.378498 0.010204 0.010204 0.001219 385.500000 5 30 46 70 87 97
0.000000 0.000000 0.000000 1.071776 1.252892 -17.116200 -64.624612 0.010204 0.010204 0.001219 385.500000 1.184214 1.231953 -183.602223 -76.657869 0.010204 0.010204 0.001219 385.500000 5 30 46 70 87 98
0.000000 0.000000 0.000000 1.092936 1.222948 -186.277523 -104.086864 0.010204 0.010204 0.001264 366.857143 1.184216 1.232166 -49.440004 -62.829887 0.010204 0.010204 0.001264 366.857143 5 30 46 75 77 88
0.000000 0.000000 0.000000 1.148899 1.760417 -21.550321 -150.732065 0.010204 0.010204 0.001264 366.857143 1.184216 1.231819 -20.385763 -82.247843 0.010204 0.010204 0.001264 366.857143 5 30 46 75 77 92
0.000000 0.000000 0.000000 1.022650 1.078293 -2.128500 -60.185156 0.010204 0.010204 0.001217 385.500000 1.184216 1.231820 -44.931268 -74.231926 0.010204 0.010204 0.001217 385.500000 5 30 46 75 77 97
0.000000 0.000000 0.000000 1.001260 1.062140 -157.505715 -73.593404 0.010204 0.010204 0.001217 385.500000 1.184216 1.231811 -59.227312 -70.524261 0.010204 0.010204 0.001217 385.500000 5 30 46 75 77 98
0.000000 0.000000 0.000000 1.001141 1.049921 -0.746965 -68.436236 0.010204 0.010204 0.001264 366.857143 1.184216 1.231809 -13.749936 -71.304469 0.010204 0.010204 0.001264 366.857143 5 30 46 75 81 88
0.000000 0.000000 0.000000 1.002762 1.050624 -154.458309 -70.500869 0.010204 0.010204 0.001264 366.857143 1.184216 1.232150 -214.784119 -71.426425 0.010204 0.010204 0.001264 366.857143 5 30 46 75 81 92
0.000000 0.000000 0.000000 1.012588 2.970182 -0.474731 -122.288326 0.010204 0.010204 0.001217 385.500000 1.184216 1.231801 -9.977234 -76.740246 0.010204 0.010204 0.001217 385.500000 5 30 46 75 81 97
0.000000 0.000000 0.000000 1.003527 1.110690 -41.933437 -79.146970 0.010204 0.010204 0.001217 385.500000 1.184216 1.231810 -233.596470 -73.392462 0.010204 0.010204 0.001217 385.500000 5 30 46 75 81 98
0.000000 0.000000 0.000000 1.193945 1.285386 -25.956309 -92.973282 0.010204 0.010204 0.001215 385.500000 1.184217 1.231984 -155.952204 -79.114599 0.010204 0.010204 0.001215 385.500000 5 30 46 75 86 88
0.000000 0.000000 0.000000 1.003286 1.367883 -23.812441 -46.033251 0.010204 0.010204 0.001215 385.500000 1.184217 1.231970 -118.005007 -77.568139 0.010204 0.010204 0.001215 385.500000 5 30 46 75 86 92
0.000000 0.000000 0.000000 1.103652 1.149034 -4.255884 -60.912085 0.010204 0.010204 0.001171 404.142857 1.184217 1.232213 -21.703828 -65.633152 0.010204 0.010204 0.001171 404.142857 5 30 46 75 86 97
0.000000 0.000000 0.000000 1.030969 1.047543 -57.519136 -65.954324 0.010204 0.010204 0.001171 404.142857 1.184217 1.231974 -60.119301 -78.638435 0.010204 0.010204 0.001171 404.142857 5 30 46 75 86 98
0.000000 0.000000 0.000000 1.001619 1.099459 -3.788538 -69.396239 0.010204 0.010204 0.001215 385.500000 1.184216 1.231803 -105.413096 -72.556525 0.010204 0.010204 0.001215 385.500000 5 30 46 75 87 88
0.000000 0.000000 0.000000 1.009093 1.050794 -1.304254 -62.223167 0.010204 0.010204 0.001215 385.500000 1.184216 1.231813 -126.661105 -63.844587 0.010204 0.010204 0.001215 385.500000 5 30 46 75 87 92
0.000000 0.000000 0.000000 1.082334 1.673873 -43.440614 -90.397341 0.010204 0.010204 0.001171 404.142857 1.184216 1.231805 -24.276947 -68.774454 0.010204 0.010204 0.001171 404.142857 5 30 46 75 87 97
0.000000 0.000000 0.000000 1.021273 1.072659 -121.204532 -72.050357 0.010204 0.010204 0.001171 404.142857 1.184216 1.231961 -12.486116 -65.205483 0.010204 0.010204 0.001171 404.142857 5 30 46 75 87 98
0.000000 0.000000 0.000000 1.004098 1.111893 -0.621289 -63.996681 0.010204 0.010204 0.001264 366.857143 1.184211 1.232095 -8.547327 -65.622474 0.010204 0.010204 0.001264 366.857143 5 30 46 76 77 88
0.000000 0.000000 0.000000 1.001236 1.046469 -97.906230 -55.961723 0.010204 0.010204 0.001264 366.857143 1.184211 1.231755 -18.922360 -72.026938 0.010204 0.010204 0.001264 366.857143 5 30 46 76 77 92
0.000000 0.000000 0.000000 1.001862 1.061554 -41.172644 -68.538164 0.010204 0.010204 0.001217 385.500000 1.184211 1.231756 -279.668097 -64.503928 0.010204 0.010204 0.001217 385.500000 5 30 46 76 77 97
0.000000 0.000000 0.000000 1.001818 1.126490 -24.168875 -86.941871 0.010204 0.010204 0.001217 385.500000 1.184211 1.231746 -24.067199 -85.523515 0.010204 0.010204 0.001217 385.500000 5 30 46 76 77 98
0.000000 0.000000 0.000000 1.005012 1.055373 -13.764475 -48.877662 0.010204 0.010204 0.001264 366.857143 1.184211 1.231764 -79.313006 -77.407103 0.010204 0.010204 0.001264 366.857143 5 30 46 76 81 88
0.000000 0.000000 0.000000 1.007266 1.068221 -0.367169 -54.869243 0.010204 0.010204 0.001264 366.857143 1.184211 1.232111 -9.417569 -66.658952 0.010204 0.010204 0.001264 366.857143 5 30 46 76 81 92
0.000000 0.000000 0.000000 1.006239 1.118816 -0.305647 -51.325148 0.010204 0.010204 0.001217 385.500000 1.184211 1.231756 -12.414997 -67.146311 0.010204 0.010204 0.001217 385.500000 5 30 46 76 81 97
0.000000 0.000000 0.000000 1.007147 1.073395 -0.959681 -69.902230 0.010204 0.010204 0.001217 385.500000 1.184211 1.231765 -119.327126 -78.708439 0.010204 0.010204 0.001217 385.500000 5 30 46 76 81 98
0.000000 0.000000 0.000000 1.004264 1.055692 -111.367488 -71.326265 0.010204 0.010204 0.001215 385.500000 1.184211 1.231758 -15.400524 -71.604108 0.010204 0.010204 0.001215 385.500000 5 30 46 76 86 88
0.000000 0.000000 0.000000 1.015970 1.419834 -160.937609 -80.365491 0.010204 0.010204 0.001215 385.500000 1.184211 1.231748 -105.680467 -72.870213 0.010204 0.010204 0.001215 385.500000 5 30 46 76 86 92
0.000000 0.000000 0.000000 1.012782 1.147550 -101.793485 -75.898492 0.010204 0.010204 0.001171 404.142857 1.184211 1.231907 -177.527038 -77.991982 0.010204 0.010204 0.001171 404.142857 5 30 46 76 86 97
0.000000 0.000000 0.000000 1.004149 1.059254 -0.392264 -67.417936 0.010204 0.010204 0.001171 404.142857 1.184211 1.231750 -38.396821 -62.052208 0.010204 0.010204 0.001171 404.142857 5 30 46 76 86 98
0.000000 0.000000 0.000000 1.012103 1.088527 -2.656402 -68.540367 0.010204 0.010204 0.001215 385.500000 1.184211 1.231906 -27.010486 -69.968498 0.010204 0.010204 0.001215 385.500000 5 30 46 76 87 88
0.000000 0.000000 0.000000 1.024472 1.160812 -75.748950 -63.183460 0.010204 0.010204 0.001215 385.500000 1.184211 1.231920 -72.849896 -74.358344 0.010204 0.010204 0.001215 385.500000 5 30 46 76 87 92
0.000000 0.000000 0.000000 1.030248 1.199910 -6.348992 -79.634376 0.010204 0.010204 0.001171 404.142857 1.184211 1.231910 -126.294094 -70.495308 0.010204 0.010204 0.001171 404.142857 5 30 46 76 87 97
0.000000 0.000000 0.000000 1.019689 1.128512 -52.127867 -57.355422 0.010204 0.010204 0.001171 404.142857 1.184211 1.232147 -23.348534 -63.138169 0.010204 0.010204 0.001171 404.142857 5 30 46 76 87 98
0.000000 0.000000 0.000000 1.023855 1.358316 -36.264530 -126.687549 0.010204 0.010204 0.001319 348.214286 1.209050 1.242766 -23.268515 -70.318783 0.010204 0.010204 0.001319 348.214286 5 30 50 66 77 88
0.000000 0.000000 0.000000 1.001962 1.063874 -0.908827 -53.807688 0.010204 0.010204 0.001319 348.214286 1.209046 1.242241 -281.410414 -82.850332 0.010204 0.010204 0.001319 348.214286 5 30 50 66 77 92
0.000000 0.000000 0.000000 1.017587 1.323166 -40.323971 -75.210248 0.010204 0.010204 0.001268 366.857143 1.209046 1.242245 -38.605588 -78.346632 0.010204 0.010204 0.001268 366.857143 5 30 50 66 77 97
0.000000 0.000000 0.000000 1.000086 1.413188 -147.962231 -65.892204 0.010204 0.010204 0.001268 366.857143 1.209046 1.242229 -36.543030 -75.977521 0.010204 0.010204 0.001268 366.857143 5 30 50 66 77 98
0.000000 0.000000 0.000000 1.000329 1.100962 -68.820122 -76.204798 0.010204 0.010204 0.001319 348.214286 1.209019 1.241870 -32.993872 -66.034853 0.010204 0.010204 0.001319 348.214286 5 30 50 66 81 88
0.000000 0.000000 0.000000 1.000569 1.058606 -153.964241 -60.283832 0.010204 0.010204 0.001319 348.214286 1.209020 1.242215 -21.507386 -87.569460 0.010204 0.010204 0.001319 348.214286 5 30 50 66 81 92
0.000000 0.000000 0.000000 1.000066 1.113970 -205.517611 -48.178636 0.010204 0.010204 0.001268 366.857143 1.209019 1.241862 -11.182520 -66.108647 0.010204 0.010204 0.001268 366.857143 5 30 50 66 81 97
0.000000 0.000000 0.000000 1.000745 1.147330 -70.815447 -85.700742 0.010204 0.010204 0.001268 366.857143 1.209019 1.241871 -21.398629 -75.545850 0.010204 0.010204 0.001268 366.857143 5 30 50 66 81 98
0.000000 0.000000 0.000000 1.001154 1.124175 -0.332309 -54.993501 0.010204 0.010204 0.001266 366.857143 1.209020 1.241873 -143.057253 -70.480321 0.010204 0.010204 0.001266 366.857143 5 30 50 66 86 88
0.000000 0.000000 0.000000 1.000120 1.176386 -0.008814 -63.542248 0.010204 0.010204 0.001266 366.857143 1.209020 1.241863 -17.373794 -73.057538 0.010204 0.010204 0.001266 366.857143 5 30 50 66 86 92
0.000000 0.000000 0.000000 1.002219 1.122317 -0.162541 -65.265121 0.010204 0.010204 0.001219 385.500000 1.209020 1.242024 -6.054626 -70.513576 0.010204 0.010204 0.001219 385.500000 5 30 50 66 86 97
0.000000 0.000000 0.000000 1.000316 1.052871 -23.149433 -66.520445 0.010204 0.010204 0.001219 385.500000 1.209020 1.241865 -22.076439 -64.367271 0.010204 0.010204 0.001219 385.500000 5 30 50 66 86 98
0.000000 0.000000 0.000000 1.000021 1.078362 -0.005356 -62.587174 0.010204 0.010204 0.001266 366.857143 1.209019 1.241853 -35.916846 -78.231062 0.010204 0.010204 0.001266 366.857143 5 30 50 66 87 88
0.000000 0.000000 0.000000 1.000066 1.060918 -131.117731 -76.743493 0.010204 0.010204 0.001266 366.857143 1.209019 1.241862 -31.523364 -75.098933 0.010204 0.010204 0.001266 366.857143 5 30 50 66 87 92
0.000000 0.000000 0.000000 1.000093 1.112157 -39.874264 -56.754396 0.010204 0.010204 0.001219 385.500000 1.209019 1.241855 -76.858887 -74.001813 0.010204 0.010204 0.001219 385.500000 5 30 50 66 87 97
0.000000 0.000000 0.000000 1.000211 1.119955 -0.070092 -72.372440 0.010204 0.010204 0.001219 385.500000 1.209019 1.242009 -117.017778 -69.854601 0.010204 0.010204 0.001219 385.500000 5 30 50 66 87 98
0.000000 0.000000 0.000000 1.001012 1.157526 -57.356904 -56.653184 0.010204 0.010204 0.001319 348.214286 1.214965 1.246825 -130.384855 -75.989141 0.010204 0.010204 0.001319 348.214286 5 30 50 70 77 88
0.000000 0.000000 0.000000 1.000078 1.304577 -0.057942 -72.471450 0.010204 0.010204 0.001319 348.214286 1.214960 1.246475 -122.996847 -67.631446 0.010204 0.010204 0.001319 348.214286 5 30 50 70 77 92
0.000000 0.000000 0.000000 1.000084 1.066143 -0.016942 -51.326787 0.010204 0.010204 0.001268 366.857143 1.214960 1.246476 -27.727548 -67.796119 0.010204 0.010204 0.001268 366.857143 5 30 50 70 77 97
0.000000 0.000000 0.000000 1.000001 1.060417 -2.273304 -78.774937 0.010204 0.010204 0.001268 366.857143 1.214960 1.246467 -21.834849 -72.131894 0.010204 0.010204 0.001268 366.857143 5 30 50 70 77 98
0.000000 0.000000 0.000000 1.000761 1.264917 -0.135139 -76.357449 0.010204 0.010204 0.001319 348.214286 1.216004 1.247832 -28.857762 -68.325118 0.010204 0.010204 0.001319 348.214286 5 30 50 70 81 88
0.000000 0.000000 0.000000 1.216176 1.248551 -24.671827 -69.948838 0.010204 0.010204 0.001319 348.214286 1.216176 1.248551 -24.671827 -69.948838 0.010204 0.010204 0.001319 348.214286 5 30 50 70 81 92
0.000000 0.000000 0.000000 1.000003 1.095135 -30.708052 -31.880630 0.010204 0.010204 0.001268 366.857143 1.216000 1.247816 -38.002177 -66.802054 0.010204 0.010204 0.001268 366.857143 5 30 50 70 81 97
0.000000 0.000000 0.000000 1.006510 1.767226 -47.227782 -128.510012 0.010204 0.010204 0.001268 366.857143 1.216006 1.247838 -94.570860 -63.088377 0.010204 0.010204 0.001268 366.857143 5 30 50 70 81 98
0.000000 0.000000 0.000000 1.000009 1.111336 -0.029212 -46.059397 0.010204 0.010204 0.001266 366.857143 1.214936 1.246445 -55.856584 -78.242250 0.010204 0.010204 0.001266 366.857143 5 30 50 70 86 88
0.000000 0.000000 0.000000 1.000002 1.154990 -194.980753 -67.722085 0.010204 0.010204 0.001266 366.857143 1.214936 1.246435 -66.057049 -69.340927 0.010204 0.010204 0.001266 366.857143 5 30 50 70 86 92
0.000000 0.000000 0.000000 1.000011 1.050299 -0.081706 -68.198798 0.010204 0.010204 0.001219 385.500000 1.214937 1.246594 -15.181830 -74.491375 0.010204 0.010204 0.001219 385.500000 5 30 50 70 86 97
0.000000 0.000000 0.000000 1.000003 1.056075 -1.742418 -77.454338 0.010204 0.010204 0.001219 385.500000 1.214936 1.246437 -60.228918 -67.301303 0.010204 0.010204 0.001219 385.500000 5 30 50 70 86 98
0.000000 0.000000 0.000000 1.000002 1.060848 -87.790820 -58.073067 0.010204 0.010204 0.001266 366.857143 1.214975 1.246481 -20.143932 -73.898285 0.010204 0.010204 0.001266 366.857143 5 30 50 70 87 88
0.000000 0.000000 0.000000 1.000391 1.138553 -1.118187 -58.602032 0.010204 0.010204 0.001266 366.857143 1.214975 1.246491 -104.552571 -69.168345 0.010204 0.010204 0.001266 366.857143 5 30 50 70 87 92
0.000000 0.000000 0.000000 1.000086 1.060482 -0.010688 -49.327973 0.010204 0.010204 0.001219 385.500000 1.214975 1.246484 -159.996616 -74.320027 0.010204 0.010204 0.001219 385.500000 5 30 50 70 87 97
0.000000 0.000000 0.000000 1.012591 1.646910 -3.315551 -148.210831 0.010204 0.010204 0.001219 385.500000 1.214980 1.246648 -42.640695 -70.844556 0.010204 0.010204 0.001219 385.500000 5 30 50 70 87 98
0.000000 0.000000 0.000000 1.001002 1.161468 -0.326143 -69.609830 0.010204 0.010204 0.001264 366.857143 1.208890 1.242117 -22.993034 -69.365464 0.010204 0.010204 0.001264 366.857143 5 30 50 75 77 88
0.000000 0.000000 0.000000 1.000217 1.048300 -0.102762 -72.973412 0.010204 0.010204 0.001264 366.857143 1.208890 1.241771 -17.640717 -65.952541 0.010204 0.010204 0.001264 366.857143 5 30 50 75 77 92
0.000000 0.000000 0.000000 1.000603 1.116062 -2.199783 -60.140720 0.010204 0.010204 0.001217 385.500000 1.208890 1.241772 -144.599774 -63.925879 0.010204 0.010204 0.001217 385.500000 5 30 50 75 77 97
0.000000 0.000000 0.000000 1.000093 1.052706 -252.476972 -60.245738 0.010204 0.010204 0.001217 385.500000 1.208890 1.241762 -65.192742 -70.313227 0.010204 0.010204 0.001217 385.500000 5 30 50 75 77 98
0.000000 0.000000 0.000000 1.000101 1.100670 -0.096086 -48.961806 0.010204 0.010204 0.001264 366.857143 1.208889 1.241761 -34.464590 -54.977808 0.010204 0.010204 0.001264 366.857143 5 30 50 75 81 88
0.000000 0.000000 0.000000 1.000817 1.542040 -131.664431 -66.944687 0.010204 0.010204 0.001264 366.857143 1.208889 1.242101 -22.773844 -69.414549 0.010204 0.010204 0.001264 366.857143 5 30 50 75 81 92
0.000000 0.000000 0.000000 1.000084 1.170208 -2.943384 -68.760512 0.010204 0.010204 0.001217 385.500000 1.208889 1.241752 -200.114428 -83.890107 0.010204 0.010204 0.001217 385.500000 5 30 50 75 81 97
0.000000 0.000000 0.000000 1.000081 1.068626 -0.026380 -66.438301 0.010204 0.010204 0.001217 385.500000 1.208889 1.241762 -112.193170 -78.553250 0.010204 0.010204 0.001217 385.500000 5 30 50 75 81 98
0.000000 0.000000 0.000000 1.000774 1.067860 -0.134144 -65.041060 0.010204 0.010204 0.001215 385.500000 1.208897 1.241930 -29.443436 -63.382779 0.010204 0.010204 0.001215 385.500000 5 30 50 75 86 88
0.000000 0.000000 0.000000 1.000288 1.058387 -0.106756 -68.352277 0.010204 0.010204 0.001215 385.500000 1.208897 1.241916 -113.462677 -70.496285 0.010204 0.010204 0.001215 385.500000 5 30 50 75 86 92
0.000000 0.000000 0.000000 1.000620 1.053269 -0.061789 -73.662386 0.010204 0.010204 0.001171 404.142857 1.208898 1.242158 -11.619094 -67.191334 0.010204 0.010204 0.001171 404.142857 5 30 50 75 86 97
0.000000 0.000000 0.000000 1.000993 1.088716 -45.245981 -60.854195 0.010204 0.010204 0.001171 404.142857 1.208897 1.241920 -39.317649 -85.866352 0.010204 0.010204 0.001171 404.142857 5 30 50 75 86 98
0.000000 0.000000 0.000000 1.000078 1.060768 -0.001334 -50.629190 0.010204 0.010204 0.001215 385.500000 1.208890 1.241755 -16.602714 -66.742892 0.010204 0.010204 0.001215 385.500000 5 30 50 75 87 88
0.000000 0.000000 0.000000 1.000740 1.201137 -14.435414 -57.492814 0.010204 0.010204 0.001215 385.500000 1.208890 1.241764 -237.687469 -75.540780 0.010204 0.010204 0.001215 385.500000 5 30 50 75 87 92
0.000000 0.000000 0.000000 1.000262 1.082878 -50.404933 -67.066080 0.010204 0.010204 0.001171 404.142857 1.208890 1.241757 -101.224048 -67.134656 0.010204 0.010204 0.001171 404.142857 5 30 50 75 87 97
0.000000 0.000000 0.000000 1.000322 1.070489 -48.365628 -77.266523 0.010204 0.010204 0.001171 404.142857 1.208890 1.241913 -34.039502 -73.582156 0.010204 0.010204 0.001171 404.142857 5 30 50 75 87 98
0.000000 0.000000 0.000000 1.000235 1.150543 -0.051009 -68.653152 0.010204 0.010204 0.001264 366.857143 1.209101 1.242259 -102.417210 -67.764003 0.010204 0.010204 0.001264 366.857143 5 30 50 76 77 88
0.000000 0.000000 0.000000 1.000035 1.056959 -0.029272 -49.016871 0.010204 0.010204 0.001264 366.857143 1.209101 1.241919 -25.178666 -63.273052 0.010204 0.010204 0.001264 366.857143 5 30 50 76 77 92
0.000000 0.000000 0.000000 1.000051 1.058444 -0.614702 -63.024472 0.010204 0.010204 0.001217 385.500000 1.209101 1.241920 -27.644152 -79.730393 0.010204 0.010204 0.001217 385.500000 5 30 50 76 77 97
0.000000 0.000000 0.000000 1.000010 1.054491 -319.218046 -77.994003 0.010204 0.010204 0.001217 385.500000 1.209101 1.241910 -45.585972 -72.347386 0.010204 0.010204 0.001217 385.500000 5 30 50 76 77 98
0.000000 0.000000 0.000000 1.000371 1.083518 -57.814833 -65.221808 0.010204 0.010204 0.001264 366.857143 1.209103 1.241930 -14.883546 -61.969823 0.010204 0.010204 0.001264 366.857143 5 30 50 76 81 88
0.000000 0.000000 0.000000 1.001537 1.053533 -3.672976 -63.031405 0.010204 0.010204 0.001264 366.857143 1.209103 1.242276 -19.816000 -77.580238 0.010204 0.010204 0.001264 366.857143 5 30 50 76 81 92
0.000000 0.000000 0.000000 1.000023 1.058137 -0.962359 -46.982035 0.010204 0.010204 0.001217 385.500000 1.209103 1.241921 -14.239362 -73.739392 0.010204 0.010204 0.001217 385.500000 5 30 50 76 81 97
0.000000 0.000000 0.000000 1.000607 1.064063 -0.807458 -65.055197 0.010204 0.010204 0.001217 385.500000 1.209103 1.241931 -17.553170 -74.495074 0.010204 0.010204 0.001217 385.500000 5 30 50 76 81 98
0.000000 0.000000 0.000000 1.000252 1.049495 -0.032193 -55.515104 0.010204 0.010204 0.001215 385.500000 1.209102 1.241923 -44.278851 -67.314151 0.010204 0.010204 0.001215 385.500000 5 30 50 76 86 88
0.000000 0.000000 0.000000 1.000031 1.085668 -0.065623 -58.151979 0.010204 0.010204 0.001215 385.500000 1.209102 1.241913 -142.078607 -76.271834 0.010204 0.010204 0.001215 385.500000 5 30 50 76 86 92
0.000000 0.000000 0.000000 1.002105 1.163378 -31.083881 -82.149768 0.010204 0.010204 0.001171 404.142857 1.209102 1.242071 -23.405621 -80.349136 0.010204 0.010204 0.001171 404.142857 5 30 50 76 86 97
0.000000 0.000000 0.000000 1.000292 1.100737 -0.740915 -73.631427 0.010204 0.010204 0.001171 404.142857 1.209102 1.241915 -82.469815 -78.019066 0.010204 0.010204 0.001171 404.142857 5 30 50 76 86 98
0.000000 0.000000 0.000000 1.000015 1.145049 -30.813088 -56.815407 0.010204 0.010204 0.001215 385.500000 1.209132 1.242096 -188.250332 -69.594500 0.010204 0.010204 0.001215 385.500000 5 30 50 76 87 88
0.000000 0.000000 0.000000 1.005749 1.056312 -0.914312 -56.419510 0.010204 0.010204 0.001215 385.500000 1.209132 1.242109 -23.417682 -75.475491 0.010204 0.010204 0.001215 385.500000 5 30 50 76 87 92
0.000000 0.000000 0.000000 1.002121 1.105004 -240.869313 -56.557170 0.010204 0.010204 0.001171 404.142857 1.209132 1.242099 -30.460379 -67.137634 0.010204 0.010204 0.001171 404.142857 5 30 50 76 87 97
0.000000 0.000000 0.000000 1.014421 1.069310 -3.333350 -58.667085 0.010204 0.010204 0.001171 404.142857 1.209135 1.242340 -74.509991 -68.761666 0.010204 0.010204 0.001171 404.142857 5 30 50 76 87 98
0.000000 0.000000 0.000000 1.029594 1.062737 -2.830086 -58.057253 0.010204 0.010204 0.001319 348.214286 1.183734 1.232522 -22.901664 -72.796560 0.010204 0.010204 0.001319 348.214286 5 30 61 66 77 88
0.000000 0.000000 0.000000 1.031562 1.067234 -110.287728 -63.965859 0.010204 0.010204 0.001319 348.214286 1.183733 1.231998 -19.130399 -70.624041 0.010204 0.010204 0.001319 348.214286 5 30 61 66 77 92
0.000000 0.000000 0.000000 1.030609 1.065045 -11.121817 -56.858493 0.010204 0.010204 0.001268 366.857143 1.183733 1.232002 -12.398781 -77.225750 0.010204 0.010204 0.001268 366.857143 5 30 61 66 77 97
0.000000 0.000000 0.000000 1.058103 1.132478 -48.369851 -73.863346 0.010204 0.010204 0.001268 366.857143 1.183733 1.231986 -53.936163 -82.564415 0.010204 0.010204 0.001268 366.857143 5 30 61 66 77 98
0.000000 0.000000 0.000000 1.020189 1.066010 -41.737473 -54.608356 0.010204 0.010204 0.001319 348.214286 1.183733 1.231635 -78.738109 -67.517906 0.010204 0.010204 0.001319 348.214286 5 30 61 66 81 88
0.000000 0.000000 0.000000 1.042420 1.114873 -98.740229 -68.353051 0.010204 0.010204 0.001319 348.214286 1.183733 1.231980 -260.468650 -61.176259 0.010204 0.010204 0.001319 348.214286 5 30 61 66 81 92
0.000000 0.000000 0.000000 1.008700 1.074820 -0.388249 -40.786509 0.010204 0.010204 0.001268 366.857143 1.183733 1.231626 -22.200061 -77.562184 0.010204 0.010204 0.001268 366.857143 5 30 61 66 81 97
0.000000 0.000000 0.000000 1.031568 1.094102 -3.673082 -63.782637 0.010204 0.010204 0.001268 366.857143 1.183733 1.231636 -58.773098 -68.992143 0.010204 0.010204 0.001268 366.857143 5 30 61 66 81 98
0.000000 0.000000 0.000000 1.051275 1.130796 -4.611114 -82.369013 0.010204 0.010204 0.001266 366.857143 1.183733 1.231637 -25.513854 -75.207889 0.010204 0.010204 0.001266 366.857143 5 30 61 66 86 88
0.000000 0.000000 0.000000 1.186031 2.036869 -112.477626 -109.298524 0.010204 0.010204 0.001266 366.857143 1.183733 1.231628 -7.569522 -85.445921 0.010204 0.010204 0.001266 366.857143 5 30 61 66 86 92
0.000000 0.000000 0.000000 1.021882 1.053014 -136.993870 -57.820020 0.010204 0.010204 0.001219 385.500000 1.183733 1.231789 -15.495619 -70.006287 0.010204 0.010204 0.001219 385.500000 5 30 61 66 86 97
0.000000 0.000000 0.000000 1.018066 1.048280 -51.316689 -75.926281 0.010204 0.010204 0.001219 385.500000 1.183733 1.231630 -29.170721 -74.002237 0.010204 0.010204 0.001219 385.500000 5 30 61 66 86 98
0.000000 0.000000 0.000000 1.002396 1.076069 -300.002429 -71.902860 0.010204 0.010204 0.001266 366.857143 1.183733 1.231618 -10.678542 -61.774943 0.010204 0.010204 0.001266 366.857143 5 30 61 66 87 88
0.000000 0.000000 0.000000 1.016850 1.131215 -11.868834 -48.310804 0.010204 0.010204 0.001266 366.857143 1.183733 1.231627 -343.775054 -79.545644 0.010204 0.010204 0.001266 366.857143 5 30 61 66 87 92
0.000000 0.000000 0.000000 1.018845 1.183243 -48.040903 -71.458129 0.010204 0.010204 0.001219 385.500000 1.183733 1.231620 -19.422506 -59.673118 0.010204 0.010204 0.001219 385.500000 5 30 61 66 87 97
0.000000 0.000000 0.000000 1.021471 1.121763 -3.793529 -55.135395 0.010204 0.010204 0.001219 385.500000 1.183733 1.231774 -20.953820 -73.215986 0.010204 0.010204 0.001219 385.500000 5 30 61 66 87 98
0.000000 0.000000 0.000000 1.111162 1.804005 -7.134097 -83.270516 0.010204 0.010204 0.001319 348.214286 1.183731 1.231917 -8.933823 -72.220426 0.010204 0.010204 0.001319 348.214286 5 30 61 70 77 88
0.000000 0.000000 0.000000 1.007210 1.057189 -122.648905 -64.066334 0.010204 0.010204 0.001319 348.214286 1.183731 1.231572 -8.900081 -76.737525 0.010204 0.010204 0.001319 348.214286 5 30 61 70 77 92
0.000000 0.000000 0.000000 1.018878 1.143895 -1.436350 -63.178966 0.010204 0.010204 0.001268 366.857143 1.183731 1.231573 -32.092108 -72.807330 0.010204 0.010204 0.001268 366.857143 5 30 61 70 77 97
0.000000 0.000000 0.000000 1.007534 1.078044 -2.576813 -55.085729 0.010204 0.010204 0.001268 366.857143 1.183731 1.231564 -45.432009 -76.098412 0.010204 0.010204 0.001268 366.857143 5 30 61 70 77 98
0.000000 0.000000 0.000000 1.014859 1.079773 -2.287042 -58.485216 0.010204 0.010204 0.001319 348.214286 1.183731 1.231922 -256.370663 -65.729394 0.010204 0.010204 0.001319 348.214286 5 30 61 70 81 88
0.000000 0.000000 0.000000 1.013694 1.073241 -206.309375 -56.661907 0.010204 0.010204 0.001319 348.214286 1.183731 1.232442 -57.490510 -73.288684 0.010204 0.010204 0.001319 348.214286 5 30 61 70 81 92
0.000000 0.000000 0.000000 1.020129 1.109658 -119.094296 -57.733360 0.010204 0.010204 0.001268 366.857143 1.183731 1.231909 -34.911987 -65.973999 0.010204 0.010204 0.001268 366.857143 5 30 61 70 81 97
0.000000 0.000000 0.000000 1.014336 1.076836 -21.013146 -50.856825 0.010204 0.010204 0.001268 366.857143 1.183731 1.231925 -44.286290 -72.753232 0.010204 0.010204 0.001268 366.857143 5 30 61 70 81 98
0.000000 0.000000 0.000000 1.016325 1.227495 -12.591595 -69.706845 0.010204 0.010204 0.001266 366.857143 1.183731 1.231565 -13.273281 -79.365429 0.010204 0.010204 0.001266 366.857143 5 30 61 70 86 88
0.000000 0.000000 0.000000 1.019522 1.452850 -86.371991 -67.205366 0.010204 0.010204 0.001266 366.857143 1.183731 1.231556 -14.504612 -74.722409 0.010204 0.010204 0.001266 366.857143 5 30 61 70 86 92
0.000000 0.000000 0.000000 1.004139 1.051364 -158.643815 -82.943987 0.010204 0.010204 0.001219 385.500000 1.183731 1.231712 -22.893937 -62.151337 0.010204 0.010204 0.001219 385.500000 5 30 61 70 86 97
0.000000 0.000000 0.000000 1.030354 1.457014 -8.913402 -97.809854 0.010204 0.010204 0.001219 385.500000 1.183731 1.231558 -173.781054 -69.533429 0.010204 0.010204 0.001219 385.500000 5 30 61 70 86 98
0.000000 0.000000 0.000000 1.022817 1.188075 -2.932034 -72.737843 0.010204 0.010204 0.001266 366.857143 1.183731 1.231565 -16.044025 -79.732312 0.010204 0.010204 0.001266 366.857143 5 30 61 70 87 88
0.000000 0.000000 0.000000 1.008800 1.058415 -1.899931 -48.457621 0.010204 0.010204 0.001266 366.857143 1.183731 1.231575 -21.993339 -78.945150 0.010204 0.010204 0.001266 366.857143 5 30 61 70 87 92
0.000000 0.000000 0.000000 1.014864 1.101141 -2.336967 -66.717562 0.010204 0.010204 0.001219 385.500000 1.183731 1.231567 -18.166134 -75.435164 0.010204 0.010204 0.001219 385.500000 5 30 61 70 87 97
0.000000 0.000000 0.000000 1.029161 1.187146 -27.211965 -49.352819 0.010204 0.010204 0.001219 385.500000 1.183731 1.231726 -48.460461 -60.998248 0.010204 0.010204 0.001219 385.500000 5 30 61 70 87 98
0.000000 0.000000 0.000000 1.377641 1.540987 -67.177989 -83.409129 0.010204 0.010204 0.001264 366.857143 1.183778 1.233233 -142.078050 -67.951636 0.010204 0.010204 0.001264 366.857143 5 30 61 75 77 88
0.000000 0.000000 0.000000 1.034182 1.050417 -0.538580 -59.778148 0.010204 0.010204 0.001264 366.857143 1.183778 1.232883 -16.280557 -73.207654 0.010204 0.010204 0.001264 366.857143 5 30 61 75 77 92
0.000000 0.000000 0.000000 3.095120 4.031287 -235.395270 -149.373993 0.010204 0.010204 0.001217 385.500000 1.183778 1.232884 -33.111807 -59.961284 0.010204 0.010204 0.001217 385.500000 5 30 61 75 77 97
0.000000 0.000000 0.000000 1.007638 1.178212 -0.173207 -78.550270 0.010204 0.010204 0.001217 385.500000 1.183778 1.232875 -189.332485 -69.236279 0.010204 0.010204 0.001217 385.500000 5 30 61 75 77 98
0.000000 0.000000 0.000000 1.002972 1.076649 -197.799865 -60.079207 0.010204 0.010204 0.001264 366.857143 1.183778 1.232862 -11.430140 -68.304159 0.010204 0.010204 0.001264 366.857143 5 30 61 75 81 88
0.000000 0.000000 0.000000 1.067960 1.206176 -173.862658 -61.765231 0.010204 0.010204 0.001264 366.857143 1.183778 1.233203 -31.619857 -62.076153 0.010204 0.010204 0.001264 366.857143 5 30 61 75 81 92
0.000000 0.000000 0.000000 1.001590 1.514275 -0.007755 -59.993851 0.010204 0.010204 0.001217 385.500000 1.183778 1.232853 -15.560723 -66.709084 0.010204 0.010204 0.001217 385.500000 5 30 61 75 81 97
0.000000 0.000000 0.000000 1.005126 1.055454 -0.237929 -60.121057 0.010204 0.010204 0.001217 385.500000 1.183778 1.232863 -18.498653 -66.434322 0.010204 0.010204 0.001217 385.500000 5 30 61 75 81 98
0.000000 0.000000 0.000000 1.132485 1.187111 -45.626944 -97.306218 0.010204 0.010204 0.001215 385.500000 1.183784 1.233280 -16.685790 -76.248118 0.010204 0.010204 0.001215 385.500000 5 30 61 75 86 88
0.000000 0.000000 0.000000 1.651348 2.093577 -161.212281 -185.066006 0.010204 0.010204 0.001215 385.500000 1.183784 1.233265 -158.739808 -79.412469 0.010204 0.010204 0.001215 385.500000 5 30 61 75 86 92
0.000000 0.000000 0.000000 1.131194 1.185230 -37.525373 -65.124732 0.010204 0.010204 0.001171 404.142857 1.183784 1.233548 -31.030971 -73.634410 0.010204 0.010204 0.001171 404.142857 5 30 61 75 86 97
0.000000 0.000000 0.000000 1.133669 1.188853 -29.818080 -84.247935 0.010204 0.010204 0.001171 404.142857 1.183784 1.233269 -106.654958 -74.347885 0.010204 0.010204 0.001171 404.142857 5 30 61 75 86 98
0.000000 0.000000 0.000000 1.001732 1.072078 -198.347297 -68.209474 0.010204 0.010204 0.001215 385.500000 1.183778 1.232860 -189.933918 -78.928284 0.010204 0.010204 0.001215 385.500000 5 30 61 75 87 88
0.000000 0.000000 0.000000 1.041818 1.062637 -163.489568 -46.663689 0.010204 0.010204 0.001215 385.500000 1.183778 1.232870 -10.785893 -77.893108 0.010204 0.010204 0.001215 385.500000 5 30 61 75 87 92
0.000000 0.000000 0.000000 1.058348 1.091553 -5.245449 -55.806543 0.010204 0.010204 0.001171 404.142857 1.183778 1.232862 -381.430203 -82.143360 0.010204 0.010204 0.001171 404.142857 5 30 61 75 87 97
0.000000 0.000000 0.000000 1.033991 1.049432 -3.929760 -69.539533 0.010204 0.010204 0.001171 404.142857 1.183778 1.233020 -19.953247 -68.778013 0.010204 0.010204 0.001171 404.142857 5 30 61 75 87 98
0.000000 0.000000 0.000000 1.022759 1.156310 -2.698641 -71.236924 0.010204 0.010204 0.001264 366.857143 1.183732 1.231929 -16.897797 -71.400226 0.010204 0.010204 0.001264 366.857143 5 30 61 76 77 88
0.000000 0.000000 0.000000 1.005401 1.056153 -0.606263 -59.177738 0.010204 0.010204 0.001264 366.857143 1.183732 1.231588 -12.054822 -69.751370 0.010204 0.010204 0.001264 366.857143 5 30 61 76 77 92
0.000000 0.000000 0.000000 1.007766 1.067793 -0.532005 -71.470475 0.010204 0.010204 0.001217 385.500000 1.183732 1.231589 -48.654962 -66.865824 0.010204 0.010204 0.001217 385.500000 5 30 61 76 77 97
0.000000 0.000000 0.000000 1.001792 1.046212 -113.006325 -66.443380 0.010204 0.010204 0.001217 385.500000 1.183732 1.231580 -105.592731 -57.266260 0.010204 0.010204 0.001217 385.500000 5 30 61 76 77 98
0.000000 0.000000 0.000000 1.019166 1.064210 -2.881235 -59.823937 0.010204 0.010204 0.001264 366.857143 1.183732 1.231598 -118.216732 -67.630334 0.010204 0.010204 0.001264 366.857143 5 30 61 76 81 88
0.000000 0.000000 0.000000 1.021274 1.064689 -48.782098 -61.292728 0.010204 0.010204 0.001264 366.857143 1.183732 1.231945 -100.731005 -66.329476 0.010204 0.010204 0.001264 366.857143 5 30 61 76 81 92
0.000000 0.000000 0.000000 1.012377 1.069111 -90.956660 -44.743605 0.010204 0.010204 0.001217 385.500000 1.183732 1.231590 -220.223273 -72.715256 0.010204 0.010204 0.001217 385.500000 5 30 61 76 81 97
0.000000 0.000000 0.000000 1.082398 1.263598 -177.288248 -88.567148 0.010204 0.010204 0.001217 385.500000 1.183732 1.231599 -36.044868 -72.465376 0.010204 0.010204 0.001217 385.500000 5 30 61 76 81 98
0.000000 0.000000 0.000000 1.079997 1.296848 -16.619188 -75.756892 0.010204 0.010204 0.001215 385.500000 1.183732 1.231591 -15.077389 -66.638515 0.010204 0.010204 0.001215 385.500000 5 30 61 76 86 88
0.000000 0.000000 0.000000 1.009297 1.073564 -119.018996 -47.998572 0.010204 0.010204 0.001215 385.500000 1.183732 1.231582 -50.482913 -72.175728 0.010204 0.010204 0.001215 385.500000 5 30 61 76 86 92
0.000000 0.000000 0.000000 1.199029 1.677950 -50.434199 -92.511202 0.010204 0.010204 0.001171 404.142857 1.183732 1.231740 -89.489667 -76.043979 0.010204 0.010204 0.001171 404.142857 5 30 61 76 86 97
0.000000 0.000000 0.000000 1.025848 1.102879 -2.908173 -59.688540 0.010204 0.010204 0.001171 404.142857 1.183732 1.231584 -214.205814 -81.822277 0.010204 0.010204 0.001171 404.142857 5 30 61 76 86 98
0.000000 0.000000 0.000000 1.021283 1.058048 -3.183172 -49.236303 0.010204 0.010204 0.001215 385.500000 1.183732 1.231744 -17.599783 -66.958877 0.010204 0.010204 0.001215 385.500000 5 30 61 76 87 88
0.000000 0.000000 0.000000 1.162923 1.422916 -30.993562 -78.205142 0.010204 0.010204 0.001215 385.500000 1.183732 1.231758 -20.313750 -64.469048 0.010204 0.010204 0.001215 385.500000 5 30 61 76 87 92
0.000000 0.000000 0.000000 1.201104 1.523179 -8.885131 -87.716351 0.010204 0.010204 0.001171 404.142857 1.183732 1.231748 -55.536994 -68.197109 0.010204 0.010204 0.001171 404.142857 5 30 61 76 87 97
0.000000 0.000000 0.000000 1.131359 1.340103 -53.557567 -93.355464 0.010204 0.010204 0.001171 404.142857 1.183732 1.231986 -39.339125 -61.235148 0.010204 0.010204 0.001171 404.142857 5 30 61 76 87 98
0.000000 0.000000 0.000000 1.007275 1.061616 -0.549429 -51.019837 0.010204 0.010204 0.001319 348.214286 1.184660 1.232817 -42.849527 -70.986067 0.010204 0.010204 0.001319 348.214286 5 30 65 66 77 88
0.000000 0.000000 0.000000 1.009617 1.083007 -0.936130 -55.667020 0.010204 0.010204 0.001319 348.214286 1.184660 1.232297 -72.375806 -78.376562 0.010204 0.010204 0.001319 348.214286 5 30 65 66 77 92
0.000000 0.000000 0.000000 1.008362 1.071500 -261.653895 -74.812308 0.010204 0.010204 0.001268 366.857143 1.184660 1.232300 -78.249466 -71.286282 0.010204 0.010204 0.001268 366.857143 5 30 65 66 77 97
0.000000 0.000000 0.000000 1.011118 1.116320 -1.668036 -64.523201 0.010204 0.010204 0.001268 366.857143 1.184660 1.232285 -59.894339 -74.833295 0.010204 0.010204 0.001268 366.857143 5 30 65 66 77 98
0.000000 0.000000 0.000000 1.009452 1.207147 -161.852192 -86.503328 0.010204 0.010204 0.001319 348.214286 1.184660 1.231947 -18.030063 -66.543674 0.010204 0.010204 0.001319 348.214286 5 30 65 66 81 88
0.000000 0.000000 0.000000 1.009031 1.151746 -1.413027 -55.530004 0.010204 0.010204 0.001319 348.214286 1.184660 1.232292 -25.941644 -77.276727 0.010204 0.010204 0.001319 348.214286 5 30 65 66 81 92
0.000000 0.000000 0.000000 1.001752 1.077081 -0.110727 -51.359118 0.010204 0.010204 0.001268 366.857143 1.184660 1.231939 -225.769855 -68.229694 0.010204 0.010204 0.001268 366.857143 5 30 65 66 81 97
0.000000 0.000000 0.000000 1.004506 1.088021 -92.848569 -65.561543 0.010204 0.010204 0.001268 366.857143 1.184660 1.231949 -27.048349 -62.365785 0.010204 0.010204 0.001268 366.857143 5 30 65 66 81 98
0.000000 0.000000 0.000000 1.347253 6.068140 -24.298228 -491.459251 0.010204 0.010204 0.001266 366.857143 1.184660 1.231950 -18.160205 -75.385875 0.010204 0.010204 0.001266 366.857143 5 30 65 66 86 88
0.000000 0.000000 0.000000 1.003242 1.101044 -0.106049 -59.551897 0.010204 0.010204 0.001266 366.857143 1.184660 1.231940 -22.283179 -64.989621 0.010204 0.010204 0.001266 366.857143 5 30 65 66 86 92
0.000000 0.000000 0.000000 1.013355 1.174084 -1.415230 -70.369227 0.010204 0.010204 0.001219 385.500000 1.184660 1.232101 -36.102608 -64.829082 0.010204 0.010204 0.001219 385.500000 5 30 65 66 86 97
0.000000 0.000000 0.000000 1.038681 1.615047 -5.874213 -141.599565 0.010204 0.010204 0.001219 385.500000 1.184660 1.231942 -80.518258 -75.718592 0.010204 0.010204 0.001219 385.500000 5 30 65 66 86 98
0.000000 0.000000 0.000000 1.000968 1.110891 -0.096905 -72.837633 0.010204 0.010204 0.001266 366.857143 1.184660 1.231931 -23.601656 -73.958002 0.010204 0.010204 0.001266 366.857143 5 30 65 66 87 88
0.000000 0.000000 0.000000 1.001793 1.093411 -0.283261 -52.403390 0.010204 0.010204 0.001266 366.857143 1.184660 1.231940 -13.778611 -85.191831 0.010204 0.010204 0.001266 366.857143 5 30 65 66 87 92
0.000000 0.000000 0.000000 1.001199 1.071278 -9.371630 -63.504488 0.010204 0.010204 0.001219 385.500000 1.184660 1.231933 -36.084852 -72.086646 0.010204 0.010204 0.001219 385.500000 5 30 65 66 87 97
0.000000 0.000000 0.000000 1.002674 1.113018 -254.829482 -72.848936 0.010204 0.010204 0.001219 385.500000 1.184660 1.232087 -201.827895 -70.992144 0.010204 0.010204 0.001219 385.500000 5 30 65 66 87 98
0.000000 0.000000 0.000000 1.010032 1.053740 -2.591749 -52.814905 0.010204 0.010204 0.001319 348.214286 1.184669 1.232358 -48.238485 -74.481520 0.010204 0.010204 0.001319 348.214286 5 30 65 70 77 88
0.000000 0.000000 0.000000 1.023575 1.398986 -4.044568 -86.109550 0.010204 0.010204 0.001319 348.214286 1.184669 1.232014 -35.313060 -69.115269 0.010204 0.010204 0.001319 348.214286 5 30 65 70 77 92
0.000000 0.000000 0.000000 1.004988 1.051350 -90.545189 -52.892688 0.010204 0.010204 0.001268 366.857143 1.184669 1.232015 -12.360332 -70.276777 0.010204 0.010204 0.001268 366.857143 5 30 65 70 77 97
0.000000 0.000000 0.000000 1.000619 1.075530 -196.543568 -89.732649 0.010204 0.010204 0.001268 366.857143 1.184669 1.232005 -42.550691 -73.349091 0.010204 0.010204 0.001268 366.857143 5 30 65 70 77 98
0.000000 0.000000 0.000000 1.027779 1.052374 -4.638523 -50.045893 0.010204 0.010204 0.001319 348.214286 1.184670 1.232378 -23.822849 -75.860891 0.010204 0.010204 0.001319 348.214286 5 30 65 70 81 88
0.000000 0.000000 0.000000 1.032303 1.046333 -6.232727 -69.182018 0.010204 0.010204 0.001319 348.214286 1.184670 1.232901 -38.576081 -70.236127 0.010204 0.010204 0.001319 348.214286 5 30 65 70 81 92
0.000000 0.000000 0.000000 1.000761 1.233142 -0.021764 -32.762430 0.010204 0.010204 0.001268 366.857143 1.184670 1.232365 -31.374371 -74.671823 0.010204 0.010204 0.001268 366.857143 5 30 65 70 81 97
0.000000 0.000000 0.000000 1.047632 1.072766 -141.567352 -71.163372 0.010204 0.010204 0.001268 366.857143 1.184670 1.232381 -177.628595 -69.881327 0.010204 0.010204 0.001268 366.857143 5 30 65 70 81 98
0.000000 0.000000 0.000000 1.002337 1.131723 -0.340058 -66.807660 0.010204 0.010204 0.001266 366.857143 1.184669 1.232006 -24.756738 -75.677127 0.010204 0.010204 0.001266 366.857143 5 30 65 70 86 88
0.000000 0.000000 0.000000 1.000514 1.143364 -0.065451 -67.890704 0.010204 0.010204 0.001266 366.857143 1.184669 1.231996 -28.967454 -66.638790 0.010204 0.010204 0.001266 366.857143 5 30 65 70 86 92
0.000000 0.000000 0.000000 1.005640 1.181633 -55.700700 -68.613150 0.010204 0.010204 0.001219 385.500000 1.184669 1.232153 -25.581724 -72.258219 0.010204 0.010204 0.001219 385.500000 5 30 65 70 86 97
0.000000 0.000000 0.000000 1.000697 1.053923 -359.682956 -76.324215 0.010204 0.010204 0.001219 385.500000 1.184669 1.231998 -28.394941 -60.643914 0.010204 0.010204 0.001219 385.500000 5 30 65 70 86 98
0.000000 0.000000 0.000000 1.002303 1.235835 -251.135569 -64.960889 0.010204 0.010204 0.001266 366.857143 1.184669 1.232007 -49.979607 -70.209519 0.010204 0.010204 0.001266 366.857143 5 30 65 70 87 88
0.000000 0.000000 0.000000 1.160269 1.888430 -24.689487 -139.294545 0.010204 0.010204 0.001266 366.857143 1.184669 1.232016 -20.564986 -74.596514 0.010204 0.010204 0.001266 366.857143 5 30 65 70 87 92
0.000000 0.000000 0.000000 1.005813 1.051042 -0.525142 -45.652085 0.010204 0.010204 0.001219 385.500000 1.184669 1.232009 -21.922138 -72.136223 0.010204 0.010204 0.001219 385.500000 5 30 65 70 87 97
0.000000 0.000000 0.000000 1.015257 1.047442 -3.132370 -73.492105 0.010204 0.010204 0.001219 385.500000 1.184669 1.232167 -23.456546 -66.693738 0.010204 0.010204 0.001219 385.500000 5 30 65 70 87 98
0.000000 0.000000 0.000000 1.048641 1.215768 -7.407176 -80.150683 0.010204 0.010204 0.001264 366.857143 1.184664 1.232321 -45.787224 -74.499340 0.010204 0.010204 0.001264 366.857143 5 30 65 75 77 88
0.000000 0.000000 0.000000 1.007793 1.071328 -1.163963 -54.645099 0.010204 0.010204 0.001264 366.857143 1.184664 1.231975 -16.159582 -82.492646 0.010204 0.010204 0.001264 366.857143 5 30 65 75 77 92
0.000000 0.000000 0.000000 1.029097 1.188203 -0.489806 -67.237325 0.010204 0.010204 0.001217 385.500000 1.184664 1.231976 -47.588323 -63.226671 0.010204 0.010204 0.001217 385.500000 5 30 65 75 77 97
0.000000 0.000000 0.000000 1.002307 1.145087 -0.130907 -86.160497 0.010204 0.010204 0.001217 385.500000 1.184664 1.231966 -43.250625 -66.543074 0.010204 0.010204 0.001217 385.500000 5 30 65 75 77 98
0.000000 0.000000 0.000000 1.000912 1.058369 -1.284027 -73.685889 0.010204 0.010204 0.001264 366.857143 1.184664 1.231965 -29.840057 -75.794446 0.010204 0.010204 0.001264 366.857143 5 30 65 75 81 88
0.000000 0.000000 0.000000 1.035779 2.110547 -52.843256 -133.290511 0.010204 0.010204 0.001264 366.857143 1.184664 1.232305 -33.265870 -63.482433 0.010204 0.010204 0.001264 366.857143 5 30 65 75 81 92
0.000000 0.000000 0.000000 1.000264 1.051330 -12.975839 -71.541335 0.010204 0.010204 0.001217 385.500000 1.184664 1.231956 -39.416164 -74.338620 0.010204 0.010204 0.001217 385.500000 5 30 65 75 81 97
0.000000 0.000000 0.000000 1.043216 3.092949 -2.673815 -211.932095 0.010204 0.010204 0.001217 385.500000 1.184664 1.231966 -48.488466 -65.647378 0.010204 0.010204 0.001217 385.500000 5 30 65 75 81 98
0.000000 0.000000 0.000000 1.083831 1.191936 -171.908664 -72.398511 0.010204 0.010204 0.001215 385.500000 1.184664 1.232135 -21.381692 -72.792857 0.010204 0.010204 0.001215 385.500000 5 30 65 75 86 88
0.000000 0.000000 0.000000 1.000523 1.050310 -0.279898 -60.513570 0.010204 0.010204 0.001215 385.500000 1.184664 1.232121 -114.131035 -59.400038 0.010204 0.010204 0.001215 385.500000 5 30 65 75 86 92
0.000000 0.000000 0.000000 1.043461 1.095903 -15.381998 -70.967258 0.010204 0.010204 0.001171 404.142857 1.184664 1.232363 -58.525894 -73.410107 0.010204 0.010204 0.001171 404.142857 5 30 65 75 86 97
0.000000 0.000000 0.000000 1.020115 1.048901 -114.367886 -54.633292 0.010204 0.010204 0.001171 404.142857 1.184664 1.232125 -160.905492 -65.912700 0.010204 0.010204 0.001171 404.142857 5 30 65 75 86 98
0.000000 0.000000 0.000000 1.000755 1.059142 -167.711041 -57.308339 0.010204 0.010204 0.001215 385.500000 1.184664 1.231959 -13.084909 -64.177115 0.010204 0.010204 0.001215 385.500000 5 30 65 75 87 88
0.000000 0.000000 0.000000 1.004602 1.047501 -0.920223 -57.656621 0.010204 0.010204 0.001215 385.500000 1.184664 1.231968 -32.499665 -78.161642 0.010204 0.010204 0.001215 385.500000 5 30 65 75 87 92
0.000000 0.000000 0.000000 1.015017 1.214130 -1.220901 -72.351974 0.010204 0.010204 0.001171 404.142857 1.184664 1.231961 -22.926517 -75.553470 0.010204 0.010204 0.001171 404.142857 5 30 65 75 87 97
0.000000 0.000000 0.000000 1.008658 1.056898 -127.449776 -72.553776 0.010204 0.010204 0.001171 404.142857 1.184664 1.232117 -55.028280 -66.806428 0.010204 0.010204 0.001171 404.142857 5 30 65 75 87 98
0.000000 0.000000 0.000000 1.000334 1.065136 -146.076153 -59.414956 0.010204 0.010204 0.001264 366.857143 1.184852 1.233657 -16.700546 -68.601202 0.010204 0.010204 0.001264 366.857143 5 30 65 76 77 88
0.000000 0.000000 0.000000 1.000123 1.102081 -18.363673 -74.037622 0.010204 0.010204 0.001264 366.857143 1.184852 1.233315 -115.743501 -65.019671 0.010204 0.010204 0.001264 366.857143 5 30 65 76 77 92
0.000000 0.000000 0.000000 1.000286 1.145950 -0.122886 -91.024972 0.010204 0.010204 0.001217 385.500000 1.184852 1.233317 -17.433542 -59.803104 0.010204 0.010204 0.001217 385.500000 5 30 65 76 77 97
0.000000 0.000000 0.000000 1.000043 1.170607 -0.005776 -73.883141 0.010204 0.010204 0.001217 385.500000 1.184852 1.233307 -57.136478 -76.335353 0.010204 0.010204 0.001217 385.500000 5 30 65 76 77 98
0.000000 0.000000 0.000000 1.001194 1.066589 -107.838451 -55.648538 0.010204 0.010204 0.001264 366.857143 1.184853 1.233338 -18.856969 -81.286333 0.010204 0.010204 0.001264 366.857143 5 30 65 76 81 88
0.000000 0.000000 0.000000 1.067129 1.060584 -91.687885 -49.429307 0.010204 0.010204 0.001264 366.857143 1.184853 1.233687 -135.978604 -71.966183 0.010204 0.010204 0.001264 366.857143 5 30 65 76 81 92
0.000000 0.000000 0.000000 1.000036 1.063130 -0.165379 -54.620169 0.010204 0.010204 0.001217 385.500000 1.184853 1.233329 -11.838622 -84.813414 0.010204 0.010204 0.001217 385.500000 5 30 65 76 81 97
0.000000 0.000000 0.000000 1.004195 1.051845 -9.951130 -76.627443 0.010204 0.010204 0.001217 385.500000 1.184853 1.233339 -9.900118 -64.120367 0.010204 0.010204 0.001217 385.500000 5 30 65 76 81 98
0.000000 0.000000 0.000000 1.003814 1.159016 -0.778245 -46.687380 0.010204 0.010204 0.001215 385.500000 1.184852 1.233324 -73.646869 -71.858321 0.010204 0.010204 0.001215 385.500000 5 30 65 76 86 88
0.000000 0.000000 0.000000 1.000592 2.198024 -0.034761 -99.509180 0.010204 0.010204 0.001215 385.500000 1.184852 1.233314 -23.884452 -67.421236 0.010204 0.010204 0.001215 385.500000 5 30 65 76 86 92
0.000000 0.000000 0.000000 1.026209 1.090163 -213.183296 -69.167364 0.010204 0.010204 0.001171 404.142857 1.184852 1.233474 -37.258099 -71.924209 0.010204 0.010204 0.001171 404.142857 5 30 65 76 86 97
0.000000 0.000000 0.000000 1.001320 1.146998 -9.735242 -70.921755 0.010204 0.010204 0.001171 404.142857 1.184852 1.233316 -235.221184 -73.281815 0.010204 0.010204 0.001171 404.142857 5 30 65 76 86 98
0.000000 0.000000 0.000000 1.000028 1.092125 -53.551972 -73.908066 0.010204 0.010204 0.001215 385.500000 1.184876 1.233730 -21.720997 -78.070066 0.010204 0.010204 0.001215 385.500000 5 30 65 76 87 88
0.000000 0.000000 0.000000 1.290611 1.157993 -85.228343 -76.241289 0.010204 0.010204 0.001215 385.500000 1.184876 1.233746 -131.597218 -81.258884 0.010204 0.010204 0.001215 385.500000 5 30 65 76 87 92
0.000000 0.000000 0.000000 1.010055 1.055933 -0.524797 -66.795196 0.010204 0.010204 0.001171 404.142857 1.184876 1.233735 -72.561143 -79.155050 0.010204 0.010204 0.001171 404.142857 5 30 65 76 87 97
0.000000 0.000000 0.000000 1.178214 1.081940 -43.895253 -58.150301 0.010204 0.010204 0.001171 404.142857 1.184879 1.234015 -110.712686 -73.234062 0.010204 0.010204 0.001171 404.142857 5 30 65 76 87 98
0.000000 0.000000 0.000000 11.522414 1.277002 -322.568404 -67.579648 0.010204 0.010204 0.001319 348.214286 1.112064 1.216852 -158.749880 -66.850221 0.010204 0.010204 0.001319 348.214286 5 41 46 66 77 88
0.000000 0.000000 0.000000 11.558941 1.277987 -166.040625 -103.669795 0.010204 0.010204 0.001319 348.214286 1.112064 1.216242 -9.411634 -66.102986 0.010204 0.010204 0.001319 348.214286 5 41 46 66 77 92
0.000000 0.000000 0.000000 11.541671 1.277518 -90.206246 -83.475620 0.010204 0.010204 0.001268 366.857143 1.112064 1.216247 -6.329807 -65.976835 0.010204 0.010204 0.001268 366.857143 5 41 46 66 77 97
0.000000 0.000000 0.000000 11.846278 1.287596 -362.908119 -130.197653 0.010204 0.010204 0.001268 366.857143 1.112064 1.216228 -69.151662 -73.125826 0.010204 0.010204 0.001268 366.857143 5 41 46 66 77 98
0.000000 0.000000 0.000000 21.992767 1.558260 -781.847968 -116.220306 0.010204 0.010204 0.001319 348.214286 1.112063 1.215486 -99.325417 -77.322274 0.010204 0.010204 0.001319 348.214286 5 41 46 66 81 88
0.000000 0.000000 0.000000 15.531593 1.384074 -464.377442 -73.073258 0.010204 0.010204 0.001319 348.214286 1.112063 1.215833 -10.001535 -70.231535 0.010204 0.010204 0.001319 348.214286 5 41 46 66 81 92
0.000000 0.000000 0.000000 1.365775 1.099970 -98.441901 -55.404710 0.010204 0.010204 0.001268 366.857143 1.112063 1.215477 -154.144371 -78.797381 0.010204 0.010204 0.001268 366.857143 5 41 46 66 81 97
0.000000 0.000000 0.000000 18.015228 1.450867 -175.592730 -55.685913 0.010204 0.010204 0.001268 366.857143 1.112063 1.215487 -7.488504 -74.886181 0.010204 0.010204 0.001268 366.857143 5 41 46 66 81 98
0.000000 0.000000 0.000000 14.022639 1.343829 -531.564725 -68.730825 0.010204 0.010204 0.001266 366.857143 1.112063 1.215493 -5.672760 -78.703673 0.010204 0.010204 0.001266 366.857143 5 41 46 66 86 88
0.000000 0.000000 0.000000 3.726937 1.120489 -167.756508 -64.152368 0.010204 0.010204 0.001266 366.857143 1.112063 1.215484 -113.176735 -63.944689 0.010204 0.010204 0.001266 366.857143 5 41 46 66 86 92
0.000000 0.000000 0.000000 13.314637 1.324817 -1655.910991 -109.291991 0.010204 0.010204 0.001219 385.500000 1.112063 1.215647 -8.225211 -63.520848 0.010204 0.010204 0.001219 385.500000 5 41 46 66 86 97
0.000000 0.000000 0.000000 14.746070 1.363328 -2234.473852 -117.493106 0.010204 0.010204 0.001219 385.500000 1.112063 1.215486 -105.509608 -69.062819 0.010204 0.010204 0.001219 385.500000 5 41 46 66 86 98
0.000000 0.000000 0.000000 1.021203 1.202364 -3.593084 -56.219188 0.010204 0.010204 0.001266 366.857143 1.112063 1.215460 -69.931038 -68.840494 0.010204 0.010204 0.001266 366.857143 5 41 46 66 87 88
0.000000 0.000000 0.000000 3.426356 1.126999 -67.709020 -63.072313 0.010204 0.010204 0.001266 366.857143 1.112063 1.215469 -27.829470 -76.027430 0.010204 0.010204 0.001266 366.857143 5 41 46 66 87 92
0.000000 0.000000 0.000000 2.122483 1.252460 -77.513980 -59.756526 0.010204 0.010204 0.001219 385.500000 1.112063 1.215462 -9.874262 -65.551827 0.010204 0.010204 0.001219 385.500000 5 41 46 66 87 97
0.000000 0.000000 0.000000 3.237331 1.064272 -213.687400 -68.633181 0.010204 0.010204 0.001219 385.500000 1.112063 1.215617 -160.466152 -72.438765 0.010204 0.010204 0.001219 385.500000 5 41 46 66 87 98
0.000000 0.000000 0.000000 2.285567 1.047343 -41.668299 -53.785368 0.010204 0.010204 0.001319 348.214286 1.112061 1.214271 -138.512624 -72.340860 0.010204 0.010204 0.001319 348.214286 5 41 46 70 77 88
0.000000 0.000000 0.000000 2.217661 1.052012 -328.235890 -59.818307 0.010204 0.010204 0.001319 348.214286 1.112061 1.213926 -21.830652 -70.501144 0.010204 0.010204 0.001319 348.214286 5 41 46 70 77 92
0.000000 0.000000 0.000000 3.948278 1.116685 -96.303467 -58.134747 0.010204 0.010204 0.001268 366.857143 1.112061 1.213928 -16.156647 -74.661905 0.010204 0.010204 0.001268 366.857143 5 41 46 70 77 97
0.000000 0.000000 0.000000 1.486574 1.063348 -88.466184 -76.463364 0.010204 0.010204 0.001268 366.857143 1.112061 1.213918 -21.915860 -68.432254 0.010204 0.010204 0.001268 366.857143 5 41 46 70 77 98
0.000000 0.000000 0.000000 3.013692 1.063310 -122.130762 -63.834628 0.010204 0.010204 0.001319 348.214286 1.112061 1.214283 -101.033881 -68.704524 0.010204 0.010204 0.001319 348.214286 5 41 46 70 81 88
0.000000 0.000000 0.000000 2.960617 1.061501 -100.783218 -52.682745 0.010204 0.010204 0.001319 348.214286 1.112061 1.214805 -67.613291 -69.523383 0.010204 0.010204 0.001319 348.214286 5 41 46 70 81 92
0.000000 0.000000 0.000000 3.385597 1.077269 -48.113658 -43.409056 0.010204 0.010204 0.001268 366.857143 1.112061 1.214271 -6.670154 -79.107590 0.010204 0.010204 0.001268 366.857143 5 41 46 70 81 97
0.000000 0.000000 0.000000 2.988827 1.062458 -151.924249 -67.811914 0.010204 0.010204 0.001268 366.857143 1.112061 1.214286 -313.192248 -73.658134 0.010204 0.010204 0.001268 366.857143 5 41 46 70 81 98
0.000000 0.000000 0.000000 1.769016 1.103941 -23.797984 -59.863245 0.010204 0.010204 0.001266 366.857143 1.112061 1.213919 -12.726972 -66.266131 0.010204 0.010204 0.001266 366.857143 5 41 46 70 86 88
0.000000 0.000000 0.000000 1.660647 1.546790 -128.309923 -90.173258 0.010204 0.010204 0.001266 366.857143 1.112061 1.213909 -15.785944 -70.404086 0.010204 0.010204 0.001266 366.857143 5 41 46 70 86 92
0.000000 0.000000 0.000000 1.957609 1.083401 -103.404788 -57.725721 0.010204 0.010204 0.001219 385.500000 1.112061 1.214066 -80.301781 -59.994830 0.010204 0.010204 0.001219 385.500000 5 41 46 70 86 97
0.000000 0.000000 0.000000 2.072310 1.197422 -420.912141 -80.532761 0.010204 0.010204 0.001219 385.500000 1.112061 1.213911 -19.897272 -63.805506 0.010204 0.010204 0.001219 385.500000 5 41 46 70 86 98
0.000000 0.000000 0.000000 1.756266 1.052762 -148.103069 -64.241192 0.010204 0.010204 0.001266 366.857143 1.112061 1.213919 -16.544744 -64.548102 0.010204 0.010204 0.001266 366.857143 5 41 46 70 87 88
0.000000 0.000000 0.000000 3.514188 1.088228 -203.481026 -69.942114 0.010204 0.010204 0.001266 366.857143 1.112061 1.213929 -15.165504 -73.206612 0.010204 0.010204 0.001266 366.857143 5 41 46 70 87 92
0.000000 0.000000 0.000000 5.266312 1.154227 -130.213505 -61.420187 0.010204 0.010204 0.001219 385.500000 1.112061 1.213921 -84.085736 -74.124361 0.010204 0.010204 0.001219 385.500000 5 41 46 70 87 97
0.000000 0.000000 0.000000 2.698377 1.057736 -414.196909 -51.623060 0.010204 0.010204 0.001219 385.500000 1.112061 1.214080 -128.688148 -75.646254 0.010204 0.010204 0.001219 385.500000 5 41 46 70 87 98
0.000000 0.000000 0.000000 3.155072 1.065046 -71.237033 -51.155302 0.010204 0.010204 0.001264 366.857143 1.112061 1.214292 -162.420056 -72.605060 0.010204 0.010204 0.001264 366.857143 5 41 46 75 77 88
0.000000 0.000000 0.000000 4.711797 1.116464 -545.746817 -85.131353 0.010204 0.010204 0.001264 366.857143 1.112061 1.213946 -138.237376 -71.224141 0.010204 0.010204 0.001264 366.857143 5 41 46 75 77 92
0.000000 0.000000 0.000000 3.745929 1.084436 -399.649210 -68.414737 0.010204 0.010204 0.001217 385.500000 1.112061 1.213947 -231.479605 -84.384496 0.010204 0.010204 0.001217 385.500000 5 41 46 75 77 97
0.000000 0.000000 0.000000 2.541114 1.094443 -142.607731 -55.502004 0.010204 0.010204 0.001217 385.500000 1.112061 1.213937 -94.601501 -73.343363 0.010204 0.010204 0.001217 385.500000 5 41 46 75 77 98
0.000000 0.000000 0.000000 1.920033 1.148857 -43.888570 -73.182010 0.010204 0.010204 0.001264 366.857143 1.112061 1.213936 -131.293317 -68.323924 0.010204 0.010204 0.001264 366.857143 5 41 46 75 81 88
0.000000 0.000000 0.000000 16.415218 1.953906 -1672.818443 -167.292799 0.010204 0.010204 0.001264 366.857143 1.112061 1.214276 -36.103517 -72.079745 0.010204 0.010204 0.001264 366.857143 5 41 46 75 81 92
0.000000 0.000000 0.000000 1.054980 1.056913 -5.681811 -50.386834 0.010204 0.010204 0.001217 385.500000 1.112061 1.213927 -16.547351 -71.839606 0.010204 0.010204 0.001217 385.500000 5 41 46 75 81 97
0.000000 0.000000 0.000000 1.494220 1.051667 -29.001952 -74.818288 0.010204 0.010204 0.001217 385.500000 1.112061 1.213937 -29.042355 -72.014319 0.010204 0.010204 0.001217 385.500000 5 41 46 75 81 98
0.000000 0.000000 0.000000 7.796123 1.196648 -2695.730433 -81.486002 0.010204 0.010204 0.001215 385.500000 1.112061 1.214110 -113.352984 -79.505191 0.010204 0.010204 0.001215 385.500000 5 41 46 75 86 88
0.000000 0.000000 0.000000 10.964868 1.293524 -2261.520013 -86.631647 0.010204 0.010204 0.001215 385.500000 1.112061 1.214096 -136.115898 -66.976827 0.010204 0.010204 0.001215 385.500000 5 41 46 75 86 92
0.000000 0.000000 0.000000 7.635162 1.191870 -254.646294 -96.183893 0.010204 0.010204 0.001171 404.142857 1.112061 1.214339 -127.477728 -62.735190 0.010204 0.010204 0.001171 404.142857 5 41 46 75 86 97
0.000000 0.000000 0.000000 7.932533 1.200707 -109.007266 -57.172678 0.010204 0.010204 0.001171 404.142857 1.112061 1.214100 -51.077785 -69.245970 0.010204 0.010204 0.001171 404.142857 5 41 46 75 86 98
0.000000 0.000000 0.000000 1.498363 1.060685 -25.669765 -57.772049 0.010204 0.010204 0.001215 385.500000 1.112061 1.213930 -47.832095 -80.007498 0.010204 0.010204 0.001215 385.500000 5 41 46 75 87 88
0.000000 0.000000 0.000000 2.479278 1.048525 -20.269073 -50.383965 0.010204 0.010204 0.001215 385.500000 1.112061 1.213939 -98.425756 -72.869555 0.010204 0.010204 0.001215 385.500000 5 41 46 75 87 92
0.000000 0.000000 0.000000 3.157206 1.074057 -60.296742 -62.703399 0.010204 0.010204 0.001171 404.142857 1.112061 1.213932 -12.278302 -73.356715 0.010204 0.010204 0.001171 404.142857 5 41 46 75 87 97
0.000000 0.000000 0.000000 6.476241 1.172014 -153.253132 -71.067242 0.010204 0.010204 0.001171 404.142857 1.112061 1.214088 -25.599252 -78.966154 0.010204 0.010204 0.001171 404.142857 5 41 46 75 87 98
0.000000 0.000000 0.000000 1.410250 1.094313 -86.624239 -71.567106 0.010204 0.010204 0.001264 366.857143 1.112061 1.214223 -5.609641 -65.634150 0.010204 0.010204 0.001264 366.857143 5 41 46 76 77 88
0.000000 0.000000 0.000000 1.273353 1.091650 -15.003540 -50.061394 0.010204 0.010204 0.001264 366.857143 1.112061 1.213882 -9.643914 -66.902293 0.010204 0.010204 0.001264 366.857143 5 41 46 76 77 92
0.000000 0.000000 0.000000 2.221893 1.351685 -79.460518 -62.785289 0.010204 0.010204 0.001217 385.500000 1.112061 1.213883 -7.647980 -71.330756 0.010204 0.010204 0.001217 385.500000 5 41 46 76 77 97
0.000000 0.000000 0.000000 1.186542 1.132230 -91.899868 -74.704680 0.010204 0.010204 0.001217 385.500000 1.112061 1.213874 -208.984159 -76.359146 0.010204 0.010204 0.001217 385.500000 5 41 46 76 77 98
0.000000 0.000000 0.000000 2.384057 1.110979 -202.798304 -66.848946 0.010204 0.010204 0.001264 366.857143 1.112061 1.213892 -8.512842 -72.701755 0.010204 0.010204 0.001264 366.857143 5 41 46 76 81 88
0.000000 0.000000 0.000000 2.455772 1.104115 -46.315208 -68.267833 0.010204 0.010204 0.001264 366.857143 1.112061 1.214238 -188.551560 -73.484271 0.010204 0.010204 0.001264 366.857143 5 41 46 76 81 92
0.000000 0.000000 0.000000 14.170365 2.640419 -1430.378819 -107.257644 0.010204 0.010204 0.001217 385.500000 1.112061 1.213883 -28.286841 -84.553791 0.010204 0.010204 0.001217 385.500000 5 41 46 76 81 97
0.000000 0.000000 0.000000 1.686526 1.052264 -239.338105 -69.488697 0.010204 0.010204 0.001217 385.500000 1.112061 1.213893 -214.033084 -66.175425 0.010204 0.010204 0.001217 385.500000 5 41 46 76 81 98
0.000000 0.000000 0.000000 2.389356 1.132468 -63.206886 -68.648928 0.010204 0.010204 0.001215 385.500000 1.112061 1.213885 -14.927220 -68.145975 0.010204 0.010204 0.001215 385.500000 5 41 46 76 86 88
0.000000 0.000000 0.000000 1.343714 1.064314 -7.273665 -59.062243 0.010204 0.010204 0.001215 385.500000 1.112061 1.213876 -20.005053 -65.407791 0.010204 0.010204 0.001215 385.500000 5 41 46 76 86 92
0.000000 0.000000 0.000000 2.802627 1.155147 -129.602997 -101.786781 0.010204 0.010204 0.001171 404.142857 1.112061 1.214034 -114.180668 -62.420704 0.010204 0.010204 0.001171 404.142857 5 41 46 76 86 97
0.000000 0.000000 0.000000 1.679681 1.069990 -8.636738 -64.444544 0.010204 0.010204 0.001171 404.142857 1.112061 1.213878 -20.344287 -77.625297 0.010204 0.010204 0.001171 404.142857 5 41 46 76 86 98
0.000000 0.000000 0.000000 3.887928 1.164541 -48.939541 -57.510768 0.010204 0.010204 0.001215 385.500000 1.112061 1.214033 -18.334189 -81.613824 0.010204 0.010204 0.001215 385.500000 5 41 46 76 87 88
0.000000 0.000000 0.000000 2.617396 1.089132 -44.077426 -65.195170 0.010204 0.010204 0.001215 385.500000 1.112061 1.214047 -4.645240 -73.799173 0.010204 0.010204 0.001215 385.500000 5 41 46 76 87 92
0.000000 0.000000 0.000000 2.688127 1.093267 -190.074822 -52.549683 0.010204 0.010204 0.001171 404.142857 1.112061 1.214037 -10.891460 -78.398428 0.010204 0.010204 0.001171 404.142857 5 41 46 76 87 97
0.000000 0.000000 0.000000 2.532221 1.084168 -225.553585 -55.700594 0.010204 0.010204 0.001171 404.142857 1.112061 1.214274 -224.657280 -75.505637 0.010204 0.010204 0.001171 404.142857 5 41 46 76 87 98
0.000000 0.000000 0.000000 5.351694 1.223471 -66.062207 -58.430778 0.010204 0.010204 0.001319 348.214286 1.112053 1.214673 -14.403410 -71.751647 0.010204 0.010204 0.001319 348.214286 5 41 50 66 77 88
0.000000 0.000000 0.000000 5.538263 1.233211 -402.716140 -77.929734 0.010204 0.010204 0.001319 348.214286 1.112053 1.214151 -11.167729 -56.724359 0.010204 0.010204 0.001319 348.214286 5 41 50 66 77 92
0.000000 0.000000 0.000000 5.457141 1.228974 -123.945733 -86.800265 0.010204 0.010204 0.001268 366.857143 1.112053 1.214154 -143.679709 -68.093207 0.010204 0.010204 0.001268 366.857143 5 41 50 66 77 97
0.000000 0.000000 0.000000 6.180515 1.266844 -480.226132 -69.288833 0.010204 0.010204 0.001268 366.857143 1.112053 1.214139 -152.752127 -67.477879 0.010204 0.010204 0.001268 366.857143 5 41 50 66 77 98
0.000000 0.000000 0.000000 2.326725 1.075228 -294.372203 -63.982510 0.010204 0.010204 0.001319 348.214286 1.112053 1.213795 -156.998251 -64.238142 0.010204 0.010204 0.001319 348.214286 5 41 50 66 81 88
0.000000 0.000000 0.000000 1.875331 1.048338 -9.775717 -62.938557 0.010204 0.010204 0.001319 348.214286 1.112053 1.214139 -11.422507 -66.491812 0.010204 0.010204 0.001319 348.214286 5 41 50 66 81 92
0.000000 0.000000 0.000000 2.214090 1.076179 -94.000932 -65.245613 0.010204 0.010204 0.001268 366.857143 1.112053 1.213786 -24.476770 -61.116558 0.010204 0.010204 0.001268 366.857143 5 41 50 66 81 97
0.000000 0.000000 0.000000 2.086868 1.060906 -66.123817 -66.862838 0.010204 0.010204 0.001268 366.857143 1.112053 1.213796 -30.404427 -75.742210 0.010204 0.010204 0.001268 366.857143 5 41 50 66 81 98
0.000000 0.000000 0.000000 3.350100 1.126737 -62.385079 -60.608460 0.010204 0.010204 0.001266 366.857143 1.112053 1.213797 -8.262761 -67.042634 0.010204 0.010204 0.001266 366.857143 5 41 50 66 86 88
0.000000 0.000000 0.000000 2.081277 1.061840 -30.242622 -52.827535 0.010204 0.010204 0.001266 366.857143 1.112053 1.213787 -14.602480 -77.395992 0.010204 0.010204 0.001266 366.857143 5 41 50 66 86 92
0.000000 0.000000 0.000000 2.853943 1.099193 -161.788680 -91.438678 0.010204 0.010204 0.001219 385.500000 1.112053 1.213948 -3.972574 -75.802484 0.010204 0.010204 0.001219 385.500000 5 41 50 66 86 97
0.000000 0.000000 0.000000 3.905964 1.157651 -232.702856 -66.401268 0.010204 0.010204 0.001219 385.500000 1.112053 1.213790 -13.873009 -89.632539 0.010204 0.010204 0.001219 385.500000 5 41 50 66 86 98
0.000000 0.000000 0.000000 1.389975 1.049535 -69.471763 -69.464907 0.010204 0.010204 0.001266 366.857143 1.112053 1.213778 -36.854335 -63.458111 0.010204 0.010204 0.001266 366.857143 5 41 50 66 87 88
0.000000 0.000000 0.000000 1.720989 1.053404 -161.266149 -58.701583 0.010204 0.010204 0.001266 366.857143 1.112053 1.213787 -11.114586 -66.575543 0.010204 0.010204 0.001266 366.857143 5 41 50 66 87 92
0.000000 0.000000 0.000000 3.277198 1.178795 -253.838948 -62.247206 0.010204 0.010204 0.001219 385.500000 1.112053 1.213780 -45.537696 -59.272474 0.010204 0.010204 0.001219 385.500000 5 41 50 66 87 97
0.000000 0.000000 0.000000 2.013674 1.069676 -117.583266 -57.607486 0.010204 0.010204 0.001219 385.500000 1.112053 1.213934 -205.612341 -70.190026 0.010204 0.010204 0.001219 385.500000 5 41 50 66 87 98
0.000000 0.000000 0.000000 2.384249 1.058047 -117.437123 -61.236430 0.010204 0.010204 0.001319 348.214286 1.112053 1.215659 -11.351764 -64.177092 0.010204 0.010204 0.001319 348.214286 5 41 50 70 77 88
0.000000 0.000000 0.000000 2.412915 1.059335 -124.341106 -63.881082 0.010204 0.010204 0.001319 348.214286 1.112053 1.215312 -16.751002 -72.810168 0.010204 0.010204 0.001319 348.214286 5 41 50 70 77 92
0.000000 0.000000 0.000000 2.400075 1.058755 -176.418218 -80.684251 0.010204 0.010204 0.001268 366.857143 1.112053 1.215314 -9.152291 -62.141028 0.010204 0.010204 0.001268 366.857143 5 41 50 70 77 97
0.000000 0.000000 0.000000 2.539600 1.065361 -128.928573 -62.527287 0.010204 0.010204 0.001268 366.857143 1.112053 1.215304 -81.235143 -69.457388 0.010204 0.010204 0.001268 366.857143 5 41 50 70 77 98
0.000000 0.000000 0.000000 2.299044 1.054312 -312.714128 -60.398531 0.010204 0.010204 0.001319 348.214286 1.112053 1.216060 -13.215832 -67.329954 0.010204 0.010204 0.001319 348.214286 5 41 50 70 81 88
0.000000 0.000000 0.000000 2.298421 1.054284 -128.852782 -48.943922 0.010204 0.010204 0.001319 348.214286 1.112053 1.216669 -6.542269 -63.701174 0.010204 0.010204 0.001319 348.214286 5 41 50 70 81 92
0.000000 0.000000 0.000000 2.300996 1.054413 -202.372546 -83.607074 0.010204 0.010204 0.001268 366.857143 1.112053 1.216046 -6.040325 -80.519415 0.010204 0.010204 0.001268 366.857143 5 41 50 70 81 97
0.000000 0.000000 0.000000 2.298776 1.054300 -366.604837 -67.893267 0.010204 0.010204 0.001268 366.857143 1.112053 1.216065 -6.073239 -73.929608 0.010204 0.010204 0.001268 366.857143 5 41 50 70 81 98
0.000000 0.000000 0.000000 2.928624 1.082552 -10.654202 -54.003211 0.010204 0.010204 0.001266 366.857143 1.112053 1.215296 -95.970770 -71.989713 0.010204 0.010204 0.001266 366.857143 5 41 50 70 86 88
0.000000 0.000000 0.000000 1.910567 1.074013 -155.803440 -56.231835 0.010204 0.010204 0.001266 366.857143 1.112053 1.215287 -76.256893 -71.073324 0.010204 0.010204 0.001266 366.857143 5 41 50 70 86 92
0.000000 0.000000 0.000000 2.739266 1.073845 -97.113989 -64.360082 0.010204 0.010204 0.001219 385.500000 1.112053 1.215444 -243.736244 -73.379218 0.010204 0.010204 0.001219 385.500000 5 41 50 70 86 97
0.000000 0.000000 0.000000 3.140313 1.092440 -20.637948 -63.417294 0.010204 0.010204 0.001219 385.500000 1.112053 1.215289 -8.353054 -65.060287 0.010204 0.010204 0.001219 385.500000 5 41 50 70 86 98
0.000000 0.000000 0.000000 2.412938 1.059478 -134.174083 -69.445584 0.010204 0.010204 0.001266 366.857143 1.112053 1.215310 -5.540816 -71.732510 0.010204 0.010204 0.001266 366.857143 5 41 50 70 87 88
0.000000 0.000000 0.000000 2.353981 1.056722 -286.255392 -48.742040 0.010204 0.010204 0.001266 366.857143 1.112053 1.215320 -221.565945 -70.291557 0.010204 0.010204 0.001266 366.857143 5 41 50 70 87 92
0.000000 0.000000 0.000000 2.359909 1.056988 -204.576016 -63.067168 0.010204 0.010204 0.001219 385.500000 1.112053 1.215312 -9.848654 -61.279365 0.010204 0.010204 0.001219 385.500000 5 41 50 70 87 97
0.000000 0.000000 0.000000 2.346061 1.056369 -190.723173 -60.228969 0.010204 0.010204 0.001219 385.500000 1.112053 1.215473 -27.613287 -71.192070 0.010204 0.010204 0.001219 385.500000 5 41 50 70 87 98
0.000000 0.000000 0.000000 3.035184 1.166553 -103.487807 -54.458806 0.010204 0.010204 0.001264 366.857143 1.112053 1.214107 -7.097680 -76.823931 0.010204 0.010204 0.001264 366.857143 5 41 50 75 77 88
0.000000 0.000000 0.000000 1.564233 1.047256 -8.691063 -55.787410 0.010204 0.010204 0.001264 366.857143 1.112053 1.213761 -64.841298 -75.827496 0.010204 0.010204 0.001264 366.857143 5 41 50 75 77 92
0.000000 0.000000 0.000000 6.498115 1.455962 -279.648338 -87.241765 0.010204 0.010204 0.001217 385.500000 1.112053 1.213762 -19.179627 -82.642367 0.010204 0.010204 0.001217 385.500000 5 41 50 75 77 97
0.000000 0.000000 0.000000 4.556330 1.318500 -267.304923 -87.341069 0.010204 0.010204 0.001217 385.500000 1.112053 1.213752 -21.779173 -67.303231 0.010204 0.010204 0.001217 385.500000 5 41 50 75 77 98
0.000000 0.000000 0.000000 1.759688 1.105730 -134.580866 -54.997718 0.010204 0.010204 0.001264 366.857143 1.112053 1.213751 -4.555644 -60.611428 0.010204 0.010204 0.001264 366.857143 5 41 50 75 81 88
0.000000 0.000000 0.000000 4.823367 1.470191 -102.812607 -97.097835 0.010204 0.010204 0.001264 366.857143 1.112053 1.214092 -14.905388 -64.319669 0.010204 0.010204 0.001264 366.857143 5 41 50 75 81 92
0.000000 0.000000 0.000000 1.371383 1.070110 -10.803173 -63.852496 0.010204 0.010204 0.001217 385.500000 1.112053 1.213743 -62.930890 -61.409215 0.010204 0.010204 0.001217 385.500000 5 41 50 75 81 97
0.000000 0.000000 0.000000 3.799463 1.369997 -624.236364 -99.119915 0.010204 0.010204 0.001217 385.500000 1.112053 1.213752 -28.918556 -64.565390 0.010204 0.010204 0.001217 385.500000 5 41 50 75 81 98
0.000000 0.000000 0.000000 1.620088 1.046376 -74.817924 -49.285518 0.010204 0.010204 0.001215 385.500000 1.112053 1.213916 -35.946212 -64.776486 0.010204 0.010204 0.001215 385.500000 5 41 50 75 86 88
0.000000 0.000000 0.000000 1.656008 1.049269 -38.038204 -44.641255 0.010204 0.010204 0.001215 385.500000 1.112053 1.213902 -180.689561 -73.673110 0.010204 0.010204 0.001215 385.500000 5 41 50 75 86 92
0.000000 0.000000 0.000000 144.984924 11.760894 -59279.904959 -949.786462 0.010204 0.010204 0.001171 404.142857 1.112053 1.214143 -10.400020 -62.847658 0.010204 0.010204 0.001171 404.142857 5 41 50 75 86 97
0.000000 0.000000 0.000000 1.624712 1.046746 -48.647932 -56.958291 0.010204 0.010204 0.001171 404.142857 1.112053 1.213906 -18.569583 -62.894646 0.010204 0.010204 0.001171 404.142857 5 41 50 75 86 98
0.000000 0.000000 0.000000 2.591281 1.160632 -63.789883 -64.942326 0.010204 0.010204 0.001215 385.500000 1.112053 1.213745 -8.702761 -66.072305 0.010204 0.010204 0.001215 385.500000 5 41 50 75 87 88
0.000000 0.000000 0.000000 1.606377 1.053930 -19.887933 -57.206818 0.010204 0.010204 0.001215 385.500000 1.112053 1.213754 -60.643984 -72.087419 0.010204 0.010204 0.001215 385.500000 5 41 50 75 87 92
0.000000 0.000000 0.000000 1.808091 1.073016 -361.733545 -78.273727 0.010204 0.010204 0.001171 404.142857 1.112053 1.213747 -11.204172 -70.102251 0.010204 0.010204 0.001171 404.142857 5 41 50 75 87 97
0.000000 0.000000 0.000000 4.293445 1.286483 -456.624369 -58.959080 0.010204 0.010204 0.001171 404.142857 1.112053 1.213903 -97.541010 -67.246909 0.010204 0.010204 0.001171 404.142857 5 41 50 75 87 98
0.000000 0.000000 0.000000 3.292903 1.133084 -23.389132 -67.988391 0.010204 0.010204 0.001264 366.857143 1.112053 1.214144 -14.760695 -66.377748 0.010204 0.010204 0.001264 366.857143 5 41 50 76 77 88
0.000000 0.000000 0.000000 4.803330 1.249044 -119.719060 -57.812807 0.010204 0.010204 0.001264 366.857143 1.112053 1.213803 -73.076355 -66.261341 0.010204 0.010204 0.001264 366.857143 5 41 50 76 77 92
0.000000 0.000000 0.000000 2.059452 1.065571 -131.488719 -66.242079 0.010204 0.010204 0.001217 385.500000 1.112053 1.213804 -12.947461 -69.630579 0.010204 0.010204 0.001217 385.500000 5 41 50 76 77 97
0.000000 0.000000 0.000000 1.422903 1.047714 -83.231961 -56.660026 0.010204 0.010204 0.001217 385.500000 1.112053 1.213795 -41.291771 -70.130847 0.010204 0.010204 0.001217 385.500000 5 41 50 76 77 98
0.000000 0.000000 0.000000 2.120446 1.054953 -129.757321 -65.106827 0.010204 0.010204 0.001264 366.857143 1.112053 1.213813 -80.154115 -75.036839 0.010204 0.010204 0.001264 366.857143 5 41 50 76 81 88
0.000000 0.000000 0.000000 1.977118 1.047455 -94.147361 -58.233477 0.010204 0.010204 0.001264 366.857143 1.112053 1.214160 -15.468731 -81.003591 0.010204 0.010204 0.001264 366.857143 5 41 50 76 81 92
0.000000 0.000000 0.000000 3.094774 1.106899 -29.452368 -43.808815 0.010204 0.010204 0.001217 385.500000 1.112053 1.213805 -29.012774 -72.027226 0.010204 0.010204 0.001217 385.500000 5 41 50 76 81 97
0.000000 0.000000 0.000000 2.053936 1.051464 -16.443775 -56.722425 0.010204 0.010204 0.001217 385.500000 1.112053 1.213815 -56.401324 -63.171075 0.010204 0.010204 0.001217 385.500000 5 41 50 76 81 98
0.000000 0.000000 0.000000 2.868021 1.093460 -63.971502 -55.869769 0.010204 0.010204 0.001215 385.500000 1.112053 1.213807 -42.162414 -59.014365 0.010204 0.010204 0.001215 385.500000 5 41 50 76 86 88
0.000000 0.000000 0.000000 2.291228 1.070542 -392.191055 -56.485493 0.010204 0.010204 0.001215 385.500000 1.112053 1.213797 -5.784090 -69.648820 0.010204 0.010204 0.001215 385.500000 5 41 50 76 86 92
0.000000 0.000000 0.000000 2.502495 1.074417 -97.294232 -78.582301 0.010204 0.010204 0.001171 404.142857 1.112053 1.213955 -13.129406 -61.676087 0.010204 0.010204 0.001171 404.142857 5 41 50 76 86 97
0.000000 0.000000 0.000000 3.273064 1.114626 -363.910891 -85.946423 0.010204 0.010204 0.001171 404.142857 1.112053 1.213799 -47.571354 -75.437627 0.010204 0.010204 0.001171 404.142857 5 41 50 76 86 98
0.000000 0.000000 0.000000 3.458747 1.116552 -258.174642 -77.458136 0.010204 0.010204 0.001215 385.500000 1.112053 1.213964 -15.279862 -71.389970 0.010204 0.010204 0.001215 385.500000 5 41 50 76 87 88
0.000000 0.000000 0.000000 3.343744 1.110893 -917.044102 -67.972672 0.010204 0.010204 0.001215 385.500000 1.112053 1.213977 -28.365011 -60.484673 0.010204 0.010204 0.001215 385.500000 5 41 50 76 87 92
0.000000 0.000000 0.000000 3.356979 1.111540 -117.441432 -78.157837 0.010204 0.010204 0.001171 404.142857 1.112053 1.213967 -13.001040 -68.807521 0.010204 0.010204 0.001171 404.142857 5 41 50 76 87 97
0.000000 0.000000 0.000000 3.325397 1.109997 -364.128889 -81.162322 0.010204 0.010204 0.001171 404.142857 1.112053 1.214206 -50.002785 -71.804505 0.010204 0.010204 0.001171 404.142857 5 41 50 76 87 98
0.000000 0.000000 0.000000 4.345367 1.072505 -112.575006 -67.068624 0.010204 0.010204 0.001319 348.214286 1.112271 1.218133 -66.978094 -65.771638 0.010204 0.010204 0.001319 348.214286 5 41 61 66 77 88
0.000000 0.000000 0.000000 4.357724 1.072833 -99.555778 -60.530026 0.010204 0.010204 0.001319 348.214286 1.112271 1.217608 -32.841544 -69.491070 0.010204 0.010204 0.001319 348.214286 5 41 61 66 77 92
0.000000 0.000000 0.000000 4.351541 1.072656 -99.107939 -42.818115 0.010204 0.010204 0.001268 366.857143 1.112271 1.217611 -82.876356 -69.859681 0.010204 0.010204 0.001268 366.857143 5 41 61 66 77 97
0.000000 0.000000 0.000000 5.051617 1.130451 -105.649566 -55.172541 0.010204 0.010204 0.001268 366.857143 1.112271 1.217596 -15.674894 -70.341208 0.010204 0.010204 0.001268 366.857143 5 41 61 66 77 98
0.000000 0.000000 0.000000 2.887637 1.052438 -368.631161 -69.141588 0.010204 0.010204 0.001319 348.214286 1.112271 1.217235 -46.627627 -67.414771 0.010204 0.010204 0.001319 348.214286 5 41 61 66 81 88
0.000000 0.000000 0.000000 5.731073 1.105439 -31.888592 -46.317288 0.010204 0.010204 0.001319 348.214286 1.112271 1.217580 -26.177426 -66.530964 0.010204 0.010204 0.001319 348.214286 5 41 61 66 81 92
0.000000 0.000000 0.000000 1.096365 1.321751 -156.118471 -50.399494 0.010204 0.010204 0.001268 366.857143 1.112271 1.217227 -78.033009 -72.946422 0.010204 0.010204 0.001268 366.857143 5 41 61 66 81 97
0.000000 0.000000 0.000000 8.161811 1.166746 -224.955198 -60.290824 0.010204 0.010204 0.001268 366.857143 1.112271 1.217236 -316.653885 -78.657199 0.010204 0.010204 0.001268 366.857143 5 41 61 66 81 98
0.000000 0.000000 0.000000 5.180912 1.092512 -195.832940 -54.677385 0.010204 0.010204 0.001266 366.857143 1.112271 1.217238 -66.200007 -72.909359 0.010204 0.010204 0.001266 366.857143 5 41 61 66 86 88
0.000000 0.000000 0.000000 1.096239 1.071952 -16.683833 -41.341347 0.010204 0.010204 0.001266 366.857143 1.112271 1.217228 -127.803219 -74.187978 0.010204 0.010204 0.001266 366.857143 5 41 61 66 86 92
0.000000 0.000000 0.000000 4.855699 1.084429 -11.898100 -58.909850 0.010204 0.010204 0.001219 385.500000 1.112271 1.217389 -7.002268 -67.847170 0.010204 0.010204 0.001219 385.500000 5 41 61 66 86 97
0.000000 0.000000 0.000000 5.646675 1.104526 -202.346978 -77.312161 0.010204 0.010204 0.001219 385.500000 1.112271 1.217230 -12.734855 -66.031428 0.010204 0.010204 0.001219 385.500000 5 41 61 66 86 98
0.000000 0.000000 0.000000 1.002782 1.058456 -1.100359 -59.682839 0.010204 0.010204 0.001266 366.857143 1.112271 1.217218 -18.038196 -72.434081 0.010204 0.010204 0.001266 366.857143 5 41 61 66 87 88
0.000000 0.000000 0.000000 1.069860 1.087365 -1.926022 -64.477516 0.010204 0.010204 0.001266 366.857143 1.112271 1.217227 -103.012052 -71.295032 0.010204 0.010204 0.001266 366.857143 5 41 61 66 87 92
0.000000 0.000000 0.000000 1.025684 1.054597 -90.065723 -48.085839 0.010204 0.010204 0.001219 385.500000 1.112271 1.217220 -5.674991 -66.501868 0.010204 0.010204 0.001219 385.500000 5 41 61 66 87 97
0.000000 0.000000 0.000000 1.196923 1.060581 -221.219357 -66.281457 0.010204 0.010204 0.001219 385.500000 1.112271 1.217374 -12.786936 -81.522859 0.010204 0.010204 0.001219 385.500000 5 41 61 66 87 98
0.000000 0.000000 0.000000 1.846643 1.300072 -241.318168 -86.926617 0.010204 0.010204 0.001319 348.214286 1.112269 1.217471 -8.024113 -78.051579 0.010204 0.010204 0.001319 348.214286 5 41 61 70 77 88
0.000000 0.000000 0.000000 1.207471 1.137155 -25.908507 -48.165638 0.010204 0.010204 0.001319 348.214286 1.112269 1.217126 -7.033964 -65.910887 0.010204 0.010204 0.001319 348.214286 5 41 61 70 77 92
0.000000 0.000000 0.000000 1.099625 1.047208 -17.917970 -52.063012 0.010204 0.010204 0.001268 366.857143 1.112269 1.217128 -16.692116 -76.956864 0.010204 0.010204 0.001268 366.857143 5 41 61 70 77 97
0.000000 0.000000 0.000000 1.119909 1.315925 -187.546628 -83.490276 0.010204 0.010204 0.001268 366.857143 1.112269 1.217118 -85.348761 -69.281475 0.010204 0.010204 0.001268 366.857143 5 41 61 70 77 98
0.000000 0.000000 0.000000 20.177066 1.953379 -197.113782 -105.693651 0.010204 0.010204 0.001319 348.214286 1.112269 1.217478 -108.421462 -74.064913 0.010204 0.010204 0.001319 348.214286 5 41 61 70 81 88
0.000000 0.000000 0.000000 6.330324 1.254182 -688.683929 -50.217224 0.010204 0.010204 0.001319 348.214286 1.112269 1.217998 -142.512301 -62.409393 0.010204 0.010204 0.001319 348.214286 5 41 61 70 81 92
0.000000 0.000000 0.000000 1.991478 1.083662 -14.566215 -39.522150 0.010204 0.010204 0.001268 366.857143 1.112269 1.217466 -10.064403 -67.061143 0.010204 0.010204 0.001268 366.857143 5 41 61 70 81 97
0.000000 0.000000 0.000000 9.413068 1.409638 -112.907906 -80.809947 0.010204 0.010204 0.001268 366.857143 1.112269 1.217481 -8.735150 -64.640185 0.010204 0.010204 0.001268 366.857143 5 41 61 70 81 98
0.000000 0.000000 0.000000 1.037740 1.143345 -3.546445 -62.091676 0.010204 0.010204 0.001266 366.857143 1.112269 1.217119 -23.775931 -75.959504 0.010204 0.010204 0.001266 366.857143 5 41 61 70 86 88
0.000000 0.000000 0.000000 1.035021 1.424742 -90.865816 -80.075093 0.010204 0.010204 0.001266 366.857143 1.112269 1.217110 -20.276355 -64.728940 0.010204 0.010204 0.001266 366.857143 5 41 61 70 86 92
0.000000 0.000000 0.000000 1.026963 1.071500 -41.720982 -72.035613 0.010204 0.010204 0.001219 385.500000 1.112269 1.217266 -12.297274 -63.591660 0.010204 0.010204 0.001219 385.500000 5 41 61 70 86 97
0.000000 0.000000 0.000000 1.040604 1.190593 -1.707396 -69.352336 0.010204 0.010204 0.001219 385.500000 1.112269 1.217112 -30.114581 -66.229479 0.010204 0.010204 0.001219 385.500000 5 41 61 70 86 98
0.000000 0.000000 0.000000 1.092070 1.120331 -13.754541 -72.719640 0.010204 0.010204 0.001266 366.857143 1.112269 1.217119 -366.125057 -74.787638 0.010204 0.010204 0.001266 366.857143 5 41 61 70 87 88
0.000000 0.000000 0.000000 1.238160 1.051181 -7.556762 -56.500396 0.010204 0.010204 0.001266 366.857143 1.112269 1.217129 -280.010293 -78.863907 0.010204 0.010204 0.001266 366.857143 5 41 61 70 87 92
0.000000 0.000000 0.000000 1.226938 1.062155 -8.353559 -54.009935 0.010204 0.010204 0.001219 385.500000 1.112269 1.217121 -9.236695 -64.318390 0.010204 0.010204 0.001219 385.500000 5 41 61 70 87 97
0.000000 0.000000 0.000000 1.664459 1.109065 -62.847111 -85.134021 0.010204 0.010204 0.001219 385.500000 1.112269 1.217280 -122.550419 -66.723874 0.010204 0.010204 0.001219 385.500000 5 41 61 70 87 98
0.000000 0.000000 0.000000 3.587641 1.055472 -36.909852 -70.289939 0.010204 0.010204 0.001264 366.857143 1.112312 1.219853 -22.570918 -72.794083 0.010204 0.010204 0.001264 366.857143 5 41 61 75 77 88
0.000000 0.000000 0.000000 3.596619 1.056043 -364.700142 -69.598865 0.010204 0.010204 0.001264 366.857143 1.112312 1.219502 -189.105372 -73.297078 0.010204 0.010204 0.001264 366.857143 5 41 61 75 77 92
0.000000 0.000000 0.000000 3.591692 1.055642 -142.744317 -67.064131 0.010204 0.010204 0.001217 385.500000 1.112312 1.219504 -88.467665 -72.772868 0.010204 0.010204 0.001217 385.500000 5 41 61 75 77 97
0.000000 0.000000 0.000000 1.099926 1.063371 -70.594050 -73.568983 0.010204 0.010204 0.001217 385.500000 1.112312 1.219494 -96.823291 -68.080207 0.010204 0.010204 0.001217 385.500000 5 41 61 75 77 98
0.000000 0.000000 0.000000 1.035507 1.089522 -159.085744 -62.133106 0.010204 0.010204 0.001264 366.857143 1.112311 1.219473 -104.421701 -71.662332 0.010204 0.010204 0.001264 366.857143 5 41 61 75 81 88
0.000000 0.000000 0.000000 5.741909 1.197283 -257.531502 -56.899844 0.010204 0.010204 0.001264 366.857143 1.112311 1.219815 -70.271070 -70.065520 0.010204 0.010204 0.001264 366.857143 5 41 61 75 81 92
0.000000 0.000000 0.000000 1.001301 1.155029 -38.949833 -56.453338 0.010204 0.010204 0.001217 385.500000 1.112311 1.219465 -9.550343 -76.545215 0.010204 0.010204 0.001217 385.500000 5 41 61 75 81 97
0.000000 0.000000 0.000000 1.113058 1.118562 -52.716722 -69.842630 0.010204 0.010204 0.001217 385.500000 1.112311 1.219474 -41.237054 -65.598915 0.010204 0.010204 0.001217 385.500000 5 41 61 75 81 98
0.000000 0.000000 0.000000 3.578720 1.055267 -89.226441 -57.294991 0.010204 0.010204 0.001215 385.500000 1.112317 1.220060 -13.426667 -67.129482 0.010204 0.010204 0.001215 385.500000 5 41 61 75 86 88
0.000000 0.000000 0.000000 3.589703 1.084184 -19.798385 -66.117759 0.010204 0.010204 0.001215 385.500000 1.112317 1.220044 -23.183643 -71.451456 0.010204 0.010204 0.001215 385.500000 5 41 61 75 86 92
0.000000 0.000000 0.000000 3.578588 1.055259 -437.348039 -84.550451 0.010204 0.010204 0.001171 404.142857 1.112318 1.220350 -66.337806 -59.708081 0.010204 0.010204 0.001171 404.142857 5 41 61 75 86 97
0.000000 0.000000 0.000000 3.578840 1.055286 -242.230241 -57.077746 0.010204 0.010204 0.001171 404.142857 1.112317 1.220048 -13.040480 -75.328188 0.010204 0.010204 0.001171 404.142857 5 41 61 75 86 98
0.000000 0.000000 0.000000 1.053150 1.731001 -3.095061 -83.275535 0.010204 0.010204 0.001215 385.500000 1.112311 1.219475 -17.617403 -68.917190 0.010204 0.010204 0.001215 385.500000 5 41 61 75 87 88
0.000000 0.000000 0.000000 3.606038 1.056214 -132.957467 -59.087636 0.010204 0.010204 0.001215 385.500000 1.112311 1.219484 -10.395022 -72.502944 0.010204 0.010204 0.001215 385.500000 5 41 61 75 87 92
0.000000 0.000000 0.000000 3.619690 1.057382 -219.853163 -60.953524 0.010204 0.010204 0.001171 404.142857 1.112311 1.219477 -180.285316 -62.159686 0.010204 0.010204 0.001171 404.142857 5 41 61 75 87 97
0.000000 0.000000 0.000000 3.595895 1.055684 -347.095737 -72.452252 0.010204 0.010204 0.001171 404.142857 1.112311 1.219635 -91.859858 -62.819932 0.010204 0.010204 0.001171 404.142857 5 41 61 75 87 98
0.000000 0.000000 0.000000 1.420388 1.294090 -64.402206 -57.354259 0.010204 0.010204 0.001264 366.857143 1.112270 1.217502 -17.584506 -74.890723 0.010204 0.010204 0.001264 366.857143 5 41 61 76 77 88
0.000000 0.000000 0.000000 1.076773 1.230863 -197.929540 -77.508455 0.010204 0.010204 0.001264 366.857143 1.112270 1.217162 -6.329433 -68.115739 0.010204 0.010204 0.001264 366.857143 5 41 61 76 77 92
0.000000 0.000000 0.000000 1.044401 1.069274 -1.561717 -63.124046 0.010204 0.010204 0.001217 385.500000 1.112270 1.217163 -4.491726 -69.138822 0.010204 0.010204 0.001217 385.500000 5 41 61 76 77 97
0.000000 0.000000 0.000000 1.004642 1.077438 -32.235189 -81.974854 0.010204 0.010204 0.001217 385.500000 1.112270 1.217153 -36.717190 -66.860498 0.010204 0.010204 0.001217 385.500000 5 41 61 76 77 98
0.000000 0.000000 0.000000 2.964152 1.049062 -19.971023 -57.366800 0.010204 0.010204 0.001264 366.857143 1.112270 1.217172 -103.800315 -64.123078 0.010204 0.010204 0.001264 366.857143 5 41 61 76 81 88
0.000000 0.000000 0.000000 8.950587 1.179526 -560.192629 -47.850684 0.010204 0.010204 0.001264 366.857143 1.112270 1.217518 -91.135096 -70.937844 0.010204 0.010204 0.001264 366.857143 5 41 61 76 81 92
0.000000 0.000000 0.000000 1.245973 1.291211 -14.552522 -53.829729 0.010204 0.010204 0.001217 385.500000 1.112270 1.217163 -76.971519 -67.903218 0.010204 0.010204 0.001217 385.500000 5 41 61 76 81 97
0.000000 0.000000 0.000000 15.149920 1.327870 -2019.429306 -83.714327 0.010204 0.010204 0.001217 385.500000 1.112270 1.217173 -103.938443 -73.007555 0.010204 0.010204 0.001217 385.500000 5 41 61 76 81 98
0.000000 0.000000 0.000000 4.441750 1.095559 -91.116197 -64.535181 0.010204 0.010204 0.001215 385.500000 1.112270 1.217165 -7.399814 -66.232150 0.010204 0.010204 0.001215 385.500000 5 41 61 76 86 88
0.000000 0.000000 0.000000 1.036738 1.070616 -164.156962 -65.125805 0.010204 0.010204 0.001215 385.500000 1.112270 1.217155 -222.427584 -68.480447 0.010204 0.010204 0.001215 385.500000 5 41 61 76 86 92
0.000000 0.000000 0.000000 594.797512 15.048044 -25293.240271 -541.981748 0.010204 0.010204 0.001171 404.142857 1.112270 1.217314 -116.086436 -82.476709 0.010204 0.010204 0.001171 404.142857 5 41 61 76 86 97
0.000000 0.000000 0.000000 2.992561 1.077985 -154.679424 -58.804000 0.010204 0.010204 0.001171 404.142857 1.112270 1.217158 -6.415355 -71.335687 0.010204 0.010204 0.001171 404.142857 5 41 61 76 86 98
0.000000 0.000000 0.000000 11.116344 1.318853 -1805.011471 -95.159237 0.010204 0.010204 0.001215 385.500000 1.112270 1.217322 -10.124866 -70.670509 0.010204 0.010204 0.001215 385.500000 5 41 61 76 87 88
0.000000 0.000000 0.000000 5.555614 1.100025 -820.538045 -66.380063 0.010204 0.010204 0.001215 385.500000 1.112270 1.217336 -10.108131 -63.443684 0.010204 0.010204 0.001215 385.500000 5 41 61 76 87 92
0.000000 0.000000 0.000000 5.577772 1.100572 -220.370933 -71.106758 0.010204 0.010204 0.001171 404.142857 1.112270 1.217326 -34.352871 -72.026311 0.010204 0.010204 0.001171 404.142857 5 41 61 76 87 97
0.000000 0.000000 0.000000 5.531344 1.099447 -469.085081 -61.080469 0.010204 0.010204 0.001171 404.142857 1.112270 1.217564 -8.452797 -78.851421 0.010204 0.010204 0.001171 404.142857 5 41 61 76 87 98
0.000000 0.000000 0.000000 5.773240 1.285661 -86.377341 -65.797425 0.010204 0.010204 0.001319 348.214286 1.112057 1.214700 -7.812400 -67.889293 0.010204 0.010204 0.001319 348.214286 5 41 65 66 77 88
0.000000 0.000000 0.000000 7.250982 1.375579 -441.256931 -107.521926 0.010204 0.010204 0.001319 348.214286 1.112057 1.214180 -7.028195 -78.040275 0.010204 0.010204 0.001319 348.214286 5 41 65 66 77 92
0.000000 0.000000 0.000000 6.508490 1.330381 -101.535820 -89.680898 0.010204 0.010204 0.001268 366.857143 1.112057 1.214183 -14.388187 -73.333257 0.010204 0.010204 0.001268 366.857143 5 41 65 66 77 97
0.000000 0.000000 0.000000 1.760839 1.046495 -23.556068 -67.595973 0.010204 0.010204 0.001268 366.857143 1.112057 1.214167 -59.406119 -58.456031 0.010204 0.010204 0.001268 366.857143 5 41 65 66 77 98
0.000000 0.000000 0.000000 2.472997 1.139711 -142.006407 -57.137038 0.010204 0.010204 0.001319 348.214286 1.112057 1.213830 -3.958443 -76.822737 0.010204 0.010204 0.001319 348.214286 5 41 65 66 81 88
0.000000 0.000000 0.000000 1.933183 1.078256 -70.818572 -46.038302 0.010204 0.010204 0.001319 348.214286 1.112057 1.214175 -24.549570 -76.600576 0.010204 0.010204 0.001319 348.214286 5 41 65 66 81 92
0.000000 0.000000 0.000000 1.458883 1.064755 -96.747967 -51.899160 0.010204 0.010204 0.001268 366.857143 1.112057 1.213822 -9.807148 -61.729285 0.010204 0.010204 0.001268 366.857143 5 41 65 66 81 97
0.000000 0.000000 0.000000 1.580485 1.052149 -58.539763 -61.549213 0.010204 0.010204 0.001268 366.857143 1.112057 1.213831 -17.048132 -68.579476 0.010204 0.010204 0.001268 366.857143 5 41 65 66 81 98
0.000000 0.000000 0.000000 9.343525 1.631931 -410.175477 -106.384059 0.010204 0.010204 0.001266 366.857143 1.112057 1.213833 -94.089223 -61.626391 0.010204 0.010204 0.001266 366.857143 5 41 65 66 86 88
0.000000 0.000000 0.000000 2.193252 1.121962 -92.440447 -57.445466 0.010204 0.010204 0.001266 366.857143 1.112057 1.213823 -7.366129 -65.988436 0.010204 0.010204 0.001266 366.857143 5 41 65 66 86 92
0.000000 0.000000 0.000000 2.308896 1.095164 -64.253187 -67.876456 0.010204 0.010204 0.001219 385.500000 1.112057 1.213984 -63.538384 -55.397401 0.010204 0.010204 0.001219 385.500000 5 41 65 66 86 97
0.000000 0.000000 0.000000 1.786967 1.061479 -79.062268 -65.371270 0.010204 0.010204 0.001219 385.500000 1.112057 1.213825 -56.823655 -73.660720 0.010204 0.010204 0.001219 385.500000 5 41 65 66 86 98
0.000000 0.000000 0.000000 1.327887 1.146499 -15.744163 -68.953951 0.010204 0.010204 0.001266 366.857143 1.112057 1.213813 -8.431920 -68.541254 0.010204 0.010204 0.001266 366.857143 5 41 65 66 87 88
0.000000 0.000000 0.000000 1.306013 1.064078 -67.425900 -71.058533 0.010204 0.010204 0.001266 366.857143 1.112057 1.213823 -66.584340 -58.916032 0.010204 0.010204 0.001266 366.857143 5 41 65 66 87 92
0.000000 0.000000 0.000000 1.470645 1.110781 -4.939938 -66.271449 0.010204 0.010204 0.001219 385.500000 1.112057 1.213815 -8.001546 -64.853774 0.010204 0.010204 0.001219 385.500000 5 41 65 66 87 97
0.000000 0.000000 0.000000 1.392212 1.068964 -45.349703 -56.233418 0.010204 0.010204 0.001219 385.500000 1.112057 1.213970 -87.662891 -59.853760 0.010204 0.010204 0.001219 385.500000 5 41 65 66 87 98
0.000000 0.000000 0.000000 2.601793 1.056895 -503.129703 -62.559819 0.010204 0.010204 0.001319 348.214286 1.112057 1.214238 -80.333087 -66.625285 0.010204 0.010204 0.001319 348.214286 5 41 65 70 77 88
0.000000 0.000000 0.000000 5.736573 1.179705 -73.925653 -42.050016 0.010204 0.010204 0.001319 348.214286 1.112057 1.213893 -17.111584 -76.878483 0.010204 0.010204 0.001319 348.214286 5 41 65 70 77 92
0.000000 0.000000 0.000000 3.447874 1.089824 -216.830249 -49.865910 0.010204 0.010204 0.001268 366.857143 1.112057 1.213894 -232.199085 -66.695572 0.010204 0.010204 0.001268 366.857143 5 41 65 70 77 97
0.000000 0.000000 0.000000 1.929856 1.068719 -43.175836 -68.880555 0.010204 0.010204 0.001268 366.857143 1.112057 1.213885 -15.610476 -69.527261 0.010204 0.010204 0.001268 366.857143 5 41 65 70 77 98
0.000000 0.000000 0.000000 2.660114 1.054455 -57.671887 -44.857910 0.010204 0.010204 0.001319 348.214286 1.112057 1.214257 -4.226077 -72.505034 0.010204 0.010204 0.001319 348.214286 5 41 65 70 81 88
0.000000 0.000000 0.000000 2.638779 1.053695 -484.844935 -63.387617 0.010204 0.010204 0.001319 348.214286 1.112057 1.214780 -6.630262 -69.190664 0.010204 0.010204 0.001319 348.214286 5 41 65 70 81 92
0.000000 0.000000 0.000000 2.769228 1.058794 -38.737866 -49.456017 0.010204 0.010204 0.001268 366.857143 1.112057 1.214244 -7.732181 -70.467223 0.010204 0.010204 0.001268 366.857143 5 41 65 70 81 97
0.000000 0.000000 0.000000 2.650374 1.054106 -82.372710 -60.172499 0.010204 0.010204 0.001268 366.857143 1.112057 1.214260 -83.893764 -66.959978 0.010204 0.010204 0.001268 366.857143 5 41 65 70 81 98
0.000000 0.000000 0.000000 2.575066 1.121441 -322.603822 -63.639754 0.010204 0.010204 0.001266 366.857143 1.112057 1.213885 -215.255703 -78.431316 0.010204 0.010204 0.001266 366.857143 5 41 65 70 86 88
0.000000 0.000000 0.000000 1.092278 1.048970 -29.207406 -53.976425 0.010204 0.010204 0.001266 366.857143 1.112057 1.213876 -12.835906 -62.306355 0.010204 0.010204 0.001266 366.857143 5 41 65 70 86 92
0.000000 0.000000 0.000000 2.509956 1.084420 -86.357629 -69.072811 0.010204 0.010204 0.001219 385.500000 1.112057 1.214033 -5.189102 -74.632215 0.010204 0.010204 0.001219 385.500000 5 41 65 70 86 97
0.000000 0.000000 0.000000 1.744167 1.075259 -213.211302 -64.958857 0.010204 0.010204 0.001219 385.500000 1.112057 1.213878 -4.535392 -60.058298 0.010204 0.010204 0.001219 385.500000 5 41 65 70 86 98
0.000000 0.000000 0.000000 3.660155 1.125485 -245.549741 -71.558921 0.010204 0.010204 0.001266 366.857143 1.112057 1.213886 -92.450966 -71.264479 0.010204 0.010204 0.001266 366.857143 5 41 65 70 87 88
0.000000 0.000000 0.000000 10.024409 1.312834 -286.856042 -69.323939 0.010204 0.010204 0.001266 366.857143 1.112057 1.213896 -128.853609 -69.794406 0.010204 0.010204 0.001266 366.857143 5 41 65 70 87 92
0.000000 0.000000 0.000000 33.330486 2.135665 -1367.502055 -95.118716 0.010204 0.010204 0.001219 385.500000 1.112057 1.213888 -217.144055 -86.636831 0.010204 0.010204 0.001219 385.500000 5 41 65 70 87 97
0.000000 0.000000 0.000000 5.815412 1.164495 -297.865499 -63.491882 0.010204 0.010204 0.001219 385.500000 1.112057 1.214047 -5.301861 -78.399829 0.010204 0.010204 0.001219 385.500000 5 41 65 70 87 98
0.000000 0.000000 0.000000 7.128500 1.233835 -36.926604 -62.331748 0.010204 0.010204 0.001264 366.857143 1.112057 1.214203 -13.822191 -60.337499 0.010204 0.010204 0.001264 366.857143 5 41 65 75 77 88
0.000000 0.000000 0.000000 2.455860 1.058053 -36.256531 -63.483245 0.010204 0.010204 0.001264 366.857143 1.112057 1.213856 -127.462324 -64.590689 0.010204 0.010204 0.001264 366.857143 5 41 65 75 77 92
0.000000 0.000000 0.000000 2.186127 1.046297 -110.775694 -57.961718 0.010204 0.010204 0.001217 385.500000 1.112057 1.213857 -4.978870 -66.288509 0.010204 0.010204 0.001217 385.500000 5 41 65 75 77 97
0.000000 0.000000 0.000000 2.147841 1.063346 -88.370233 -56.292229 0.010204 0.010204 0.001217 385.500000 1.112057 1.213848 -20.510671 -73.324744 0.010204 0.010204 0.001217 385.500000 5 41 65 75 77 98
0.000000 0.000000 0.000000 2.077503 1.134169 -55.971863 -60.649077 0.010204 0.010204 0.001264 366.857143 1.112057 1.213846 -158.342590 -70.514899 0.010204 0.010204 0.001264 366.857143 5 41 65 75 81 88
0.000000 0.000000 0.000000 2.481634 1.108631 -149.799615 -69.532166 0.010204 0.010204 0.001264 366.857143 1.112057 1.214187 -230.324717 -76.728049 0.010204 0.010204 0.001264 366.857143 5 41 65 75 81 92
0.000000 0.000000 0.000000 1.103565 1.046757 -14.295276 -57.337336 0.010204 0.010204 0.001217 385.500000 1.112057 1.213838 -7.070899 -61.190419 0.010204 0.010204 0.001217 385.500000 5 41 65 75 81 97
0.000000 0.000000 0.000000 4.241476 1.318988 -356.906648 -87.965460 0.010204 0.010204 0.001217 385.500000 1.112057 1.213847 -11.302244 -65.359145 0.010204 0.010204 0.001217 385.500000 5 41 65 75 81 98
0.000000 0.000000 0.000000 10.434140 1.335798 -149.544500 -91.540111 0.010204 0.010204 0.001215 385.500000 1.112057 1.214016 -136.942627 -66.532447 0.010204 0.010204 0.001215 385.500000 5 41 65 75 86 88
0.000000 0.000000 0.000000 23.500486 1.810463 -1007.864614 -86.871857 0.010204 0.010204 0.001215 385.500000 1.112057 1.214002 -154.775800 -70.652405 0.010204 0.010204 0.001215 385.500000 5 41 65 75 86 92
0.000000 0.000000 0.000000 9.868443 1.315378 -2895.459552 -97.234563 0.010204 0.010204 0.001171 404.142857 1.112057 1.214244 -5.471450 -65.192795 0.010204 0.010204 0.001171 404.142857 5 41 65 75 86 97
0.000000 0.000000 0.000000 10.922598 1.353446 -1033.976654 -75.299513 0.010204 0.010204 0.001171 404.142857 1.112057 1.214006 -8.318668 -76.336248 0.010204 0.010204 0.001171 404.142857 5 41 65 75 86 98
0.000000 0.000000 0.000000 1.670181 1.054597 -66.323510 -68.657691 0.010204 0.010204 0.001215 385.500000 1.112057 1.213840 -20.751147 -68.336069 0.010204 0.010204 0.001215 385.500000 5 41 65 75 87 88
0.000000 0.000000 0.000000 17.828268 1.712862 -2890.249246 -123.297951 0.010204 0.010204 0.001215 385.500000 1.112057 1.213850 -6.394391 -75.610257 0.010204 0.010204 0.001215 385.500000 5 41 65 75 87 92
0.000000 0.000000 0.000000 2.469660 1.064866 -134.800368 -69.520307 0.010204 0.010204 0.001171 404.142857 1.112057 1.213842 -159.094164 -61.483749 0.010204 0.010204 0.001171 404.142857 5 41 65 75 87 97
0.000000 0.000000 0.000000 3.465475 1.099761 -213.065694 -58.196939 0.010204 0.010204 0.001171 404.142857 1.112057 1.213998 -45.253903 -70.539450 0.010204 0.010204 0.001171 404.142857 5 41 65 75 87 98
0.000000 0.000000 0.000000 276.772974 9.417819 -8978.309544 -929.895310 0.010204 0.010204 0.001264 366.857143 1.112058 1.215466 -12.677334 -64.258471 0.010204 0.010204 0.001264 366.857143 5 41 65 76 77 88
0.000000 0.000000 0.000000 3.504176 1.149181 -312.075371 -58.446447 0.010204 0.010204 0.001264 366.857143 1.112058 1.215125 -7.865517 -65.870614 0.010204 0.010204 0.001264 366.857143 5 41 65 76 77 92
0.000000 0.000000 0.000000 3.524292 1.089427 -114.274952 -55.992835 0.010204 0.010204 0.001217 385.500000 1.112058 1.215126 -84.750459 -75.609397 0.010204 0.010204 0.001217 385.500000 5 41 65 76 77 97
0.000000 0.000000 0.000000 1.064717 1.278128 -19.145077 -74.081077 0.010204 0.010204 0.001217 385.500000 1.112058 1.215116 -59.888497 -65.161124 0.010204 0.010204 0.001217 385.500000 5 41 65 76 77 98
0.000000 0.000000 0.000000 6.206763 1.152852 -802.619339 -72.577302 0.010204 0.010204 0.001264 366.857143 1.112058 1.215146 -7.503837 -63.119649 0.010204 0.010204 0.001264 366.857143 5 41 65 76 81 88
0.000000 0.000000 0.000000 5.965752 1.145504 -443.501422 -86.460183 0.010204 0.010204 0.001264 366.857143 1.112058 1.215496 -218.400254 -85.990541 0.010204 0.010204 0.001264 366.857143 5 41 65 76 81 92
0.000000 0.000000 0.000000 11.779703 1.334906 -1010.742148 -72.982361 0.010204 0.010204 0.001217 385.500000 1.112058 1.215138 -118.321915 -69.173554 0.010204 0.010204 0.001217 385.500000 5 41 65 76 81 97
0.000000 0.000000 0.000000 6.088423 1.149228 -199.108191 -72.966752 0.010204 0.010204 0.001217 385.500000 1.112058 1.215148 -85.421196 -74.507099 0.010204 0.010204 0.001217 385.500000 5 41 65 76 81 98
0.000000 0.000000 0.000000 6.649160 1.166167 -479.153681 -68.217486 0.010204 0.010204 0.001215 385.500000 1.112058 1.215133 -8.540568 -68.874107 0.010204 0.010204 0.001215 385.500000 5 41 65 76 86 88
0.000000 0.000000 0.000000 4.228422 1.160178 -587.154570 -83.311630 0.010204 0.010204 0.001215 385.500000 1.112058 1.215123 -20.196337 -69.443589 0.010204 0.010204 0.001215 385.500000 5 41 65 76 86 92
0.000000 0.000000 0.000000 6.347497 1.156980 -368.535128 -89.400716 0.010204 0.010204 0.001171 404.142857 1.112058 1.215283 -53.311436 -64.376003 0.010204 0.010204 0.001171 404.142857 5 41 65 76 86 97
0.000000 0.000000 0.000000 6.955856 1.175585 -590.385381 -73.901590 0.010204 0.010204 0.001171 404.142857 1.112058 1.215125 -54.435010 -69.547380 0.010204 0.010204 0.001171 404.142857 5 41 65 76 86 98
0.000000 0.000000 0.000000 5.604876 1.135312 -233.048831 -65.036926 0.010204 0.010204 0.001215 385.500000 1.112059 1.215529 -76.712742 -73.230808 0.010204 0.010204 0.001215 385.500000 5 41 65 76 87 88
0.000000 0.000000 0.000000 5.559172 1.133314 -783.910664 -62.169513 0.010204 0.010204 0.001215 385.500000 1.112059 1.215545 -201.286146 -75.235017 0.010204 0.010204 0.001215 385.500000 5 41 65 76 87 92
0.000000 0.000000 0.000000 5.562459 1.133415 -42.083388 -64.801648 0.010204 0.010204 0.001171 404.142857 1.112059 1.215534 -7.657217 -71.160218 0.010204 0.010204 0.001171 404.142857 5 41 65 76 87 97
0.000000 0.000000 0.000000 5.555032 1.133189 -1232.850373 -88.199038 0.010204 0.010204 0.001171 404.142857 1.112059 1.215813 -297.665581 -66.549745 0.010204 0.010204 0.001171 404.142857 5 41 65 76 87 98
0.000000 0.000000 0.000000 1.514349 1.054977 -114.463194 -53.381286 0.010204 0.010204 0.001319 348.214286 1.114598 1.217327 -63.378834 -68.017077 0.010204 0.010204 0.001319 348.214286 5 45 46 66 77 88
0.000000 0.000000 0.000000 1.515811 1.055152 -66.776767 -50.804291 0.010204 0.010204 0.001319 348.214286 1.114598 1.216718 -49.643257 -75.385975 0.010204 0.010204 0.001319 348.214286 5 45 46 66 77 92
0.000000 0.000000 0.000000 1.515124 1.055068 -133.269871 -60.944229 0.010204 0.010204 0.001268 366.857143 1.114598 1.216722 -52.400595 -62.085679 0.010204 0.010204 0.001268 366.857143 5 45 46 66 77 97
0.000000 0.000000 0.000000 1.526308 1.057863 -40.249327 -59.308310 0.010204 0.010204 0.001268 366.857143 1.114598 1.216704 -20.051312 -69.987537 0.010204 0.010204 0.001268 366.857143 5 45 46 66 77 98
0.000000 0.000000 0.000000 1.855438 1.094898 -163.830214 -72.617960 0.010204 0.010204 0.001319 348.214286 1.114597 1.215970 -122.705145 -70.439466 0.010204 0.010204 0.001319 348.214286 5 45 46 66 81 88
0.000000 0.000000 0.000000 1.666623 1.072340 -75.297452 -64.186935 0.010204 0.010204 0.001319 348.214286 1.114597 1.216317 -89.800409 -61.181778 0.010204 0.010204 0.001319 348.214286 5 45 46 66 81 92
0.000000 0.000000 0.000000 1.105841 1.061453 -5.533812 -46.673564 0.010204 0.010204 0.001268 366.857143 1.114597 1.215961 -161.333312 -64.118742 0.010204 0.010204 0.001268 366.857143 5 45 46 66 81 97
0.000000 0.000000 0.000000 1.746193 1.081730 -31.587991 -58.052200 0.010204 0.010204 0.001268 366.857143 1.114597 1.215971 -9.378660 -53.898846 0.010204 0.010204 0.001268 366.857143 5 45 46 66 81 98
0.000000 0.000000 0.000000 1.611587 1.066104 -67.471806 -58.642220 0.010204 0.010204 0.001266 366.857143 1.114597 1.215977 -102.960065 -71.847608 0.010204 0.010204 0.001266 366.857143 5 45 46 66 86 88
0.000000 0.000000 0.000000 1.768799 1.142508 -21.559480 -64.041884 0.010204 0.010204 0.001266 366.857143 1.114597 1.215968 -5.754354 -75.509811 0.010204 0.010204 0.001266 366.857143 5 45 46 66 86 92
0.000000 0.000000 0.000000 1.585697 1.063074 -62.444805 -68.860852 0.010204 0.010204 0.001219 385.500000 1.114597 1.216131 -201.365745 -60.943296 0.010204 0.010204 0.001219 385.500000 5 45 46 66 86 97
0.000000 0.000000 0.000000 1.636872 1.069118 -102.820906 -61.423658 0.010204 0.010204 0.001219 385.500000 1.114597 1.215970 -21.831185 -54.684215 0.010204 0.010204 0.001219 385.500000 5 45 46 66 86 98
0.000000 0.000000 0.000000 1.172735 3.040599 -7.214547 -164.184246 0.010204 0.010204 0.001266 366.857143 1.114597 1.215944 -72.109022 -70.886878 0.010204 0.010204 0.001266 366.857143 5 45 46 66 87 88
0.000000 0.000000 0.000000 1.473702 1.104670 -6.602626 -58.017854 0.010204 0.010204 0.001266 366.857143 1.114597 1.215954 -7.982297 -72.722809 0.010204 0.010204 0.001266 366.857143 5 45 46 66 87 92
0.000000 0.000000 0.000000 1.127810 1.058032 -11.681763 -40.414887 0.010204 0.010204 0.001219 385.500000 1.114597 1.215946 -201.484359 -73.805124 0.010204 0.010204 0.001219 385.500000 5 45 46 66 87 97
0.000000 0.000000 0.000000 1.876483 1.114075 -100.301597 -74.865314 0.010204 0.010204 0.001219 385.500000 1.114597 1.216101 -55.922410 -66.961158 0.010204 0.010204 0.001219 385.500000 5 45 46 66 87 98
0.000000 0.000000 0.000000 2.008596 1.209654 -35.167739 -81.687146 0.010204 0.010204 0.001319 348.214286 1.114595 1.214796 -35.248367 -59.422539 0.010204 0.010204 0.001319 348.214286 5 45 46 70 77 88
0.000000 0.000000 0.000000 3.401725 1.557239 -145.132874 -104.416624 0.010204 0.010204 0.001319 348.214286 1.114595 1.214452 -103.466522 -59.943283 0.010204 0.010204 0.001319 348.214286 5 45 46 70 77 92
0.000000 0.000000 0.000000 1.361190 1.079623 -12.538916 -62.828246 0.010204 0.010204 0.001268 366.857143 1.114595 1.214453 -81.537100 -55.710017 0.010204 0.010204 0.001268 366.857143 5 45 46 70 77 97
0.000000 0.000000 0.000000 1.125930 1.047587 -7.097532 -70.534305 0.010204 0.010204 0.001268 366.857143 1.114595 1.214443 -12.516753 -68.924394 0.010204 0.010204 0.001268 366.857143 5 45 46 70 77 98
0.000000 0.000000 0.000000 1.872222 1.147891 -109.127839 -63.939164 0.010204 0.010204 0.001319 348.214286 1.114595 1.214808 -15.376709 -53.362561 0.010204 0.010204 0.001319 348.214286 5 45 46 70 81 88
0.000000 0.000000 0.000000 1.791089 1.133726 -133.587471 -73.061490 0.010204 0.010204 0.001319 348.214286 1.114595 1.215330 -9.421459 -65.043372 0.010204 0.010204 0.001319 348.214286 5 45 46 70 81 92
0.000000 0.000000 0.000000 2.532152 1.264580 -152.292100 -59.621433 0.010204 0.010204 0.001268 366.857143 1.114595 1.214796 -26.407334 -60.815576 0.010204 0.010204 0.001268 366.857143 5 45 46 70 81 97
0.000000 0.000000 0.000000 1.833963 1.141202 -116.390418 -75.505253 0.010204 0.010204 0.001268 366.857143 1.114595 1.214811 -134.688988 -74.042032 0.010204 0.010204 0.001268 366.857143 5 45 46 70 81 98
0.000000 0.000000 0.000000 1.282218 1.125531 -17.416551 -59.691486 0.010204 0.010204 0.001266 366.857143 1.114595 1.214444 -9.967109 -64.920610 0.010204 0.010204 0.001266 366.857143 5 45 46 70 86 88
0.000000 0.000000 0.000000 1.475174 1.582049 -53.263243 -104.366772 0.010204 0.010204 0.001266 366.857143 1.114595 1.214435 -7.463027 -61.231136 0.010204 0.010204 0.001266 366.857143 5 45 46 70 86 92
0.000000 0.000000 0.000000 1.258935 1.094211 -194.882849 -70.834273 0.010204 0.010204 0.001219 385.500000 1.114595 1.214591 -60.645411 -69.963229 0.010204 0.010204 0.001219 385.500000 5 45 46 70 86 97
0.000000 0.000000 0.000000 1.100425 1.051593 -23.338840 -57.713877 0.010204 0.010204 0.001219 385.500000 1.114595 1.214437 -37.283124 -72.469602 0.010204 0.010204 0.001219 385.500000 5 45 46 70 86 98
0.000000 0.000000 0.000000 1.524803 1.144890 -69.177149 -75.247694 0.010204 0.010204 0.001266 366.857143 1.114595 1.214445 -120.091135 -68.609914 0.010204 0.010204 0.001266 366.857143 5 45 46 70 87 88
0.000000 0.000000 0.000000 2.252134 1.245637 -32.457449 -107.601710 0.010204 0.010204 0.001266 366.857143 1.114595 1.214454 -10.323558 -66.183269 0.010204 0.010204 0.001266 366.857143 5 45 46 70 87 92
0.000000 0.000000 0.000000 1.248957 1.050164 -26.646232 -67.239085 0.010204 0.010204 0.001219 385.500000 1.114595 1.214447 -9.266178 -70.034611 0.010204 0.010204 0.001219 385.500000 5 45 46 70 87 97
0.000000 0.000000 0.000000 1.448738 1.085201 -51.008397 -61.265537 0.010204 0.010204 0.001219 385.500000 1.114595 1.214605 -14.513065 -74.576831 0.010204 0.010204 0.001219 385.500000 5 45 46 70 87 98
0.000000 0.000000 0.000000 8.515291 2.168787 -278.471117 -144.817651 0.010204 0.010204 0.001264 366.857143 1.114595 1.214817 -3.174029 -71.218054 0.010204 0.010204 0.001264 366.857143 5 45 46 75 77 88
0.000000 0.000000 0.000000 1.606869 1.099822 -91.238576 -67.089261 0.010204 0.010204 0.001264 366.857143 1.114595 1.214471 -84.805918 -71.571705 0.010204 0.010204 0.001264 366.857143 5 45 46 75 77 92
0.000000 0.000000 0.000000 1.397781 1.063676 -75.912203 -59.281159 0.010204 0.010204 0.001217 385.500000 1.114595 1.214472 -250.882533 -68.211446 0.010204 0.010204 0.001217 385.500000 5 45 46 75 77 97
0.000000 0.000000 0.000000 1.249745 1.060478 -21.036187 -75.829827 0.010204 0.010204 0.001217 385.500000 1.114595 1.214462 -59.690703 -67.506141 0.010204 0.010204 0.001217 385.500000 5 45 46 75 77 98
0.000000 0.000000 0.000000 1.402913 1.183323 -11.789212 -66.450059 0.010204 0.010204 0.001264 366.857143 1.114595 1.214460 -13.303363 -73.387969 0.010204 0.010204 0.001264 366.857143 5 45 46 75 81 88
0.000000 0.000000 0.000000 1.457587 1.132228 -71.305709 -62.417778 0.010204 0.010204 0.001264 366.857143 1.114595 1.214801 -13.959363 -77.360410 0.010204 0.010204 0.001264 366.857143 5 45 46 75 81 92
0.000000 0.000000 0.000000 1.032715 1.046469 -79.895973 -55.709575 0.010204 0.010204 0.001217 385.500000 1.114595 1.214452 -6.293625 -62.431177 0.010204 0.010204 0.001217 385.500000 5 45 46 75 81 97
0.000000 0.000000 0.000000 3.642158 1.983094 -516.609553 -168.184703 0.010204 0.010204 0.001217 385.500000 1.114595 1.214461 -123.185664 -68.023880 0.010204 0.010204 0.001217 385.500000 5 45 46 75 81 98
0.000000 0.000000 0.000000 2.062604 1.151599 -249.420212 -80.858678 0.010204 0.010204 0.001215 385.500000 1.114595 1.214634 -6.380944 -72.922077 0.010204 0.010204 0.001215 385.500000 5 45 46 75 86 88
0.000000 0.000000 0.000000 2.865214 1.271542 -592.920253 -80.981921 0.010204 0.010204 0.001215 385.500000 1.114595 1.214621 -16.619024 -76.474097 0.010204 0.010204 0.001215 385.500000 5 45 46 75 86 92
0.000000 0.000000 0.000000 2.018004 1.145051 -188.517755 -79.698743 0.010204 0.010204 0.001171 404.142857 1.114595 1.214863 -186.675268 -59.244162 0.010204 0.010204 0.001171 404.142857 5 45 46 75 86 97
0.000000 0.000000 0.000000 2.100234 1.157136 -257.210472 -57.490999 0.010204 0.010204 0.001171 404.142857 1.114595 1.214625 -211.070391 -73.762109 0.010204 0.010204 0.001171 404.142857 5 45 46 75 86 98
0.000000 0.000000 0.000000 1.236064 1.081610 -27.997674 -64.622241 0.010204 0.010204 0.001215 385.500000 1.114595 1.214454 -5.157067 -65.074703 0.010204 0.010204 0.001215 385.500000 5 45 46 75 87 88
0.000000 0.000000 0.000000 1.493577 1.086694 -102.075583 -57.618552 0.010204 0.010204 0.001215 385.500000 1.114595 1.214464 -88.806200 -67.943716 0.010204 0.010204 0.001215 385.500000 5 45 46 75 87 92
0.000000 0.000000 0.000000 3.286114 1.420974 -262.753446 -69.781887 0.010204 0.010204 0.001171 404.142857 1.114595 1.214456 -9.098315 -66.046311 0.010204 0.010204 0.001171 404.142857 5 45 46 75 87 97
0.000000 0.000000 0.000000 4.065356 1.510055 -268.234284 -152.905833 0.010204 0.010204 0.001171 404.142857 1.114595 1.214613 -8.986154 -70.692624 0.010204 0.010204 0.001171 404.142857 5 45 46 75 87 98
0.000000 0.000000 0.000000 1.206606 1.140590 -231.301519 -72.003487 0.010204 0.010204 0.001264 366.857143 1.114595 1.214749 -14.748921 -65.443446 0.010204 0.010204 0.001264 366.857143 5 45 46 76 77 88
0.000000 0.000000 0.000000 1.074739 1.061123 -7.114119 -64.958731 0.010204 0.010204 0.001264 366.857143 1.114595 1.214408 -19.167658 -67.915634 0.010204 0.010204 0.001264 366.857143 5 45 46 76 77 92
0.000000 0.000000 0.000000 1.075616 1.057330 -11.419702 -68.515084 0.010204 0.010204 0.001217 385.500000 1.114595 1.214409 -5.340433 -72.570147 0.010204 0.010204 0.001217 385.500000 5 45 46 76 77 97
0.000000 0.000000 0.000000 1.171319 1.211529 -13.561204 -71.431011 0.010204 0.010204 0.001217 385.500000 1.114595 1.214400 -66.742093 -65.868746 0.010204 0.010204 0.001217 385.500000 5 45 46 76 77 98
0.000000 0.000000 0.000000 1.142847 1.055399 -42.701427 -59.345347 0.010204 0.010204 0.001264 366.857143 1.114595 1.214418 -8.724809 -66.787226 0.010204 0.010204 0.001264 366.857143 5 45 46 76 81 88
0.000000 0.000000 0.000000 1.258432 1.095350 -76.317581 -52.413529 0.010204 0.010204 0.001264 366.857143 1.114595 1.214764 -40.395660 -71.037262 0.010204 0.010204 0.001264 366.857143 5 45 46 76 81 92
0.000000 0.000000 0.000000 4.313744 2.503121 -214.830854 -144.774577 0.010204 0.010204 0.001217 385.500000 1.114595 1.214409 -16.719748 -78.801356 0.010204 0.010204 0.001217 385.500000 5 45 46 76 81 97
0.000000 0.000000 0.000000 2.058071 1.401547 -92.765192 -109.706501 0.010204 0.010204 0.001217 385.500000 1.114595 1.214419 -17.896156 -69.564649 0.010204 0.010204 0.001217 385.500000 5 45 46 76 81 98
0.000000 0.000000 0.000000 3.965391 2.266200 -136.480696 -241.200177 0.010204 0.010204 0.001215 385.500000 1.114595 1.214411 -48.760552 -73.751826 0.010204 0.010204 0.001215 385.500000 5 45 46 76 86 88
0.000000 0.000000 0.000000 1.093327 1.051738 -6.663779 -46.375123 0.010204 0.010204 0.001215 385.500000 1.114595 1.214402 -50.733365 -76.909570 0.010204 0.010204 0.001215 385.500000 5 45 46 76 86 92
0.000000 0.000000 0.000000 1.181654 1.074201 -49.466609 -76.154712 0.010204 0.010204 0.001171 404.142857 1.114595 1.214560 -12.494037 -61.783571 0.010204 0.010204 0.001171 404.142857 5 45 46 76 86 97
0.000000 0.000000 0.000000 1.175283 1.077273 -42.468475 -47.006698 0.010204 0.010204 0.001171 404.142857 1.114595 1.214404 -22.505740 -65.823225 0.010204 0.010204 0.001171 404.142857 5 45 46 76 86 98
0.000000 0.000000 0.000000 1.537514 1.171313 -93.474625 -76.295096 0.010204 0.010204 0.001215 385.500000 1.114595 1.214559 -11.644976 -55.222142 0.010204 0.010204 0.001215 385.500000 5 45 46 76 87 88
0.000000 0.000000 0.000000 1.365825 1.115209 -91.238700 -52.872422 0.010204 0.010204 0.001215 385.500000 1.114595 1.214573 -260.640686 -76.385157 0.010204 0.010204 0.001215 385.500000 5 45 46 76 87 92
0.000000 0.000000 0.000000 1.380519 1.119986 -18.329148 -64.114123 0.010204 0.010204 0.001171 404.142857 1.114595 1.214563 -62.007767 -69.602471 0.010204 0.010204 0.001171 404.142857 5 45 46 76 87 97
0.000000 0.000000 0.000000 1.346956 1.109084 -59.124267 -63.763984 0.010204 0.010204 0.001171 404.142857 1.114595 1.214800 -50.807641 -73.448939 0.010204 0.010204 0.001171 404.142857 5 45 46 76 87 98
0.000000 0.000000 0.000000 1.429213 1.048938 -178.602061 -56.135707 0.010204 0.010204 0.001319 348.214286 1.114630 1.215469 -13.665571 -83.488562 0.010204 0.010204 0.001319 348.214286 5 45 50 66 77 88
0.000000 0.000000 0.000000 1.607999 1.072789 -295.984001 -61.590470 0.010204 0.010204 0.001319 348.214286 1.114630 1.214948 -214.608339 -67.266472 0.010204 0.010204 0.001319 348.214286 5 45 50 66 77 92
0.000000 0.000000 0.000000 1.494212 1.057424 -51.092206 -52.498483 0.010204 0.010204 0.001268 366.857143 1.114630 1.214951 -12.510416 -69.536508 0.010204 0.010204 0.001268 366.857143 5 45 50 66 77 97
0.000000 0.000000 0.000000 1.030415 1.067156 -126.885010 -70.199093 0.010204 0.010204 0.001268 366.857143 1.114630 1.214935 -5.309879 -79.568255 0.010204 0.010204 0.001268 366.857143 5 45 50 66 77 98
0.000000 0.000000 0.000000 1.262813 1.157493 -38.717356 -69.251705 0.010204 0.010204 0.001319 348.214286 1.114630 1.214591 -9.443822 -69.883200 0.010204 0.010204 0.001319 348.214286 5 45 50 66 81 88
0.000000 0.000000 0.000000 1.165892 1.047439 -79.598415 -52.703956 0.010204 0.010204 0.001319 348.214286 1.114630 1.214936 -15.681648 -67.286328 0.010204 0.010204 0.001319 348.214286 5 45 50 66 81 92
0.000000 0.000000 0.000000 1.073558 1.247558 -7.391864 -48.055548 0.010204 0.010204 0.001268 366.857143 1.114630 1.214583 -83.978101 -66.021615 0.010204 0.010204 0.001268 366.857143 5 45 50 66 81 97
0.000000 0.000000 0.000000 1.128711 1.055046 -26.410347 -64.286696 0.010204 0.010204 0.001268 366.857143 1.114630 1.214592 -21.854704 -73.353358 0.010204 0.010204 0.001268 366.857143 5 45 50 66 81 98
0.000000 0.000000 0.000000 1.258143 1.066433 -37.081978 -44.862044 0.010204 0.010204 0.001266 366.857143 1.114630 1.214593 -127.568304 -62.372962 0.010204 0.010204 0.001266 366.857143 5 45 50 66 86 88
0.000000 0.000000 0.000000 1.019376 1.046903 -47.271154 -62.680202 0.010204 0.010204 0.001266 366.857143 1.114630 1.214584 -11.107359 -89.120741 0.010204 0.010204 0.001266 366.857143 5 45 50 66 86 92
0.000000 0.000000 0.000000 1.290028 1.055793 -34.473993 -60.043398 0.010204 0.010204 0.001219 385.500000 1.114630 1.214745 -80.719457 -64.117040 0.010204 0.010204 0.001219 385.500000 5 45 50 66 86 97
0.000000 0.000000 0.000000 1.151025 1.050295 -339.955309 -72.342257 0.010204 0.010204 0.001219 385.500000 1.114630 1.214586 -90.508938 -74.528192 0.010204 0.010204 0.001219 385.500000 5 45 50 66 86 98
0.000000 0.000000 0.000000 1.006654 1.062942 -50.146451 -66.301226 0.010204 0.010204 0.001266 366.857143 1.114630 1.214574 -17.589250 -75.639050 0.010204 0.010204 0.001266 366.857143 5 45 50 66 87 88
0.000000 0.000000 0.000000 1.042114 1.091559 -2.702542 -62.210058 0.010204 0.010204 0.001266 366.857143 1.114630 1.214583 -150.939917 -67.121414 0.010204 0.010204 0.001266 366.857143 5 45 50 66 87 92
0.000000 0.000000 0.000000 1.029775 1.085352 -3.974374 -43.980891 0.010204 0.010204 0.001219 385.500000 1.114630 1.214576 -5.272137 -84.979084 0.010204 0.010204 0.001219 385.500000 5 45 50 66 87 97
0.000000 0.000000 0.000000 1.109091 1.148867 -67.103301 -58.462694 0.010204 0.010204 0.001219 385.500000 1.114630 1.214731 -14.100993 -72.402197 0.010204 0.010204 0.001219 385.500000 5 45 50 66 87 98
0.000000 0.000000 0.000000 14.910804 1.831062 -515.446559 -157.403815 0.010204 0.010204 0.001319 348.214286 1.114638 1.216499 -5.274895 -66.760863 0.010204 0.010204 0.001319 348.214286 5 45 50 70 77 88
0.000000 0.000000 0.000000 1.030275 1.053891 -2.421241 -59.808690 0.010204 0.010204 0.001319 348.214286 1.114638 1.216152 -9.636693 -69.311311 0.010204 0.010204 0.001319 348.214286 5 45 50 70 77 92
0.000000 0.000000 0.000000 1.116402 1.049217 -14.940521 -45.705022 0.010204 0.010204 0.001268 366.857143 1.114638 1.216153 -26.671783 -74.213079 0.010204 0.010204 0.001268 366.857143 5 45 50 70 77 97
0.000000 0.000000 0.000000 1.000959 1.064042 -76.387898 -75.712739 0.010204 0.010204 0.001268 366.857143 1.114638 1.216144 -26.945062 -64.051727 0.010204 0.010204 0.001268 366.857143 5 45 50 70 77 98
0.000000 0.000000 0.000000 4.628411 1.170768 -952.179811 -89.313989 0.010204 0.010204 0.001319 348.214286 1.114639 1.216909 -55.617734 -75.746574 0.010204 0.010204 0.001319 348.214286 5 45 50 70 81 88
0.000000 0.000000 0.000000 4.153359 1.142989 -196.461455 -65.490973 0.010204 0.010204 0.001319 348.214286 1.114640 1.217519 -9.497341 -76.105940 0.010204 0.010204 0.001319 348.214286 5 45 50 70 81 92
0.000000 0.000000 0.000000 1.002902 1.096214 -0.418344 -35.463534 0.010204 0.010204 0.001268 366.857143 1.114639 1.216895 -43.472133 -61.315432 0.010204 0.010204 0.001268 366.857143 5 45 50 70 81 97
0.000000 0.000000 0.000000 4.265463 1.148809 -273.260208 -62.087074 0.010204 0.010204 0.001268 366.857143 1.114639 1.216914 -191.317874 -71.140552 0.010204 0.010204 0.001268 366.857143 5 45 50 70 81 98
0.000000 0.000000 0.000000 1.009403 1.167369 -121.389268 -53.643422 0.010204 0.010204 0.001266 366.857143 1.114638 1.216136 -73.150658 -72.506941 0.010204 0.010204 0.001266 366.857143 5 45 50 70 86 88
0.000000 0.000000 0.000000 1.000947 1.174938 -237.105879 -63.298803 0.010204 0.010204 0.001266 366.857143 1.114638 1.216126 -38.165276 -71.944909 0.010204 0.010204 0.001266 366.857143 5 45 50 70 86 92
0.000000 0.000000 0.000000 1.014107 1.074236 -95.429288 -52.675954 0.010204 0.010204 0.001219 385.500000 1.114638 1.216283 -7.352931 -68.557618 0.010204 0.010204 0.001219 385.500000 5 45 50 70 86 97
0.000000 0.000000 0.000000 1.002203 1.064725 -216.308750 -72.447838 0.010204 0.010204 0.001219 385.500000 1.114638 1.216128 -23.613839 -69.013427 0.010204 0.010204 0.001219 385.500000 5 45 50 70 86 98
0.000000 0.000000 0.000000 1.001343 1.064167 -42.047636 -68.943124 0.010204 0.010204 0.001266 366.857143 1.114638 1.216150 -14.637553 -74.139602 0.010204 0.010204 0.001266 366.857143 5 45 50 70 87 88
0.000000 0.000000 0.000000 2.073347 1.088874 -171.850224 -59.537842 0.010204 0.010204 0.001266 366.857143 1.114638 1.216160 -8.496651 -67.872088 0.010204 0.010204 0.001266 366.857143 5 45 50 70 87 92
0.000000 0.000000 0.000000 1.569477 1.302721 -353.158674 -62.949180 0.010204 0.010204 0.001219 385.500000 1.114638 1.216152 -122.470162 -75.276761 0.010204 0.010204 0.001219 385.500000 5 45 50 70 87 97
0.000000 0.000000 0.000000 2.002378 1.048418 -132.021236 -65.132670 0.010204 0.010204 0.001219 385.500000 1.114638 1.216313 -253.963818 -65.864330 0.010204 0.010204 0.001219 385.500000 5 45 50 70 87 98
0.000000 0.000000 0.000000 1.265747 1.162416 -31.291065 -63.211550 0.010204 0.010204 0.001264 366.857143 1.114630 1.214903 -20.025637 -60.954823 0.010204 0.010204 0.001264 366.857143 5 45 50 75 77 88
0.000000 0.000000 0.000000 1.294162 1.219809 -31.545895 -63.998581 0.010204 0.010204 0.001264 366.857143 1.114630 1.214556 -22.685458 -78.361885 0.010204 0.010204 0.001264 366.857143 5 45 50 75 77 92
0.000000 0.000000 0.000000 1.543670 1.371100 -109.122613 -67.291238 0.010204 0.010204 0.001217 385.500000 1.114630 1.214557 -64.138833 -70.992171 0.010204 0.010204 0.001217 385.500000 5 45 50 75 77 97
0.000000 0.000000 0.000000 1.448316 1.651331 -109.352214 -135.218007 0.010204 0.010204 0.001217 385.500000 1.114630 1.214548 -9.756703 -72.672026 0.010204 0.010204 0.001217 385.500000 5 45 50 75 77 98
0.000000 0.000000 0.000000 1.038945 1.117397 -25.573144 -76.221771 0.010204 0.010204 0.001264 366.857143 1.114630 1.214546 -18.194279 -65.953387 0.010204 0.010204 0.001264 366.857143 5 45 50 75 81 88
0.000000 0.000000 0.000000 1.149328 1.313882 -36.931967 -100.578805 0.010204 0.010204 0.001264 366.857143 1.114630 1.214887 -178.978332 -81.213253 0.010204 0.010204 0.001264 366.857143 5 45 50 75 81 92
0.000000 0.000000 0.000000 1.023161 1.137206 -0.462195 -62.185140 0.010204 0.010204 0.001217 385.500000 1.114630 1.214538 -209.452361 -82.534675 0.010204 0.010204 0.001217 385.500000 5 45 50 75 81 97
0.000000 0.000000 0.000000 1.061886 1.161543 -5.482900 -78.579874 0.010204 0.010204 0.001217 385.500000 1.114630 1.214547 -127.683314 -69.177388 0.010204 0.010204 0.001217 385.500000 5 45 50 75 81 98
0.000000 0.000000 0.000000 1.664699 1.265387 -74.207137 -69.637710 0.010204 0.010204 0.001215 385.500000 1.114630 1.214711 -4.677418 -78.513466 0.010204 0.010204 0.001215 385.500000 5 45 50 75 86 88
0.000000 0.000000 0.000000 1.523513 1.244705 -34.163992 -61.107613 0.010204 0.010204 0.001215 385.500000 1.114630 1.214698 -142.367724 -78.005354 0.010204 0.010204 0.001215 385.500000 5 45 50 75 86 92
0.000000 0.000000 0.000000 1.460150 1.182161 -225.729345 -63.999469 0.010204 0.010204 0.001171 404.142857 1.114630 1.214939 -47.218246 -71.570918 0.010204 0.010204 0.001171 404.142857 5 45 50 75 86 97
0.000000 0.000000 0.000000 2.034808 1.416218 -115.046215 -67.651312 0.010204 0.010204 0.001171 404.142857 1.114630 1.214701 -73.985679 -67.789964 0.010204 0.010204 0.001171 404.142857 5 45 50 75 86 98
0.000000 0.000000 0.000000 1.040140 1.083209 -22.518643 -81.635321 0.010204 0.010204 0.001215 385.500000 1.114630 1.214540 -50.634781 -75.589333 0.010204 0.010204 0.001215 385.500000 5 45 50 75 87 88
0.000000 0.000000 0.000000 1.489239 1.443411 -178.215233 -101.070909 0.010204 0.010204 0.001215 385.500000 1.114630 1.214550 -100.904819 -77.507261 0.010204 0.010204 0.001215 385.500000 5 45 50 75 87 92
0.000000 0.000000 0.000000 1.048227 1.048679 -105.401142 -64.036859 0.010204 0.010204 0.001171 404.142857 1.114630 1.214542 -9.111562 -75.845801 0.010204 0.010204 0.001171 404.142857 5 45 50 75 87 97
0.000000 0.000000 0.000000 1.078716 1.061426 -121.071656 -62.482073 0.010204 0.010204 0.001171 404.142857 1.114630 1.214698 -24.970762 -69.077143 0.010204 0.010204 0.001171 404.142857 5 45 50 75 87 98
0.000000 0.000000 0.000000 1.042524 1.055708 -16.802601 -58.263559 0.010204 0.010204 0.001264 366.857143 1.114630 1.214941 -232.562112 -82.346466 0.010204 0.010204 0.001264 366.857143 5 45 50 76 77 88
0.000000 0.000000 0.000000 1.027566 1.095452 -11.613083 -84.499045 0.010204 0.010204 0.001264 366.857143 1.114630 1.214600 -10.818699 -67.190482 0.010204 0.010204 0.001264 366.857143 5 45 50 76 77 92
0.000000 0.000000 0.000000 1.153782 1.369706 -100.152396 -77.591501 0.010204 0.010204 0.001217 385.500000 1.114630 1.214601 -10.305101 -75.039020 0.010204 0.010204 0.001217 385.500000 5 45 50 76 77 97
0.000000 0.000000 0.000000 1.012144 1.163704 -0.228596 -86.724135 0.010204 0.010204 0.001217 385.500000 1.114630 1.214592 -80.060275 -69.898272 0.010204 0.010204 0.001217 385.500000 5 45 50 76 77 98
0.000000 0.000000 0.000000 1.162455 1.046884 -204.980281 -50.304271 0.010204 0.010204 0.001264 366.857143 1.114630 1.214610 -121.975067 -71.437786 0.010204 0.010204 0.001264 366.857143 5 45 50 76 81 88
0.000000 0.000000 0.000000 17.529535 3.058766 -1179.483724 -214.612138 0.010204 0.010204 0.001264 366.857143 1.114630 1.214957 -17.464302 -68.656842 0.010204 0.010204 0.001264 366.857143 5 45 50 76 81 92
0.000000 0.000000 0.000000 1.172728 1.677048 -44.160613 -46.325445 0.010204 0.010204 0.001217 385.500000 1.114630 1.214602 -87.140880 -60.899629 0.010204 0.010204 0.001217 385.500000 5 45 50 76 81 97
0.000000 0.000000 0.000000 1.462030 1.085462 -12.538457 -74.573504 0.010204 0.010204 0.001217 385.500000 1.114630 1.214611 -169.583975 -77.995603 0.010204 0.010204 0.001217 385.500000 5 45 50 76 81 98
0.000000 0.000000 0.000000 1.144950 1.046915 -7.548830 -47.000992 0.010204 0.010204 0.001215 385.500000 1.114630 1.214604 -20.221156 -74.881855 0.010204 0.010204 0.001215 385.500000 5 45 50 76 86 88
0.000000 0.000000 0.000000 1.011654 1.057276 -2.062296 -65.975690 0.010204 0.010204 0.001215 385.500000 1.114630 1.214594 -10.020204 -62.035264 0.010204 0.010204 0.001215 385.500000 5 45 50 76 86 92
0.000000 0.000000 0.000000 1.334625 1.061129 -20.535085 -69.518352 0.010204 0.010204 0.001171 404.142857 1.114630 1.214752 -40.769226 -69.564943 0.010204 0.010204 0.001171 404.142857 5 45 50 76 86 97
0.000000 0.000000 0.000000 5.971949 3.548659 -438.797040 -351.304394 0.010204 0.010204 0.001171 404.142857 1.114630 1.214596 -12.184882 -73.716001 0.010204 0.010204 0.001171 404.142857 5 45 50 76 86 98
0.000000 0.000000 0.000000 1.032911 1.256330 -5.924755 -58.004421 0.010204 0.010204 0.001215 385.500000 1.114630 1.214761 -263.617419 -76.753256 0.010204 0.010204 0.001215 385.500000 5 45 50 76 87 88
0.000000 0.000000 0.000000 53.369173 5.140839 -5767.910616 -548.355473 0.010204 0.010204 0.001215 385.500000 1.114630 1.214774 -266.269732 -66.254329 0.010204 0.010204 0.001215 385.500000 5 45 50 76 87 92
0.000000 0.000000 0.000000 1.661584 1.054170 -143.201515 -41.956186 0.010204 0.010204 0.001171 404.142857 1.114630 1.214765 -7.682021 -69.798360 0.010204 0.010204 0.001171 404.142857 5 45 50 76 87 97
0.000000 0.000000 0.000000 6.199003 1.403905 -347.543435 -88.805487 0.010204 0.010204 0.001171 404.142857 1.114630 1.215004 -20.694831 -76.835364 0.010204 0.010204 0.001171 404.142857 5 45 50 76 87 98
0.000000 0.000000 0.000000 1.597288 1.054813 -94.817979 -53.479594 0.010204 0.010204 0.001319 348.214286 1.114613 1.215441 -25.374353 -72.605002 0.010204 0.010204 0.001319 348.214286 5 45 61 66 77 88
0.000000 0.000000 0.000000 1.713647 1.067024 -106.123660 -62.390958 0.010204 0.010204 0.001319 348.214286 1.114613 1.214918 -132.730558 -69.305938 0.010204 0.010204 0.001319 348.214286 5 45 61 66 77 92
0.000000 0.000000 0.000000 1.645796 1.059800 -207.449357 -54.680263 0.010204 0.010204 0.001268 366.857143 1.114613 1.214921 -9.150283 -72.456686 0.010204 0.010204 0.001268 366.857143 5 45 61 66 77 97
0.000000 0.000000 0.000000 1.043454 1.053576 -8.906875 -81.431121 0.010204 0.010204 0.001268 366.857143 1.114613 1.214905 -16.735613 -56.738620 0.010204 0.010204 0.001268 366.857143 5 45 61 66 77 98
0.000000 0.000000 0.000000 1.399198 1.131013 -385.471330 -56.858300 0.010204 0.010204 0.001319 348.214286 1.114613 1.214554 -9.360204 -72.656119 0.010204 0.010204 0.001319 348.214286 5 45 61 66 81 88
0.000000 0.000000 0.000000 2.580675 1.258041 -193.666718 -78.115287 0.010204 0.010204 0.001319 348.214286 1.114613 1.214899 -7.787148 -77.797913 0.010204 0.010204 0.001319 348.214286 5 45 61 66 81 92
0.000000 0.000000 0.000000 1.022776 1.055321 -1.845741 -51.040063 0.010204 0.010204 0.001268 366.857143 1.114613 1.214546 -67.802868 -74.931988 0.010204 0.010204 0.001268 366.857143 5 45 61 66 81 97
0.000000 0.000000 0.000000 1.303213 1.070446 -28.043779 -63.105936 0.010204 0.010204 0.001268 366.857143 1.114613 1.214555 -49.340700 -78.782513 0.010204 0.010204 0.001268 366.857143 5 45 61 66 81 98
0.000000 0.000000 0.000000 1.842616 1.127498 -116.599152 -46.923051 0.010204 0.010204 0.001266 366.857143 1.114613 1.214557 -16.379592 -74.612044 0.010204 0.010204 0.001266 366.857143 5 45 61 66 86 88
0.000000 0.000000 0.000000 1.084378 1.146444 -4.756979 -65.270956 0.010204 0.010204 0.001266 366.857143 1.114613 1.214547 -19.364131 -75.787793 0.010204 0.010204 0.001266 366.857143 5 45 61 66 86 92
0.000000 0.000000 0.000000 1.459900 1.056760 -54.791335 -68.084373 0.010204 0.010204 0.001219 385.500000 1.114613 1.214708 -60.706451 -69.417737 0.010204 0.010204 0.001219 385.500000 5 45 61 66 86 97
0.000000 0.000000 0.000000 12.572353 3.169715 -458.444901 -219.339317 0.010204 0.010204 0.001219 385.500000 1.114613 1.214549 -9.103619 -66.587161 0.010204 0.010204 0.001219 385.500000 5 45 61 66 86 98
0.000000 0.000000 0.000000 1.007384 1.054393 -85.043300 -62.619219 0.010204 0.010204 0.001266 366.857143 1.114613 1.214537 -6.102162 -71.860220 0.010204 0.010204 0.001266 366.857143 5 45 61 66 87 88
0.000000 0.000000 0.000000 1.046564 1.061759 -14.878453 -50.500386 0.010204 0.010204 0.001266 366.857143 1.114613 1.214546 -166.827488 -71.957588 0.010204 0.010204 0.001266 366.857143 5 45 61 66 87 92
0.000000 0.000000 0.000000 1.043600 1.080462 -209.239045 -50.930166 0.010204 0.010204 0.001219 385.500000 1.114613 1.214539 -98.138896 -72.819783 0.010204 0.010204 0.001219 385.500000 5 45 61 66 87 97
0.000000 0.000000 0.000000 1.072885 1.055433 -93.466887 -58.944654 0.010204 0.010204 0.001219 385.500000 1.114613 1.214694 -29.206110 -69.361654 0.010204 0.010204 0.001219 385.500000 5 45 61 66 87 98
0.000000 0.000000 0.000000 1.225684 1.135595 -53.742736 -48.951305 0.010204 0.010204 0.001319 348.214286 1.114613 1.214836 -35.424124 -62.687712 0.010204 0.010204 0.001319 348.214286 5 45 61 70 77 88
0.000000 0.000000 0.000000 2.880622 2.386518 -215.532266 -241.297667 0.010204 0.010204 0.001319 348.214286 1.114613 1.214491 -25.355242 -62.954540 0.010204 0.010204 0.001319 348.214286 5 45 61 70 77 92
0.000000 0.000000 0.000000 3.845787 2.919150 -218.271828 -112.524912 0.010204 0.010204 0.001268 366.857143 1.114613 1.214492 -7.991459 -76.600352 0.010204 0.010204 0.001268 366.857143 5 45 61 70 77 97
0.000000 0.000000 0.000000 1.035378 1.046411 -3.454203 -74.677998 0.010204 0.010204 0.001268 366.857143 1.114613 1.214483 -8.358827 -67.772542 0.010204 0.010204 0.001268 366.857143 5 45 61 70 77 98
0.000000 0.000000 0.000000 1.291486 1.102082 -12.559039 -67.577740 0.010204 0.010204 0.001319 348.214286 1.114613 1.214840 -87.347859 -73.623933 0.010204 0.010204 0.001319 348.214286 5 45 61 70 81 88
0.000000 0.000000 0.000000 1.235852 1.081707 -130.198381 -59.922314 0.010204 0.010204 0.001319 348.214286 1.114613 1.215360 -139.162233 -62.136794 0.010204 0.010204 0.001319 348.214286 5 45 61 70 81 92
0.000000 0.000000 0.000000 1.128106 1.048251 -41.066596 -39.746982 0.010204 0.010204 0.001268 366.857143 1.114613 1.214828 -52.046249 -61.069973 0.010204 0.010204 0.001268 366.857143 5 45 61 70 81 97
0.000000 0.000000 0.000000 1.263416 1.091780 -82.989581 -50.603346 0.010204 0.010204 0.001268 366.857143 1.114613 1.214844 -13.216490 -68.897044 0.010204 0.010204 0.001268 366.857143 5 45 61 70 81 98
0.000000 0.000000 0.000000 1.028136 1.047878 -0.816538 -70.055550 0.010204 0.010204 0.001266 366.857143 1.114613 1.214484 -9.612027 -68.883537 0.010204 0.010204 0.001266 366.857143 5 45 61 70 86 88
0.000000 0.000000 0.000000 1.013439 1.048499 -17.030107 -60.171605 0.010204 0.010204 0.001266 366.857143 1.114613 1.214474 -61.198807 -64.991236 0.010204 0.010204 0.001266 366.857143 5 45 61 70 86 92
0.000000 0.000000 0.000000 1.068622 1.096514 -35.261069 -73.221637 0.010204 0.010204 0.001219 385.500000 1.114613 1.214631 -8.541784 -73.858011 0.010204 0.010204 0.001219 385.500000 5 45 61 70 86 97
0.000000 0.000000 0.000000 1.077012 1.148161 -8.986749 -74.025860 0.010204 0.010204 0.001219 385.500000 1.114613 1.214476 -47.714497 -62.322290 0.010204 0.010204 0.001219 385.500000 5 45 61 70 86 98
0.000000 0.000000 0.000000 1.246507 1.227383 -4.049250 -69.711103 0.010204 0.010204 0.001266 366.857143 1.114613 1.214484 -93.786099 -78.563708 0.010204 0.010204 0.001266 366.857143 5 45 61 70 87 88
0.000000 0.000000 0.000000 1.134561 1.070815 -2.567659 -71.169121 0.010204 0.010204 0.001266 366.857143 1.114613 1.214494 -8.145966 -66.514069 0.010204 0.010204 0.001266 366.857143 5 45 61 70 87 92
0.000000 0.000000 0.000000 6.369317 4.003263 -190.508584 -116.265493 0.010204 0.010204 0.001219 385.500000 1.114613 1.214486 -16.117478 -68.740905 0.010204 0.010204 0.001219 385.500000 5 45 61 70 87 97
0.000000 0.000000 0.000000 1.172394 1.083723 -35.097463 -69.456640 0.010204 0.010204 0.001219 385.500000 1.114613 1.214645 -155.989031 -77.370991 0.010204 0.010204 0.001219 385.500000 5 45 61 70 87 98
0.000000 0.000000 0.000000 19.400235 2.078278 -717.018862 -140.453664 0.010204 0.010204 0.001264 366.857143 1.114618 1.216158 -111.804557 -70.581133 0.010204 0.010204 0.001264 366.857143 5 45 61 75 77 88
0.000000 0.000000 0.000000 2.109269 1.121893 -117.139947 -56.406148 0.010204 0.010204 0.001264 366.857143 1.114618 1.215808 -210.782355 -67.593428 0.010204 0.010204 0.001264 366.857143 5 45 61 75 77 92
0.000000 0.000000 0.000000 2.070219 1.069117 -173.741687 -70.266165 0.010204 0.010204 0.001217 385.500000 1.114618 1.215810 -27.225528 -61.303136 0.010204 0.010204 0.001217 385.500000 5 45 61 75 77 97
0.000000 0.000000 0.000000 1.003645 1.067521 -11.975511 -78.748895 0.010204 0.010204 0.001217 385.500000 1.114618 1.215800 -29.618894 -67.005072 0.010204 0.010204 0.001217 385.500000 5 45 61 75 77 98
0.000000 0.000000 0.000000 1.009323 1.134397 -123.226617 -61.850781 0.010204 0.010204 0.001264 366.857143 1.114618 1.215787 -135.718781 -67.541566 0.010204 0.010204 0.001264 366.857143 5 45 61 75 81 88
0.000000 0.000000 0.000000 1.071684 1.149686 -12.604449 -53.034517 0.010204 0.010204 0.001264 366.857143 1.114618 1.216128 -11.077104 -62.284441 0.010204 0.010204 0.001264 366.857143 5 45 61 75 81 92
0.000000 0.000000 0.000000 1.001967 1.192100 -0.372850 -66.601966 0.010204 0.010204 0.001217 385.500000 1.114618 1.215778 -7.315548 -69.836669 0.010204 0.010204 0.001217 385.500000 5 45 61 75 81 97
0.000000 0.000000 0.000000 1.037702 1.295769 -80.463934 -93.986834 0.010204 0.010204 0.001217 385.500000 1.114618 1.215788 -218.689244 -69.120821 0.010204 0.010204 0.001217 385.500000 5 45 61 75 81 98
0.000000 0.000000 0.000000 3.863776 1.163061 -146.430978 -54.117044 0.010204 0.010204 0.001215 385.500000 1.114618 1.216207 -49.065707 -67.137995 0.010204 0.010204 0.001215 385.500000 5 45 61 75 86 88
0.000000 0.000000 0.000000 1.009625 1.093977 -152.474343 -71.680279 0.010204 0.010204 0.001215 385.500000 1.114618 1.216191 -21.529956 -61.866820 0.010204 0.010204 0.001215 385.500000 5 45 61 75 86 92
0.000000 0.000000 0.000000 3.807378 1.159610 -353.865138 -70.256314 0.010204 0.010204 0.001171 404.142857 1.114618 1.216475 -79.366512 -73.467851 0.010204 0.010204 0.001171 404.142857 5 45 61 75 86 97
0.000000 0.000000 0.000000 3.940614 1.168118 -432.527598 -68.188759 0.010204 0.010204 0.001171 404.142857 1.114618 1.216196 -70.535883 -56.722419 0.010204 0.010204 0.001171 404.142857 5 45 61 75 86 98
0.000000 0.000000 0.000000 1.001790 1.046276 -1.566028 -50.008251 0.010204 0.010204 0.001215 385.500000 1.114618 1.215785 -138.406073 -73.678003 0.010204 0.010204 0.001215 385.500000 5 45 61 75 87 88
0.000000 0.000000 0.000000 3.606736 1.267077 -398.359383 -72.206966 0.010204 0.010204 0.001215 385.500000 1.114618 1.215795 -26.281833 -73.101821 0.010204 0.010204 0.001215 385.500000 5 45 61 75 87 92
0.000000 0.000000 0.000000 1.268544 1.102946 -11.228176 -38.847652 0.010204 0.010204 0.001171 404.142857 1.114618 1.215787 -14.208408 -58.363021 0.010204 0.010204 0.001171 404.142857 5 45 61 75 87 97
0.000000 0.000000 0.000000 2.073801 1.066547 -294.560520 -63.342609 0.010204 0.010204 0.001171 404.142857 1.114618 1.215945 -13.658078 -73.470982 0.010204 0.010204 0.001171 404.142857 5 45 61 75 87 98
0.000000 0.000000 0.000000 1.186043 1.155716 -51.063625 -75.302778 0.010204 0.010204 0.001264 366.857143 1.114613 1.214848 -10.597833 -72.711765 0.010204 0.010204 0.001264 366.857143 5 45 61 76 77 88
0.000000 0.000000 0.000000 1.170854 1.287372 -112.505160 -73.151799 0.010204 0.010204 0.001264 366.857143 1.114613 1.214507 -20.353570 -70.616549 0.010204 0.010204 0.001264 366.857143 5 45 61 76 77 92
0.000000 0.000000 0.000000 2.315089 2.679103 -121.931845 -244.814025 0.010204 0.010204 0.001217 385.500000 1.114613 1.214508 -5.959234 -81.013144 0.010204 0.010204 0.001217 385.500000 5 45 61 76 77 97
0.000000 0.000000 0.000000 1.050823 1.271764 -14.587006 -62.083804 0.010204 0.010204 0.001217 385.500000 1.114613 1.214499 -102.504992 -77.322556 0.010204 0.010204 0.001217 385.500000 5 45 61 76 77 98
0.000000 0.000000 0.000000 1.242407 1.058665 -89.081258 -60.222573 0.010204 0.010204 0.001264 366.857143 1.114613 1.214517 -11.612236 -59.501375 0.010204 0.010204 0.001264 366.857143 5 45 61 76 81 88
0.000000 0.000000 0.000000 1.569548 1.096988 -34.227708 -65.579861 0.010204 0.010204 0.001264 366.857143 1.114613 1.214864 -52.330908 -65.438984 0.010204 0.010204 0.001264 366.857143 5 45 61 76 81 92
0.000000 0.000000 0.000000 1.043727 1.051767 -1.023811 -36.960588 0.010204 0.010204 0.001217 385.500000 1.114613 1.214509 -11.176591 -71.302542 0.010204 0.010204 0.001217 385.500000 5 45 61 76 81 97
0.000000 0.000000 0.000000 3.391814 1.484681 -32.520761 -113.660165 0.010204 0.010204 0.001217 385.500000 1.114613 1.214518 -22.620225 -61.427670 0.010204 0.010204 0.001217 385.500000 5 45 61 76 81 98
0.000000 0.000000 0.000000 1.310704 1.088888 -139.656121 -51.189082 0.010204 0.010204 0.001215 385.500000 1.114613 1.214510 -61.412833 -65.189936 0.010204 0.010204 0.001215 385.500000 5 45 61 76 86 88
0.000000 0.000000 0.000000 1.051808 1.088131 -8.732999 -57.370997 0.010204 0.010204 0.001215 385.500000 1.114613 1.214501 -28.796249 -76.720710 0.010204 0.010204 0.001215 385.500000 5 45 61 76 86 92
0.000000 0.000000 0.000000 1.289899 1.063463 -93.437262 -70.885548 0.010204 0.010204 0.001171 404.142857 1.114613 1.214659 -4.037155 -66.314516 0.010204 0.010204 0.001171 404.142857 5 45 61 76 86 97
0.000000 0.000000 0.000000 1.162360 1.057835 -21.111685 -65.453712 0.010204 0.010204 0.001171 404.142857 1.114613 1.214503 -114.718813 -71.742047 0.010204 0.010204 0.001171 404.142857 5 45 61 76 86 98
0.000000 0.000000 0.000000 1.104503 1.053275 -16.254661 -56.498837 0.010204 0.010204 0.001215 385.500000 1.114613 1.214663 -20.690772 -63.908185 0.010204 0.010204 0.001215 385.500000 5 45 61 76 87 88
0.000000 0.000000 0.000000 2.274107 1.154232 -63.202037 -70.119327 0.010204 0.010204 0.001215 385.500000 1.114613 1.214677 -65.783774 -65.690399 0.010204 0.010204 0.001215 385.500000 5 45 61 76 87 92
0.000000 0.000000 0.000000 2.625741 1.198746 -111.441565 -69.132197 0.010204 0.010204 0.001171 404.142857 1.114613 1.214667 -12.799866 -61.960762 0.010204 0.010204 0.001171 404.142857 5 45 61 76 87 97
0.000000 0.000000 0.000000 2.037569 1.124464 -183.730326 -73.737786 0.010204 0.010204 0.001171 404.142857 1.114613 1.214905 -17.799589 -72.499572 0.010204 0.010204 0.001171 404.142857 5 45 61 76 87 98
0.000000 0.000000 0.000000 1.136386 1.462067 -1.514037 -114.467412 0.010204 0.010204 0.001319 348.214286 1.115481 1.218851 -12.926913 -63.943733 0.010204 0.010204 0.001319 348.214286 5 45 65 66 77 88
0.000000 0.000000 0.000000 1.017358 1.061040 -7.966680 -64.807011 0.010204 0.010204 0.001319 348.214286 1.115481 1.218331 -35.414075 -66.948740 0.010204 0.010204 0.001319 348.214286 5 45 65 66 77 92
0.000000 0.000000 0.000000 1.014405 1.049418 -9.002153 -55.239432 0.010204 0.010204 0.001268 366.857143 1.115481 1.218334 -123.357475 -72.125931 0.010204 0.010204 0.001268 366.857143 5 45 65 66 77 97
0.000000 0.000000 0.000000 1.016745 1.129166 -2.847539 -78.195867 0.010204 0.010204 0.001268 366.857143 1.115481 1.218318 -4.486622 -62.993101 0.010204 0.010204 0.001268 366.857143 5 45 65 66 77 98
0.000000 0.000000 0.000000 1.003770 1.055923 -0.115117 -56.296439 0.010204 0.010204 0.001319 348.214286 1.115481 1.217979 -5.056699 -72.117125 0.010204 0.010204 0.001319 348.214286 5 45 65 66 81 88
0.000000 0.000000 0.000000 1.004912 1.048815 -1.009018 -64.401646 0.010204 0.010204 0.001319 348.214286 1.115481 1.218323 -9.717896 -65.681801 0.010204 0.010204 0.001319 348.214286 5 45 65 66 81 92
0.000000 0.000000 0.000000 1.004030 1.151780 -56.819348 -44.886745 0.010204 0.010204 0.001268 366.857143 1.115481 1.217970 -197.060224 -71.500104 0.010204 0.010204 0.001268 366.857143 5 45 65 66 81 97
0.000000 0.000000 0.000000 1.006745 1.084394 -67.611044 -66.359544 0.010204 0.010204 0.001268 366.857143 1.115481 1.217980 -38.010053 -73.329538 0.010204 0.010204 0.001268 366.857143 5 45 65 66 81 98
0.000000 0.000000 0.000000 1.005864 1.048557 -131.481864 -61.641091 0.010204 0.010204 0.001266 366.857143 1.115481 1.217981 -6.586745 -70.595252 0.010204 0.010204 0.001266 366.857143 5 45 65 66 86 88
0.000000 0.000000 0.000000 1.002749 1.071245 -75.155515 -50.410818 0.010204 0.010204 0.001266 366.857143 1.115481 1.217972 -13.538793 -59.246695 0.010204 0.010204 0.001266 366.857143 5 45 65 66 86 92
0.000000 0.000000 0.000000 1.008808 1.060289 -53.612677 -75.721996 0.010204 0.010204 0.001219 385.500000 1.115481 1.218132 -15.000345 -64.429364 0.010204 0.010204 0.001219 385.500000 5 45 65 66 86 97
0.000000 0.000000 0.000000 1.007972 1.076146 -1.818972 -57.816267 0.010204 0.010204 0.001219 385.500000 1.115481 1.217974 -133.829696 -67.688602 0.010204 0.010204 0.001219 385.500000 5 45 65 66 86 98
0.000000 0.000000 0.000000 1.002755 1.287631 -0.145750 -68.245649 0.010204 0.010204 0.001266 366.857143 1.115481 1.217962 -58.994163 -77.598585 0.010204 0.010204 0.001266 366.857143 5 45 65 66 87 88
0.000000 0.000000 0.000000 1.002382 1.100207 -167.506530 -83.949294 0.010204 0.010204 0.001266 366.857143 1.115481 1.217971 -15.759470 -70.704499 0.010204 0.010204 0.001266 366.857143 5 45 65 66 87 92
0.000000 0.000000 0.000000 1.002620 1.129135 -0.252931 -60.379513 0.010204 0.010204 0.001219 385.500000 1.115481 1.217964 -8.576104 -77.183207 0.010204 0.010204 0.001219 385.500000 5 45 65 66 87 97
0.000000 0.000000 0.000000 1.001688 1.054901 -80.837322 -60.494956 0.010204 0.010204 0.001219 385.500000 1.115481 1.218119 -11.612217 -64.468727 0.010204 0.010204 0.001219 385.500000 5 45 65 66 87 98
0.000000 0.000000 0.000000 1.024686 1.047909 -1.942223 -53.300894 0.010204 0.010204 0.001319 348.214286 1.115488 1.218434 -4.218807 -69.238628 0.010204 0.010204 0.001319 348.214286 5 45 65 70 77 88
0.000000 0.000000 0.000000 1.012423 1.160745 -2.831147 -72.573943 0.010204 0.010204 0.001319 348.214286 1.115488 1.218089 -118.243338 -70.399512 0.010204 0.010204 0.001319 348.214286 5 45 65 70 77 92
0.000000 0.000000 0.000000 1.579702 4.992347 -60.174368 -280.012611 0.010204 0.010204 0.001268 366.857143 1.115488 1.218091 -58.365504 -64.602280 0.010204 0.010204 0.001268 366.857143 5 45 65 70 77 97
0.000000 0.000000 0.000000 1.001872 1.224971 -0.619051 -83.339311 0.010204 0.010204 0.001268 366.857143 1.115488 1.218081 -50.312603 -62.506618 0.010204 0.010204 0.001268 366.857143 5 45 65 70 77 98
0.000000 0.000000 0.000000 1.125063 1.075883 -23.522501 -58.275155 0.010204 0.010204 0.001319 348.214286 1.115490 1.218463 -12.474538 -56.437644 0.010204 0.010204 0.001319 348.214286 5 45 65 70 81 88
0.000000 0.000000 0.000000 2.301598 1.076978 -94.976830 -64.168134 0.010204 0.010204 0.001319 348.214286 1.115490 1.218988 -12.897963 -79.972357 0.010204 0.010204 0.001319 348.214286 5 45 65 70 81 92
0.000000 0.000000 0.000000 1.000696 1.159486 -124.335490 -38.616329 0.010204 0.010204 0.001268 366.857143 1.115490 1.218451 -126.178934 -87.127461 0.010204 0.010204 0.001268 366.857143 5 45 65 70 81 97
0.000000 0.000000 0.000000 2.021499 1.095385 -41.745907 -64.384943 0.010204 0.010204 0.001268 366.857143 1.115490 1.218466 -27.203748 -69.576392 0.010204 0.010204 0.001268 366.857143 5 45 65 70 81 98
0.000000 0.000000 0.000000 1.001342 1.066460 -0.130097 -73.659273 0.010204 0.010204 0.001266 366.857143 1.115488 1.218081 -245.220171 -81.326823 0.010204 0.010204 0.001266 366.857143 5 45 65 70 86 88
0.000000 0.000000 0.000000 1.000209 1.056766 -0.036116 -63.770374 0.010204 0.010204 0.001266 366.857143 1.115488 1.218072 -6.731391 -78.463570 0.010204 0.010204 0.001266 366.857143 5 45 65 70 86 92
0.000000 0.000000 0.000000 1.009351 1.244177 -57.698699 -55.624159 0.010204 0.010204 0.001219 385.500000 1.115488 1.218229 -15.805390 -70.716451 0.010204 0.010204 0.001219 385.500000 5 45 65 70 86 97
0.000000 0.000000 0.000000 1.000686 1.048140 -0.334318 -73.253832 0.010204 0.010204 0.001219 385.500000 1.115488 1.218074 -10.445849 -65.625580 0.010204 0.010204 0.001219 385.500000 5 45 65 70 86 98
0.000000 0.000000 0.000000 1.000620 1.061040 -10.755269 -41.741345 0.010204 0.010204 0.001266 366.857143 1.115488 1.218082 -16.590806 -67.086114 0.010204 0.010204 0.001266 366.857143 5 45 65 70 87 88
0.000000 0.000000 0.000000 1.048705 1.124088 -4.572081 -69.524066 0.010204 0.010204 0.001266 366.857143 1.115488 1.218092 -8.090601 -70.144296 0.010204 0.010204 0.001266 366.857143 5 45 65 70 87 92
0.000000 0.000000 0.000000 1.010167 1.050461 -0.279899 -49.087168 0.010204 0.010204 0.001219 385.500000 1.115488 1.218085 -7.289877 -69.062209 0.010204 0.010204 0.001219 385.500000 5 45 65 70 87 97
0.000000 0.000000 0.000000 1.658370 1.474841 -30.587850 -77.891339 0.010204 0.010204 0.001219 385.500000 1.115488 1.218243 -15.292463 -78.828334 0.010204 0.010204 0.001219 385.500000 5 45 65 70 87 98
0.000000 0.000000 0.000000 1.069714 1.090034 -75.450834 -64.346896 0.010204 0.010204 0.001264 366.857143 1.115484 1.218372 -7.762821 -72.093916 0.010204 0.010204 0.001264 366.857143 5 45 65 75 77 88
0.000000 0.000000 0.000000 1.014234 1.078606 -16.413640 -71.327242 0.010204 0.010204 0.001264 366.857143 1.115484 1.218025 -39.344221 -78.111173 0.010204 0.010204 0.001264 366.857143 5 45 65 75 77 92
0.000000 0.000000 0.000000 1.030253 1.090042 -2.296151 -45.184048 0.010204 0.010204 0.001217 385.500000 1.115484 1.218026 -4.863056 -78.571299 0.010204 0.010204 0.001217 385.500000 5 45 65 75 77 97
0.000000 0.000000 0.000000 1.002469 1.153855 -7.928942 -73.822416 0.010204 0.010204 0.001217 385.500000 1.115484 1.218016 -105.895740 -61.400524 0.010204 0.010204 0.001217 385.500000 5 45 65 75 77 98
0.000000 0.000000 0.000000 1.002603 1.147548 -1.107017 -71.017332 0.010204 0.010204 0.001264 366.857143 1.115484 1.218015 -199.673885 -73.782423 0.010204 0.010204 0.001264 366.857143 5 45 65 75 81 88
0.000000 0.000000 0.000000 1.003889 1.094481 -119.809885 -54.961064 0.010204 0.010204 0.001264 366.857143 1.115484 1.218355 -203.537175 -75.642073 0.010204 0.010204 0.001264 366.857143 5 45 65 75 81 92
0.000000 0.000000 0.000000 1.000392 1.073429 -0.888497 -58.158786 0.010204 0.010204 0.001217 385.500000 1.115484 1.218006 -27.013494 -59.094616 0.010204 0.010204 0.001217 385.500000 5 45 65 75 81 97
0.000000 0.000000 0.000000 1.001317 1.054284 -205.270276 -78.676154 0.010204 0.010204 0.001217 385.500000 1.115484 1.218016 -15.401058 -70.839007 0.010204 0.010204 0.001217 385.500000 5 45 65 75 81 98
0.000000 0.000000 0.000000 1.217015 1.049371 -49.105655 -50.597026 0.010204 0.010204 0.001215 385.500000 1.115485 1.218189 -18.149810 -73.487222 0.010204 0.010204 0.001215 385.500000 5 45 65 75 86 88
0.000000 0.000000 0.000000 1.002023 1.318217 -0.213005 -93.869083 0.010204 0.010204 0.001215 385.500000 1.115485 1.218175 -22.359439 -74.771296 0.010204 0.010204 0.001215 385.500000 5 45 65 75 86 92
0.000000 0.000000 0.000000 1.339837 1.062976 -32.199058 -65.426580 0.010204 0.010204 0.001171 404.142857 1.115485 1.218418 -84.079263 -61.439543 0.010204 0.010204 0.001171 404.142857 5 45 65 75 86 97
0.000000 0.000000 0.000000 1.312316 1.129036 -48.353164 -71.246461 0.010204 0.010204 0.001171 404.142857 1.115485 1.218179 -61.457303 -67.174146 0.010204 0.010204 0.001171 404.142857 5 45 65 75 86 98
0.000000 0.000000 0.000000 1.000805 1.060727 -0.102822 -64.644226 0.010204 0.010204 0.001215 385.500000 1.115484 1.218009 -6.659465 -67.910218 0.010204 0.010204 0.001215 385.500000 5 45 65 75 87 88
0.000000 0.000000 0.000000 1.147646 1.931122 -18.491354 -98.803145 0.010204 0.010204 0.001215 385.500000 1.115484 1.218018 -183.848352 -67.908618 0.010204 0.010204 0.001215 385.500000 5 45 65 75 87 92
0.000000 0.000000 0.000000 1.011084 1.110145 -59.913691 -62.393403 0.010204 0.010204 0.001171 404.142857 1.115484 1.218011 -15.105542 -78.756738 0.010204 0.010204 0.001171 404.142857 5 45 65 75 87 97
0.000000 0.000000 0.000000 1.027698 1.075802 -2.090990 -66.931473 0.010204 0.010204 0.001171 404.142857 1.115484 1.218167 -11.348417 -69.747037 0.010204 0.010204 0.001171 404.142857 5 45 65 75 87 98
0.000000 0.000000 0.000000 1.000475 1.051007 -75.992777 -66.955566 0.010204 0.010204 0.001264 366.857143 1.115655 1.220712 -13.751418 -70.887130 0.010204 0.010204 0.001264 366.857143 5 45 65 76 77 88
0.000000 0.000000 0.000000 1.000121 1.087085 -0.887455 -74.236024 0.010204 0.010204 0.001264 366.857143 1.115655 1.220371 -22.058528 -66.975323 0.010204 0.010204 0.001264 366.857143 5 45 65 76 77 92
0.000000 0.000000 0.000000 1.000260 1.110246 -0.051260 -61.103190 0.010204 0.010204 0.001217 385.500000 1.115655 1.220372 -70.440107 -64.746044 0.010204 0.010204 0.001217 385.500000 5 45 65 76 77 97
0.000000 0.000000 0.000000 1.000039 1.154248 -15.265669 -74.344689 0.010204 0.010204 0.001217 385.500000 1.115655 1.220362 -29.325212 -67.924724 0.010204 0.010204 0.001217 385.500000 5 45 65 76 77 98
0.000000 0.000000 0.000000 1.006118 1.052044 -27.099496 -42.850485 0.010204 0.010204 0.001264 366.857143 1.115656 1.220401 -51.945870 -70.650426 0.010204 0.010204 0.001264 366.857143 5 45 65 76 81 88
0.000000 0.000000 0.000000 2.654017 1.076939 -129.380249 -80.915100 0.010204 0.010204 0.001264 366.857143 1.115656 1.220752 -12.889475 -75.262085 0.010204 0.010204 0.001264 366.857143 5 45 65 76 81 92
0.000000 0.000000 0.000000 1.000076 1.060759 -93.734732 -41.816400 0.010204 0.010204 0.001217 385.500000 1.115656 1.220392 -142.591185 -75.153125 0.010204 0.010204 0.001217 385.500000 5 45 65 76 81 97
0.000000 0.000000 0.000000 1.036681 1.139961 -146.099054 -86.155855 0.010204 0.010204 0.001217 385.500000 1.115656 1.220402 -4.718623 -69.844406 0.010204 0.010204 0.001217 385.500000 5 45 65 76 81 98
0.000000 0.000000 0.000000 1.008411 1.077999 -1.249957 -59.688740 0.010204 0.010204 0.001215 385.500000 1.115656 1.220382 -12.362543 -67.710913 0.010204 0.010204 0.001215 385.500000 5 45 65 76 86 88
0.000000 0.000000 0.000000 1.000358 1.686570 -59.078811 -79.782871 0.010204 0.010204 0.001215 385.500000 1.115656 1.220373 -18.067812 -67.022773 0.010204 0.010204 0.001215 385.500000 5 45 65 76 86 92
0.000000 0.000000 0.000000 1.106736 1.049578 -113.383530 -49.205958 0.010204 0.010204 0.001171 404.142857 1.115656 1.220533 -13.278806 -69.275626 0.010204 0.010204 0.001171 404.142857 5 45 65 76 86 97
0.000000 0.000000 0.000000 1.002779 1.095727 -126.196585 -89.964306 0.010204 0.010204 0.001171 404.142857 1.115656 1.220375 -13.586864 -71.637961 0.010204 0.010204 0.001171 404.142857 5 45 65 76 86 98
0.000000 0.000000 0.000000 1.000278 1.091563 -4.376756 -57.051702 0.010204 0.010204 0.001215 385.500000 1.115678 1.220948 -90.845605 -78.134751 0.010204 0.010204 0.001215 385.500000 5 45 65 76 87 88
0.000000 0.000000 0.000000 4.994858 1.125912 -133.359101 -74.540638 0.010204 0.010204 0.001215 385.500000 1.115678 1.220965 -61.278875 -75.756933 0.010204 0.010204 0.001215 385.500000 5 45 65 76 87 92
0.000000 0.000000 0.000000 1.663779 18.303783 -4.761428 -323.360820 0.010204 0.010204 0.001171 404.142857 1.115678 1.220953 -34.387328 -69.018809 0.010204 0.010204 0.001171 404.142857 5 45 65 76 87 97
0.000000 0.000000 0.000000 4.788570 1.100704 -530.163097 -75.039385 0.010204 0.010204 0.001171 404.142857 1.115681 1.221256 -109.706069 -75.390207 0.010204 0.010204 0.001171 404.142857 5 45 65 76 87 98
0.000000 0.000000 0.000000 3.275750 1.053724 -230.888072 -55.851086 0.010204 0.010204 0.001319 348.214286 1.114077 1.222062 -16.255672 -64.184654 0.010204 0.010204 0.001319 348.214286 21 26 46 66 77 88
0.000000 0.000000 0.000000 3.347253 1.094773 -108.434529 -66.152628 0.010204 0.010204 0.001319 348.214286 1.114073 1.221404 -25.410748 -76.405604 0.010204 0.010204 0.001319 348.214286 21 26 46 66 77 92
0.000000 0.000000 0.000000 3.280849 1.055098 -52.629458 -44.363656 0.010204 0.010204 0.001268 366.857143 1.114073 1.221409 -17.533014 -64.710148 0.010204 0.010204 0.001268 366.857143 21 26 46 66 77 97
0.000000 0.000000 0.000000 1.001682 1.095193 -112.679555 -78.325653 0.010204 0.010204 0.001268 366.857143 1.114073 1.221388 -20.425693 -74.436332 0.010204 0.010204 0.001268 366.857143 21 26 46 66 77 98
0.000000 0.000000 0.000000 1.016598 1.318652 -1.294698 -69.669858 0.010204 0.010204 0.001319 348.214286 1.114052 1.220392 -8.031290 -70.744422 0.010204 0.010204 0.001319 348.214286 21 26 46 66 81 88
0.000000 0.000000 0.000000 2.388530 1.082321 -227.320185 -53.024073 0.010204 0.010204 0.001319 348.214286 1.114052 1.220740 -140.946899 -85.654958 0.010204 0.010204 0.001319 348.214286 21 26 46 66 81 92
0.000000 0.000000 0.000000 1.000161 1.060475 -0.065686 -70.599398 0.010204 0.010204 0.001268 366.857143 1.114052 1.220383 -69.023762 -64.710693 0.010204 0.010204 0.001268 366.857143 21 26 46 66 81 97
0.000000 0.000000 0.000000 1.040925 1.068914 -39.754264 -72.389477 0.010204 0.010204 0.001268 366.857143 1.114052 1.220393 -111.739568 -73.631070 0.010204 0.010204 0.001268 366.857143 21 26 46 66 81 98
0.000000 0.000000 0.000000 1.366759 1.178382 -189.949814 -92.381522 0.010204 0.010204 0.001266 366.857143 1.114052 1.220403 -132.399569 -62.963782 0.010204 0.010204 0.001266 366.857143 21 26 46 66 86 88
1 26 61 70
86 98 