14.122449 5.305639 28.000000 8.397453 15.673469 4.623507 24.000000 8.397453
14.734694 5.706843 28.000000 66.167450 15.959184 5.076565 32.000000 66.167450
14.897959 5.903851 30.000000 191.228826 15.612245 4.399233 27.000000 191.228826
14.448980 5.201353 29.000000 26.816145 16.510204 5.585779 32.000000 26.816145
15.632653 6.471807 36.000000 97.824948 16.857143 6.013730 32.000000 97.824948
15.346939 5.915386 28.000000 47.154128 16.244898 5.424384 32.000000 47.154128
16.183673 7.220171 36.000000 23.355129 16.571429 5.437556 33.000000 23.355129
15.693878 6.300725 35.000000 26.072368 16.612245 5.545747 31.000000 26.072368
16.224490 7.304187 40.000000 48.770513 16.530612 5.580164 32.000000 48.770513
16.204082 7.069550 34.000000 22.882448 17.000000 6.733514 42.000000 22.882448
15.673469 6.227269 30.000000 187.134612 15.551020 4.176820 27.000000 187.134612
15.224490 5.628592 29.000000 24.390448 16.448980 5.422600 32.000000 24.390448
16.020408 7.363857 42.000000 52.266851 18.081633 7.444189 38.000000 52.266851
15.755102 6.653518 34.000000 38.144183 17.897959 7.270176 42.000000 38.144183
15.673469 6.486744 34.000000 22.564993 16.897959 5.524994 31.000000 22.564993
14.775510 5.008304 29.000000 18.185478 17.346939 6.157892 32.000000 18.185478
16.530612 6.910628 36.000000 24.930356 17.755102 6.566176 32.000000 24.930356
17.142857 7.687183 36.000000 44.353197 18.040816 7.136256 40.000000 44.353197
17.306122 7.951409 38.000000 61.113438 17.693878 6.352868 35.000000 61.113438
16.857143 7.095810 37.000000 46.647658 18.591837 7.933794 40.000000 46.647658
16.244898 6.477656 36.000000 31.034972 17.142857 6.222672 32.000000 31.034972
15.959184 5.951554 28.000000 101.404053 16.530612 5.686309 32.000000 101.404053
16.795918 7.178087 36.000000 112.637673 16.857143 5.682311 33.000000 112.637673
16.306122 6.300725 35.000000 116.991109 16.897959 5.783891 31.000000 116.991109
18.183673 9.143018 46.000000 27.291048 18.163265 7.328371 38.000000 27.291048
18.163265 8.947376 40.000000 33.903301 18.632653 8.488182 48.000000 33.903301
17.632653 8.032650 36.000000 42.793303 17.183673 5.600712 33.000000 42.793303
17.183673 7.332103 35.000000 45.985835 18.081633 7.158980 38.000000 45.985835
17.714286 8.629845 46.000000 67.806598 18.632653 8.306485 42.000000 67.806598
17.000000 7.149364 34.000000 53.631068 18.000000 7.205382 42.000000 53.631068
17.367347 7.791600 38.000000 26.678777 17.448980 5.988171 35.000000 26.678777
16.653061 6.559957 35.000000 45.584533 17.265306 5.792905 30.000000 45.584533
17.551020 8.100048 40.000000 23.862158 17.448980 6.274022 32.000000 23.862158
18.183673 8.983773 40.000000 37.454714 18.163265 7.693475 44.000000 37.454714
17.489796 7.784792 39.000000 30.569470 17.775510 6.737387 39.000000 30.569470
17.673469 8.019018 39.000000 25.065775 18.489796 8.198875 42.000000 25.065775
18.224490 9.035475 46.000000 25.733318 19.020408 9.011996 42.000000 25.733318
17.510204 7.682145 34.000000 51.006824 18.387755 8.039378 42.000000 51.006824
18.551020 9.536822 44.000000 24.681758 18.510204 7.975794 41.000000 24.681758
17.836735 8.143929 41.000000 25.923190 18.326531 7.712322 41.000000 25.923190
17.000000 7.323173 40.000000 27.504947 16.469388 5.428455 32.000000 27.504947
16.979592 7.091420 34.000000 40.857410 16.938776 6.612728 42.000000 40.857410
16.448980 6.318232 30.000000 24.461190 15.489796 3.956581 27.000000 24.461190
16.000000 5.790144 29.000000 42.961318 16.387755 5.265395 32.000000 42.961318
16.785714 7.389391 42.000000 35.019802 18.020408 7.344231 38.000000 35.019802
16.520408 6.712398 34.000000 24.607372 17.836735 7.166206 42.000000 24.607372
16.438776 6.556757 34.000000 43.822729 16.836735 5.375956 31.000000 43.822729
15.540816 5.233060 29.000000 59.849383 17.285714 6.029139 32.000000 59.849383
17.591837 8.557672 42.000000 175.656788 19.653061 8.453758 38.000000 175.656788
18.204082 9.522582 42.000000 42.524435 19.938776 9.035801 46.000000 42.524435
18.367347 9.820437 44.000000 30.156139 19.591837 8.258500 41.000000 30.156139
17.918367 8.893034 43.000000 70.647830 20.489796 9.911198 46.000000 70.647830
17.775510 8.869652 46.000000 23.538662 19.918367 9.124199 42.000000 23.538662
17.061224 7.443002 34.000000 54.470518 19.285714 8.234952 42.000000 54.470518
18.102041 9.395645 44.000000 27.005487 19.408163 8.159286 41.000000 27.005487
17.387755 7.937426 41.000000 45.971559 19.224490 7.922994 41.000000 45.971559
17.448980 8.322275 44.000000 76.954931 18.255102 6.834285 36.000000 76.954931
17.428571 8.110068 38.000000 30.016340 18.724490 7.941514 46.000000 30.016340
16.897959 7.183156 34.000000 27.725418 17.275510 5.339564 31.000000 27.725418
16.448980 6.479345 33.000000 36.493667 18.173469 6.678208 36.000000 36.493667
16.346939 7.110472 42.000000 29.242063 18.918367 7.601781 38.000000 29.242063
16.081633 6.385669 34.000000 23.971728 18.734694 7.452324 42.000000 23.971728
16.000000 6.216042 34.000000 30.672793 17.734694 5.907449 31.000000 30.672793
15.102041 4.715602 29.000000 19.046983 18.183673 6.444604 32.000000 19.046983
17.918367 7.141679 36.000000 26.365660 18.897959 6.615336 32.000000 26.365660
18.530612 7.786062 36.000000 47.091370 19.183673 7.135431 40.000000 47.091370
18.693878 8.018546 38.000000 33.366409 18.836735 6.414696 35.000000 33.366409
18.244898 7.258214 37.000000 39.526378 19.734694 7.852442 40.000000 39.526378
19.428571 8.807214 44.000000 11605.867581 20.081633 8.364966 40.000000 11605.867581
19.142857 8.261200 36.000000 72.843083 19.469388 7.571248 40.000000 72.843083
19.979592 9.617402 44.000000 37.279243 19.795918 7.785738 41.000000 37.279243
19.489796 8.712173 43.000000 67.459281 19.836735 7.886690 39.000000 67.459281
20.020408 9.698527 48.000000 159.121612 19.755102 7.860984 40.000000 159.121612
20.000000 9.513962 42.000000 56.200031 20.224490 8.973651 50.000000 56.200031
19.469388 8.649181 38.000000 103.308889 18.775510 6.216922 35.000000 103.308889
19.020408 7.993528 37.000000 54.271104 19.673469 7.698943 40.000000 54.271104
19.816327 9.654172 50.000000 67.509526 21.306122 10.051833 46.000000 67.509526
19.551020 8.999568 42.000000 40.550013 21.122449 9.833946 50.000000 40.550013
19.469388 8.837833 42.000000 32.773073 20.122449 8.045317 39.000000 32.773073
18.571429 7.313312 37.000000 145.330248 20.571429 8.743775 40.000000 145.330248
17.632653 6.825344 36.000000 64.075338 18.285714 6.482331 32.000000 64.075338
18.244898 7.520503 36.000000 26.313963 18.571429 7.037455 40.000000 26.313963
18.408163 7.767016 38.000000 24.382852 18.224490 6.271406 35.000000 24.382852
17.959184 6.960742 37.000000 25.830847 19.122449 7.807299 40.000000 25.830847
17.346939 6.436209 36.000000 40.387722 17.673469 6.187409 32.000000 40.387722
17.061224 5.960032 28.000000 409.568354 17.061224 5.705516 32.000000 409.568354
17.897959 7.054267 36.000000 27.663922 17.387755 5.670747 33.000000 27.663922
17.408163 6.247204 35.000000 19.298748 17.428571 5.768739 31.000000 19.298748
19.285714 8.873684 46.000000 71.922890 18.693878 7.223113 38.000000 71.922890
19.265306 8.674588 40.000000 63.782879 19.163265 8.367455 48.000000 63.782879
18.734694 7.803714 36.000000 30.563825 17.714286 5.557571 33.000000 30.563825
18.285714 7.150806 35.000000 27.992140 18.612245 7.057397 38.000000 27.992140
18.816327 8.406363 46.000000 25.159296 19.163265 8.183078 42.000000 25.159296
18.102041 6.992617 34.000000 34.826548 18.530612 7.110619 42.000000 34.826548
18.469388 7.594360 38.000000 95.396379 17.979592 5.923881 35.000000 95.396379
17.755102 6.448945 35.000000 22.322994 17.795918 5.743592 30.000000 22.322994
20.673469 10.051184 46.000000 30.378924 20.000000 8.130381 38.000000 30.378924
21.306122 10.945421 46.000000 28.678030 20.714286 9.534528 50.000000 28.678030
20.612245 9.780722 45.000000 34.849105 20.326531 8.625992 45.000000 34.849105
20.795918 10.021584 45.000000 60.505813 21.040816 10.060557 48.000000 60.505813
21.346939 10.998690 52.000000 25.301118 21.571429 10.904459 48.000000 25.301118
20.632653 9.705337 40.000000 47.289722 20.938776 9.895137 48.000000 47.289722
21.673469 11.496997 50.000000 60.290751 21.061224 9.886799 47.000000 60.290751
20.959184 10.168598 47.000000 30.946222 20.877551 9.609129 47.000000 30.946222
20.122449 9.265016 46.000000 57.403819 19.020408 7.027163 38.000000 57.403819
20.102041 9.076411 40.000000 40.863479 19.489796 8.179992 48.000000 40.863479
19.571429 8.302279 36.000000 45.493056 18.040816 5.361025 33.000000 45.493056
19.122449 7.740995 35.000000 71.333552 18.938776 6.860640 38.000000 71.333552
19.908163 9.250340 48.000000 196.903875 20.571429 9.201076 44.000000 196.903875
19.642857 8.630144 40.000000 28.522889 20.387755 8.988690 48.000000 28.522889
19.561224 8.481716 40.000000 30.821547 19.387755 7.167557 37.000000 30.821547
18.663265 7.149283 35.000000 60.015306 19.836735 7.870988 38.000000 60.015306
20.224490 9.770069 46.000000 24.735233 20.897959 9.542623 42.000000 24.735233
20.836735 10.704748 46.000000 26.192967 21.183673 10.140606 50.000000 26.192967
21.000000 10.991093 48.000000 50.715475 20.836735 9.351877 45.000000 50.715475
20.551020 10.109832 47.000000 757.726282 21.734694 11.067321 50.000000 757.726282
19.510204 8.784059 46.000000 367.945819 20.265306 8.840571 42.000000 367.945819
18.795918 7.509388 34.000000 94.203056 19.632653 7.947492 42.000000 94.203056
19.836735 9.253246 44.000000 30.347683 19.755102 7.863607 41.000000 30.347683
19.122449 7.927852 41.000000 42.056060 19.571429 7.626595 41.000000 42.056060
20.081633 9.543901 48.000000 29.444422 19.510204 7.668714 40.000000 29.444422
20.061224 9.356421 42.000000 45.390748 19.979592 8.818887 50.000000 45.390748
19.530612 8.479453 38.000000 35.549101 18.530612 5.931228 35.000000 35.549101
19.081633 7.813118 37.000000 320.261887 19.428571 7.499828 40.000000 320.261887
19.163265 8.458137 46.000000 111.256197 19.530612 8.040111 42.000000 111.256197
18.448980 7.090174 34.000000 106.057095 18.897959 6.979336 42.000000 106.057095
18.816327 7.667507 38.000000 23.933570 18.346939 5.800999 35.000000 23.933570
18.102041 6.573125 35.000000 53.834028 18.163265 5.628891 30.000000 53.834028
18.346939 7.735448 38.000000 21.081231 18.877551 6.061991 30.000000 21.081231
18.979592 8.447509 38.000000 28.563458 19.591837 7.185089 42.000000 28.563458
18.285714 7.428005 37.000000 33.233610 19.204082 6.365110 37.000000 33.233610
18.469388 7.605213 37.000000 67.784889 19.918367 7.575971 40.000000 67.784889
19.897959 9.539381 46.000000 179.648754 20.918367 8.838381 42.000000 179.648754
19.612245 8.988690 38.000000 27.190460 20.306122 8.001814 42.000000 27.190460
20.448980 10.374555 46.000000 34.307806 20.632653 8.251695 43.000000 34.307806
19.959184 9.461717 45.000000 28.540693 20.673469 8.352758 41.000000 28.540693
18.959184 8.398476 44.000000 411.312383 19.877551 7.132422 36.000000 411.312383
19.591837 9.431070 44.000000 92.964417 20.591837 8.541997 48.000000 92.964417
18.224490 7.115441 36.000000 24.738570 19.530612 6.588343 37.000000 24.738570
18.408163 7.301796 37.000000 29.379846 20.244898 7.734061 40.000000 29.379846
19.836735 9.758627 50.000000 58.981291 21.693878 9.887416 46.000000 58.981291
19.571429 9.112131 42.000000 56.718840 21.510204 9.673265 50.000000 56.718840
19.489796 8.952619 42.000000 26.874351 20.510204 7.897859 39.000000 26.874351
18.591837 7.454102 37.000000 69.329109 20.959184 8.587834 40.000000 69.329109
20.816327 10.347914 46.000000 59.973368 22.244898 9.918286 42.000000 59.973368
21.428571 11.201988 46.000000 91.062250 22.530612 10.457774 50.000000 91.062250
21.591837 11.467423 48.000000 40.811112 22.183673 9.743459 45.000000 40.811112
21.142857 10.650976 47.000000 39.892215 23.081633 11.292433 50.000000 39.892215
20.530612 9.898666 46.000000 32.732716 21.632653 9.336093 42.000000 32.732716
20.244898 9.388588 38.000000 24.351378 21.020408 8.599904 42.000000 24.351378
21.081633 10.672900 46.000000 53.860535 21.346939 8.806162 43.000000 53.860535
20.591837 9.819859 45.000000 28.335332 21.387755 8.897622 41.000000 28.335332
22.469388 12.728087 56.000000 42.705198 22.653061 10.653979 48.000000 42.705198
22.448980 12.578924 50.000000 52.174080 23.122449 11.708016 58.000000 52.174080
21.918367 11.686342 46.000000 46.197733 21.673469 8.958985 43.000000 46.197733
21.469388 10.982840 45.000000 34.697703 22.571429 10.494967 48.000000 34.697703
22.000000 12.143472 56.000000 51.175191 23.122449 11.576964 52.000000 51.175191
21.285714 10.763627 44.000000 1965.273459 22.489796 10.483413 52.000000 1965.273459
21.653061 11.388276 48.000000 253.719531 21.938776 9.365231 45.000000 253.719531
20.938776 10.186727 45.000000 66.531120 21.755102 9.130284 40.000000 66.531120
17.612245 7.134399 38.000000 30.040922 18.530612 5.847202 30.000000 30.040922
18.244898 7.960031 38.000000 28.223606 19.244898 7.040474 42.000000 28.223606
17.551020 6.793148 37.000000 25.289136 18.857143 6.179447 37.000000 25.289136
17.734694 7.005964 37.000000 24.031055 19.571429 7.454328 40.000000 24.031055
19.163265 9.185033 46.000000 37.463372 20.571429 8.774377 42.000000 37.463372
18.877551 8.587050 38.000000 23.269256 19.959184 7.903957 42.000000 23.269256
19.714286 10.090314 46.000000 58.063164 20.285714 8.170856 43.000000 58.063164
19.224490 9.109337 45.000000 50.450299 20.326531 8.274636 41.000000 50.450299
16.877551 6.275899 38.000000 60.807358 18.183673 5.539636 30.000000 60.807358
17.510204 7.265573 38.000000 26.397870 18.897959 6.823987 42.000000 26.397870
16.142857 5.029808 26.000000 26.364061 17.836735 5.122608 31.000000 26.364061
16.326531 5.150869 31.000000 21.604807 18.551020 6.036184 34.000000 21.604807
17.755102 7.558788 44.000000 361.239848 20.000000 7.859593 40.000000 361.239848
17.489796 6.858278 36.000000 62.474504 19.816327 7.693011 44.000000 62.474504
17.408163 6.693337 36.000000 55.696320 18.816327 6.057026 33.000000 55.696320
16.510204 5.227297 31.000000 40.477082 19.265306 6.644975 34.000000 40.477082
19.183673 8.984921 44.000000 403.162647 21.448980 8.940955 40.000000 403.162647
19.795918 9.933759 44.000000 29.300229 21.734694 9.499377 48.000000 29.300229
19.959184 10.226223 46.000000 832.927645 21.387755 8.755125 43.000000 832.927645
19.510204 9.319357 45.000000 25.843466 22.285714 10.346572 48.000000 25.843466
19.367347 9.290709 48.000000 38.570274 21.714286 9.583061 44.000000 38.570274
18.653061 7.902893 36.000000 89.458079 21.081633 8.725686 44.000000 89.458079
19.693878 9.807853 46.000000 63.973054 21.204082 8.657229 43.000000 63.973054
18.979592 8.386267 43.000000 89.615934 21.020408 8.430406 43.000000 89.615934
19.040816 8.754284 46.000000 26.925657 20.051020 7.389561 38.000000 26.925657
19.020408 8.551819 40.000000 29.780990 20.520408 8.435602 48.000000 29.780990
18.489796 7.649870 36.000000 28.179886 19.071429 6.000430 33.000000 28.179886
18.040816 6.966663 35.000000 101.775074 19.969388 7.243133 38.000000 101.775074
17.938776 7.551632 44.000000 21.025112 20.714286 8.121500 40.000000 21.025112
17.673469 6.857572 36.000000 75.026376 20.530612 7.977034 44.000000 75.026376
17.591837 6.694877 36.000000 25.082349 19.530612 6.525452 33.000000 25.082349
16.693878 5.261038 31.000000 37.056870 19.979592 7.028630 34.000000 37.056870
22.408163 10.785478 46.000000 28.804101 23.183673 10.279944 42.000000 28.804101
23.020408 11.522260 46.000000 31.645383 23.469388 10.776266 50.000000 31.645383
23.183673 11.758171 48.000000 30.424741 23.122449 10.117114 45.000000 30.424741
22.734694 11.029063 47.000000 43.657580 24.020408 11.542820 50.000000 43.657580
23.918367 12.637429 54.000000 29.337718 24.367347 12.064592 50.000000 29.337718
23.632653 12.132760 46.000000 301.299243 23.755102 11.217679 50.000000 301.299243
24.469388 13.444965 54.000000 41.634945 24.081633 11.528247 51.000000 41.634945
23.979592 12.598461 53.000000 62.883313 24.122449 11.616967 49.000000 62.883313
24.510204 13.519932 58.000000 28.122070 24.040816 11.558831 50.000000 28.122070
24.489796 13.379662 52.000000 89.179531 24.510204 12.560160 60.000000 89.179531
23.959184 12.545931 48.000000 72.392006 23.061224 9.957452 45.000000 72.392006
23.510204 11.894939 47.000000 45.420264 23.959184 11.408008 50.000000 45.420264
24.306122 13.403652 60.000000 214.200139 25.591837 13.811572 56.000000 214.200139
24.040816 12.825489 52.000000 102.009044 25.408163 13.575931 60.000000 102.009044
23.959184 12.676725 52.000000 203.907857 24.408163 11.865081 49.000000 203.907857
23.061224 11.228477 47.000000 25.962538 24.857143 12.557497 50.000000 25.962538
21.693878 10.130497 46.000000 48.112573 22.551020 9.847416 42.000000 48.112573
22.306122 10.952012 46.000000 34.696532 22.836735 10.382076 50.000000 34.696532
22.469388 11.210455 48.000000 44.619410 22.489796 9.673265 45.000000 44.619410
22.020408 10.412106 47.000000 42.369912 23.387755 11.207171 50.000000 42.369912
20.979592 9.298021 46.000000 26.793486 21.918367 9.283256 42.000000 26.793486
20.265306 8.234390 34.000000 24.582151 21.285714 8.561482 42.000000 24.582151
21.306122 9.692603 44.000000 55.454143 21.408163 8.459530 41.000000 55.454143
20.591837 8.561285 41.000000 25.768616 21.224490 8.276822 41.000000 25.768616
22.897959 11.769688 54.000000 65.569372 22.510204 9.955825 46.000000 65.569372
22.877551 11.612529 48.000000 39.472289 22.979592 10.996700 56.000000 39.472289
22.346939 10.760851 44.000000 56.058983 21.530612 8.339700 41.000000 56.058983
21.897959 10.102046 43.000000 90.675867 22.428571 9.801115 46.000000 90.675867
21.979592 10.633520 52.000000 517.739420 22.530612 10.250677 48.000000 517.739420
21.265306 9.338482 40.000000 55.720210 21.897959 9.236291 48.000000 55.720210
21.632653 9.904063 44.000000 25.322298 21.346939 8.179812 41.000000 25.322298
20.918367 8.826709 41.000000 24.303208 21.163265 7.989289 40.000000 24.303208
22.469388 10.900869 48.000000 28.941170 21.591837 8.750654 40.000000 28.941170
23.102041 11.741625 48.000000 32.051624 22.306122 10.097880 52.000000 32.051624
22.408163 10.650818 47.000000 108.041736 21.918367 9.227562 47.000000 108.041736
22.591837 10.875904 47.000000 39.637980 22.632653 10.608679 50.000000 39.637980
23.142857 11.792012 54.000000 31.733924 23.163265 11.431277 50.000000 31.733924
22.428571 10.582031 42.000000 69.611668 22.530612 10.447911 50.000000 69.611668
23.469388 12.263603 52.000000 27.034309 22.653061 10.444850 49.000000 27.034309
22.755102 11.014574 49.000000 36.350124 22.469388 10.174968 49.000000 36.350124
21.918367 10.169363 48.000000 138.272449 20.612245 7.684008 40.000000 138.272449
21.897959 9.997412 42.000000 27.221696 21.081633 8.772818 50.000000 27.221696
21.367347 9.288489 38.000000 109.678346 19.632653 6.131527 35.000000 109.678346
20.918367 8.779866 37.000000 172.089563 20.530612 7.527550 40.000000 172.089563
21.704082 10.151643 50.000000 42.067472 22.163265 9.777624 46.000000 42.067472
21.438776 9.584208 42.000000 128.141713 21.979592 9.570121 50.000000 128.141713
21.357143 9.448995 42.000000 50.292631 20.979592 7.831972 39.000000 50.292631
20.459184 8.251421 37.000000 258.129943 21.428571 8.502274 40.000000 258.129943
21.346939 9.961888 46.000000 92.670560 21.816327 9.398779 42.000000 92.670560
21.959184 10.816099 46.000000 36.146871 22.102041 9.978833 50.000000 36.146871
22.122449 11.082879 48.000000 29.336427 21.755102 9.211223 45.000000 29.336427
21.673469 10.259294 47.000000 177.481502 22.653061 10.872364 50.000000 177.481502
20.632653 9.086512 46.000000 21.049669 21.183673 8.752433 42.000000 21.049669
19.918367 7.963413 34.000000 147.080957 20.551020 7.923764 42.000000 147.080957
20.959184 9.501946 44.000000 73.243982 20.673469 7.825119 41.000000 73.243982
20.244898 8.314763 41.000000 854.417825 20.489796 7.609334 41.000000 854.417825
21.204082 9.756794 48.000000 25.362857 20.428571 7.658968 40.000000 25.362857
21.183673 9.575901 42.000000 32.087531 20.897959 8.760843 50.000000 32.087531
20.653061 8.789757 38.000000 19.589801 19.448980 6.070246 35.000000 19.589801
20.204082 8.211080 37.000000 37.430197 20.346939 7.499968 40.000000 37.430197
20.285714 8.816573 46.000000 417.137284 20.448980 8.028458 42.000000 417.137284
19.571429 7.621186 34.000000 51.289339 19.816327 7.049672 42.000000 51.289339
19.938776 8.109834 38.000000 52.075599 19.265306 5.971670 35.000000 52.075599
19.224490 7.197552 35.000000 50.335110 19.081633 5.833910 30.000000 50.335110
19.551020 6.808307 36.000000 292.978787 20.530612 6.453967 32.000000 292.978787
20.163265 7.345233 36.000000 344.654182 20.816327 6.918296 40.000000 344.654182
20.326531 7.555670 38.000000 314.546919 20.469388 6.264289 35.000000 314.546919
19.877551 6.852293 37.000000 30.308713 21.367347 7.536014 40.000000 30.308713
21.061224 8.242230 44.000000 37.191927 21.714286 7.997422 40.000000 37.191927
20.775510 7.717340 36.000000 29.358024 21.102041 7.302718 40.000000 29.358024
21.612245 9.002443 44.000000 28.205787 21.428571 7.452945 41.000000 28.205787
21.122449 8.128181 43.000000 85.762021 21.469388 7.549430 39.000000 85.762021
21.653061 9.081648 48.000000 27.889869 21.387755 7.540451 40.000000 27.889869
21.632653 8.888064 42.000000 28.062644 21.857143 8.604722 50.000000 28.062644
21.102041 8.064802 38.000000 22.859670 20.408163 6.078247 35.000000 22.859670
20.653061 7.457235 37.000000 39.854283 21.306122 7.389611 40.000000 39.854283
21.448980 9.071449 50.000000 69.349139 22.938776 9.538653 46.000000 69.349139
21.183673 8.423515 42.000000 234.619729 22.755102 9.341252 50.000000 234.619729
21.102041 8.266801 42.000000 33.847497 21.755102 7.653665 39.000000 33.847497
20.204082 6.832245 37.000000 945.561396 22.204082 8.296017 40.000000 945.561396
21.959184 8.858473 44.000000 27.474675 22.612245 8.752770 40.000000 27.474675
22.571429 9.643116 44.000000 42.580978 22.897959 9.286383 48.000000 42.580978
22.734694 9.897986 46.000000 123.014326 22.551020 8.571257 43.000000 123.014326
22.285714 9.097411 45.000000 33.874511 23.448980 10.087373 48.000000 33.874511
21.673469 8.437491 44.000000 67.050219 22.000000 8.266190 40.000000 67.050219
21.387755 7.947810 36.000000 49.326754 21.387755 7.619336 40.000000 49.326754
22.224490 9.144353 44.000000 66.083912 21.714286 7.751289 41.000000 66.083912
21.734694 8.321567 43.000000 57.202834 21.755102 7.842603 39.000000 57.202834
23.612245 11.086011 54.000000 64.125270 23.020408 9.475938 46.000000 64.125270
23.591837 10.920365 48.000000 26.018590 23.489796 10.541274 56.000000 26.018590
23.061224 10.048148 44.000000 56.945186 22.040816 7.825307 41.000000 56.945186
22.612245 9.373831 43.000000 33.415406 22.938776 9.317776 46.000000 33.415406
23.142857 10.551787 54.000000 96.329390 23.489796 10.395523 50.000000 96.329390
22.428571 9.179763 42.000000 69.756517 22.857143 9.325721 50.000000 69.756517
22.795918 9.786335 46.000000 56.218297 22.306122 8.210388 43.000000 56.218297
22.081633 8.624675 43.000000 59.403560 22.122449 7.996475 38.000000 59.403560
22.979592 10.081093 48.000000 92.024077 22.306122 8.421142 40.000000 92.024077
23.612245 10.955047 48.000000 83.912359 23.020408 9.761041 52.000000 83.912359
22.918367 9.813386 47.000000 81.551071 22.632653 8.889224 47.000000 81.551071
23.102041 10.047813 47.000000 1515.984824 23.346939 10.265649 50.000000 1515.984824
23.653061 11.007122 54.000000 163.273337 23.877551 11.079158 50.000000 163.273337
22.938776 9.737605 42.000000 161.535737 23.244898 10.106710 50.000000 161.535737
23.979592 11.496283 52.000000 30.170840 23.367347 10.094796 49.000000 30.170840
23.265306 10.189494 49.000000 68.310906 23.183673 9.828789 49.000000 68.310906
22.428571 9.315766 48.000000 59.306798 21.326531 7.402668 40.000000 59.306798
22.408163 9.128901 42.000000 46.501891 21.795918 8.487661 50.000000 46.501891
21.877551 8.379240 38.000000 52.368906 20.346939 5.896184 35.000000 52.368906
21.428571 7.841208 37.000000 67.082096 21.244898 7.248265 40.000000 67.082096
22.214286 9.308294 50.000000 29.176383 22.877551 9.440279 46.000000 29.176383
21.948980 8.701668 42.000000 37.918609 22.693878 9.239548 50.000000 37.918609
21.867347 8.557432 42.000000 134.156270 21.693878 7.520978 39.000000 134.156270
20.969388 7.277212 37.000000 50.028769 22.142857 8.177162 40.000000 50.028769
23.020408 10.462480 50.000000 126.535950 24.510204 10.817364 46.000000 126.535950
23.632653 11.405721 50.000000 563.808173 24.795918 11.358233 54.000000 563.808173
23.795918 11.691886 52.000000 36.188556 24.448980 10.647223 49.000000 36.188556
23.346939 10.817228 51.000000 31.479599 25.346939 12.210442 54.000000 31.479599
23.204082 10.763588 54.000000 264.189702 24.775510 11.423010 50.000000 264.189702
22.489796 9.427143 42.000000 42.335564 24.142857 10.537121 50.000000 42.335564
23.530612 11.276473 52.000000 41.739332 24.265306 10.515135 49.000000 41.739332
22.816327 9.908184 49.000000 35.150283 24.081633 10.276260 49.000000 35.150283
22.877551 10.234634 52.000000 55.392875 23.112245 9.131212 44.000000 55.392875
22.857143 10.057566 46.000000 34.646322 23.581633 10.135091 54.000000 34.646322
22.326531 9.177264 42.000000 35.316896 22.132653 7.678646 39.000000 35.316896
21.877551 8.501383 41.000000 45.083592 23.030612 8.986191 44.000000 45.083592
21.775510 8.962155 50.000000 37.968437 23.775510 9.933314 46.000000 37.968437
21.510204 8.316230 42.000000 172.869529 23.591837 9.759834 50.000000 172.869529
21.428571 8.160756 42.000000 269.846333 22.591837 8.262244 39.000000 269.846333
20.530612 6.747591 37.000000 116.331297 23.040816 8.817647 40.000000 116.331297
19.020408 6.671959 36.000000 35.568657 19.428571 6.353828 32.000000 35.568657
19.632653 7.264357 36.000000 144.680789 19.714286 6.871426 40.000000 144.680789
19.795918 7.488767 38.000000 97.828868 19.367347 6.149994 35.000000 97.828868
19.346939 6.742850 37.000000 121.199263 20.265306 7.574443 40.000000 121.199263
20.530612 8.228946 44.000000 58.434455 20.612245 8.081585 40.000000 58.434455
20.244898 7.683241 36.000000 42.929730 20.000000 7.302026 40.000000 42.929730
21.081633 9.023079 44.000000 49.546467 20.326531 7.500894 41.000000 49.546467
20.591837 8.118754 43.000000 123.253676 20.367347 7.602750 39.000000 123.253676
21.122449 9.104508 48.000000 273.800472 20.285714 7.581856 40.000000 273.800472
21.102041 8.910193 42.000000 74.893069 20.755102 8.701299 50.000000 74.893069
20.571429 8.053942 38.000000 31.443254 19.306122 5.948938 35.000000 31.443254
20.122449 7.413091 37.000000 35.644497 20.204082 7.419616 40.000000 35.644497
20.918367 9.082297 50.000000 34.733305 21.836735 9.750172 46.000000 34.733305
20.653061 8.418318 42.000000 29.067216 21.653061 9.535719 50.000000 29.067216
20.571429 8.256207 42.000000 49.855322 20.653061 7.747433 39.000000 49.855322
19.673469 6.748464 37.000000 50.764063 21.102041 8.442028 40.000000 50.764063
18.734694 6.382242 36.000000 35.991925 18.816327 6.267815 32.000000 35.991925
19.346939 7.024408 36.000000 104.663794 19.102041 6.817941 40.000000 104.663794
19.510204 7.262735 38.000000 27.996841 18.755102 6.054837 35.000000 27.996841
19.061224 6.470897 37.000000 23.464414 19.653061 7.571109 40.000000 23.464414
18.448980 6.017367 36.000000 30.861553 18.204082 6.017088 32.000000 30.861553
18.163265 5.562566 28.000000 17.848849 17.591837 5.579485 32.000000 17.848849
19.000000 6.581762 36.000000 26.893688 17.918367 5.512261 33.000000 26.893688
18.510204 5.803030 35.000000 18.459321 17.959184 5.609121 31.000000 18.459321
20.387755 8.319190 46.000000 38.702161 19.224490 7.000045 38.000000 38.702161
20.367347 8.109289 40.000000 52.480335 19.693878 8.144833 48.000000 52.480335
19.836735 7.252008 36.000000 18.544723 18.244898 5.363222 33.000000 18.544723
19.387755 6.620232 35.000000 22.740881 19.142857 6.835324 38.000000 22.740881
19.918367 7.885356 46.000000 22.998792 19.693878 7.955298 42.000000 22.998792
19.204082 6.480676 34.000000 69.596957 19.061224 6.896610 42.000000 69.596957
19.571429 7.068151 38.000000 25.981145 18.510204 5.717120 35.000000 25.981145
18.857143 5.955159 35.000000 20.893185 18.326531 5.547871 30.000000 20.893185
21.775510 9.402271 46.000000 151.892988 20.530612 7.844105 38.000000 151.892988
22.408163 10.284446 46.000000 28.158937 21.244898 9.250312 50.000000 28.158937
21.714286 9.120047 45.000000 76.844414 20.857143 8.335738 45.000000 76.844414
21.897959 9.356061 45.000000 29.372317 21.571429 9.773729 48.000000 29.372317
22.448980 10.336725 52.000000 46.507686 22.102041 10.613636 48.000000 46.507686
21.734694 9.036639 40.000000 399.383590 21.469388 9.609064 48.000000 399.383590
22.775510 10.831922 50.000000 76.202238 21.591837 9.593637 47.000000 76.202238
22.061224 9.494237 47.000000 32.474268 21.408163 9.317799 47.000000 32.474268
21.224490 8.628090 46.000000 48.658157 19.551020 6.771868 38.000000 48.658157
21.204082 8.427935 40.000000 37.010471 20.020408 7.930081 48.000000 37.010471
20.673469 7.665394 36.000000 32.291412 18.571429 5.125236 33.000000 32.291412
20.224490 7.124129 35.000000 85.425085 19.469388 6.605534 38.000000 85.425085
21.010204 8.639987 48.000000 32.254519 21.102041 8.914820 44.000000 32.254519
20.744898 8.009416 40.000000 149.885055 20.918367 8.706762 48.000000 149.885055
20.663265 7.860831 40.000000 45.157141 19.918367 6.888918 37.000000 45.157141
19.765306 6.554767 35.000000 35.900586 20.367347 7.586461 38.000000 35.900586
21.326531 9.155896 46.000000 61.600183 21.428571 9.248015 42.000000 61.600183
21.938776 10.079904 46.000000 26.740705 21.714286 9.848334 50.000000 26.740705
22.102041 10.365973 48.000000 27.298057 21.367347 9.054688 45.000000 27.298057
21.653061 9.479334 47.000000 25.040504 22.265306 10.772771 50.000000 25.040504
20.612245 8.193073 46.000000 53.347232 20.795918 8.561433 42.000000 53.347232
19.897959 6.924467 34.000000 44.632990 20.163265 7.680064 42.000000 44.632990
20.938776 8.652294 44.000000 25.822919 20.285714 7.584575 41.000000 25.822919
20.224490 7.326735 41.000000 61.094660 20.102041 7.351961 41.000000 61.094660
21.183673 8.931985 48.000000 31.303505 20.040816 7.400081 40.000000 31.303505
21.163265 8.733977 42.000000 36.243372 20.510204 8.556959 50.000000 36.243372
20.632653 7.862724 38.000000 29.275349 19.061224 5.672899 35.000000 29.275349
20.183673 7.208739 37.000000 56.577307 19.959184 7.230973 40.000000 56.577307
20.265306 7.891730 46.000000 41.690453 20.061224 7.782900 42.000000 41.690453
19.551020 6.526903 34.000000 37.898845 19.428571 6.731982 42.000000 37.898845
19.918367 7.092429 38.000000 277.253167 18.877551 5.554352 35.000000 277.253167
19.204082 6.025648 35.000000 28.482828 18.693878 5.392641 30.000000 28.482828
23.775510 9.999516 46.000000 46.952501 23.734694 8.796146 38.000000 46.952501
24.408163 10.714512 46.000000 50.076575 24.448980 9.837989 50.000000 50.076575
23.714286 9.747323 45.000000 48.702123 24.061224 9.122100 45.000000 48.702123
23.897959 9.931196 45.000000 66.514331 24.775510 10.228856 48.000000 66.514331
25.326531 11.798808 54.000000 33.447508 25.775510 11.476134 50.000000 33.447508
25.040816 11.292656 46.000000 41.879910 25.163265 10.664223 50.000000 41.879910
25.877551 12.597877 54.000000 65.303531 25.489796 10.948092 51.000000 65.303531
25.387755 11.749650 53.000000 179.563411 25.530612 11.036214 49.000000 179.563411
24.387755 10.670928 52.000000 161.952678 24.734694 9.891735 44.000000 161.952678
25.020408 11.643307 52.000000 240.232412 25.448980 11.156915 56.000000 240.232412
23.653061 9.494548 44.000000 59.213814 24.387755 9.390314 45.000000 59.213814
23.836735 9.684395 45.000000 26.345427 25.102041 10.446219 48.000000 26.345427
25.265306 11.963476 58.000000 66.867003 26.551020 12.500823 54.000000 66.867003
25.000000 11.381845 50.000000 158.866643 26.367347 12.284755 58.000000 158.866643
24.918367 11.235688 50.000000 38.983127 25.367347 10.647479 47.000000 38.983127
24.020408 9.848313 45.000000 376.675984 25.816327 11.295786 48.000000 376.675984
26.244898 12.651605 54.000000 36.270424 27.102041 12.664171 50.000000 36.270424
26.857143 13.477740 54.000000 35.863530 27.387755 13.160103 58.000000 35.863530
27.020408 13.730078 56.000000 210.244350 27.040816 12.512195 53.000000 210.244350
26.571429 12.966253 55.000000 89.945673 27.938776 13.958566 58.000000 89.945673
25.959184 12.226318 54.000000 285.502414 26.489796 12.053356 50.000000 285.502414
25.673469 11.754162 46.000000 185.126807 25.877551 11.322148 50.000000 185.126807
26.510204 12.972012 54.000000 24.501214 26.204082 11.569565 51.000000 24.501214
26.020408 12.175673 53.000000 232.884381 26.244898 11.650460 49.000000 232.884381
27.897959 14.952495 64.000000 41.592974 27.510204 13.345716 56.000000 41.592974
27.877551 14.822152 58.000000 61.629469 27.979592 14.305921 66.000000 61.629469
27.346939 13.974278 54.000000 461.649284 26.530612 11.774692 51.000000 461.649284
26.897959 13.304127 53.000000 39.266604 27.428571 13.199500 56.000000 39.266604
27.428571 14.373515 64.000000 94.277699 27.979592 14.198867 60.000000 94.277699
26.714286 13.087336 52.000000 240.630767 27.346939 13.170650 60.000000 240.630767
27.081633 13.675679 56.000000 29.679958 26.795918 12.156165 53.000000 29.679958
26.367347 12.545495 53.000000 51.776715 26.612245 11.927299 48.000000 51.776715
23.040816 9.339991 46.000000 236.568298 23.387755 8.521208 38.000000 236.568298
23.673469 10.148156 46.000000 580.197198 24.102041 9.619021 50.000000 580.197198
22.979592 9.064465 45.000000 345.539611 23.714286 8.870198 45.000000 345.539611
23.163265 9.276613 45.000000 37.957518 24.428571 10.029852 48.000000 37.957518
24.591837 11.347225 54.000000 761.405458 25.428571 11.330099 50.000000 761.405458
24.306122 10.800351 46.000000 73.470476 24.816327 10.486463 50.000000 73.470476
25.142857 12.209511 54.000000 23.696904 25.142857 10.785634 51.000000 23.696904
24.653061 11.300125 53.000000 56.893580 25.183673 10.876388 49.000000 56.893580
22.306122 8.479701 46.000000 110.060764 23.040816 8.179580 38.000000 110.060764
22.938776 9.412447 46.000000 121.525214 23.755102 9.344563 50.000000 121.525214
21.571429 7.348469 34.000000 108.953062 22.693878 7.762463 39.000000 108.953062
21.755102 7.495787 39.000000 110.856753 23.408163 8.659464 42.000000 110.856753
23.183673 9.706356 52.000000 65.743212 24.857143 10.465456 48.000000 65.743212
22.918367 9.095908 44.000000 21.639745 24.673469 10.284385 52.000000 21.639745
22.836735 8.948529 44.000000 22.833796 23.673469 8.770588 41.000000 22.833796
21.938776 7.611462 39.000000 2164.138674 24.122449 9.340374 42.000000 2164.138674
24.612245 11.190600 52.000000 34.295782 26.306122 11.700214 48.000000 34.295782
25.224490 12.097994 52.000000 49.955925 26.591837 12.206840 56.000000 49.955925
25.387755 12.373594 54.000000 30.916878 26.244898 11.542000 51.000000 30.916878
24.938776 11.534633 53.000000 53.639148 27.142857 13.012286 56.000000 53.639148
24.795918 11.479214 56.000000 1292.427111 26.571429 12.266794 52.000000 1292.427111
24.081633 10.207813 44.000000 42.493195 25.938776 11.434995 52.000000 42.493195
25.122449 11.972705 54.000000 278.494244 26.061224 11.416949 51.000000 278.494244
24.408163 10.666294 51.000000 92.075001 25.877551 11.193947 51.000000 92.075001
24.469388 10.972509 54.000000 26.921313 24.908163 10.133223 46.000000 26.921313
24.448980 10.806759 48.000000 72.645603 25.377551 11.055171 56.000000 72.645603
23.918367 9.970755 44.000000 48.572336 23.928571 8.823878 41.000000 48.572336
23.469388 9.332577 43.000000 42.343511 24.826531 10.001057 46.000000 42.343511
23.367347 9.749848 52.000000 25.877936 25.571429 10.874163 48.000000 25.877936
23.102041 9.147688 44.000000 1130.885323 25.387755 10.712391 52.000000 1130.885323
23.020408 9.002840 44.000000 3303.468833 24.387755 9.346296 41.000000 3303.468833
22.122449 7.696920 39.000000 596.233846 24.836735 9.850107 42.000000 596.233846
23.510204 9.992002 46.000000 42.703694 23.714286 9.883862 42.000000 42.703694
24.122449 10.719734 46.000000 61.388830 24.000000 10.384366 50.000000 61.388830
24.285714 10.956333 48.000000 51.373128 23.653061 9.717772 45.000000 51.373128
23.836735 10.218937 47.000000 42.314853 24.551020 11.151369 50.000000 42.314853
25.020408 11.826041 54.000000 33.555239 24.897959 11.674706 50.000000 33.555239
24.734694 11.313299 46.000000 46.708971 24.285714 10.827609 50.000000 46.708971
25.571429 12.636879 54.000000 32.514889 24.612245 11.133337 51.000000 32.514889
25.081633 11.778605 53.000000 28.044652 24.653061 11.223229 49.000000 28.044652
25.612245 12.713036 58.000000 27.925529 24.571429 11.166962 50.000000 27.925529
25.591837 12.565570 52.000000 63.503066 25.040816 12.179854 60.000000 63.503066
25.061224 11.724339 48.000000 24.696100 23.591837 9.554873 45.000000 24.696100
24.612245 11.070191 47.000000 156.709876 24.489796 11.014746 50.000000 156.709876
25.408163 12.607343 60.000000 203.582028 26.122449 13.423526 56.000000 203.582028
25.142857 12.015454 52.000000 29.659167 25.938776 13.188418 60.000000 29.659167
25.061224 11.864194 52.000000 315.222090 24.938776 11.466506 49.000000 315.222090
24.163265 10.398943 47.000000 36.395108 25.387755 12.161824 50.000000 36.395108
22.795918 9.366489 46.000000 38.318371 23.081633 9.469074 42.000000 38.318371
23.408163 10.182699 46.000000 187.023053 23.367347 10.008643 50.000000 187.023053
23.571429 10.442775 48.000000 35.980348 23.020408 9.291366 45.000000 35.980348
23.122449 9.632703 47.000000 63.308027 23.918367 10.834913 50.000000 63.308027
22.081633 8.552655 46.000000 26.059230 22.448980 8.919020 42.000000 26.059230
21.367347 7.489357 34.000000 216.165221 21.816327 8.206544 42.000000 216.165221
22.408163 8.939472 44.000000 194.777499 21.938776 8.092018 41.000000 194.777499
21.693878 7.800883 41.000000 706.042695 21.755102 7.913269 41.000000 706.042695
24.000000 10.997657 54.000000 31.885018 23.040816 9.584049 46.000000 31.885018
23.979592 10.831397 48.000000 95.805682 23.510204 10.637654 56.000000 95.805682
23.448980 9.972253 44.000000 81.976292 22.061224 7.958418 41.000000 81.976292
23.000000 9.311339 43.000000 54.187057 22.959184 9.427880 46.000000 54.187057
23.081633 9.876217 52.000000 28.228682 23.061224 9.888884 48.000000 28.228682
22.367347 8.559540 40.000000 37.594688 22.428571 8.871360 48.000000 37.594688
22.734694 9.128579 44.000000 141.263144 21.877551 7.803337 41.000000 141.263144
22.020408 8.046232 41.000000 70.932947 21.693878 7.616326 40.000000 70.932947
23.571429 10.109707 48.000000 46.771752 22.122449 8.384159 40.000000 46.771752
24.204082 10.946881 48.000000 76.987775 22.836735 9.742768 52.000000 76.987775
23.510204 9.846497 47.000000 31.502841 22.448980 8.861038 47.000000 31.502841
23.693878 10.069253 47.000000 32.801474 23.163265 10.254186 50.000000 32.801474
24.244898 10.996777 54.000000 83.859884 23.693878 11.077430 50.000000 83.859884
23.530612 9.769724 42.000000 2708.541325 23.061224 10.093191 50.000000 2708.541325
24.571429 11.469368 52.000000 32.822364 23.183673 10.083514 49.000000 32.822364
23.857143 10.201071 49.000000 69.690720 23.000000 9.813729 49.000000 69.690720
23.020408 9.381908 48.000000 68.151378 21.142857 7.335832 40.000000 68.151378
23.000000 9.197714 42.000000 40.003182 21.612245 8.439759 50.000000 40.003182
22.469388 8.491602 38.000000 53.357882 20.163265 5.780689 35.000000 53.357882
22.020408 7.994817 37.000000 91.607866 21.061224 7.177882 40.000000 91.607866
22.806122 9.388146 50.000000 66.289118 22.693878 9.418569 46.000000 66.289118
22.540816 8.805069 42.000000 345.103642 22.510204 9.213666 50.000000 345.103642
22.459184 8.668189 42.000000 607.260551 21.510204 7.464341 39.000000 607.260551
21.561224 7.479272 37.000000 40.403992 21.959184 8.135348 40.000000 40.403992
22.448980 9.225829 46.000000 33.630598 22.346939 9.045249 42.000000 33.630598
23.061224 10.074789 46.000000 42.284528 22.632653 9.630694 50.000000 42.284528
23.224490 10.343114 48.000000 66.070366 22.285714 8.853912 45.000000 66.070366
22.775510 9.508033 47.000000 60.656733 23.183673 10.525714 50.000000 60.656733
21.734694 8.368511 46.000000 33.740499 21.714286 8.412068 42.000000 33.740499
21.020408 7.243881 34.000000 60.660835 21.081633 7.590924 42.000000 60.660835
22.061224 8.776511 44.000000 25.274066 21.204082 7.479124 41.000000 25.274066
21.346939 7.580635 41.000000 365.716917 21.020408 7.266616 41.000000 365.716917
22.306122 9.021633 48.000000 38.715285 20.959184 7.323058 40.000000 38.715285
22.285714 8.828258 42.000000 622.192212 21.428571 8.438987 50.000000 622.192212
21.755102 8.042492 38.000000 256.816825 19.979592 5.732849 35.000000 256.816825
21.306122 7.472849 37.000000 32.743088 20.877551 7.162712 40.000000 32.743088
21.387755 8.122303 46.000000 27.240437 20.979592 7.707246 42.000000 27.240437
20.673469 6.921914 34.000000 37.269401 20.346939 6.732139 42.000000 37.269401
21.040816 7.401474 38.000000 38.366948 19.795918 5.645834 35.000000 38.366948
20.326531 6.512123 35.000000 36.419418 19.612245 5.517793 30.000000 36.419418
20.367347 7.529170 38.000000 48.795588 20.122449 5.611596 30.000000 48.795588
21.000000 8.101164 38.000000 63.362397 20.836735 6.676152 42.000000 63.362397
20.306122 7.230246 37.000000 52.192842 20.448980 5.868178 37.000000 52.192842
20.489796 7.361428 37.000000 27.658454 21.163265 7.037007 40.000000 27.658454
21.918367 9.028790 46.000000 25.798601 22.163265 8.229559 42.000000 25.798601
21.632653 8.513649 38.000000 375.231813 21.551020 7.428175 42.000000 375.231813
22.469388 9.792911 46.000000 25.330080 21.877551 7.643157 43.000000 25.330080
21.979592 8.932715 45.000000 27.035839 21.918367 7.745532 41.000000 27.035839
20.979592 8.055196 44.000000 50.921859 21.122449 6.564926 36.000000 50.921859
21.612245 8.984101 44.000000 24.774112 21.836735 7.962145 48.000000 24.774112
20.244898 6.926806 36.000000 23.209861 20.775510 6.042002 37.000000 23.209861
20.428571 7.065234 37.000000 139.626712 21.489796 7.149717 40.000000 139.626712
21.857143 9.273618 50.000000 60.039898 22.938776 9.242234 46.000000 60.039898
21.591837 8.653510 42.000000 59.105031 22.755102 9.038362 50.000000 59.105031
21.510204 8.504995 42.000000 26.595421 21.755102 7.280905 39.000000 26.595421
20.612245 7.170433 37.000000 27.250880 22.204082 7.953420 40.000000 27.250880
22.836735 9.687588 46.000000 26.969655 23.489796 9.200230 42.000000 26.969655
23.448980 10.476407 46.000000 83.397594 23.775510 9.742595 50.000000 83.397594
23.612245 10.728738 48.000000 32.834589 23.428571 9.020024 45.000000 32.834589
23.163265 9.943857 47.000000 111.731602 24.326531 10.568164 50.000000 111.731602
22.551020 9.269307 46.000000 37.238301 22.877551 8.658784 42.000000 37.238301
22.265306 8.789111 38.000000 24.609582 22.265306 7.956779 42.000000 24.609582
23.102041 9.979866 46.000000 29.097554 22.591837 8.128906 43.000000 29.097554
22.612245 9.171485 45.000000 29.281932 22.632653 8.221656 41.000000 29.281932
24.489796 11.917452 56.000000 44.736221 23.897959 9.937423 48.000000 44.736221
24.469388 11.761552 50.000000 31.247087 24.367347 11.006453 58.000000 31.247087
23.938776 10.901448 46.000000 64.058924 22.918367 8.244553 43.000000 64.058924
23.489796 10.233606 45.000000 42.220090 23.816327 9.777258 48.000000 42.220090
24.020408 11.375484 56.000000 26.302068 24.367347 10.866944 52.000000 26.302068
23.306122 10.035410 44.000000 38.948303 23.734694 9.775365 52.000000 38.948303
23.673469 10.632352 48.000000 31.675241 23.183673 8.645775 45.000000 31.675241
22.959184 9.488917 45.000000 30.552879 23.000000 8.418193 40.000000 30.552879
21.653061 8.672866 44.000000 942.369368 21.795918 7.034465 36.000000 942.369368
22.285714 9.496608 44.000000 30.555676 22.510204 8.295129 48.000000 30.555676
21.591837 8.379943 43.000000 50.334667 22.122449 7.435309 43.000000 50.334667
21.775510 8.595768 43.000000 273.076919 22.836735 8.752842 46.000000 273.076919
23.204082 10.715591 52.000000 45.190837 23.836735 10.176478 48.000000 45.190837
22.918367 10.152115 44.000000 27.481634 23.224490 9.255292 48.000000 27.481634
23.755102 11.595468 52.000000 68.391359 23.551020 9.578888 49.000000 68.391359
23.265306 10.662151 51.000000 158.833957 23.591837 9.679223 47.000000 158.833957
20.918367 7.797268 44.000000 1679.803719 21.448980 6.638101 36.000000 1679.803719
21.551020 8.758057 44.000000 78.993377 22.163265 7.993159 48.000000 78.993377
20.183673 6.618230 32.000000 158.089429 21.102041 6.140099 37.000000 158.089429
20.367347 6.764656 37.000000 29.231043 21.816327 7.200153 40.000000 29.231043
21.795918 9.056477 50.000000 28.801300 23.265306 9.229660 46.000000 28.801300
21.530612 8.418443 42.000000 29.863630 23.081633 9.032214 50.000000 29.863630
21.448980 8.265095 42.000000 1287.326437 22.081633 7.318489 39.000000 1287.326437
20.551020 6.876109 37.000000 34.290037 22.530612 7.969276 40.000000 34.290037
23.224490 10.548397 50.000000 125.672900 24.714286 10.552764 46.000000 125.672900
23.836735 11.473586 50.000000 55.945371 25.000000 11.101221 54.000000 55.945371
24.000000 11.755236 52.000000 73.312978 24.653061 10.379502 49.000000 73.312978
23.551020 10.894170 51.000000 65.407980 25.551020 11.962245 54.000000 65.407980
23.408163 10.843628 54.000000 103.407640 24.979592 11.167866 50.000000 103.407640
22.693878 9.533888 42.000000 69.255794 24.346939 10.272676 50.000000 69.255794
23.734694 11.346966 52.000000 318.527192 24.469388 10.247659 49.000000 318.527192
23.020408 10.003071 49.000000 164.413023 24.285714 10.006184 49.000000 164.413023
23.081633 10.325300 52.000000 197.967003 23.316327 8.848783 44.000000 197.967003
23.061224 10.150229 46.000000 45.060887 23.785714 9.871598 54.000000 45.060887
22.530612 9.290505 42.000000 30.195997 22.336735 7.368005 39.000000 30.195997
22.081633 8.634232 41.000000 27.730209 23.234694 8.700991 44.000000 27.730209
21.979592 9.090586 50.000000 116.095177 23.979592 9.660185 46.000000 116.095177
21.714286 8.460947 42.000000 101.042052 23.795918 9.485702 50.000000 101.042052
21.632653 8.310207 42.000000 158.536230 22.795918 7.962488 39.000000 158.536230
20.734694 6.954270 37.000000 68.664120 23.244898 8.526564 40.000000 68.664120
24.244898 10.347629 46.000000 52.463571 25.428571 9.640978 42.000000 52.463571
24.857143 11.010773 46.000000 58.914887 25.714286 10.104608 50.000000 58.914887
25.020408 11.230463 48.000000 55.966321 25.367347 9.481820 45.000000 55.966321
24.571429 10.543968 47.000000 108.992691 26.265306 10.803351 50.000000 108.992691
25.755102 12.035224 54.000000 263.484230 26.612245 11.289656 50.000000 263.484230
25.469388 11.550163 46.000000 91.859561 26.000000 10.512634 50.000000 91.859561
26.306122 12.800941 54.000000 31.151621 26.326531 10.774900 51.000000 31.151621
25.816327 11.984825 53.000000 41.342165 26.367347 10.861250 49.000000 41.342165
26.346939 12.873774 58.000000 109.036147 26.285714 10.816177 50.000000 109.036147
26.326531 12.729360 52.000000 80.767854 26.755102 11.790317 60.000000 80.767854
25.795918 11.932766 48.000000 39.400645 25.306122 9.326172 45.000000 39.400645
25.346939 11.320178 47.000000 27.772032 26.204082 10.672210 50.000000 27.772032
26.142857 12.781269 60.000000 292.464647 27.836735 12.926991 56.000000 292.464647
25.877551 12.213956 52.000000 67.082218 27.653061 12.707739 60.000000 67.082218
25.795918 12.070206 52.000000 31.657755 26.653061 11.067834 49.000000 31.657755
24.897959 10.695880 47.000000 48.062357 27.102041 11.720534 50.000000 48.062357
23.959184 10.026684 46.000000 28.592136 24.816327 9.322788 42.000000 28.592136
24.571429 10.726208 46.000000 39.029723 25.102041 9.819494 50.000000 39.029723
24.734694 10.955911 48.000000 33.065905 24.755102 9.153965 45.000000 33.065905
24.285714 10.238395 47.000000 33.724672 25.653061 10.569458 50.000000 33.724672
23.673469 9.656765 46.000000 21.944263 24.204082 8.881765 42.000000 21.944263
23.387755 9.231985 38.000000 21.725150 23.591837 8.298350 42.000000 21.725150
24.224490 10.280129 46.000000 23.606802 23.918367 8.411668 43.000000 23.606802
23.734694 9.555644 45.000000 21.850109 23.959184 8.494896 41.000000 21.850109
25.612245 12.039996 56.000000 59.146951 25.224490 9.996423 48.000000 59.146951
25.591837 11.887650 50.000000 726.058941 25.693878 11.002725 58.000000 726.058941
25.061224 11.091760 46.000000 53.091547 24.244898 8.471981 43.000000 53.091547
24.612245 10.484778 45.000000 34.171570 25.142857 9.848334 48.000000 34.171570
25.142857 11.549981 56.000000 77.339651 25.693878 10.863168 52.000000 77.339651
24.428571 10.311639 44.000000 26.687826 25.061224 9.857559 52.000000 26.687826
24.795918 10.855147 48.000000 28.199041 24.510204 8.822704 45.000000 28.199041
24.081633 9.820737 45.000000 25.033985 24.326531 8.628382 40.000000 25.033985
27.000000 13.324654 56.000000 43.451056 26.530612 11.091191 48.000000 43.451056
27.632653 14.178092 56.000000 29.605479 27.244898 12.362282 60.000000 29.605479
26.938776 13.104510 55.000000 172.727090 26.857143 11.558903 55.000000 172.727090
27.122449 13.336459 55.000000 720.053308 27.571429 12.861675 58.000000 720.053308
27.673469 14.229906 62.000000 34.491200 28.102041 13.668754 58.000000 34.491200
26.959184 13.054144 50.000000 65.474072 27.469388 12.704577 58.000000 65.474072
28.000000 14.701147 60.000000 109.628876 27.591837 12.731839 57.000000 109.628876
27.285714 13.492266 57.000000 32.097065 27.408163 12.465901 57.000000 32.097065
26.448980 12.580563 56.000000 47.120141 25.551020 9.971219 48.000000 47.120141
26.428571 12.436229 50.000000 70.955270 26.020408 10.965719 58.000000 70.955270
25.897959 11.716135 46.000000 44.275243 24.571429 8.480420 43.000000 44.275243
25.448980 11.177225 45.000000 49.192906 25.469388 9.825492 48.000000 49.192906
26.234694 12.506329 58.000000 31.366571 27.102041 12.065534 54.000000 31.366571
25.969388 11.972868 50.000000 551.531539 26.918367 11.850159 58.000000 551.531539
25.887755 11.840767 50.000000 40.186862 25.918367 10.197709 47.000000 40.186862
24.989796 10.616555 45.000000 35.983812 26.367347 10.849854 48.000000 35.983812
26.551020 12.986212 56.000000 65.994956 27.428571 12.420469 52.000000 65.994956
27.163265 13.868078 56.000000 98.971919 27.714286 12.963072 60.000000 98.971919
27.326531 14.133221 58.000000 494.621451 27.367347 12.257031 55.000000 494.621451
26.877551 13.334913 57.000000 28.220976 28.265306 13.840439 60.000000 28.220976
25.836735 12.043473 56.000000 48.507908 26.795918 11.701581 52.000000 48.507908
25.122449 10.907545 44.000000 451.920944 26.163265 10.839688 52.000000 451.920944
26.163265 12.487267 54.000000 37.662961 26.285714 10.818083 51.000000 37.662961
25.448980 11.307440 51.000000 32.034507 26.102041 10.586404 51.000000 32.034507
26.408163 12.775489 58.000000 43.794050 26.040816 10.596555 50.000000 43.794050
26.387755 12.630051 52.000000 49.801919 26.510204 11.599187 60.000000 49.801919
25.857143 11.829545 48.000000 209.896274 25.061224 9.043784 45.000000 209.896274
25.408163 11.213796 47.000000 197.873784 25.959184 10.447629 50.000000 197.873784
25.489796 11.698308 56.000000 109.776667 26.061224 10.874937 52.000000 109.776667
24.775510 10.501380 44.000000 58.157116 25.428571 9.894287 52.000000 58.157116
25.142857 11.023873 48.000000 60.601551 24.877551 8.886762 45.000000 60.601551
24.428571 10.031908 45.000000 55.057233 24.693878 8.701710 40.000000 55.057233
19.265306 7.250384 38.000000 34.863142 20.000000 5.678681 30.000000 34.863142
19.897959 7.932044 38.000000 35.402421 20.714286 6.745751 42.000000 35.402421
19.204082 6.929630 37.000000 51.662672 20.326531 5.939168 37.000000 51.662672
19.387755 7.095276 37.000000 44.855484 21.040816 7.108755 40.000000 44.855484
20.816327 8.991803 46.000000 67.455480 22.040816 8.305902 42.000000 67.455480
20.530612 8.436792 38.000000 22.932317 21.428571 7.502577 42.000000 22.932317
21.367347 9.821487 46.000000 82.988117 21.755102 7.720720 43.000000 82.988117
20.877551 8.902988 45.000000 1557.126384 21.795918 7.822726 41.000000 1557.126384
19.877551 7.882207 44.000000 57.352240 21.000000 6.641016 36.000000 57.352240
20.510204 8.908753 44.000000 26.341424 21.714286 8.036001 48.000000 26.341424
19.142857 6.602093 36.000000 188.905029 20.653061 6.117580 37.000000 188.905029
19.326531 6.777427 37.000000 26.267448 21.367347 7.225938 40.000000 26.267448
20.755102 9.230230 50.000000 25.629067 22.816327 9.320576 46.000000 25.629067
20.489796 8.572607 42.000000 29.078506 22.632653 9.115963 50.000000 29.078506
20.408163 8.411868 42.000000 22.946702 21.632653 7.360227 39.000000 22.946702
19.510204 6.916654 37.000000 80.830867 22.081633 8.033016 40.000000 80.830867
21.734694 9.758476 46.000000 21.555547 23.367347 9.286269 42.000000 21.555547
22.346939 10.606458 46.000000 27.064352 23.653061 9.827483 50.000000 27.064352
22.510204 10.872499 48.000000 36.510139 23.306122 9.106934 45.000000 36.510139
22.061224 10.049174 47.000000 66.750069 24.204082 10.652873 50.000000 66.750069
21.448980 9.309260 46.000000 24.153065 22.755102 8.741489 42.000000 24.153065
21.163265 8.795141 38.000000 127.595049 22.142857 8.037284 42.000000 127.595049
22.000000 10.078046 46.000000 59.883979 22.469388 8.212643 43.000000 59.883979
21.510204 9.219259 45.000000 19.977529 22.510204 8.305066 41.000000 19.977529
23.387755 12.127869 56.000000 41.812020 23.775510 10.022172 48.000000 41.812020
23.367347 11.972811 50.000000 116.358433 24.244898 11.088269 58.000000 116.358433
22.836735 11.075834 46.000000 23.488837 22.795918 8.331977 43.000000 23.488837
22.387755 10.371087 45.000000 53.457224 23.693878 9.862360 48.000000 53.457224
22.918367 11.550582 56.000000 34.975353 24.244898 10.949802 52.000000 34.975353
22.204082 10.155451 44.000000 23.291568 23.612245 9.859458 52.000000 23.291568
22.571429 10.783722 48.000000 34.404723 23.061224 8.732941 45.000000 34.404723
21.857143 9.575527 45.000000 24.835969 22.877551 8.505020 40.000000 24.835969
18.530612 6.707749 38.000000 33.067248 19.653061 5.520537 30.000000 33.067248
19.163265 7.502156 38.000000 21.782888 20.367347 6.650925 42.000000 21.782888
18.469388 6.352537 37.000000 50.828466 19.979592 5.807886 37.000000 50.828466
18.653061 6.553667 37.000000 22.881279 20.693878 7.035123 40.000000 22.881279
20.081633 8.693727 46.000000 31.788880 21.693878 8.285384 42.000000 31.788880
19.795918 8.092200 38.000000 18.520633 21.081633 7.451110 42.000000 18.520633
20.632653 9.592080 46.000000 52.073668 21.408163 7.685623 43.000000 52.073668
20.142857 8.607118 45.000000 37.971653 21.448980 7.789925 41.000000 37.971653
17.795918 5.902925 38.000000 38.169555 19.306122 5.268870 30.000000 38.169555
18.428571 6.860916 38.000000 26.019615 20.020408 6.482299 42.000000 26.019615
17.061224 4.703182 26.000000 27.474258 18.959184 4.909319 31.000000 27.474258
17.244898 4.797038 31.000000 4265.909571 19.673469 5.716274 34.000000 4265.909571
18.673469 7.138939 44.000000 204.114742 21.122449 7.397778 40.000000 204.114742
18.408163 6.430976 36.000000 30.712728 20.938776 7.249339 44.000000 30.712728
18.326531 6.266875 36.000000 35.877045 19.938776 5.685605 33.000000 35.877045
17.428571 4.843957 31.000000 20.908350 20.387755 6.227032 34.000000 20.908350
20.102041 8.479800 44.000000 35.841944 22.571429 8.343156 40.000000 35.841944
20.714286 9.419217 44.000000 59.438576 22.857143 8.902681 48.000000 59.438576
20.877551 9.711578 46.000000 25.338054 22.510204 8.152218 43.000000 25.338054
20.428571 8.799016 45.000000 32.341326 23.408163 9.737627 48.000000 32.341326
20.285714 8.783771 48.000000 38.284602 22.836735 8.994493 44.000000 38.284602
19.571429 7.390437 36.000000 39.007071 22.204082 8.163231 44.000000 39.007071
20.612245 9.296527 46.000000 60.657297 22.326531 8.072833 43.000000 60.657297
19.897959 7.866790 43.000000 43.180769 22.142857 7.855657 43.000000 43.180769
19.959184 8.251108 46.000000 377.510760 21.173469 6.887948 38.000000 377.510760
19.938776 8.038331 40.000000 28.019867 21.642857 7.933032 48.000000 28.019867
19.408163 7.140471 36.000000 32.871787 20.193878 5.573609 33.000000 32.871787
18.959184 6.467872 35.000000 50.114416 21.091837 6.744355 38.000000 50.114416
18.857143 7.107423 44.000000 88.594481 21.836735 7.569191 40.000000 88.594481
18.591837 6.403666 36.000000 26.732945 21.653061 7.442012 44.000000 26.732945
18.510204 6.241274 36.000000 66.965947 20.653061 6.049797 33.000000 66.965947
17.612245 4.845303 31.000000 28.142750 21.102041 6.511670 34.000000 28.142750
24.020408 10.798988 48.000000 34.608951 25.775510 10.312169 44.000000 34.608951
24.632653 11.555681 48.000000 43.635989 26.061224 10.791192 52.000000 43.635989
24.795918 11.796347 50.000000 39.188299 25.714286 10.153462 47.000000 39.188299
24.346939 11.053853 49.000000 26.467909 26.612245 11.528211 52.000000 26.467909
25.530612 12.695648 56.000000 634.224725 26.959184 12.033389 52.000000 634.224725
25.244898 12.184206 48.000000 60.585021 26.346939 11.216797 52.000000 60.585021
26.081633 13.515683 56.000000 28.461186 26.673469 11.510439 53.000000 28.461186
25.591837 12.658754 55.000000 848.158285 26.714286 11.597191 51.000000 848.158285
26.122449 13.591436 60.000000 36.428393 26.632653 11.543184 52.000000 36.428393
26.102041 13.451317 54.000000 117.971753 27.102041 12.523372 62.000000 117.971753
25.571429 12.605841 50.000000 39.111276 25.653061 9.998043 47.000000 39.111276
25.122449 11.943393 49.000000 1340.451684 26.551020 11.396439 52.000000 1340.451684
25.918367 13.469839 62.000000 27.798574 28.183673 13.731105 58.000000 27.798574
25.653061 12.886581 54.000000 26.647396 28.000000 13.502195 62.000000 26.647396
25.571429 12.736019 54.000000 71.194339 27.000000 11.831288 51.000000 71.194339
24.673469 11.264190 49.000000 44.237416 27.448980 12.504121 52.000000 44.237416
23.979592 10.846615 50.000000 123.603685 25.816327 10.653248 46.000000 123.603685
24.591837 11.708519 50.000000 74.074444 26.102041 11.168337 54.000000 74.074444
24.755102 11.974252 52.000000 42.002977 25.755102 10.488149 49.000000 42.002977
24.306122 11.160874 51.000000 29.684509 26.653061 11.973426 54.000000 29.684509
23.265306 9.949927 50.000000 32.957060 25.183673 10.087603 46.000000 32.957060
22.551020 8.824897 38.000000 26.158481 24.551020 9.377669 46.000000 26.158481
23.591837 10.374271 48.000000 24.459463 24.673469 9.294467 45.000000 24.459463
22.877551 9.192405 45.000000 29.059985 24.489796 9.113539 45.000000 29.059985
25.183673 12.558602 58.000000 33.256226 25.775510 10.750719 50.000000 33.256226
25.163265 12.408589 52.000000 27.696170 26.244898 11.750904 60.000000 27.696170
24.632653 11.536037 48.000000 28.961032 24.795918 9.195426 45.000000 28.961032
24.183673 10.852666 47.000000 41.228858 25.693878 10.601895 50.000000 41.228858
24.265306 11.361493 56.000000 69.702408 25.795918 11.025705 52.000000 69.702408
23.551020 10.037171 44.000000 69.636446 25.163265 10.042891 52.000000 69.636446
23.918367 10.625464 48.000000 1146.525962 24.612245 9.035591 45.000000 1146.525962
23.204082 9.499820 45.000000 30.779797 24.428571 8.848088 44.000000 30.779797
24.081633 10.916434 50.000000 48.290540 24.183673 8.896133 42.000000 48.290540
24.714286 11.777140 50.000000 36.013150 24.897959 10.182348 54.000000 36.013150
24.020408 10.664499 49.000000 242.851037 24.510204 9.344765 49.000000 242.851037
24.204082 10.895908 49.000000 30.450529 25.224490 10.670830 52.000000 30.450529
24.755102 11.828727 56.000000 134.740009 25.755102 11.461330 52.000000 134.740009
24.040816 10.596555 44.000000 70.701729 25.122449 10.516816 52.000000 70.701729
25.081633 12.309307 54.000000 119.995578 25.244898 10.506808 51.000000 119.995578
24.367347 11.040122 51.000000 757.240035 25.061224 10.249281 51.000000 757.240035
23.530612 10.164831 50.000000 66.291176 23.204082 7.923551 42.000000 66.291176
23.510204 9.992002 44.000000 29.681140 23.673469 8.952078 52.000000 29.681140
22.979592 9.260246 40.000000 52.489626 22.224490 6.519646 37.000000 52.489626
22.530612 8.729856 39.000000 86.210205 23.122449 7.778195 42.000000 86.210205
23.316327 10.138827 52.000000 46.656410 24.755102 9.873490 48.000000 46.656410
23.051020 9.559766 44.000000 50.337878 24.571429 9.679397 52.000000 50.337878
22.969388 9.420808 44.000000 35.610460 23.571429 8.039849 41.000000 35.610460
22.071429 8.176216 39.000000 34.398135 24.020408 8.663205 42.000000 34.398135
22.755102 9.883926 48.000000 54.027785 24.612245 9.550336 44.000000 54.027785
23.367347 10.778355 48.000000 50.437284 24.897959 10.098984 52.000000 50.437284
23.530612 11.054881 50.000000 105.179619 24.551020 9.371070 47.000000 105.179619
23.081633 10.202762 49.000000 66.267997 25.448980 10.942325 52.000000 66.267997
22.489796 9.544518 50.000000 69.020951 24.428571 9.556128 46.000000 69.020951
21.775510 8.297970 38.000000 372.482485 23.795918 8.748442 46.000000 372.482485
22.816327 10.011691 48.000000 26.420247 23.918367 8.669978 45.000000 26.420247
22.102041 8.717195 45.000000 34.468016 23.734694 8.459182 45.000000 34.468016
22.612245 9.668348 50.000000 147.048043 23.224490 7.985206 42.000000 147.048043
22.591837 9.484482 44.000000 20.416643 23.693878 9.005620 52.000000 20.416643
22.061224 8.653485 40.000000 30.985361 22.244898 6.597502 37.000000 30.985361
21.612245 8.031680 39.000000 54.526219 23.142857 7.841208 42.000000 54.526219
21.489796 8.542489 48.000000 27.652512 23.448980 8.425688 44.000000 27.652512
21.000000 7.553247 38.000000 55.897607 23.040816 7.902653 46.000000 55.897607
21.142857 7.775192 40.000000 58.609454 22.265306 6.677476 37.000000 58.609454
20.224490 6.516483 35.000000 53.812363 22.285714 6.759491 34.000000 53.812363
26.081633 10.128732 46.000000 22.116901 26.857143 9.906782 42.000000 22.116901
26.693878 10.699656 46.000000 22.176679 27.142857 10.318635 50.000000 22.176679
26.857143 10.897839 48.000000 22.154486 26.795918 9.761020 45.000000 22.154486
26.408163 10.270403 47.000000 22.324795 27.693878 10.931283 50.000000 22.324795
27.591837 11.608597 54.000000 24.700359 28.040816 11.368176 50.000000 24.700359
27.306122 11.152558 46.000000 23.856278 27.428571 10.679975 50.000000 23.856278
28.142857 12.317953 54.000000 28.144454 27.755102 10.895058 51.000000 28.144454
27.653061 11.546501 53.000000 24.345793 27.795918 10.975098 49.000000 24.345793
28.183673 12.387512 58.000000 23.411796 27.714286 10.941268 50.000000 23.411796
28.163265 12.240455 52.000000 25.197999 28.183673 11.848134 60.000000 25.197999
27.632653 11.495752 48.000000 23.125625 26.734694 9.619087 45.000000 23.125625
27.183673 10.934997 47.000000 23.595831 27.632653 10.809873 50.000000 23.595831
27.979592 12.322120 60.000000 45.017847 29.265306 12.858910 56.000000 45.017847
27.714286 11.774514 52.000000 34.770204 29.081633 12.659436 60.000000 34.770204
27.632653 11.638354 52.000000 39.449738 28.081633 11.142631 49.000000 39.449738
26.734694 10.368023 47.000000 30.440264 28.530612 11.736105 50.000000 30.440264
28.489796 12.312298 54.000000 25.265357 28.938776 12.188228 50.000000 25.265357
29.102041 13.053806 54.000000 38.151073 29.224490 12.660948 58.000000 38.151073
29.265306 13.286340 56.000000 31.408545 28.877551 12.039681 53.000000 31.408545
28.816327 12.576649 55.000000 42.907830 29.775510 13.412973 58.000000 42.907830
28.204082 11.929310 54.000000 89.687672 28.326531 11.650207 50.000000 89.687672
27.918367 11.501388 46.000000 85.178058 27.714286 10.995782 50.000000 85.178058
28.755102 12.593617 54.000000 104.238024 28.040816 11.196390 51.000000 104.238024
28.265306 11.865701 53.000000 87.802107 28.081633 11.273245 49.000000 87.802107
30.142857 14.408617 64.000000 32.111075 29.346939 12.836082 56.000000 32.111075
30.122449 14.276551 58.000000 33.593446 29.816327 13.768593 66.000000 33.593446
29.591837 13.483733 54.000000 37.530675 28.367347 11.354991 51.000000 37.530675
29.142857 12.867284 53.000000 96.400856 29.265306 12.695929 56.000000 96.400856
29.673469 13.883741 64.000000 33.786379 29.816327 13.657328 60.000000 33.786379
28.959184 12.675911 52.000000 56.488937 29.183673 12.677886 60.000000 56.488937
29.326531 13.219616 56.000000 69.927985 28.632653 11.708124 53.000000 69.927985
28.612245 12.180458 53.000000 44.150667 28.448980 11.499998 48.000000 44.150667
29.510204 13.487103 58.000000 23.411058 28.632653 11.856868 50.000000 23.411058
30.142857 14.308097 58.000000 27.166524 29.346939 13.047970 62.000000 27.166524
29.448980 13.272033 57.000000 25.482153 28.959184 12.292751 57.000000 25.482153
29.632653 13.494090 57.000000 51.584178 29.673469 13.519574 60.000000 51.584178
30.183673 14.357976 64.000000 129.164891 30.204082 14.285714 60.000000 129.164891
29.469388 13.221510 52.000000 64.085456 29.571429 13.370995 60.000000 64.085456
30.510204 14.813789 62.000000 32.745245 29.693878 13.395959 59.000000 32.745245
29.795918 13.641930 59.000000 37.086383 29.510204 13.144906 59.000000 37.086383
28.959184 12.774748 58.000000 44.093941 27.653061 10.825802 50.000000 44.093941
28.938776 12.633466 52.000000 47.115531 28.122449 11.744062 60.000000 47.115531
28.408163 11.948202 48.000000 43.521764 26.673469 9.481154 45.000000 43.521764
27.959184 11.440495 47.000000 44.454959 27.571429 10.692516 50.000000 44.454959
28.744898 12.710343 60.000000 38.589304 29.204082 12.768324 56.000000 38.589304
28.479592 12.197033 52.000000 42.915854 29.020408 12.566507 60.000000 42.915854
28.397959 12.070873 52.000000 52.284038 28.020408 11.031333 49.000000 52.284038
27.500000 10.915089 47.000000 34.189396 28.469388 11.632876 50.000000 34.189396
29.551020 13.784888 60.000000 222.117469 30.836735 14.249394 56.000000 222.117469
30.163265 14.660905 60.000000 58.917132 31.122449 14.736353 64.000000 58.917132
30.326531 14.923016 62.000000 186.952731 30.775510 14.104566 59.000000 186.952731
29.877551 14.137225 61.000000 43.383047 31.673469 15.534979 64.000000 43.383047
29.734694 14.060657 64.000000 26.750594 31.102041 14.781215 60.000000 26.750594
29.020408 12.872875 52.000000 75.150742 30.469388 13.940377 60.000000 75.150742
30.061224 14.535996 62.000000 157.736903 30.591837 13.956366 59.000000 157.736903
29.346939 13.315445 59.000000 202.637213 30.408163 13.727718 59.000000 202.637213
29.408163 13.575931 62.000000 30.149823 29.438776 12.610801 54.000000 30.149823
29.387755 13.437624 56.000000 86.313955 29.908163 13.485454 64.000000 86.313955
28.857143 12.645850 52.000000 128.486495 28.459184 11.284666 49.000000 128.486495
28.408163 12.034175 51.000000 39.366356 29.357143 12.481946 54.000000 39.366356
28.306122 12.335021 60.000000 25.448435 30.102041 13.388324 56.000000 25.448435
28.040816 11.795437 52.000000 23.736902 29.918367 13.208614 60.000000 23.736902
27.959184 11.661832 52.000000 23.966620 28.918367 11.834489 49.000000 23.966620
27.061224 10.422830 47.000000 4079.563823 29.367347 12.364222 50.000000 4079.563823
24.755102 9.643182 46.000000 27.341093 25.734694 9.431851 42.000000 27.341093
25.367347 10.321020 46.000000 28.550443 26.020408 9.896349 50.000000 28.550443
25.530612 10.547100 48.000000 28.016180 25.673469 9.271145 45.000000 28.016180
25.081633 9.836471 47.000000 36.519374 26.571429 10.592742 50.000000 36.519374
26.265306 11.366936 54.000000 31.739208 26.918367 11.078607 50.000000 31.739208
25.979592 10.865608 46.000000 26.018347 26.306122 10.304046 50.000000 26.018347
26.816327 12.151405 54.000000 40.833382 26.632653 10.561931 51.000000 40.833382
26.326531 11.310770 53.000000 60.499420 26.673469 10.648823 49.000000 60.499420
26.857143 12.226387 58.000000 43.605590 26.591837 10.605228 50.000000 43.605590
26.836735 12.075103 52.000000 35.677075 27.061224 11.584576 60.000000 35.677075
26.306122 11.256529 48.000000 28.830455 25.612245 9.113978 45.000000 28.830455
25.857143 10.626751 47.000000 74.754183 26.510204 10.460771 50.000000 74.754183
26.653061 12.137615 60.000000 254.246570 28.142857 12.713334 56.000000 254.246570
26.387755 11.550546 52.000000 60.019367 27.959184 12.494880 60.000000 60.019367
26.306122 11.402123 52.000000 108.084820 26.959184 10.851308 49.000000 108.084820
25.408163 9.982290 47.000000 46.657819 27.408163 11.504223 50.000000 46.657819
24.040816 9.092784 46.000000 117.040313 25.102041 9.138668 42.000000 117.040313
24.653061 9.853674 46.000000 178.584562 25.387755 9.636307 50.000000 178.584562
24.816327 10.101900 48.000000 140.971036 25.040816 8.968350 45.000000 140.971036
24.367347 9.322833 47.000000 45.152623 25.938776 10.384183 50.000000 45.152623
23.326531 8.360160 46.000000 82.860589 24.469388 8.716857 42.000000 82.860589
22.612245 7.391319 34.000000 82.156514 23.836735 8.146461 42.000000 82.156514
23.653061 8.708453 44.000000 88.119044 23.959184 7.999895 41.000000 88.119044
22.938776 7.653335 41.000000 82.551295 23.775510 7.866844 41.000000 82.551295
25.244898 10.623900 54.000000 69.687078 25.061224 9.266742 46.000000 69.687078
25.224490 10.454152 48.000000 71.944752 25.530612 10.259724 56.000000 71.944752
24.693878 9.630716 44.000000 29.203413 24.081633 7.832885 41.000000 29.203413
24.244898 9.007513 43.000000 119.298525 24.979592 9.123415 46.000000 119.298525
24.326531 9.579591 52.000000 61.235094 25.081633 9.577329 48.000000 61.235094
23.612245 8.324145 40.000000 105.417905 24.448980 8.672890 48.000000 105.417905
23.979592 8.856216 44.000000 112.671040 23.897959 7.723962 41.000000 112.671040
23.265306 7.851129 41.000000 98.014608 23.714286 7.584575 40.000000 98.014608
26.836735 11.897928 54.000000 52.514346 26.163265 10.152135 46.000000 52.514346
27.469388 12.754788 54.000000 60.735267 26.877551 11.424576 58.000000 60.735267
26.775510 11.660605 53.000000 30.969408 26.489796 10.610484 53.000000 30.969408
26.959184 11.892056 53.000000 906.962310 27.204082 11.918070 56.000000 906.962310
27.510204 12.806446 60.000000 50.319213 27.734694 12.716213 56.000000 50.319213
26.795918 11.600710 48.000000 48.017000 27.102041 11.762679 56.000000 48.017000
27.836735 13.282570 58.000000 69.332556 27.224490 11.774978 55.000000 69.332556
27.122449 12.041394 55.000000 173.777315 27.040816 11.513254 55.000000 173.777315
26.285714 11.150332 54.000000 42.096945 25.183673 9.094404 46.000000 42.096945
26.265306 10.990672 48.000000 79.563779 25.653061 10.098588 56.000000 79.563779
25.734694 10.265096 44.000000 39.378838 24.204082 7.644092 41.000000 39.378838
25.285714 9.731445 43.000000 44.204944 25.102041 8.949445 46.000000 44.204944
26.071429 11.102382 56.000000 40.813548 26.734694 11.123997 52.000000 40.813548
25.806122 10.544611 48.000000 71.309316 26.551020 10.917802 56.000000 71.309316
25.724490 10.408938 48.000000 41.492707 25.551020 9.277089 45.000000 41.492707
24.826531 9.175298 43.000000 77.036385 26.000000 9.915104 46.000000 77.036385
25.714286 10.875111 52.000000 476.534830 26.387755 10.746021 48.000000 476.534830
26.326531 11.748898 52.000000 83.418364 26.673469 11.293439 56.000000 83.418364
26.489796 12.017380 54.000000 33.260639 26.326531 10.574016 51.000000 33.260639
26.040816 11.196390 53.000000 30.535813 27.224490 12.155802 56.000000 30.535813
25.000000 9.961783 52.000000 53.399698 25.755102 10.095484 48.000000 53.399698
24.285714 8.816573 40.000000 29.621192 25.122449 9.288354 48.000000 29.621192
25.326531 10.394066 50.000000 58.365361 25.244898 9.223526 47.000000 58.365361
24.612245 9.193939 47.000000 38.776841 25.061224 9.011809 47.000000 38.776841
25.571429 10.665485 54.000000 26.584223 25.000000 9.043993 46.000000 26.584223
25.551020 10.497052 48.000000 38.653166 25.469388 10.061875 56.000000 38.653166
25.020408 9.695338 44.000000 72.294357 24.020408 7.560041 41.000000 72.294357
24.571429 9.092877 43.000000 39.419712 24.918367 8.896511 46.000000 39.419712
24.653061 9.657113 52.000000 113.420064 25.020408 9.362108 48.000000 113.420064
23.938776 8.441205 40.000000 70.682240 24.387755 8.429982 48.000000 70.682240
24.306122 8.952807 44.000000 72.534944 23.836735 7.445602 41.000000 72.534944
23.591837 7.989473 41.000000 68.319336 23.653061 7.299346 36.000000 68.319336
27.040816 11.162269 50.000000 24.040266 26.020408 9.481376 42.000000 24.040266
27.673469 11.846767 50.000000 24.640649 26.734694 10.572822 54.000000 24.640649
26.979592 10.932765 49.000000 24.386858 26.346939 9.842158 49.000000 24.386858
27.163265 11.109292 49.000000 27.442892 27.061224 10.989045 52.000000 27.442892
28.591837 12.888768 58.000000 86.142568 28.061224 12.300211 54.000000 86.142568
28.306122 12.410013 50.000000 28.300469 27.448980 11.454187 54.000000 28.300469
29.142857 13.654047 58.000000 44.665044 27.775510 11.767096 55.000000 44.665044
28.653061 12.847321 57.000000 44.074892 27.816327 11.855093 53.000000 44.074892
27.653061 11.806081 56.000000 128.891402 27.020408 10.669331 48.000000 128.891402
28.285714 12.728732 56.000000 72.524605 27.734694 11.955718 60.000000 72.524605
26.918367 10.703765 48.000000 67.100647 26.673469 10.147140 49.000000 67.100647
27.102041 10.885051 49.000000 467.473572 27.387755 11.242072 52.000000 467.473572
28.530612 13.036194 62.000000 28.955932 28.836735 13.362275 58.000000 28.955932
28.265306 12.488800 54.000000 71.058276 28.653061 13.136164 62.000000 71.058276
28.183673 12.350839 54.000000 46.908830 27.653061 11.469459 51.000000 46.908830
27.285714 11.043494 49.000000 46.832041 28.102041 12.137944 52.000000 46.832041
29.081633 13.350681 58.000000 41.368586 29.367347 13.581664 54.000000 41.368586
29.693878 14.186830 58.000000 75.505414 29.653061 14.080843 62.000000 75.505414
29.857143 14.440065 60.000000 31.201052 29.306122 13.432081 57.000000 31.201052
29.408163 13.677310 59.000000 41.206953 30.204082 14.894792 62.000000 41.206953
28.367347 12.466357 58.000000 157.477891 28.734694 12.924484 54.000000 157.477891
27.653061 11.406366 46.000000 118.114942 28.102041 12.146435 54.000000 118.114942
28.693878 12.882025 56.000000 25.947504 28.224490 12.127782 53.000000 25.947504
27.979592 11.774496 53.000000 137.949340 28.040816 11.920630 53.000000 137.949340
30.285714 15.012023 66.000000 37.412802 29.326531 13.644814 58.000000 37.412802
30.265306 14.882738 60.000000 79.545224 29.795918 14.591312 68.000000 79.545224
29.734694 14.053323 56.000000 37.556045 28.346939 12.097629 53.000000 37.556045
29.285714 13.400262 55.000000 61.207794 29.244898 13.500715 58.000000 61.207794
29.367347 13.832867 64.000000 71.531672 29.346939 13.869125 60.000000 71.531672
28.653061 12.602652 52.000000 300.131186 28.714286 12.882498 60.000000 300.131186
29.020408 13.158024 56.000000 35.390367 28.163265 11.907456 53.000000 35.390367
28.306122 12.095333 53.000000 47.751556 27.979592 11.695430 52.000000 47.751556
26.285714 10.530271 50.000000 48.744578 25.244898 8.946647 42.000000 48.744578
26.918367 11.296084 50.000000 52.330686 25.959184 10.151348 54.000000 52.330686
26.224490 10.282134 49.000000 50.630340 25.571429 9.355521 49.000000 50.630340
26.408163 10.483012 49.000000 133.464458 26.285714 10.608303 52.000000 133.464458
27.408163 11.931797 58.000000 84.143941 27.265306 12.016785 54.000000 84.143941
26.693878 10.755395 46.000000 2990.937020 26.632653 11.091362 54.000000 2990.937020
27.734694 12.391010 56.000000 101.193392 26.755102 11.087340 53.000000 101.193392
27.020408 11.173403 53.000000 45.248672 26.571429 10.835223 53.000000 45.248672
25.530612 9.721062 50.000000 44.141043 24.469388 8.210132 42.000000 44.141043
25.734694 9.871913 46.000000 45.589393 25.163265 9.548243 54.000000 45.589393
24.775510 8.685253 38.000000 43.988246 23.693878 7.210256 39.000000 43.988246
24.755102 8.617964 41.000000 44.241204 24.612245 8.423865 44.000000 44.241204
25.979592 10.364471 54.000000 86.827767 26.265306 10.465999 50.000000 86.827767
25.714286 9.816880 46.000000 57.079186 26.081633 10.274253 54.000000 57.079186
25.632653 9.687262 46.000000 61.119393 25.081633 8.690169 43.000000 61.119393
24.734694 8.552507 41.000000 52.908756 25.530612 9.293834 44.000000 52.908756
27.204082 11.622019 54.000000 59.122956 27.918367 11.800466 50.000000 59.122956
27.816327 12.468804 54.000000 78.117780 28.204082 12.312059 58.000000 78.117780
27.979592 12.728715 56.000000 175.373848 27.857143 11.641554 53.000000 175.373848
27.530612 11.937297 55.000000 28.846347 28.755102 13.127496 58.000000 28.846347
27.387755 11.890941 58.000000 31.459115 28.183673 12.370856 54.000000 31.459115
26.673469 10.708678 46.000000 98.913699 27.551020 11.525071 54.000000 98.913699
27.714286 12.352219 56.000000 40.491409 27.673469 11.511335 53.000000 40.491409
27.000000 11.129046 53.000000 25.558676 27.489796 11.283822 53.000000 25.558676
27.061224 11.419658 56.000000 329.364598 26.520408 10.195238 48.000000 329.364598
27.040816 11.261574 50.000000 37.009955 26.989796 11.128578 58.000000 37.009955
26.510204 10.492260 46.000000 47.738282 25.540816 8.851779 43.000000 47.738282
26.061224 9.914913 45.000000 36.738645 26.438776 10.060709 48.000000 36.738645
25.959184 10.314556 54.000000 320.689236 27.183673 10.955719 50.000000 320.689236
25.693878 9.763606 46.000000 126.453872 27.000000 10.788501 54.000000 126.453872
25.612245 9.633097 46.000000 133.778517 26.000000 9.391815 43.000000 133.778517
24.714286 8.488925 41.000000 117.600919 26.448980 9.911071 44.000000 117.600919
24.632653 9.690454 46.000000 108.162462 24.632653 9.374662 42.000000 108.162462
25.244898 10.372507 46.000000 416.701686 24.918367 9.874129 50.000000 416.701686
25.408163 10.599394 48.000000 177.456018 24.571429 9.205556 45.000000 177.456018
24.959184 9.886905 47.000000 50.210650 25.469388 10.629859 50.000000 50.210650
26.142857 11.423434 54.000000 65.680367 25.816327 11.148803 50.000000 65.680367
25.857143 10.921463 46.000000 124.397731 25.204082 10.313597 50.000000 124.397731
26.693878 12.209856 54.000000 142.180927 25.530612 10.605585 51.000000 142.180927
26.204082 11.368213 53.000000 26.108720 25.571429 10.696372 49.000000 26.108720
26.734694 12.284892 58.000000 28.833833 25.489796 10.644436 50.000000 28.833833
26.714286 12.134130 52.000000 60.252548 25.959184 11.665367 60.000000 60.252548
26.183673 11.314025 48.000000 51.272341 24.510204 9.039712 45.000000 51.272341
25.734694 10.682437 47.000000 34.373618 25.408163 10.491859 50.000000 34.373618
26.530612 12.194476 60.000000 174.339255 27.040816 12.880832 56.000000 174.339255
26.265306 11.607455 52.000000 60.508329 26.857143 12.649111 60.000000 60.508329
26.183673 11.458888 52.000000 79.987180 25.857143 10.927125 49.000000 79.987180
25.285714 10.036018 47.000000 30.657500 26.306122 11.618869 50.000000 30.657500
23.918367 9.133233 46.000000 35.716089 24.000000 9.001718 42.000000 35.716089
24.530612 9.898666 46.000000 27.018936 24.285714 9.539932 50.000000 27.018936
24.693878 10.147782 48.000000 61.492657 23.938776 8.821034 45.000000 61.492657
24.244898 9.366601 47.000000 125.054871 24.836735 10.354235 50.000000 125.054871
23.204082 8.393615 46.000000 23.606232 23.367347 8.490611 42.000000 23.606232
22.489796 7.417234 34.000000 23.269531 22.734694 7.814276 42.000000 23.269531
23.530612 8.745195 44.000000 49.447595 22.857143 7.679132 41.000000 49.447595
22.816327 7.683624 41.000000 23.446275 22.673469 7.513254 41.000000 23.446275
25.122449 10.672506 54.000000 39.915977 23.959184 9.126735 46.000000 39.915977
25.102041 10.503303 48.000000 26.782394 24.428571 10.184889 56.000000 26.782394
24.571429 9.677266 44.000000 29.033365 22.979592 7.523132 41.000000 29.033365
24.122449 9.051132 43.000000 26.832700 23.877551 8.971048 46.000000 26.832700
24.204082 9.621667 52.000000 32.856769 23.979592 9.444335 48.000000 32.856769
23.489796 8.361972 40.000000 31.810413 23.346939 8.442775 48.000000 31.810413
23.857143 8.896889 44.000000 37.269291 22.795918 7.382005 41.000000 37.269291
23.142857 7.885783 41.000000 27.920644 22.612245 7.207717 40.000000 27.920644
24.693878 9.804699 48.000000 58.511675 23.040816 7.965025 40.000000 58.511675
25.326531 10.598362 48.000000 24.031390 23.755102 9.313621 52.000000 24.031390
24.632653 9.540351 47.000000 113.716936 23.367347 8.429682 47.000000 113.716936
24.816327 9.748748 47.000000 123.779760 24.081633 9.816537 50.000000 123.779760
25.367347 10.645543 54.000000 96.324828 24.612245 10.627365 50.000000 96.324828
24.653061 9.458648 42.000000 116.283365 23.979592 9.658050 50.000000 116.283365
25.693878 11.099743 52.000000 34.654171 24.102041 9.636154 49.000000 34.654171
24.979592 9.866093 49.000000 33.270935 23.918367 9.371676 49.000000 33.270935
24.142857 9.121177 48.000000 31.602081 22.061224 6.984248 40.000000 31.602081
24.122449 8.934199 42.000000 138.609692 22.530612 8.082314 50.000000 138.609692
23.591837 8.278449 38.000000 31.158101 21.081633 5.495403 35.000000 31.158101
23.142857 7.833315 37.000000 31.962398 21.979592 6.829257 40.000000 31.962398
23.928571 9.154178 50.000000 33.860216 23.612245 8.988690 46.000000 33.860216
23.663265 8.590265 42.000000 46.392043 23.428571 8.793156 50.000000 46.392043
23.581633 8.460854 42.000000 45.053200 22.428571 7.071068 39.000000 45.053200
22.683673 7.377308 37.000000 4706.268638 22.877551 7.722327 40.000000 4706.268638
23.571429 9.032587 46.000000 80.874201 23.265306 8.634086 42.000000 80.874201
24.183673 9.827740 46.000000 33.501377 23.551020 9.216886 50.000000 33.501377
24.346939 10.084286 48.000000 42.807863 23.204082 8.440158 45.000000 42.807863
23.897959 9.280830 47.000000 52.716927 24.102041 10.097963 50.000000 52.716927
22.857143 8.253709 46.000000 18.615506 22.632653 8.041628 42.000000 18.615506
22.142857 7.223958 34.000000 18.161658 22.000000 7.259548 42.000000 18.161658
23.183673 8.624285 44.000000 24.180397 22.122449 7.126638 41.000000 24.180397
22.469388 7.512469 41.000000 18.350561 21.938776 6.927930 41.000000 18.350561
23.428571 8.842260 48.000000 18.757498 21.877551 6.995234 40.000000 18.757498
23.408163 8.647551 42.000000 222.644646 22.346939 8.102567 50.000000 222.644646
22.877551 7.920045 38.000000 18.328101 20.897959 5.476265 35.000000 18.328101
22.428571 7.409940 37.000000 19.432609 21.795918 6.838278 40.000000 19.432609
22.510204 8.052975 46.000000 25.465629 21.897959 7.393909 42.000000 25.465629
21.795918 6.957839 34.000000 17.970751 21.265306 6.462503 42.000000 17.970751
22.163265 7.378841 38.000000 17.988940 20.714286 5.416660 35.000000 17.988940
21.448980 6.610087 35.000000 17.950312 20.530612 5.315226 30.000000 17.950312
17.591837 5.579485 32.000000 17.848849 18.163265 5.562566 28.000000 17.848849
18.204082 6.017088 32.000000 30.861553 18.448980 6.017367 36.000000 30.861553
18.367347 6.218343 34.000000 18.459321 18.102041 5.360200 31.000000 18.459321
17.918367 5.512261 33.000000 26.893688 19.000000 6.581762 36.000000 26.893688
19.102041 6.817941 40.000000 104.663794 19.346939 7.024408 36.000000 104.663794
18.816327 6.267815 32.000000 35.991925 18.734694 6.382242 36.000000 35.991925
19.653061 7.571109 40.000000 23.464414 19.061224 6.470897 37.000000 23.464414
19.163265 6.660692 39.000000 27.996841 19.102041 6.571557 35.000000 27.996841
19.693878 7.654132 44.000000 69.596957 19.020408 6.581730 36.000000 69.596957
19.673469 7.429081 38.000000 22.998792 19.489796 7.678118 46.000000 22.998792
19.142857 6.589589 34.000000 20.893185 18.040816 5.161152 31.000000 20.893185
18.693878 5.986941 33.000000 25.981145 18.938776 6.429340 36.000000 25.981145
19.489796 7.696893 46.000000 52.480335 20.571429 8.504699 42.000000 52.480335
19.224490 7.000045 38.000000 38.702161 20.387755 8.319190 46.000000 38.702161
19.142857 6.835324 38.000000 22.740881 19.387755 6.620232 35.000000 22.740881
18.244898 5.363222 33.000000 18.544723 19.836735 7.252008 36.000000 18.544723
20.000000 7.302026 40.000000 42.929730 20.244898 7.683241 36.000000 42.929730
20.612245 8.081585 40.000000 58.434455 20.530612 8.228946 44.000000 58.434455
20.775510 8.343811 42.000000 123.253676 20.183673 7.489301 39.000000 123.253676
20.326531 7.500894 41.000000 49.546467 21.081633 9.023079 44.000000 49.546467
19.714286 6.871426 40.000000 144.680789 19.632653 7.264357 36.000000 144.680789
19.428571 6.353828 32.000000 35.568657 19.020408 6.671959 36.000000 35.568657
20.265306 7.574443 40.000000 121.199263 19.346939 6.742850 37.000000 121.199263
19.775510 6.709788 39.000000 97.828868 19.387755 6.837786 35.000000 97.828868
21.653061 9.535719 50.000000 29.067216 20.653061 8.418318 42.000000 29.067216
21.632653 9.347129 44.000000 34.733305 21.122449 9.520748 52.000000 34.733305
21.102041 8.442028 40.000000 50.764063 19.673469 6.748464 37.000000 50.764063
20.653061 7.747433 39.000000 49.855322 20.571429 8.256207 42.000000 49.855322
21.183673 9.016991 50.000000 74.893069 21.122449 9.359118 46.000000 74.893069
20.469388 7.561710 38.000000 273.800472 20.489796 8.281447 46.000000 273.800472
20.836735 8.195666 42.000000 35.644497 19.938776 7.130328 39.000000 35.644497
20.122449 6.980481 39.000000 31.443254 19.755102 6.926806 34.000000 31.443254
21.020408 8.501036 44.000000 44.632990 19.938776 7.372023 36.000000 44.632990
21.653061 9.383141 44.000000 53.347232 20.653061 8.737999 48.000000 53.347232
20.959184 8.197206 43.000000 61.094660 20.265306 7.834040 43.000000 61.094660
21.142857 8.431654 43.000000 25.822919 20.979592 9.240185 46.000000 25.822919
21.693878 9.434974 50.000000 26.740705 21.510204 10.049614 46.000000 26.740705
20.979592 8.101139 38.000000 61.600183 20.877551 9.081833 46.000000 61.600183
22.020408 9.933780 48.000000 25.040504 21.000000 9.046273 45.000000 25.040504
21.306122 8.560769 45.000000 27.298057 20.816327 8.783005 45.000000 27.298057
20.469388 7.726249 44.000000 37.898845 18.959184 6.439118 36.000000 37.898845
20.448980 7.505493 38.000000 41.690453 19.428571 7.560069 46.000000 41.690453
19.918367 6.737606 34.000000 28.482828 17.979592 4.965820 31.000000 28.482828
19.469388 6.206422 33.000000 277.253167 18.877551 6.282467 36.000000 277.253167
20.255102 7.774279 46.000000 36.243372 20.510204 8.406238 42.000000 36.243372
19.989796 7.113940 38.000000 31.303505 20.326531 8.217125 46.000000 31.303505
19.908163 6.960991 38.000000 56.577307 19.326531 6.481974 35.000000 56.577307
19.010204 5.646813 33.000000 29.275349 19.775510 7.129915 36.000000 29.275349
21.061224 8.940602 46.000000 399.383590 22.142857 9.652733 42.000000 399.383590
21.673469 9.901344 46.000000 46.507686 22.428571 10.209153 50.000000 46.507686
21.836735 10.196719 48.000000 32.474268 22.081633 9.472340 45.000000 32.474268
21.387755 9.280989 47.000000 76.202238 22.979592 11.067720 50.000000 76.202238
21.244898 9.250312 50.000000 28.158937 22.408163 10.284446 46.000000 28.158937
20.530612 7.844105 38.000000 151.892988 21.775510 9.402271 46.000000 151.892988
21.571429 9.773729 48.000000 29.372317 21.897959 9.356061 45.000000 29.372317
20.857143 8.335738 45.000000 76.844414 21.714286 9.120047 45.000000 76.844414
20.918367 8.706762 48.000000 149.885055 20.744898 8.009416 40.000000 149.885055
20.897959 8.502868 42.000000 32.254519 21.214286 9.052254 50.000000 32.254519
20.367347 7.586461 38.000000 35.900586 19.765306 6.554767 35.000000 35.900586
19.918367 6.888918 37.000000 45.157141 20.663265 7.860831 40.000000 45.157141
19.816327 7.478280 46.000000 37.010471 21.408163 8.789446 42.000000 37.010471
19.551020 6.771868 38.000000 48.658157 21.224490 8.628090 46.000000 48.658157
19.469388 6.605534 38.000000 85.425085 20.224490 7.124129 35.000000 85.425085
18.571429 5.125236 33.000000 32.291412 20.673469 7.665394 36.000000 32.291412
21.387755 7.619336 40.000000 49.326754 21.387755 7.947810 36.000000 49.326754
22.000000 8.266190 40.000000 67.050219 21.673469 8.437491 44.000000 67.050219
22.163265 8.495838 42.000000 57.202834 21.326531 7.769588 39.000000 57.202834
21.714286 7.751289 41.000000 66.083912 22.224490 9.144353 44.000000 66.083912
22.897959 9.286383 48.000000 42.580978 22.571429 9.643116 44.000000 42.580978
22.612245 8.752770 40.000000 27.474675 21.959184 8.858473 44.000000 27.474675
23.448980 10.087373 48.000000 33.874511 22.285714 9.097411 45.000000 33.874511
22.959184 9.199864 47.000000 123.014326 22.326531 9.190734 43.000000 123.014326
23.489796 10.166901 52.000000 69.756517 22.244898 9.155091 44.000000 69.756517
23.469388 9.989896 46.000000 96.329390 22.714286 10.197028 54.000000 96.329390
22.938776 9.139036 42.000000 59.403560 21.265306 7.594831 39.000000 59.403560
22.489796 8.492865 41.000000 56.218297 22.163265 9.002513 44.000000 56.218297
23.285714 10.113786 54.000000 26.018590 23.795918 11.304555 50.000000 26.018590
23.020408 9.475938 46.000000 64.125270 23.612245 11.086011 54.000000 64.125270
22.938776 9.317776 46.000000 33.415406 22.612245 9.373831 43.000000 33.415406
22.040816 7.825307 41.000000 56.945186 23.061224 10.048148 44.000000 56.945186
21.102041 7.302718 40.000000 29.358024 20.775510 7.717340 36.000000 29.358024
21.714286 7.997422 40.000000 37.191927 21.061224 8.242230 44.000000 37.191927
21.877551 8.240290 42.000000 85.762021 20.714286 7.528639 39.000000 85.762021
21.428571 7.452945 41.000000 28.205787 21.612245 9.002443 44.000000 28.205787
20.816327 6.918296 40.000000 344.654182 20.163265 7.345233 36.000000 344.654182
20.530612 6.453967 32.000000 292.978787 19.551020 6.808307 36.000000 292.978787
21.367347 7.536014 40.000000 30.308713 19.877551 6.852293 37.000000 30.308713
20.877551 6.747684 39.000000 314.546919 19.918367 6.942583 35.000000 314.546919
22.755102 9.341252 50.000000 234.619729 21.183673 8.423515 42.000000 234.619729
22.734694 9.151138 44.000000 69.349139 21.653061 9.498890 52.000000 69.349139
22.204082 8.296017 40.000000 945.561396 20.204082 6.832245 37.000000 945.561396
21.755102 7.653665 39.000000 33.847497 21.102041 8.266801 42.000000 33.847497
22.285714 8.870198 50.000000 28.062644 21.653061 9.336882 46.000000 28.062644
21.571429 7.492952 38.000000 27.889869 21.020408 8.297285 46.000000 27.889869
21.938776 8.081819 42.000000 39.854283 20.469388 7.189919 39.000000 39.854283
21.224490 6.961648 39.000000 22.859670 20.285714 7.002209 34.000000 22.859670
24.142857 10.537121 50.000000 42.335564 22.489796 9.427143 42.000000 42.335564
24.775510 11.423010 50.000000 264.189702 23.204082 10.763588 54.000000 264.189702
24.081633 10.276260 49.000000 35.150283 22.816327 9.908184 49.000000 35.150283
24.265306 10.515135 49.000000 41.739332 23.530612 11.276473 52.000000 41.739332
24.816327 11.475969 56.000000 563.808173 24.061224 12.102497 52.000000 563.808173
24.102041 10.205608 44.000000 126.535950 23.428571 11.115142 52.000000 126.535950
25.142857 11.969032 54.000000 31.479599 23.551020 11.124527 51.000000 31.479599
24.428571 10.663552 51.000000 36.188556 23.367347 10.852704 51.000000 36.188556
23.591837 9.759834 50.000000 172.869529 21.510204 8.316230 42.000000 172.869529
23.571429 9.579833 44.000000 37.968437 21.979592 9.387401 52.000000 37.968437
23.040816 8.817647 40.000000 116.331297 20.530612 6.747591 37.000000 116.331297
22.591837 8.262244 39.000000 269.846333 21.428571 8.160756 42.000000 269.846333
23.377551 9.734110 52.000000 34.646322 23.061224 10.448515 48.000000 34.646322
23.112245 9.131212 44.000000 55.392875 22.877551 10.234634 52.000000 55.392875
23.030612 8.986191 44.000000 45.083592 21.877551 8.501383 41.000000 45.083592
22.132653 7.678646 39.000000 35.316896 22.326531 9.177264 42.000000 35.316896
23.693878 10.245852 50.000000 161.535737 23.387755 10.796747 46.000000 161.535737
24.306122 11.170108 50.000000 163.273337 23.673469 11.367140 54.000000 163.273337
24.469388 11.452460 52.000000 68.310906 23.326531 10.619740 49.000000 68.310906
24.020408 10.586881 51.000000 30.170840 24.224490 12.269761 54.000000 30.170840
22.979592 9.269148 50.000000 83.912359 22.755102 10.086289 46.000000 83.912359
22.265306 8.023870 38.000000 92.024077 22.122449 9.209212 46.000000 92.024077
23.306122 9.732937 48.000000 1515.984824 22.244898 9.157343 45.000000 1515.984824
22.591837 8.437565 45.000000 81.551071 22.061224 8.923289 45.000000 81.551071
23.551020 10.022781 52.000000 37.918609 22.000000 8.948881 44.000000 37.918609
23.530612 9.843313 46.000000 29.176383 22.469388 10.023893 54.000000 29.176383
23.000000 8.982228 42.000000 50.028769 21.020408 7.311874 39.000000 50.028769
22.551020 8.327228 41.000000 134.156270 21.918367 8.790428 44.000000 134.156270
22.632653 8.940107 50.000000 46.501891 22.020408 9.272484 46.000000 46.501891
21.918367 7.608559 38.000000 59.306798 21.387755 8.253250 46.000000 59.306798
22.285714 8.173379 42.000000 67.082096 20.836735 7.167645 39.000000 67.082096
21.571429 7.103070 39.000000 52.368906 20.653061 6.989096 34.000000 52.368906
21.816327 8.206544 42.000000 216.165221 21.367347 7.489357 34.000000 216.165221
22.448980 8.919020 42.000000 26.059230 22.081633 8.552655 46.000000 26.059230
21.755102 7.913269 41.000000 706.042695 21.693878 7.800883 41.000000 706.042695
21.938776 8.092018 41.000000 194.777499 22.408163 8.939472 44.000000 194.777499
23.367347 10.008643 50.000000 187.023053 23.408163 10.182699 46.000000 187.023053
23.081633 9.469074 42.000000 38.318371 22.795918 9.366489 46.000000 38.318371
23.918367 10.834913 50.000000 63.308027 23.122449 9.632703 47.000000 63.308027
23.428571 9.937952 49.000000 35.980348 23.163265 9.725823 45.000000 35.980348
22.428571 8.871360 48.000000 37.594688 22.367347 8.559540 40.000000 37.594688
23.061224 9.888884 48.000000 28.228682 23.081633 9.876217 52.000000 28.228682
21.693878 7.616326 40.000000 70.932947 22.020408 8.046232 41.000000 70.932947
21.877551 7.803337 41.000000 141.263144 22.734694 9.128579 44.000000 141.263144
23.306122 10.214613 54.000000 95.805682 24.183673 11.211506 50.000000 95.805682
23.040816 9.584049 46.000000 31.885018 24.000000 10.997657 54.000000 31.885018
22.959184 9.427880 46.000000 54.187057 23.000000 9.311339 43.000000 54.187057
22.061224 7.958418 41.000000 81.976292 23.448980 9.972253 44.000000 81.976292
24.285714 10.827609 50.000000 46.708971 24.734694 11.313299 46.000000 46.708971
24.897959 11.674706 50.000000 33.555239 25.020408 11.826041 54.000000 33.555239
25.061224 11.936962 52.000000 28.044652 24.673469 11.151973 49.000000 28.044652
24.612245 11.133337 51.000000 32.514889 25.571429 12.636879 54.000000 32.514889
24.000000 10.384366 50.000000 61.388830 24.122449 10.719734 46.000000 61.388830
23.714286 9.883862 42.000000 42.703694 23.510204 9.992002 46.000000 42.703694
24.551020 11.151369 50.000000 42.314853 23.836735 10.218937 47.000000 42.314853
24.061224 10.312455 49.000000 51.373128 23.877551 10.303903 45.000000 51.373128
25.938776 13.188418 60.000000 29.659167 25.142857 12.015454 52.000000 29.659167
25.918367 13.043680 54.000000 203.582028 25.612245 13.014372 62.000000 203.582028
25.387755 12.161824 50.000000 36.395108 24.163265 10.398943 47.000000 36.395108
24.938776 11.466506 49.000000 315.222090 25.061224 11.864194 52.000000 315.222090
25.469388 12.605190 60.000000 63.503066 25.612245 12.896601 56.000000 63.503066
24.755102 11.247965 48.000000 27.925529 24.979592 11.843463 56.000000 27.925529
25.122449 11.863715 52.000000 156.709876 24.428571 10.788501 49.000000 156.709876
24.408163 10.679817 49.000000 24.696100 24.244898 10.558684 44.000000 24.696100
21.081633 7.590924 42.000000 60.660835 21.020408 7.243881 34.000000 60.660835
21.714286 8.412068 42.000000 33.740499 21.734694 8.368511 46.000000 33.740499
21.020408 7.266616 41.000000 365.716917 21.346939 7.580635 41.000000 365.716917
21.204082 7.479124 41.000000 25.274066 22.061224 8.776511 44.000000 25.274066
22.632653 9.630694 50.000000 42.284528 23.061224 10.074789 46.000000 42.284528
22.346939 9.045249 42.000000 33.630598 22.448980 9.225829 46.000000 33.630598
23.183673 10.525714 50.000000 60.656733 22.775510 9.508033 47.000000 60.656733
22.693878 9.561961 49.000000 66.070366 22.816327 9.603851 45.000000 66.070366
20.346939 6.732139 42.000000 37.269401 20.673469 6.921914 34.000000 37.269401
20.979592 7.707246 42.000000 27.240437 21.387755 8.122303 46.000000 27.240437
19.612245 5.517793 30.000000 36.419418 20.326531 6.512123 35.000000 36.419418
19.795918 5.645834 35.000000 38.366948 21.040816 7.401474 38.000000 38.366948
21.224490 8.000684 48.000000 622.192212 22.489796 9.194625 44.000000 622.192212
20.959184 7.323058 40.000000 38.715285 22.306122 9.021633 48.000000 38.715285
20.877551 7.162712 40.000000 32.743088 21.306122 7.472849 37.000000 32.743088
19.979592 5.732849 35.000000 256.816825 21.755102 8.042492 38.000000 256.816825
22.653061 9.441193 48.000000 2708.541325 23.938776 10.350374 44.000000 2708.541325
23.265306 10.379948 48.000000 83.859884 24.224490 10.876562 52.000000 83.859884
23.428571 10.668385 50.000000 69.690720 23.877551 10.181108 47.000000 69.690720
22.979592 9.777925 49.000000 32.822364 24.775510 11.695916 52.000000 32.822364
22.836735 9.742768 52.000000 76.987775 24.204082 10.946881 48.000000 76.987775
22.122449 8.384159 40.000000 46.771752 23.571429 10.109707 48.000000 46.771752
23.163265 10.254186 50.000000 32.801474 23.693878 10.069253 47.000000 32.801474
22.448980 8.861038 47.000000 31.502841 23.510204 9.846497 47.000000 31.502841
22.510204 9.213666 50.000000 345.103642 22.540816 8.805069 42.000000 345.103642
22.489796 9.020303 44.000000 66.289118 23.010204 9.773196 52.000000 66.289118
21.959184 8.135348 40.000000 40.403992 21.561224 7.479272 37.000000 40.403992
21.510204 7.464341 39.000000 607.260551 22.459184 8.668189 42.000000 607.260551
21.408163 8.006230 48.000000 40.003182 23.204082 9.534483 44.000000 40.003182
21.142857 7.335832 40.000000 68.151378 23.020408 9.381908 48.000000 68.151378
21.061224 7.177882 40.000000 91.607866 22.020408 7.994817 37.000000 91.607866
20.163265 5.780689 35.000000 53.357882 22.469388 8.491602 38.000000 53.357882
25.877551 11.322148 50.000000 185.126807 25.673469 11.754162 46.000000 185.126807
26.489796 12.053356 50.000000 285.502414 25.959184 12.226318 54.000000 285.502414
26.653061 12.286194 52.000000 232.884381 25.612245 11.603974 49.000000 232.884381
26.204082 11.569565 51.000000 24.501214 26.510204 12.972012 54.000000 24.501214
27.387755 13.160103 58.000000 35.863530 26.857143 13.477740 54.000000 35.863530
27.102041 12.664171 50.000000 36.270424 26.244898 12.651605 54.000000 36.270424
27.938776 13.958566 58.000000 89.945673 26.571429 12.966253 55.000000 89.945673
27.448980 13.125188 57.000000 210.244350 26.612245 13.049970 53.000000 210.244350
27.979592 14.032348 62.000000 240.630767 26.530612 12.988658 54.000000 240.630767
27.959184 13.896464 56.000000 94.277699 27.000000 13.938747 64.000000 94.277699
27.428571 13.073937 52.000000 51.776715 25.551020 11.456887 49.000000 51.776715
26.979592 12.431237 51.000000 29.679958 26.448980 12.844930 54.000000 29.679958
27.775510 13.912488 64.000000 61.629469 28.081633 15.185230 60.000000 61.629469
27.510204 13.345716 56.000000 41.592974 27.897959 14.952495 64.000000 41.592974
27.428571 13.199500 56.000000 39.266604 26.897959 13.304127 53.000000 39.266604
26.530612 11.774692 51.000000 461.649284 27.346939 13.974278 54.000000 461.649284
25.163265 10.664223 50.000000 41.879910 25.040816 11.292656 46.000000 41.879910
25.775510 11.476134 50.000000 33.447508 25.326531 11.798808 54.000000 33.447508
25.938776 11.730493 52.000000 179.563411 24.979592 11.132732 49.000000 179.563411
25.489796 10.948092 51.000000 65.303531 25.877551 12.597877 54.000000 65.303531
24.448980 9.837989 50.000000 50.076575 24.408163 10.714512 46.000000 50.076575
23.734694 8.796146 38.000000 46.952501 23.775510 9.999516 46.000000 46.952501
24.775510 10.228856 48.000000 66.514331 23.897959 9.931196 45.000000 66.514331
24.061224 9.122100 45.000000 48.702123 23.714286 9.747323 45.000000 48.702123
26.367347 12.284755 58.000000 158.866643 25.000000 11.381845 50.000000 158.866643
26.346939 12.133367 52.000000 66.867003 25.469388 12.360733 60.000000 66.867003
25.816327 11.295786 48.000000 376.675984 24.020408 9.848313 45.000000 376.675984
25.367347 10.647479 47.000000 38.983127 24.918367 11.235688 50.000000 38.983127
25.448980 11.156915 56.000000 240.232412 25.020408 11.643307 52.000000 240.232412
24.734694 9.891735 44.000000 161.952678 24.387755 10.670928 52.000000 161.952678
25.102041 10.446219 48.000000 26.345427 23.836735 9.684395 45.000000 26.345427
24.387755 9.390314 45.000000 59.213814 23.653061 9.494548 44.000000 59.213814
25.938776 11.434995 52.000000 42.493195 24.081633 10.207813 44.000000 42.493195
26.571429 12.266794 52.000000 1292.427111 24.795918 11.479214 56.000000 1292.427111
25.877551 11.193947 51.000000 92.075001 24.408163 10.666294 51.000000 92.075001
26.061224 11.416949 51.000000 278.494244 25.122449 11.972705 54.000000 278.494244
26.612245 12.316808 58.000000 49.955925 25.653061 12.770861 54.000000 49.955925
25.897959 11.129500 46.000000 34.295782 25.020408 11.817320 54.000000 34.295782
26.938776 12.782733 56.000000 53.639148 25.142857 11.830417 53.000000 53.639148
26.224490 11.556701 53.000000 30.916878 24.959184 11.568637 53.000000 30.916878
25.387755 10.712391 52.000000 1130.885323 23.102041 9.147688 44.000000 1130.885323
25.367347 10.548257 46.000000 25.877936 23.571429 10.150415 54.000000 25.877936
24.836735 9.850107 42.000000 596.233846 22.122449 7.696920 39.000000 596.233846
24.387755 9.346296 41.000000 3303.468833 23.020408 9.002840 44.000000 3303.468833
25.173469 10.684824 54.000000 72.645603 24.653061 11.179051 50.000000 72.645603
24.908163 10.133223 46.000000 26.921313 24.469388 10.972509 54.000000 26.921313
24.826531 10.001057 46.000000 42.343511 23.469388 9.332577 43.000000 42.343511
23.928571 8.823878 41.000000 48.572336 23.918367 9.970755 44.000000 48.572336
24.816327 10.486463 50.000000 73.470476 24.306122 10.800351 46.000000 73.470476
25.428571 11.330099 50.000000 761.405458 24.591837 11.347225 54.000000 761.405458
25.591837 11.592600 52.000000 56.893580 24.244898 10.628750 49.000000 56.893580
25.142857 10.785634 51.000000 23.696904 25.142857 12.209511 54.000000 23.696904
24.102041 9.619021 50.000000 580.197198 23.673469 10.148156 46.000000 580.197198
23.387755 8.521208 38.000000 236.568298 23.040816 9.339991 46.000000 236.568298
24.428571 10.029852 48.000000 37.957518 23.163265 9.276613 45.000000 37.957518
23.714286 8.870198 45.000000 345.539611 22.979592 9.064465 45.000000 345.539611
24.673469 10.284385 52.000000 21.639745 22.918367 9.095908 44.000000 21.639745
24.653061 10.111851 46.000000 65.743212 23.387755 10.112392 54.000000 65.743212
24.122449 9.340374 42.000000 2164.138674 21.938776 7.611462 39.000000 2164.138674
23.673469 8.770588 41.000000 22.833796 22.836735 8.948529 44.000000 22.833796
23.755102 9.344563 50.000000 121.525214 22.938776 9.412447 46.000000 121.525214
23.040816 8.179580 38.000000 110.060764 22.306122 8.479701 46.000000 110.060764
23.408163 8.659464 42.000000 110.856753 21.755102 7.495787 39.000000 110.856753
22.693878 7.762463 39.000000 108.953062 21.571429 7.348469 34.000000 108.953062
17.061224 5.705516 32.000000 409.568354 17.061224 5.960032 28.000000 409.568354
17.673469 6.187409 32.000000 40.387722 17.346939 6.436209 36.000000 40.387722
17.836735 6.396993 34.000000 19.298748 17.000000 5.759797 31.000000 19.298748
17.387755 5.670747 33.000000 27.663922 17.897959 7.054267 36.000000 27.663922
18.571429 7.037455 40.000000 26.313963 18.244898 7.520503 36.000000 26.313963
18.285714 6.482331 32.000000 64.075338 17.632653 6.825344 36.000000 64.075338
19.122449 7.807299 40.000000 25.830847 17.959184 6.960742 37.000000 25.830847
18.632653 6.889986 39.000000 24.382852 18.000000 7.060855 35.000000 24.382852
19.163265 7.890610 44.000000 34.826548 17.918367 7.057457 36.000000 34.826548
19.142857 7.671073 38.000000 25.159296 18.387755 8.153973 46.000000 25.159296
18.612245 6.819669 34.000000 22.322994 16.938776 5.562793 31.000000 22.322994
18.163265 6.200588 33.000000 95.396379 17.836735 6.902403 36.000000 95.396379
18.959184 7.918292 46.000000 63.782879 19.469388 9.070405 42.000000 63.782879
18.693878 7.223113 38.000000 71.922890 19.285714 8.873684 46.000000 71.922890
18.612245 7.057397 38.000000 27.992140 18.285714 7.150806 35.000000 27.992140
17.714286 5.557571 33.000000 30.563825 18.734694 7.803714 36.000000 30.563825
19.469388 7.571248 40.000000 72.843083 19.142857 8.261200 36.000000 72.843083
20.081633 8.364966 40.000000 11605.867581 19.428571 8.807214 44.000000 11605.867581
20.244898 8.628724 42.000000 67.459281 19.081633 8.072702 39.000000 67.459281
19.795918 7.785738 41.000000 37.279243 19.979592 9.617402 44.000000 37.279243
19.183673 7.135431 40.000000 47.091370 18.530612 7.786062 36.000000 47.091370
18.897959 6.615336 32.000000 26.365660 17.918367 7.141679 36.000000 26.365660
19.734694 7.852442 40.000000 39.526378 18.244898 7.258214 37.000000 39.526378
19.244898 6.984609 39.000000 33.366409 18.285714 7.352677 35.000000 33.366409
21.122449 9.833946 50.000000 40.550013 19.551020 8.999568 42.000000 40.550013
21.102041 9.650052 44.000000 67.509526 20.020408 10.090293 52.000000 67.509526
20.571429 8.743775 40.000000 145.330248 18.571429 7.313312 37.000000 145.330248
20.122449 8.045317 39.000000 32.773073 19.469388 8.837833 42.000000 32.773073
20.653061 9.304806 50.000000 56.200031 20.020408 9.937931 46.000000 56.200031
19.938776 7.854103 38.000000 159.121612 19.387755 8.851155 46.000000 159.121612
20.306122 8.489421 42.000000 54.271104 18.836735 7.705526 39.000000 54.271104
19.591837 7.270668 39.000000 103.308889 18.653061 7.490340 34.000000 103.308889
20.489796 8.795787 44.000000 94.203056 18.836735 7.929709 36.000000 94.203056
21.122449 9.686067 44.000000 367.945819 19.551020 9.299288 48.000000 367.945819
20.428571 8.498635 43.000000 42.056060 19.163265 8.404336 43.000000 42.056060
20.612245 8.736265 43.000000 30.347683 19.877551 9.809805 46.000000 30.347683
21.163265 9.738534 50.000000 26.192967 20.408163 10.631442 46.000000 26.192967
20.448980 8.407314 38.000000 24.735233 19.775510 9.649027 46.000000 24.735233
21.489796 10.239649 48.000000 757.726282 19.897959 9.629733 45.000000 757.726282
20.775510 8.870815 45.000000 50.715475 19.714286 9.361029 45.000000 50.715475
19.938776 8.012640 44.000000 106.057095 17.857143 6.914798 36.000000 106.057095
19.918367 7.798590 38.000000 111.256197 18.326531 8.034430 46.000000 111.256197
19.387755 7.022251 34.000000 53.834028 16.877551 5.369377 31.000000 53.834028
18.938776 6.477266 33.000000 23.933570 17.775510 6.755724 36.000000 23.933570
19.724490 8.044696 46.000000 45.390748 19.408163 8.970555 42.000000 45.390748
19.459184 7.389277 38.000000 29.444422 19.224490 8.770300 46.000000 29.444422
19.377551 7.236100 38.000000 320.261887 18.224490 7.013287 35.000000 320.261887
18.479592 5.901650 33.000000 35.549101 18.673469 7.681516 36.000000 35.549101
20.530612 9.223685 46.000000 47.289722 21.040816 10.325545 42.000000 47.289722
21.142857 10.189949 46.000000 25.301118 21.326531 10.876794 50.000000 25.301118
21.306122 10.485541 48.000000 30.946222 20.979592 10.150394 45.000000 30.946222
20.857143 9.572297 47.000000 60.290751 21.877551 11.738794 50.000000 60.290751
20.714286 9.534528 50.000000 28.678030 21.306122 10.945421 46.000000 28.678030
20.000000 8.130381 38.000000 30.378924 20.673469 10.051184 46.000000 30.378924
21.040816 10.060557 48.000000 60.505813 20.795918 10.021584 45.000000 60.505813
20.326531 8.625992 45.000000 34.849105 20.612245 9.780722 45.000000 34.849105
20.387755 8.988690 48.000000 28.522889 19.642857 8.630144 40.000000 28.522889
20.367347 8.790093 42.000000 196.903875 20.112245 9.660081 50.000000 196.903875
19.836735 7.870988 38.000000 60.015306 18.663265 7.149283 35.000000 60.015306
19.387755 7.167557 37.000000 30.821547 19.561224 8.481716 40.000000 30.821547
19.285714 7.728645 46.000000 40.863479 20.306122 9.437159 42.000000 40.863479
19.020408 7.027163 38.000000 57.403819 20.122449 9.265016 46.000000 57.403819
18.938776 6.860640 38.000000 71.333552 19.122449 7.740995 35.000000 71.333552
18.040816 5.361025 33.000000 45.493056 19.571429 8.302279 36.000000 45.493056
16.530612 5.686309 32.000000 101.404053 15.959184 5.951554 28.000000 101.404053
17.142857 6.222672 32.000000 31.034972 16.244898 6.477656 36.000000 31.034972
17.306122 6.444702 34.000000 116.991109 15.897959 5.739158 31.000000 116.991109
16.857143 5.682311 33.000000 112.637673 16.795918 7.178087 36.000000 112.637673
18.040816 7.136256 40.000000 44.353197 17.142857 7.687183 36.000000 44.353197
17.755102 6.566176 32.000000 24.930356 16.530612 6.910628 36.000000 24.930356
18.591837 7.933794 40.000000 46.647658 16.857143 7.095810 37.000000 46.647658
18.102041 6.995565 39.000000 61.113438 16.897959 7.200358 35.000000 61.113438
18.632653 8.018519 44.000000 53.631068 16.816327 7.184386 36.000000 53.631068
18.612245 7.801180 38.000000 67.806598 17.285714 8.327077 46.000000 67.806598
18.081633 6.924740 34.000000 45.584533 15.836735 5.529106 31.000000 45.584533
17.632653 6.277743 33.000000 26.678777 16.734694 7.019195 36.000000 26.678777
18.428571 8.032152 46.000000 33.903301 18.367347 9.355948 42.000000 33.903301
18.163265 7.328371 38.000000 27.291048 18.183673 9.143018 46.000000 27.291048
18.081633 7.158980 38.000000 45.985835 17.183673 7.332103 35.000000 45.985835
17.183673 5.600712 33.000000 42.793303 17.632653 8.032650 36.000000 42.793303
16.244898 5.424384 32.000000 47.154128 15.346939 5.915386 28.000000 47.154128
16.857143 6.013730 32.000000 97.824948 15.632653 6.471807 36.000000 97.824948
17.020408 6.250739 34.000000 26.072368 15.285714 5.694997 31.000000 26.072368
16.571429 5.437556 33.000000 23.355129 16.183673 7.220171 36.000000 23.355129
15.959184 5.076565 32.000000 66.167450 14.734694 5.706843 28.000000 66.167450
15.673469 4.623507 24.000000 8.397453 14.122449 5.305639 28.000000 8.397453
16.510204 5.585779 32.000000 26.816145 14.448980 5.201353 29.000000 26.816145
16.020408 4.801159 31.000000 191.228826 14.489796 5.299766 27.000000 191.228826
17.897959 7.270176 42.000000 38.144183 15.755102 6.653518 34.000000 38.144183
17.877551 7.033448 36.000000 52.266851 16.224490 7.816887 44.000000 52.266851
17.346939 6.157892 32.000000 18.185478 14.775510 5.008304 29.000000 18.185478
16.897959 5.524994 31.000000 22.564993 15.673469 6.486744 34.000000 22.564993
17.428571 6.874426 42.000000 22.882448 16.224490 7.619198 38.000000 22.882448
16.714286 5.409042 30.000000 48.770513 15.591837 6.557968 38.000000 48.770513
17.081633 6.008025 34.000000 24.390448 15.040816 5.359101 31.000000 24.390448
16.367347 4.876596 31.000000 187.134612 14.857143 5.197144 26.000000 187.134612
19.285714 8.234952 42.000000 54.470518 17.061224 7.443002 34.000000 54.470518
19.918367 9.124199 42.000000 23.538662 17.775510 8.869652 46.000000 23.538662
19.224490 7.922994 41.000000 45.971559 17.387755 7.937426 41.000000 45.971559
19.408163 8.159286 41.000000 27.005487 18.102041 9.395645 44.000000 27.005487
19.959184 9.176301 48.000000 42.524435 18.632653 10.238786 44.000000 42.524435
19.244898 7.822860 36.000000 175.656788 18.000000 9.230161 44.000000 175.656788
20.285714 9.679397 46.000000 70.647830 18.122449 9.206973 43.000000 70.647830
19.571429 8.287365 43.000000 30.156139 17.938776 8.930218 43.000000 30.156139
18.734694 7.452324 42.000000 23.971728 16.081633 6.385669 34.000000 23.971728
18.714286 7.223958 36.000000 29.242063 16.551020 7.569775 44.000000 29.242063
18.183673 6.444604 32.000000 19.046983 15.102041 4.715602 29.000000 19.046983
17.734694 5.907449 31.000000 30.672793 16.000000 6.216042 34.000000 30.672793
18.520408 7.509759 44.000000 30.016340 17.632653 8.528168 40.000000 30.016340
18.255102 6.834285 36.000000 76.954931 17.448980 8.322275 44.000000 76.954931
18.173469 6.678208 36.000000 36.493667 16.448980 6.479345 33.000000 36.493667
17.275510 5.339564 31.000000 27.725418 16.897959 7.183156 34.000000 27.725418
18.836735 8.038174 42.000000 51.006824 17.959184 8.856145 38.000000 51.006824
19.448980 8.973182 42.000000 25.733318 18.244898 9.465141 46.000000 25.733318
19.612245 9.266537 44.000000 25.923190 17.897959 8.657861 41.000000 25.923190
19.163265 8.345249 43.000000 24.681758 18.795918 10.395240 46.000000 24.681758
18.122449 7.077284 42.000000 37.454714 17.326531 8.178140 38.000000 37.454714
17.408163 5.752340 30.000000 23.862158 16.693878 7.296953 38.000000 23.862158
18.448980 7.538386 40.000000 25.065775 16.816327 7.187255 37.000000 25.065775
17.734694 6.150268 37.000000 30.569470 16.632653 6.955511 37.000000 30.569470
18.693878 7.810128 44.000000 24.607372 16.571429 7.011037 36.000000 24.607372
18.673469 7.586988 38.000000 35.019802 17.040816 8.192174 46.000000 35.019802
18.142857 6.687425 34.000000 59.849383 15.591837 5.255997 31.000000 59.849383
17.693878 6.019570 33.000000 43.822729 16.489796 6.838709 36.000000 43.822729
17.775510 6.804381 42.000000 40.857410 16.591837 7.412495 38.000000 40.857410
17.061224 5.366595 30.000000 27.504947 15.959184 6.353696 38.000000 27.504947
17.428571 5.948230 34.000000 42.961318 15.408163 5.146987 31.000000 42.961318
16.714286 4.854587 31.000000 24.461190 15.224490 4.991809 26.000000 24.461190
21.285714 8.561482 42.000000 24.582151 20.265306 8.234390 34.000000 24.582151
21.918367 9.283256 42.000000 26.793486 20.979592 9.298021 46.000000 26.793486
21.224490 8.276822 41.000000 25.768616 20.591837 8.561285 41.000000 25.768616
21.408163 8.459530 41.000000 55.454143 21.306122 9.692603 44.000000 55.454143
22.836735 10.382076 50.000000 34.696532 22.306122 10.952012 46.000000 34.696532
22.551020 9.847416 42.000000 48.112573 21.693878 10.130497 46.000000 48.112573
23.387755 11.207171 50.000000 42.369912 22.020408 10.412106 47.000000 42.369912
22.897959 10.317126 49.000000 44.619410 22.061224 10.502642 45.000000 44.619410
21.897959 9.236291 48.000000 55.720210 21.265306 9.338482 40.000000 55.720210
22.530612 10.250677 48.000000 517.739420 21.979592 10.633520 52.000000 517.739420
21.163265 7.989289 40.000000 24.303208 20.918367 8.826709 41.000000 24.303208
21.346939 8.179812 41.000000 25.322298 21.632653 9.904063 44.000000 25.322298
22.775510 10.577676 54.000000 39.472289 23.081633 11.986826 50.000000 39.472289
22.510204 9.955825 46.000000 65.569372 22.897959 11.769688 54.000000 65.569372
22.428571 9.801115 46.000000 90.675867 21.897959 10.102046 43.000000 90.675867
21.530612 8.339700 41.000000 56.058983 22.346939 10.760851 44.000000 56.058983
23.755102 11.217679 50.000000 301.299243 23.632653 12.132760 46.000000 301.299243
24.367347 12.064592 50.000000 29.337718 23.918367 12.637429 54.000000 29.337718
24.530612 12.325653 52.000000 62.883313 23.571429 11.976782 49.000000 62.883313
24.081633 11.528247 51.000000 41.634945 24.469388 13.444965 54.000000 41.634945
23.469388 10.776266 50.000000 31.645383 23.020408 11.522260 46.000000 31.645383
23.183673 10.279944 42.000000 28.804101 22.408163 10.785478 46.000000 28.804101
24.020408 11.542820 50.000000 43.657580 22.734694 11.029063 47.000000 43.657580
23.530612 10.710053 49.000000 30.424741 22.775510 11.111924 45.000000 30.424741
25.408163 13.575931 60.000000 102.009044 24.040816 12.825489 52.000000 102.009044
25.387755 13.434555 54.000000 214.200139 24.510204 13.803664 62.000000 214.200139
24.857143 12.557497 50.000000 25.962538 23.061224 11.228477 47.000000 25.962538
24.408163 11.865081 49.000000 203.907857 23.959184 12.676725 52.000000 203.907857
24.938776 12.990731 60.000000 89.179531 24.510204 13.692684 56.000000 89.179531
24.224490 11.645565 48.000000 28.122070 23.877551 12.650142 56.000000 28.122070
24.591837 12.257408 52.000000 45.420264 23.326531 11.615645 49.000000 45.420264
23.877551 11.081019 49.000000 72.392006 23.142857 11.384562 44.000000 72.392006
20.551020 7.923764 42.000000 147.080957 19.918367 7.963413 34.000000 147.080957
21.183673 8.752433 42.000000 21.049669 20.632653 9.086512 46.000000 21.049669
20.489796 7.609334 41.000000 854.417825 20.244898 8.314763 41.000000 854.417825
20.673469 7.825119 41.000000 73.243982 20.959184 9.501946 44.000000 73.243982
22.102041 9.978833 50.000000 36.146871 21.959184 10.816099 46.000000 36.146871
21.816327 9.398779 42.000000 92.670560 21.346939 9.961888 46.000000 92.670560
22.653061 10.872364 50.000000 177.481502 21.673469 10.259294 47.000000 177.481502
22.163265 9.915825 49.000000 29.336427 21.714286 10.352548 45.000000 29.336427
19.816327 7.049672 42.000000 51.289339 19.571429 7.621186 34.000000 51.289339
20.448980 8.028458 42.000000 417.137284 20.285714 8.816573 46.000000 417.137284
19.081633 5.833910 30.000000 50.335110 19.224490 7.197552 35.000000 50.335110
19.265306 5.971670 35.000000 52.075599 19.938776 8.109834 38.000000 52.075599
20.693878 8.326344 48.000000 32.087531 21.387755 9.937571 44.000000 32.087531
20.428571 7.658968 40.000000 25.362857 21.204082 9.756794 48.000000 25.362857
20.346939 7.499968 40.000000 37.430197 20.204082 8.211080 37.000000 37.430197
19.448980 6.070246 35.000000 19.589801 20.653061 8.789757 38.000000 19.589801
22.122449 9.797186 48.000000 69.611668 22.836735 11.161138 44.000000 69.611668
22.734694 10.735384 48.000000 31.733924 23.122449 11.678039 52.000000 31.733924
22.897959 11.022460 50.000000 36.350124 22.775510 10.998154 47.000000 36.350124
22.448980 10.139361 49.000000 27.034309 23.673469 12.493937 52.000000 27.034309
22.306122 10.097880 52.000000 32.051624 23.102041 11.741625 48.000000 32.051624
21.591837 8.750654 40.000000 28.941170 22.469388 10.900869 48.000000 28.941170
22.632653 10.608679 50.000000 39.637980 22.591837 10.875904 47.000000 39.637980
21.918367 9.227562 47.000000 108.041736 22.408163 10.650818 47.000000 108.041736
21.979592 9.570121 50.000000 128.141713 21.438776 9.584208 42.000000 128.141713
21.959184 9.382940 44.000000 42.067472 21.908163 10.530355 52.000000 42.067472
21.428571 8.502274 40.000000 258.129943 20.459184 8.251421 37.000000 258.129943
20.979592 7.831972 39.000000 50.292631 21.357143 9.448995 42.000000 50.292631
20.877551 8.343484 48.000000 27.221696 22.102041 10.330108 44.000000 27.221696
20.612245 7.684008 40.000000 138.272449 21.918367 10.169363 48.000000 138.272449
20.530612 7.527550 40.000000 172.089563 20.918367 8.779866 37.000000 172.089563
19.632653 6.131527 35.000000 109.678346 21.367347 9.288489 38.000000 109.678346
21.020408 8.599904 42.000000 24.351378 20.244898 9.388588 38.000000 24.351378
21.632653 9.336093 42.000000 32.732716 20.530612 9.898666 46.000000 32.732716
21.795918 9.580865 44.000000 28.335332 20.183673 9.217137 41.000000 28.335332
21.346939 8.806162 43.000000 53.860535 21.081633 10.672900 46.000000 53.860535
22.530612 10.457774 50.000000 91.062250 21.428571 11.201988 46.000000 91.062250
22.244898 9.918286 42.000000 59.973368 20.816327 10.347914 46.000000 59.973368
23.081633 11.292433 50.000000 39.892215 21.142857 10.650976 47.000000 39.892215
22.591837 10.395119 49.000000 40.811112 21.183673 10.742868 45.000000 40.811112
23.122449 11.372118 54.000000 1965.273459 21.102041 10.688166 46.000000 1965.273459
23.102041 11.209799 48.000000 51.175191 21.571429 11.720983 56.000000 51.175191
22.571429 10.336603 44.000000 66.531120 20.122449 9.048854 41.000000 66.531120
22.122449 9.659422 43.000000 253.719531 21.020408 10.533187 46.000000 253.719531
22.918367 11.281472 56.000000 52.174080 22.653061 12.963948 52.000000 52.174080
22.653061 10.653979 48.000000 42.705198 22.469388 12.728087 56.000000 42.705198
22.571429 10.494967 48.000000 34.697703 21.469388 10.982840 45.000000 34.697703
21.673469 8.958985 43.000000 46.197733 21.918367 11.686342 46.000000 46.197733
20.306122 8.001814 42.000000 27.190460 19.612245 8.988690 38.000000 27.190460
20.918367 8.838381 42.000000 179.648754 19.897959 9.539381 46.000000 179.648754
21.081633 9.109498 44.000000 28.540693 19.551020 8.805015 41.000000 28.540693
20.632653 8.251695 43.000000 34.307806 20.448980 10.374555 46.000000 34.307806
19.591837 7.185089 42.000000 28.563458 18.979592 8.447509 38.000000 28.563458
18.877551 6.061991 30.000000 21.081231 18.346939 7.735448 38.000000 21.081231
19.918367 7.575971 40.000000 67.784889 18.469388 7.605213 37.000000 67.784889
19.204082 6.365110 37.000000 33.233610 18.285714 7.428005 37.000000 33.233610
21.510204 9.673265 50.000000 56.718840 19.571429 9.112131 42.000000 56.718840
21.489796 9.487099 44.000000 58.981291 20.040816 10.189866 52.000000 58.981291
20.959184 8.587834 40.000000 69.329109 18.591837 7.454102 37.000000 69.329109
20.510204 7.897859 39.000000 26.874351 19.489796 8.952619 42.000000 26.874351
20.591837 8.541997 48.000000 92.964417 19.591837 9.431070 44.000000 92.964417
19.877551 7.132422 36.000000 411.312383 18.959184 8.398476 44.000000 411.312383
20.244898 7.734061 40.000000 29.379846 18.408163 7.301796 37.000000 29.379846
19.530612 6.588343 37.000000 24.738570 18.224490 7.115441 36.000000 24.738570
21.081633 8.725686 44.000000 89.458079 18.653061 7.902893 36.000000 89.458079
21.714286 9.583061 44.000000 38.570274 19.367347 9.290709 48.000000 38.570274
21.020408 8.430406 43.000000 89.615934 18.979592 8.386267 43.000000 89.615934
21.204082 8.657229 43.000000 63.973054 19.693878 9.807853 46.000000 63.973054
21.755102 9.633555 50.000000 29.300229 20.224490 10.638900 46.000000 29.300229
21.040816 8.336874 38.000000 403.162647 19.591837 9.645080 46.000000 403.162647
22.081633 10.120586 48.000000 25.843466 19.714286 9.628137 45.000000 25.843466
21.367347 8.781879 45.000000 832.927645 19.530612 9.355746 45.000000 832.927645
20.530612 7.977034 44.000000 75.026376 17.673469 6.857572 36.000000 75.026376
20.510204 7.763575 38.000000 21.025112 18.142857 7.996133 46.000000 21.025112
19.979592 7.028630 34.000000 37.056870 16.693878 5.261038 31.000000 37.056870
19.530612 6.525452 33.000000 25.082349 17.591837 6.694877 36.000000 25.082349
20.316327 8.025214 46.000000 29.780990 19.224490 8.958703 42.000000 29.780990
20.051020 7.389561 38.000000 26.925657 19.040816 8.754284 46.000000 26.925657
19.969388 7.243133 38.000000 101.775074 18.040816 6.966663 35.000000 101.775074
19.071429 6.000430 33.000000 28.179886 18.489796 7.649870 36.000000 28.179886
19.959184 7.903957 42.000000 23.269256 18.877551 8.587050 38.000000 23.269256
20.571429 8.774377 42.000000 37.463372 19.163265 9.185033 46.000000 37.463372
20.734694 9.053735 44.000000 50.450299 18.816327 8.389177 41.000000 50.450299
20.285714 8.170856 43.000000 58.063164 19.714286 10.090314 46.000000 58.063164
19.244898 7.040474 42.000000 28.223606 18.244898 7.960031 38.000000 28.223606
18.530612 5.847202 30.000000 30.040922 17.612245 7.134399 38.000000 30.040922
19.571429 7.454328 40.000000 24.031055 17.734694 7.005964 37.000000 24.031055
18.857143 6.179447 37.000000 25.289136 17.551020 6.793148 37.000000 25.289136
19.816327 7.693011 44.000000 62.474504 17.489796 6.858278 36.000000 62.474504
19.795918 7.469469 38.000000 361.239848 17.959184 8.007623 46.000000 361.239848
19.265306 6.644975 34.000000 40.477082 16.510204 5.227297 31.000000 40.477082
18.816327 6.057026 33.000000 55.696320 17.408163 6.693337 36.000000 55.696320
18.897959 6.823987 42.000000 26.397870 17.510204 7.265573 38.000000 26.397870
18.183673 5.539636 30.000000 60.807358 16.877551 6.275899 38.000000 60.807358
18.551020 6.036184 34.000000 21.604807 16.326531 5.150869 31.000000 21.604807
17.836735 5.122608 31.000000 26.364061 16.142857 5.029808 26.000000 26.364061
23.836735 8.146461 42.000000 82.156514 22.612245 7.391319 34.000000 82.156514
24.469388 8.716857 42.000000 82.860589 23.326531 8.360160 46.000000 82.860589
23.775510 7.866844 41.000000 82.551295 22.938776 7.653335 41.000000 82.551295
23.959184 7.999895 41.000000 88.119044 23.653061 8.708453 44.000000 88.119044
25.387755 9.636307 50.000000 178.584562 24.653061 9.853674 46.000000 178.584562
25.102041 9.138668 42.000000 117.040313 24.040816 9.092784 46.000000 117.040313
25.938776 10.384183 50.000000 45.152623 24.367347 9.322833 47.000000 45.152623
25.448980 9.549785 49.000000 140.971036 24.408163 9.413564 45.000000 140.971036
24.448980 8.672890 48.000000 105.417905 23.612245 8.324145 40.000000 105.417905
25.081633 9.577329 48.000000 61.235094 24.326531 9.579591 52.000000 61.235094
23.714286 7.584575 40.000000 98.014608 23.265306 7.851129 41.000000 98.014608
23.897959 7.723962 41.000000 112.671040 23.979592 8.856216 44.000000 112.671040
25.326531 9.862744 54.000000 71.944752 25.428571 10.823800 50.000000 71.944752
25.061224 9.266742 46.000000 69.687078 25.244898 10.623900 54.000000 69.687078
24.979592 9.123415 46.000000 119.298525 24.244898 9.007513 43.000000 119.298525
24.081633 7.832885 41.000000 29.203413 24.693878 9.630716 44.000000 29.203413
26.306122 10.304046 50.000000 26.018347 25.979592 10.865608 46.000000 26.018347
26.918367 11.078607 50.000000 31.739208 26.265306 11.366936 54.000000 31.739208
27.081633 11.325251 52.000000 60.499420 25.918367 10.704728 49.000000 60.499420
26.632653 10.561931 51.000000 40.833382 26.816327 12.151405 54.000000 40.833382
26.020408 9.896349 50.000000 28.550443 25.367347 10.321020 46.000000 28.550443
25.734694 9.431851 42.000000 27.341093 24.755102 9.643182 46.000000 27.341093
26.571429 10.592742 50.000000 36.519374 25.081633 9.836471 47.000000 36.519374
26.081633 9.808132 49.000000 28.016180 25.122449 9.919537 45.000000 28.016180
27.959184 12.494880 60.000000 60.019367 26.387755 11.550546 52.000000 60.019367
27.938776 12.345387 54.000000 254.246570 26.857143 12.539422 62.000000 254.246570
27.408163 11.504223 50.000000 46.657819 25.408163 9.982290 47.000000 46.657819
26.959184 10.851308 49.000000 108.084820 26.306122 11.402123 52.000000 108.084820
27.489796 11.958041 60.000000 35.677075 26.857143 12.417148 56.000000 35.677075
26.775510 10.655361 48.000000 43.605590 26.224490 11.389569 56.000000 43.605590
27.142857 11.236905 52.000000 74.754183 25.673469 10.355312 49.000000 74.754183
26.428571 10.123974 49.000000 28.830455 25.489796 10.138469 44.000000 28.830455
25.122449 9.288354 48.000000 29.621192 24.285714 8.816573 40.000000 29.621192
25.755102 10.095484 48.000000 53.399698 25.000000 9.961783 52.000000 53.399698
25.061224 9.011809 47.000000 38.776841 24.612245 9.193939 47.000000 38.776841
25.244898 9.223526 47.000000 58.365361 25.326531 10.394066 50.000000 58.365361
26.673469 11.293439 56.000000 83.418364 26.326531 11.748898 52.000000 83.418364
26.387755 10.746021 48.000000 476.534830 25.714286 10.875111 52.000000 476.534830
27.224490 12.155802 56.000000 30.535813 26.040816 11.196390 53.000000 30.535813
26.734694 11.245664 55.000000 33.260639 26.081633 11.287867 51.000000 33.260639
24.387755 8.429982 48.000000 70.682240 23.938776 8.441205 40.000000 70.682240
25.020408 9.362108 48.000000 113.420064 24.653061 9.657113 52.000000 113.420064
23.653061 7.299346 36.000000 68.319336 23.591837 7.989473 41.000000 68.319336
23.836735 7.445602 41.000000 72.534944 24.306122 8.952807 44.000000 72.534944
25.265306 9.655457 54.000000 38.653166 25.755102 10.859042 50.000000 38.653166
25.000000 9.043993 46.000000 26.584223 25.571429 10.665485 54.000000 26.584223
24.918367 8.896511 46.000000 39.419712 24.571429 9.092877 43.000000 39.419712
24.020408 7.560041 41.000000 72.294357 25.020408 9.695338 44.000000 72.294357
26.693878 11.135907 54.000000 48.017000 27.204082 12.186658 50.000000 48.017000
27.306122 12.043228 54.000000 50.319213 27.489796 12.698928 58.000000 50.319213
27.469388 12.318960 56.000000 173.777315 27.142857 12.029174 53.000000 173.777315
27.020408 11.479232 55.000000 69.332556 28.040816 13.520445 58.000000 69.332556
26.877551 11.424576 58.000000 60.735267 27.469388 12.754788 54.000000 60.735267
26.163265 10.152135 46.000000 52.514346 26.836735 11.897928 54.000000 52.514346
27.204082 11.918070 56.000000 906.962310 26.959184 11.892056 53.000000 906.962310
26.489796 10.610484 53.000000 30.969408 26.775510 11.660605 53.000000 30.969408
26.551020 10.917802 56.000000 71.309316 25.806122 10.544611 48.000000 71.309316
26.530612 10.751364 50.000000 40.813548 26.275510 11.479054 58.000000 40.813548
26.000000 9.915104 46.000000 77.036385 24.826531 9.175298 43.000000 77.036385
25.551020 9.277089 45.000000 41.492707 25.724490 10.408938 48.000000 41.492707
25.448980 9.697616 54.000000 79.563779 26.469388 11.323913 50.000000 79.563779
25.183673 9.094404 46.000000 42.096945 26.285714 11.150332 54.000000 42.096945
25.102041 8.949445 46.000000 44.204944 25.285714 9.731445 43.000000 44.204944
24.204082 7.644092 41.000000 39.378838 25.734694 10.265096 44.000000 39.378838
27.714286 10.995782 50.000000 85.178058 27.918367 11.501388 46.000000 85.178058
28.326531 11.650207 50.000000 89.687672 28.204082 11.929310 54.000000 89.687672
28.489796 11.865435 52.000000 87.802107 27.857143 11.360086 49.000000 87.802107
28.040816 11.196390 51.000000 104.238024 28.755102 12.593617 54.000000 104.238024
29.224490 12.660948 58.000000 38.151073 29.102041 13.053806 54.000000 38.151073
28.938776 12.188228 50.000000 25.265357 28.489796 12.312298 54.000000 25.265357
29.775510 13.412973 58.000000 42.907830 28.816327 12.576649 55.000000 42.907830
29.285714 12.615651 57.000000 31.408545 28.857143 12.655629 53.000000 31.408545
29.816327 13.484123 62.000000 56.488937 28.775510 12.607092 54.000000 56.488937
29.795918 13.345496 56.000000 33.786379 29.244898 13.505296 64.000000 33.786379
29.265306 12.565335 52.000000 44.150667 27.795918 11.222179 49.000000 44.150667
28.816327 11.965024 51.000000 69.927985 28.693878 12.473814 54.000000 69.927985
29.612245 13.387664 64.000000 33.593446 30.326531 14.621532 60.000000 33.593446
29.346939 12.836082 56.000000 32.111075 30.142857 14.408617 64.000000 32.111075
29.265306 12.695929 56.000000 96.400856 29.142857 12.867284 53.000000 96.400856
28.367347 11.354991 51.000000 37.530675 29.591837 13.483733 54.000000 37.530675
27.428571 10.679975 50.000000 23.856278 27.306122 11.152558 46.000000 23.856278
28.040816 11.368176 50.000000 24.700359 27.591837 11.608597 54.000000 24.700359
28.204082 11.592709 52.000000 24.345793 27.244898 11.003337 49.000000 24.345793
27.755102 10.895058 51.000000 28.144454 28.142857 12.317953 54.000000 28.144454
27.142857 10.318635 50.000000 22.176679 26.693878 10.699656 46.000000 22.176679
26.857143 9.906782 42.000000 22.116901 26.081633 10.128732 46.000000 22.116901
27.693878 10.931283 50.000000 22.324795 26.408163 10.270403 47.000000 22.324795
27.204082 10.227272 49.000000 22.154486 26.448980 10.344701 45.000000 22.154486
29.081633 12.659436 60.000000 34.770204 27.714286 11.774514 52.000000 34.770204
29.061224 12.513758 54.000000 45.017847 28.183673 12.696576 62.000000 45.017847
28.530612 11.736105 50.000000 30.440264 26.734694 10.368023 47.000000 30.440264
28.081633 11.142631 49.000000 39.449738 27.632653 11.638354 52.000000 39.449738
28.612245 12.173685 60.000000 25.197999 28.183673 12.575829 56.000000 25.197999
27.897959 10.970899 48.000000 23.411796 27.551020 11.635462 56.000000 23.411796
28.265306 11.500382 52.000000 23.595831 27.000000 10.694444 49.000000 23.595831
27.551020 10.493122 49.000000 23.125625 26.816327 10.508069 44.000000 23.125625
30.469388 13.940377 60.000000 75.150742 29.020408 12.872875 52.000000 75.150742
31.102041 14.781215 60.000000 26.750594 29.734694 14.060657 64.000000 26.750594
30.408163 13.727718 59.000000 202.637213 29.346939 13.315445 59.000000 202.637213
30.591837 13.956366 59.000000 157.736903 30.061224 14.535996 62.000000 157.736903
31.142857 14.832397 66.000000 58.917132 30.591837 15.307728 62.000000 58.917132
30.428571 13.680447 54.000000 222.117469 29.959184 14.386361 62.000000 222.117469
31.469388 15.296522 64.000000 43.383047 30.081633 14.423401 61.000000 43.383047
30.755102 14.111530 61.000000 186.952731 29.897959 14.169438 61.000000 186.952731
29.918367 13.208614 60.000000 23.736902 28.040816 11.795437 52.000000 23.736902
29.897959 13.070380 54.000000 25.448435 28.510204 12.703798 62.000000 25.448435
29.367347 12.364222 50.000000 4079.563823 27.061224 10.422830 47.000000 4079.563823
28.918367 11.834489 49.000000 23.966620 27.959184 11.661832 52.000000 23.966620
29.704082 13.129183 62.000000 86.313955 29.591837 13.784675 58.000000 86.313955
29.438776 12.610801 54.000000 30.149823 29.408163 13.575931 62.000000 30.149823
29.357143 12.481946 54.000000 39.366356 28.408163 12.034175 51.000000 39.366356
28.459184 11.284666 49.000000 128.486495 28.857143 12.645850 52.000000 128.486495
30.020408 13.599560 60.000000 64.085456 29.918367 14.131688 56.000000 64.085456
30.632653 14.466732 60.000000 129.164891 30.204082 14.640686 64.000000 129.164891
30.795918 14.727042 62.000000 37.086383 29.857143 13.981578 59.000000 37.086383
30.346939 13.945477 61.000000 32.745245 30.755102 15.477327 64.000000 32.745245
29.306122 12.672243 60.000000 27.166524 29.285714 13.432535 56.000000 27.166524
28.591837 11.564999 48.000000 23.411058 28.653061 12.612465 56.000000 23.411058
29.632653 13.108105 58.000000 51.584178 28.775510 12.608728 55.000000 51.584178
28.918367 11.957548 55.000000 25.482153 28.591837 12.387920 55.000000 25.482153
29.877551 13.392770 62.000000 42.915854 28.530612 12.389057 54.000000 42.915854
29.857143 13.253282 56.000000 38.589304 29.000000 13.310720 64.000000 38.589304
29.326531 12.469985 52.000000 34.189396 27.551020 10.954566 49.000000 34.189396
28.877551 11.867191 51.000000 52.284038 28.448980 12.251760 54.000000 52.284038
28.959184 12.329596 60.000000 47.115531 28.551020 12.630451 56.000000 47.115531
28.244898 11.166095 48.000000 44.093941 27.918367 11.714537 56.000000 44.093941
28.612245 11.675715 52.000000 44.454959 27.367347 10.799377 49.000000 44.454959
27.897959 10.708403 49.000000 43.521764 27.183673 10.621265 44.000000 43.521764
22.734694 7.814276 42.000000 23.269531 22.489796 7.417234 34.000000 23.269531
23.367347 8.490611 42.000000 23.606232 23.204082 8.393615 46.000000 23.606232
22.673469 7.513254 41.000000 23.446275 22.816327 7.683624 41.000000 23.446275
22.857143 7.679132 41.000000 49.447595 23.530612 8.745195 44.000000 49.447595
24.285714 9.539932 50.000000 27.018936 24.530612 9.898666 46.000000 27.018936
24.000000 9.001718 42.000000 35.716089 23.918367 9.133233 46.000000 35.716089
24.836735 10.354235 50.000000 125.054871 24.244898 9.366601 47.000000 125.054871
24.346939 9.459738 49.000000 61.492657 24.285714 9.457447 45.000000 61.492657
23.346939 8.442775 48.000000 31.810413 23.489796 8.361972 40.000000 31.810413
23.979592 9.444335 48.000000 32.856769 24.204082 9.621667 52.000000 32.856769
22.612245 7.207717 40.000000 27.920644 23.142857 7.885783 41.000000 27.920644
22.795918 7.382005 41.000000 37.269291 23.857143 8.896889 44.000000 37.269291
24.224490 9.761623 54.000000 26.782394 25.306122 10.873602 50.000000 26.782394
23.959184 9.126735 46.000000 39.915977 25.122449 10.672506 54.000000 39.915977
23.877551 8.971048 46.000000 26.832700 24.122449 9.051132 43.000000 26.832700
22.979592 7.523132 41.000000 29.033365 24.571429 9.677266 44.000000 29.033365
25.204082 10.313597 50.000000 124.397731 25.857143 10.921463 46.000000 124.397731
25.816327 11.148803 50.000000 65.680367 26.142857 11.423434 54.000000 65.680367
25.979592 11.409871 52.000000 26.108720 25.795918 10.760714 49.000000 26.108720
25.530612 10.605585 51.000000 142.180927 26.693878 12.209856 54.000000 142.180927
24.918367 9.874129 50.000000 416.701686 25.244898 10.372507 46.000000 416.701686
24.632653 9.374662 42.000000 108.162462 24.632653 9.690454 46.000000 108.162462
25.469388 10.629859 50.000000 50.210650 24.959184 9.886905 47.000000 50.210650
24.979592 9.792675 49.000000 177.456018 25.000000 9.970058 45.000000 177.456018
26.857143 12.649111 60.000000 60.508329 26.265306 11.607455 52.000000 60.508329
26.836735 12.499644 54.000000 174.339255 26.734694 12.596474 62.000000 174.339255
26.306122 11.618869 50.000000 30.657500 25.285714 10.036018 47.000000 30.657500
25.857143 10.927125 49.000000 79.987180 26.183673 11.458888 52.000000 79.987180
26.387755 12.075905 60.000000 60.252548 26.734694 12.474759 56.000000 60.252548
25.673469 10.713490 48.000000 28.833833 26.102041 11.445514 56.000000 28.833833
26.040816 11.328204 52.000000 34.373618 25.551020 10.410267 49.000000 34.373618
25.326531 10.147140 49.000000 51.272341 25.367347 10.192364 44.000000 51.272341
22.000000 7.259548 42.000000 18.161658 22.142857 7.223958 34.000000 18.161658
22.632653 8.041628 42.000000 18.615506 22.857143 8.253709 46.000000 18.615506
21.938776 6.927930 41.000000 18.350561 22.469388 7.512469 41.000000 18.350561
22.122449 7.126638 41.000000 24.180397 23.183673 8.624285 44.000000 24.180397
23.551020 9.216886 50.000000 33.501377 24.183673 9.827740 46.000000 33.501377
23.265306 8.634086 42.000000 80.874201 23.571429 9.032587 46.000000 80.874201
24.102041 10.097963 50.000000 52.716927 23.897959 9.280830 47.000000 52.716927
23.612245 9.138829 49.000000 42.807863 23.938776 9.374033 45.000000 42.807863
21.265306 6.462503 42.000000 17.970751 21.795918 6.957839 34.000000 17.970751
21.897959 7.393909 42.000000 25.465629 22.510204 8.052975 46.000000 25.465629
20.530612 5.315226 30.000000 17.950312 21.448980 6.610087 35.000000 17.950312
20.714286 5.416660 35.000000 17.988940 22.163265 7.378841 38.000000 17.988940
22.142857 7.669729 48.000000 222.644646 23.612245 8.995569 44.000000 222.644646
21.877551 6.995234 40.000000 18.757498 23.428571 8.842260 48.000000 18.757498
21.795918 6.838278 40.000000 19.432609 22.428571 7.409940 37.000000 19.432609
20.897959 5.476265 35.000000 18.328101 22.877551 7.920045 38.000000 18.328101
23.571429 9.016594 48.000000 116.283365 25.061224 10.011145 44.000000 116.283365
24.183673 9.938312 48.000000 96.324828 25.346939 10.523515 52.000000 96.324828
24.346939 10.224392 50.000000 33.270935 25.000000 9.843099 47.000000 33.270935
23.897959 9.336206 49.000000 34.654171 25.897959 11.313244 52.000000 34.654171
23.755102 9.313621 52.000000 24.031390 25.326531 10.598362 48.000000 24.031390
23.040816 7.965025 40.000000 58.511675 24.693878 9.804699 48.000000 58.511675
24.081633 9.816537 50.000000 123.779760 24.816327 9.748748 47.000000 123.779760
23.367347 8.429682 47.000000 113.716936 24.632653 9.540351 47.000000 113.716936
23.428571 8.793156 50.000000 46.392043 23.663265 8.590265 42.000000 46.392043
23.408163 8.592537 44.000000 33.860216 24.132653 9.524399 52.000000 33.860216
22.877551 7.722327 40.000000 4706.268638 22.683673 7.377308 37.000000 4706.268638
22.428571 7.071068 39.000000 45.053200 23.581633 8.460854 42.000000 45.053200
22.326531 7.653280 48.000000 138.609692 24.326531 9.255565 44.000000 138.609692
22.061224 6.984248 40.000000 31.602081 24.142857 9.121177 48.000000 31.602081
21.979592 6.829257 40.000000 31.962398 23.142857 7.833315 37.000000 31.962398
21.081633 5.495403 35.000000 31.158101 23.591837 8.278449 38.000000 31.158101
27.489796 11.411014 52.000000 118.114942 28.265306 12.113340 48.000000 118.114942
28.102041 12.156615 52.000000 157.477891 28.551020 12.558418 56.000000 157.477891
28.265306 12.392674 54.000000 137.949340 28.204082 11.970720 51.000000 137.949340
27.816327 11.667513 53.000000 25.947504 29.102041 13.260662 56.000000 25.947504
29.000000 13.281256 60.000000 75.505414 29.448980 13.740693 56.000000 75.505414
28.714286 12.781269 52.000000 41.368586 28.836735 12.959647 56.000000 41.368586
29.551020 14.088178 60.000000 41.206953 29.163265 13.252266 57.000000 41.206953
29.061224 13.248471 59.000000 31.201052 29.204082 13.332357 55.000000 31.201052
29.591837 14.162413 64.000000 300.131186 29.122449 13.276027 56.000000 300.131186
29.571429 14.027219 58.000000 71.531672 29.591837 14.187142 66.000000 71.531672
29.040816 13.197093 54.000000 47.751556 28.142857 11.831288 51.000000 47.751556
28.591837 12.546685 53.000000 35.390367 29.040816 13.139159 56.000000 35.390367
29.387755 14.037970 66.000000 79.545224 30.673469 15.371533 62.000000 79.545224
29.122449 13.468761 58.000000 37.412802 30.489796 15.148914 66.000000 37.412802
29.040816 13.321495 58.000000 61.207794 29.489796 13.568646 55.000000 61.207794
28.142857 11.881719 53.000000 37.556045 29.938776 14.207459 56.000000 37.556045
27.448980 11.454187 54.000000 28.300469 28.306122 12.410013 50.000000 28.300469
28.061224 12.300211 54.000000 86.142568 28.591837 12.888768 58.000000 86.142568
28.224490 12.560395 56.000000 44.074892 28.244898 12.260961 53.000000 44.074892
27.775510 11.767096 55.000000 44.665044 29.142857 13.654047 58.000000 44.665044
26.734694 10.572822 54.000000 24.640649 27.673469 11.846767 50.000000 24.640649
26.020408 9.481376 42.000000 24.040266 27.040816 11.162269 50.000000 24.040266
27.061224 10.989045 52.000000 27.442892 27.163265 11.109292 49.000000 27.442892
26.346939 9.842158 49.000000 24.386858 26.979592 10.932765 49.000000 24.386858
28.653061 13.136164 62.000000 71.058276 28.265306 12.488800 54.000000 71.058276
28.632653 12.991978 56.000000 28.955932 28.734694 13.412989 64.000000 28.955932
28.102041 12.137944 52.000000 46.832041 27.285714 11.043494 49.000000 46.832041
27.653061 11.469459 51.000000 46.908830 28.183673 12.350839 54.000000 46.908830
27.734694 11.955718 60.000000 72.524605 28.285714 12.728732 56.000000 72.524605
27.020408 10.669331 48.000000 128.891402 27.653061 11.806081 56.000000 128.891402
27.387755 11.242072 52.000000 467.473572 27.102041 10.885051 49.000000 467.473572
26.673469 10.147140 49.000000 67.100647 26.918367 10.703765 48.000000 67.100647
27.551020 11.525071 54.000000 98.913699 26.673469 10.708678 46.000000 98.913699
28.183673 12.370856 54.000000 31.459115 27.387755 11.890941 58.000000 31.459115
27.489796 11.283822 53.000000 25.558676 27.000000 11.129046 53.000000 25.558676
27.673469 11.511335 53.000000 40.491409 27.714286 12.352219 56.000000 40.491409
28.224490 12.421739 60.000000 78.117780 28.244898 13.103129 56.000000 78.117780
27.510204 11.220604 48.000000 59.122956 27.612245 12.206668 56.000000 59.122956
28.551020 12.893795 58.000000 28.846347 27.734694 12.213353 55.000000 28.846347
27.836735 11.655443 55.000000 175.373848 27.551020 11.969138 55.000000 175.373848
27.000000 10.788501 54.000000 126.453872 25.693878 9.763606 46.000000 126.453872
26.979592 10.624791 48.000000 320.689236 26.163265 10.682575 56.000000 320.689236
26.448980 9.911071 44.000000 117.600919 24.714286 8.488925 41.000000 117.600919
26.000000 9.391815 43.000000 133.778517 25.612245 9.633097 46.000000 133.778517
26.785714 10.753326 56.000000 37.009955 27.244898 11.608796 52.000000 37.009955
26.520408 10.195238 48.000000 329.364598 27.061224 11.419658 56.000000 329.364598
26.438776 10.060709 48.000000 36.738645 26.061224 9.914913 45.000000 36.738645
25.540816 8.851779 43.000000 47.738282 26.510204 10.492260 46.000000 47.738282
26.224490 10.484678 52.000000 2990.937020 27.102041 11.315977 48.000000 2990.937020
26.836735 11.360715 52.000000 84.143941 27.387755 11.819635 56.000000 84.143941
27.000000 11.630922 54.000000 45.248672 27.040816 11.156726 51.000000 45.248672
26.551020 10.801988 53.000000 101.193392 27.938776 12.614683 56.000000 101.193392
25.959184 10.151348 54.000000 52.330686 26.918367 11.296084 50.000000 52.330686
25.244898 8.946647 42.000000 48.744578 26.285714 10.530271 50.000000 48.744578
26.285714 10.608303 52.000000 133.464458 26.408163 10.483012 49.000000 133.464458
25.571429 9.355521 49.000000 50.630340 26.224490 10.282134 49.000000 50.630340
26.081633 10.274253 54.000000 57.079186 25.714286 9.816880 46.000000 57.079186
26.061224 10.100338 48.000000 86.827767 26.183673 10.730386 56.000000 86.827767
25.530612 9.293834 44.000000 52.908756 24.734694 8.552507 41.000000 52.908756
25.081633 8.690169 43.000000 61.119393 25.632653 9.687262 46.000000 61.119393
24.959184 9.157182 52.000000 45.589393 25.938776 10.211997 48.000000 45.589393
24.469388 8.210132 42.000000 44.141043 25.530612 9.721062 50.000000 44.141043
24.612245 8.423865 44.000000 44.241204 24.755102 8.617964 41.000000 44.241204
23.693878 7.210256 39.000000 43.988246 24.775510 8.685253 38.000000 43.988246
23.591837 8.298350 42.000000 21.725150 23.387755 9.231985 38.000000 21.725150
24.204082 8.881765 42.000000 21.944263 23.673469 9.656765 46.000000 21.944263
24.367347 9.092183 44.000000 21.850109 23.326531 9.079007 41.000000 21.850109
23.918367 8.411668 43.000000 23.606802 24.224490 10.280129 46.000000 23.606802
25.102041 9.819494 50.000000 39.029723 24.571429 10.726208 46.000000 39.029723
24.816327 9.322788 42.000000 28.592136 23.959184 10.026684 46.000000 28.592136
25.653061 10.569458 50.000000 33.724672 24.285714 10.238395 47.000000 33.724672
25.163265 9.736417 49.000000 33.065905 24.326531 10.321408 45.000000 33.065905
25.693878 10.644594 54.000000 26.687826 24.244898 10.289682 46.000000 26.687826
25.673469 10.476066 48.000000 77.339651 24.714286 11.226809 56.000000 77.339651
25.142857 9.679397 44.000000 25.033985 23.265306 8.929912 41.000000 25.033985
24.693878 9.081996 43.000000 28.199041 24.163265 10.154166 46.000000 28.199041
25.489796 10.597845 56.000000 726.058941 25.795918 12.241521 52.000000 726.058941
25.224490 9.996423 48.000000 59.146951 25.612245 12.039996 56.000000 59.146951
25.142857 9.848334 48.000000 34.171570 24.612245 10.484778 45.000000 34.171570
24.244898 8.471981 43.000000 53.091547 25.061224 11.091760 46.000000 53.091547
26.000000 10.512634 50.000000 91.859561 25.469388 11.550163 46.000000 91.859561
26.612245 11.289656 50.000000 263.484230 25.755102 12.035224 54.000000 263.484230
26.775510 11.536165 52.000000 41.342165 25.408163 11.396180 49.000000 41.342165
26.326531 10.774900 51.000000 31.151621 26.306122 12.800941 54.000000 31.151621
25.714286 10.104608 50.000000 58.914887 24.857143 11.010773 46.000000 58.914887
25.428571 9.640978 42.000000 52.463571 24.244898 10.347629 46.000000 52.463571
26.265306 10.803351 50.000000 108.992691 24.571429 10.543968 47.000000 108.992691
25.775510 10.020114 49.000000 55.966321 24.612245 10.623484 45.000000 55.966321
27.653061 12.707739 60.000000 67.082218 25.877551 12.213956 52.000000 67.082218
27.632653 12.560278 54.000000 292.464647 26.346939 13.171433 62.000000 292.464647
27.102041 11.720534 50.000000 48.062357 24.897959 10.695880 47.000000 48.062357
26.653061 11.067834 49.000000 31.657755 25.795918 12.070206 52.000000 31.657755
27.183673 12.168361 60.000000 80.767854 26.346939 13.055079 56.000000 80.767854
26.469388 10.870564 48.000000 109.036147 25.714286 12.054857 56.000000 109.036147
26.836735 11.451101 52.000000 27.772032 25.163265 11.057203 49.000000 27.772032
26.122449 10.339859 49.000000 39.400645 24.979592 10.845665 44.000000 39.400645
27.020408 11.735030 54.000000 451.920944 25.163265 11.214584 46.000000 451.920944
27.653061 12.593651 54.000000 48.507908 25.877551 12.436449 58.000000 48.507908
26.959184 11.495332 53.000000 32.034507 25.489796 11.659468 53.000000 32.034507
27.142857 11.727138 53.000000 37.662961 26.204082 12.916831 56.000000 37.662961
27.693878 12.645368 60.000000 98.971919 26.734694 13.695925 56.000000 98.971919
26.979592 11.434240 48.000000 65.994956 26.102041 12.765522 56.000000 65.994956
28.020408 13.122719 58.000000 28.220976 26.224490 12.786535 55.000000 28.220976
27.306122 11.875999 55.000000 494.621451 26.040816 12.531131 55.000000 494.621451
26.469388 10.985655 54.000000 58.157116 24.183673 10.170046 46.000000 58.157116
26.448980 10.823916 48.000000 109.776667 24.653061 11.119874 56.000000 109.776667
25.918367 10.096109 44.000000 55.057233 23.204082 8.784897 41.000000 55.057233
25.469388 9.561741 43.000000 60.601551 24.102041 10.032411 46.000000 60.601551
26.255102 10.940619 56.000000 49.801919 25.734694 12.149032 52.000000 49.801919
25.989796 10.378899 48.000000 43.794050 25.551020 11.944996 56.000000 43.794050
25.908163 10.242510 48.000000 197.873784 24.551020 10.369585 45.000000 197.873784
25.010204 9.004575 43.000000 209.896274 25.000000 10.985464 46.000000 209.896274
27.061224 12.070938 56.000000 65.474072 27.367347 13.633182 52.000000 65.474072
27.673469 12.990699 56.000000 34.491200 27.653061 14.130542 60.000000 34.491200
27.836735 13.267038 58.000000 32.097065 27.306122 13.484170 55.000000 32.097065
27.387755 12.431779 57.000000 109.628876 28.204082 14.941783 60.000000 109.628876
27.244898 12.362282 60.000000 29.605479 27.632653 14.178092 56.000000 29.605479
26.530612 11.091191 48.000000 43.451056 27.000000 13.324654 56.000000 43.451056
27.571429 12.861675 58.000000 720.053308 27.122449 13.336459 55.000000 720.053308
26.857143 11.558903 55.000000 172.727090 26.938776 13.104510 55.000000 172.727090
26.918367 11.850159 58.000000 551.531539 25.969388 11.972868 50.000000 551.531539
26.897959 11.694117 52.000000 31.366571 26.438776 12.871343 60.000000 31.366571
26.367347 10.849854 48.000000 35.983812 24.989796 10.616555 45.000000 35.983812
25.918367 10.197709 47.000000 40.186862 25.887755 11.840767 50.000000 40.186862
25.816327 10.565795 56.000000 70.955270 26.632653 12.761401 52.000000 70.955270
25.551020 9.971219 48.000000 47.120141 26.448980 12.580563 56.000000 47.120141
25.469388 9.825492 48.000000 49.192906 25.448980 11.177225 45.000000 49.192906
24.571429 8.480420 43.000000 44.275243 25.897959 11.716135 46.000000 44.275243
22.265306 7.956779 42.000000 24.609582 22.265306 8.789111 38.000000 24.609582
22.877551 8.658784 42.000000 37.238301 22.551020 9.269307 46.000000 37.238301
23.040816 8.899112 44.000000 29.281932 22.204082 8.620234 41.000000 29.281932
22.591837 8.128906 43.000000 29.097554 23.102041 9.979866 46.000000 29.097554
23.775510 9.742595 50.000000 83.397594 23.448980 10.476407 46.000000 83.397594
23.489796 9.200230 42.000000 26.969655 22.836735 9.687588 46.000000 26.969655
24.326531 10.568164 50.000000 111.731602 23.163265 9.943857 47.000000 111.731602
23.836735 9.667347 49.000000 32.834589 23.204082 10.033921 45.000000 32.834589
24.367347 10.648448 54.000000 38.948303 23.122449 9.992023 46.000000 38.948303
24.346939 10.477371 48.000000 26.302068 23.591837 11.003127 56.000000 26.302068
23.816327 9.607071 44.000000 30.552879 22.142857 8.454853 41.000000 30.552879
23.367347 8.937801 43.000000 31.675241 23.040816 9.843014 46.000000 31.675241
24.163265 10.575886 56.000000 31.247087 24.673469 12.138187 52.000000 31.247087
23.897959 9.937423 48.000000 44.736221 24.489796 11.917452 56.000000 44.736221
23.816327 9.777258 48.000000 42.220090 23.489796 10.233606 45.000000 42.220090
22.918367 8.244553 43.000000 64.058924 23.938776 10.901448 46.000000 64.058924
21.551020 7.428175 42.000000 375.231813 21.632653 8.513649 38.000000 375.231813
22.163265 8.229559 42.000000 25.798601 21.918367 9.028790 46.000000 25.798601
22.326531 8.495937 44.000000 27.035839 21.571429 8.334502 41.000000 27.035839
21.877551 7.643157 43.000000 25.330080 22.469388 9.792911 46.000000 25.330080
20.836735 6.676152 42.000000 63.362397 21.000000 8.101164 38.000000 63.362397
20.122449 5.611596 30.000000 48.795588 20.367347 7.529170 38.000000 48.795588
21.163265 7.037007 40.000000 27.658454 20.489796 7.361428 37.000000 27.658454
20.448980 5.868178 37.000000 52.192842 20.306122 7.230246 37.000000 52.192842
22.755102 9.038362 50.000000 59.105031 21.591837 8.653510 42.000000 59.105031
22.734694 8.841737 44.000000 60.039898 22.061224 9.683461 52.000000 60.039898
22.204082 7.953420 40.000000 27.250880 20.612245 7.170433 37.000000 27.250880
21.755102 7.280905 39.000000 26.595421 21.510204 8.504995 42.000000 26.595421
21.836735 7.962145 48.000000 24.774112 21.612245 8.984101 44.000000 24.774112
21.122449 6.564926 36.000000 50.921859 20.979592 8.055196 44.000000 50.921859
21.489796 7.149717 40.000000 139.626712 20.428571 7.065234 37.000000 139.626712
20.775510 6.042002 37.000000 23.209861 20.244898 6.926806 36.000000 23.209861
24.346939 10.272676 50.000000 69.255794 22.693878 9.533888 42.000000 69.255794
24.979592 11.167866 50.000000 103.407640 23.408163 10.843628 54.000000 103.407640
24.285714 10.006184 49.000000 164.413023 23.020408 10.003071 49.000000 164.413023
24.469388 10.247659 49.000000 318.527192 23.734694 11.346966 52.000000 318.527192
25.020408 11.221279 56.000000 55.945371 24.265306 12.159211 52.000000 55.945371
24.306122 9.933187 44.000000 125.672900 23.632653 11.188532 52.000000 125.672900
25.346939 11.719314 54.000000 65.407980 23.755102 11.195600 51.000000 65.407980
24.632653 10.396657 51.000000 73.312978 23.571429 10.929012 51.000000 73.312978
23.795918 9.485702 50.000000 101.042052 21.714286 8.460947 42.000000 101.042052
23.775510 9.300849 44.000000 116.095177 22.183673 9.505665 52.000000 116.095177
23.244898 8.526564 40.000000 68.664120 20.734694 6.954270 37.000000 68.664120
22.795918 7.962488 39.000000 158.536230 21.632653 8.310207 42.000000 158.536230
23.581633 9.463902 52.000000 45.060887 23.265306 10.533746 48.000000 45.060887
23.316327 8.848783 44.000000 197.967003 23.081633 10.325300 52.000000 197.967003
23.234694 8.700991 44.000000 27.730209 22.081633 8.634232 41.000000 27.730209
22.336735 7.368005 39.000000 30.195997 22.530612 9.290505 42.000000 30.195997
23.224490 9.255292 48.000000 27.481634 22.918367 10.152115 44.000000 27.481634
23.836735 10.176478 48.000000 45.190837 23.204082 10.715591 52.000000 45.190837
24.000000 10.461515 50.000000 158.833957 22.857143 9.973160 47.000000 158.833957
23.551020 9.578888 49.000000 68.391359 23.755102 11.595468 52.000000 68.391359
22.510204 8.295129 48.000000 30.555676 22.285714 9.496608 44.000000 30.555676
21.795918 7.034465 36.000000 942.369368 21.653061 8.672866 44.000000 942.369368
22.836735 8.752842 46.000000 273.076919 21.775510 8.595768 43.000000 273.076919
22.122449 7.435309 43.000000 50.334667 21.591837 8.379943 43.000000 50.334667
23.081633 9.032214 50.000000 29.863630 21.530612 8.418443 42.000000 29.863630
23.061224 8.836215 44.000000 28.801300 22.000000 9.477048 52.000000 28.801300
22.530612 7.969276 40.000000 34.290037 20.551020 6.876109 37.000000 34.290037
22.081633 7.318489 39.000000 1287.326437 21.448980 8.265095 42.000000 1287.326437
22.163265 7.993159 48.000000 78.993377 21.551020 8.758057 44.000000 78.993377
21.448980 6.638101 36.000000 1679.803719 20.918367 7.797268 44.000000 1679.803719
21.816327 7.200153 40.000000 29.231043 20.367347 6.764656 37.000000 29.231043
21.102041 6.140099 37.000000 158.089429 20.183673 6.618230 32.000000 158.089429
24.551020 9.377669 46.000000 26.158481 22.551020 8.824897 38.000000 26.158481
25.183673 10.087603 46.000000 32.957060 23.265306 9.949927 50.000000 32.957060
24.489796 9.113539 45.000000 29.059985 22.877551 9.192405 45.000000 29.059985
24.673469 9.294467 45.000000 24.459463 23.591837 10.374271 48.000000 24.459463
26.102041 11.168337 54.000000 74.074444 24.591837 11.708519 50.000000 74.074444
25.816327 10.653248 46.000000 123.603685 23.979592 10.846615 50.000000 123.603685
26.653061 11.973426 54.000000 29.684509 24.306122 11.160874 51.000000 29.684509
26.163265 11.112076 53.000000 42.002977 24.346939 11.251668 49.000000 42.002977
25.163265 10.042891 52.000000 69.636446 23.551020 10.037171 44.000000 69.636446
25.795918 11.025705 52.000000 69.702408 24.265306 11.361493 56.000000 69.702408
24.428571 8.848088 44.000000 30.779797 23.204082 9.499820 45.000000 30.779797
24.612245 9.035591 45.000000 1146.525962 23.918367 10.625464 48.000000 1146.525962
26.040816 11.346391 58.000000 27.696170 25.367347 12.787226 54.000000 27.696170
25.775510 10.750719 50.000000 33.256226 25.183673 12.558602 58.000000 33.256226
25.693878 10.601895 50.000000 41.228858 24.183673 10.852666 47.000000 41.228858
24.795918 9.195426 45.000000 28.961032 24.632653 11.536037 48.000000 28.961032
26.591837 11.634322 54.000000 60.585021 25.897959 12.994440 50.000000 60.585021
27.204082 12.510580 54.000000 634.224725 26.183673 13.503987 58.000000 634.224725
27.367347 12.777548 56.000000 848.158285 25.836735 12.840572 53.000000 848.158285
26.918367 11.966167 55.000000 28.461186 26.734694 14.330093 58.000000 28.461186
25.877551 10.710112 54.000000 43.635989 25.265306 12.333469 50.000000 43.635989
25.163265 9.569813 42.000000 34.608951 24.632653 11.544971 50.000000 34.608951
26.204082 11.146595 52.000000 26.467909 24.755102 11.519648 49.000000 26.467909
25.489796 9.955825 49.000000 39.188299 24.571429 11.310063 49.000000 39.188299
27.795918 13.371734 62.000000 26.647396 25.857143 13.062104 54.000000 26.647396
27.775510 13.228780 56.000000 27.798574 26.326531 14.029994 64.000000 27.798574
27.244898 12.353939 52.000000 44.237416 24.877551 11.482183 49.000000 44.237416
26.795918 11.664519 51.000000 71.194339 25.775510 12.914892 54.000000 71.194339
26.877551 12.148790 60.000000 117.971753 25.877551 13.295426 56.000000 117.971753
26.163265 10.828269 48.000000 36.428393 25.244898 12.290354 56.000000 36.428393
26.530612 11.420911 52.000000 1340.451684 24.693878 11.290365 49.000000 1340.451684
25.816327 10.284957 49.000000 39.111276 24.510204 11.075416 48.000000 39.111276
23.795918 8.748442 46.000000 372.482485 21.775510 8.297970 38.000000 372.482485
24.428571 9.556128 46.000000 69.020951 22.489796 9.544518 50.000000 69.020951
23.734694 8.459182 45.000000 34.468016 22.102041 8.717195 45.000000 34.468016
23.918367 8.669978 45.000000 26.420247 22.816327 10.011691 48.000000 26.420247
24.918367 10.226984 54.000000 50.437284 23.795918 11.447738 50.000000 50.437284
24.204082 8.948834 42.000000 54.027785 23.163265 10.504485 50.000000 54.027785
25.244898 10.712803 52.000000 66.267997 23.285714 10.493985 49.000000 66.267997
24.530612 9.394234 49.000000 105.179619 23.102041 10.236875 49.000000 105.179619
23.040816 7.902653 46.000000 55.897607 21.000000 7.553247 38.000000 55.897607
23.244898 8.048899 42.000000 27.652512 21.693878 8.948199 50.000000 27.652512
22.285714 6.759491 34.000000 53.812363 20.224490 6.516483 35.000000 53.812363
22.265306 6.677476 37.000000 58.609454 21.142857 7.775192 40.000000 58.609454
23.489796 8.602619 50.000000 20.416643 22.795918 9.861891 46.000000 20.416643
23.224490 7.985206 42.000000 147.048043 22.612245 9.668348 50.000000 147.048043
23.142857 7.841208 42.000000 54.526219 21.612245 8.031680 39.000000 54.526219
22.244898 6.597502 37.000000 30.985361 22.061224 8.653485 40.000000 30.985361
24.714286 9.895328 50.000000 70.701729 24.448980 11.189209 46.000000 70.701729
25.326531 10.791153 50.000000 134.740009 24.734694 11.714429 54.000000 134.740009
25.489796 11.067967 52.000000 757.240035 24.387755 11.024465 49.000000 757.240035
25.040816 10.215128 51.000000 119.995578 25.285714 12.545176 54.000000 119.995578
24.897959 10.182348 54.000000 36.013150 24.714286 11.777140 50.000000 36.013150
24.183673 8.896133 42.000000 48.290540 24.081633 10.916434 50.000000 48.290540
25.224490 10.670830 52.000000 30.450529 24.204082 10.895908 49.000000 30.450529
24.510204 9.344765 49.000000 242.851037 24.020408 10.664499 49.000000 242.851037
24.571429 9.679397 52.000000 50.337878 23.051020 9.559766 44.000000 50.337878
24.551020 9.495655 46.000000 46.656410 23.520408 10.525599 54.000000 46.656410
24.020408 8.663205 42.000000 34.398135 22.071429 8.176216 39.000000 34.398135
23.571429 8.039849 41.000000 35.610460 22.969388 9.420808 44.000000 35.610460
23.469388 8.546060 50.000000 29.681140 23.714286 10.332613 46.000000 29.681140
23.204082 7.923551 42.000000 66.291176 23.530612 10.164831 50.000000 66.291176
23.122449 7.778195 42.000000 86.210205 22.530612 8.729856 39.000000 86.210205
22.224490 6.519646 37.000000 52.489626 22.979592 9.260246 40.000000 52.489626
22.142857 8.037284 42.000000 127.595049 21.163265 8.795141 38.000000 127.595049
22.755102 8.741489 42.000000 24.153065 21.448980 9.309260 46.000000 24.153065
22.918367 8.981853 44.000000 19.977529 21.102041 8.618477 41.000000 19.977529
22.469388 8.212643 43.000000 59.883979 22.000000 10.078046 46.000000 59.883979
23.653061 9.827483 50.000000 27.064352 22.346939 10.606458 46.000000 27.064352
23.367347 9.286269 42.000000 21.555547 21.734694 9.758476 46.000000 21.555547
24.204082 10.652873 50.000000 66.750069 22.061224 10.049174 47.000000 66.750069
23.714286 9.753667 49.000000 36.510139 22.102041 10.142785 45.000000 36.510139
24.244898 10.732993 54.000000 23.291568 22.020408 10.092336 46.000000 23.291568
24.224490 10.563046 48.000000 34.975353 22.489796 11.141309 56.000000 34.975353
23.693878 9.693667 44.000000 24.835969 21.040816 8.444993 41.000000 24.835969
23.244898 9.024664 43.000000 34.404723 21.938776 9.935686 46.000000 34.404723
24.040816 10.658638 56.000000 116.358433 23.571429 12.361397 52.000000 116.358433
23.775510 10.022172 48.000000 41.812020 23.387755 12.127869 56.000000 41.812020
23.693878 9.862360 48.000000 53.457224 22.387755 10.371087 45.000000 53.457224
22.795918 8.331977 43.000000 23.488837 22.836735 11.075834 46.000000 23.488837
21.428571 7.502577 42.000000 22.932317 20.530612 8.436792 38.000000 22.932317
22.040816 8.305902 42.000000 67.455480 20.816327 8.991803 46.000000 67.455480
22.204082 8.572263 44.000000 1557.126384 20.469388 8.247716 41.000000 1557.126384
21.755102 7.720720 43.000000 82.988117 21.367347 9.821487 46.000000 82.988117
20.714286 6.745751 42.000000 35.402421 19.897959 7.932044 38.000000 35.402421
20.000000 5.678681 30.000000 34.863142 19.265306 7.250384 38.000000 34.863142
21.040816 7.108755 40.000000 44.855484 19.387755 7.095276 37.000000 44.855484
20.326531 5.939168 37.000000 51.662672 19.204082 6.929630 37.000000 51.662672
22.632653 9.115963 50.000000 29.078506 20.489796 8.572607 42.000000 29.078506
22.612245 8.920765 44.000000 25.629067 20.959184 9.665454 52.000000 25.629067
22.081633 8.033016 40.000000 80.830867 19.510204 6.916654 37.000000 80.830867
21.632653 7.360227 39.000000 22.946702 20.408163 8.411868 42.000000 22.946702
21.714286 8.036001 48.000000 26.341424 20.510204 8.908753 44.000000 26.341424
21.000000 6.641016 36.000000 57.352240 19.877551 7.882207 44.000000 57.352240
21.367347 7.225938 40.000000 26.267448 19.326531 6.777427 37.000000 26.267448
20.653061 6.117580 37.000000 188.905029 19.142857 6.602093 36.000000 188.905029
22.204082 8.163231 44.000000 39.007071 19.571429 7.390437 36.000000 39.007071
22.836735 8.994493 44.000000 38.284602 20.285714 8.783771 48.000000 38.284602
22.142857 7.855657 43.000000 43.180769 19.897959 7.866790 43.000000 43.180769
22.326531 8.072833 43.000000 60.657297 20.612245 9.296527 46.000000 60.657297
22.877551 9.043156 50.000000 59.438576 21.142857 10.120918 46.000000 59.438576
22.163265 7.752211 38.000000 35.841944 20.510204 9.135007 46.000000 35.841944
23.204082 9.521499 48.000000 32.341326 20.632653 9.104647 45.000000 32.341326
22.489796 8.183772 45.000000 25.338054 20.448980 8.835405 45.000000 25.338054
21.653061 7.442012 44.000000 26.732945 18.591837 6.403666 36.000000 26.732945
21.632653 7.215944 38.000000 88.594481 19.061224 7.552997 46.000000 88.594481
21.102041 6.511670 34.000000 28.142750 17.612245 4.845303 31.000000 28.142750
20.653061 6.049797 33.000000 66.965947 18.510204 6.241274 36.000000 66.965947
21.438776 7.525991 46.000000 28.019867 20.142857 8.447534 42.000000 28.019867
21.173469 6.887948 38.000000 377.510760 19.959184 8.251108 46.000000 377.510760
21.091837 6.744355 38.000000 50.114416 18.959184 6.467872 35.000000 50.114416
20.193878 5.573609 33.000000 32.871787 19.408163 7.140471 36.000000 32.871787
21.081633 7.451110 42.000000 18.520633 19.795918 8.092200 38.000000 18.520633
21.693878 8.285384 42.000000 31.788880 20.081633 8.693727 46.000000 31.788880
21.857143 8.559073 44.000000 37.971653 19.734694 7.889117 41.000000 37.971653
21.408163 7.685623 43.000000 52.073668 20.632653 9.592080 46.000000 52.073668
20.367347 6.650925 42.000000 21.782888 19.163265 7.502156 38.000000 21.782888
19.653061 5.520537 30.000000 33.067248 18.530612 6.707749 38.000000 33.067248
20.693878 7.035123 40.000000 22.881279 18.653061 6.553667 37.000000 22.881279
19.979592 5.807886 37.000000 50.828466 18.469388 6.352537 37.000000 50.828466
20.938776 7.249339 44.000000 30.712728 18.408163 6.430976 36.000000 30.712728
20.918367 7.014967 38.000000 204.114742 18.877551 7.587653 46.000000 204.114742
20.387755 6.227032 34.000000 20.908350 17.428571 4.843957 31.000000 20.908350
19.938776 5.685605 33.000000 35.877045 18.326531 6.266875 36.000000 35.877045
20.020408 6.482299 42.000000 26.019615 18.428571 6.860916 38.000000 26.019615
19.306122 5.268870 30.000000 38.169555 17.795918 5.902925 38.000000 38.169555
19.673469 5.716274 34.000000 4265.909571 17.244898 4.797038 31.000000 4265.909571
18.959184 4.909319 31.000000 27.474258 17.061224 4.703182 26.000000 27.474258
24.428571 6.606776 40.000000 17.848849 23.204082 4.930359 32.000000 17.848849
25.061224 7.067883 40.000000 30.861553 23.918367 5.985676 44.000000 30.861553
24.367347 6.284308 39.000000 18.459321 23.530612 5.151727 39.000000 18.459321
24.551020 6.375084 39.000000 26.893688 24.244898 6.329543 42.000000 26.893688
25.979592 7.875290 48.000000 104.663794 25.244898 7.488908 44.000000 104.663794
25.693878 7.360256 40.000000 35.991925 24.632653 6.698804 44.000000 35.991925
26.530612 8.608560 48.000000 23.464414 24.959184 6.884793 45.000000 23.464414
26.040816 7.748519 47.000000 27.996841 25.000000 6.991895 43.000000 27.996841
25.040816 7.021203 46.000000 69.596957 24.204082 5.807850 38.000000 69.596957
25.673469 7.905075 46.000000 22.998792 24.918367 7.243445 50.000000 22.998792
24.306122 5.954134 38.000000 20.893185 23.857143 5.281752 39.000000 20.893185
24.489796 6.051744 39.000000 25.981145 24.571429 6.399098 42.000000 25.981145
25.918367 8.170444 52.000000 52.480335 26.020408 8.490115 48.000000 52.480335
25.653061 7.532886 44.000000 38.702161 25.836735 8.291958 52.000000 38.702161
25.571429 7.384855 44.000000 22.740881 24.836735 6.500902 41.000000 22.740881
24.673469 6.111972 39.000000 18.544723 25.285714 7.178146 42.000000 18.544723
26.897959 8.397950 48.000000 42.929730 26.571429 8.372759 44.000000 42.929730
27.510204 9.158676 48.000000 58.434455 26.857143 8.930430 52.000000 58.434455
27.673469 9.410211 50.000000 123.253676 26.510204 8.182512 47.000000 123.253676
27.224490 8.613739 49.000000 49.546467 27.408163 9.763003 52.000000 49.546467
26.612245 7.986629 48.000000 144.680789 25.959184 7.859486 44.000000 144.680789
26.326531 7.503642 40.000000 35.568657 25.346939 7.172545 44.000000 35.568657
27.163265 8.670003 48.000000 121.199263 25.673469 7.314405 45.000000 121.199263
26.673469 7.856674 47.000000 97.828868 25.714286 7.411332 43.000000 97.828868
28.551020 10.574354 58.000000 29.067216 26.979592 9.127933 50.000000 29.067216
28.530612 10.402422 52.000000 34.733305 27.448980 10.231468 60.000000 34.733305
28.000000 9.535609 48.000000 50.764063 26.000000 7.394621 45.000000 50.764063
27.551020 8.870340 47.000000 49.855322 26.897959 8.963258 50.000000 49.855322
28.081633 10.057232 58.000000 74.893069 27.448980 10.081240 54.000000 74.893069
27.367347 8.685083 46.000000 273.800472 26.816327 8.971142 54.000000 273.800472
27.734694 9.286451 50.000000 35.644497 26.265306 7.802393 47.000000 35.644497
27.020408 8.136692 47.000000 31.443254 26.081633 7.575971 42.000000 31.443254
25.714286 7.538219 46.000000 44.632990 24.877551 6.216482 38.000000 44.632990
26.346939 8.316053 46.000000 53.347232 25.591837 7.510593 50.000000 53.347232
25.653061 7.216965 45.000000 61.094660 25.204082 6.612951 45.000000 61.094660
25.836735 7.415078 45.000000 25.822919 25.918367 7.968590 48.000000 25.822919
27.265306 9.485258 54.000000 26.740705 26.918367 9.394749 50.000000 26.740705
26.979592 8.910760 46.000000 61.600183 26.306122 8.467534 50.000000 61.600183
27.816327 10.358867 54.000000 25.040504 26.632653 8.779531 51.000000 25.040504
27.326531 9.411307 53.000000 27.298057 26.673469 8.883873 49.000000 27.298057
24.979592 6.742662 46.000000 37.898845 24.530612 5.829545 38.000000 37.898845
25.612245 7.663856 46.000000 41.690453 25.244898 7.228325 50.000000 41.690453
24.244898 5.614894 34.000000 28.482828 24.183673 5.327127 39.000000 28.482828
24.428571 5.720284 39.000000 277.253167 24.897959 6.399887 42.000000 277.253167
25.857143 7.939202 52.000000 36.243372 26.346939 8.434223 48.000000 36.243372
25.591837 7.279171 44.000000 31.303505 26.163265 8.242077 52.000000 31.303505
25.510204 7.125162 44.000000 56.577307 25.163265 6.488203 41.000000 56.577307
24.612245 5.785928 39.000000 29.275349 25.612245 7.145949 42.000000 29.275349
27.285714 9.291388 52.000000 399.383590 27.795918 9.702757 48.000000 399.383590
27.897959 10.205608 52.000000 46.507686 28.081633 10.266223 56.000000 46.507686
28.061224 10.488891 54.000000 32.474268 27.734694 9.521058 51.000000 32.474268
27.612245 9.611669 53.000000 76.202238 28.632653 11.137739 56.000000 76.202238
27.469388 9.585431 56.000000 28.158937 28.061224 10.340409 52.000000 28.158937
26.755102 8.256283 44.000000 151.892988 27.428571 9.439990 52.000000 151.892988
27.795918 10.084140 54.000000 29.372317 27.551020 9.398533 51.000000 29.372317
27.081633 8.716229 51.000000 76.844414 27.367347 9.156585 51.000000 76.844414
27.142857 9.070173 54.000000 149.885055 26.397959 8.008681 46.000000 149.885055
27.122449 8.875154 48.000000 32.254519 26.867347 9.069761 56.000000 32.254519
26.591837 8.016525 44.000000 35.900586 25.418367 6.501266 41.000000 35.900586
26.142857 7.373678 43.000000 45.157141 26.316327 7.856440 46.000000 45.157141
26.040816 7.930001 52.000000 37.010471 27.061224 8.815189 48.000000 37.010471
25.775510 7.275904 44.000000 48.658157 26.877551 8.646870 52.000000 48.658157
25.693878 7.123951 44.000000 85.425085 25.877551 7.097648 41.000000 85.425085
24.795918 5.813172 39.000000 32.291412 26.326531 7.661358 42.000000 32.291412
28.306122 8.825231 48.000000 49.326754 28.510204 8.612201 44.000000 49.326754
28.918367 9.460361 48.000000 67.050219 28.795918 9.093964 52.000000 67.050219
29.081633 9.680114 50.000000 57.202834 28.448980 8.441579 47.000000 57.202834
28.632653 8.979229 49.000000 66.083912 29.346939 9.803326 52.000000 66.083912
29.816327 10.457915 56.000000 42.580978 29.693878 10.300043 52.000000 42.580978
29.530612 9.955783 48.000000 27.474675 29.081633 9.512524 52.000000 27.474675
30.367347 11.229001 56.000000 33.874511 29.408163 9.765114 53.000000 33.874511
29.877551 10.387607 55.000000 123.014326 29.448980 9.855787 51.000000 123.014326
30.408163 11.304444 60.000000 69.756517 29.367347 9.815187 52.000000 69.756517
30.387755 11.143518 54.000000 96.329390 29.836735 10.832077 62.000000 96.329390
29.857143 10.331615 50.000000 59.403560 28.387755 8.274458 47.000000 59.403560
29.408163 9.714307 49.000000 56.218297 29.285714 9.665541 52.000000 56.218297
30.204082 11.236868 62.000000 26.018590 30.918367 11.960996 58.000000 26.018590
29.938776 10.639177 54.000000 64.125270 30.734694 11.740801 62.000000 64.125270
29.857143 10.490054 54.000000 33.415406 29.734694 10.051979 51.000000 33.415406
28.959184 9.082575 49.000000 56.945186 30.183673 10.720774 52.000000 56.945186
28.020408 8.516787 48.000000 29.358024 27.897959 8.335107 44.000000 29.358024
28.632653 9.192543 48.000000 37.191927 28.183673 8.851987 52.000000 37.191927
28.795918 9.423549 50.000000 85.762021 27.836735 8.154050 47.000000 85.762021
28.346939 8.687118 49.000000 28.205787 28.734694 9.614799 52.000000 28.205787
27.734694 8.151340 48.000000 344.654182 27.285714 7.923604 44.000000 344.654182
27.448980 7.720801 40.000000 292.978787 26.673469 7.355166 44.000000 292.978787
28.285714 8.750847 48.000000 30.308713 27.000000 7.434941 45.000000 30.308713
27.795918 8.015397 47.000000 314.546919 27.040816 7.523048 43.000000 314.546919
29.673469 10.491799 58.000000 234.619729 28.306122 9.033053 50.000000 234.619729
29.653061 10.320735 52.000000 69.349139 28.775510 10.084724 60.000000 69.349139
29.122449 9.509914 48.000000 945.561396 27.326531 7.455401 45.000000 945.561396
28.673469 8.900105 47.000000 33.847497 28.224490 8.878946 50.000000 33.847497
29.204082 10.023641 58.000000 28.062644 28.775510 9.932276 54.000000 28.062644
28.489796 8.739347 46.000000 27.889869 28.142857 8.899206 54.000000 27.889869
28.857143 9.292498 50.000000 39.854283 27.591837 7.814653 47.000000 39.854283
28.142857 8.242460 47.000000 22.859670 27.408163 7.620965 42.000000 22.859670
31.061224 11.699693 58.000000 42.335564 29.612245 10.090960 50.000000 42.335564
31.693878 12.558653 58.000000 264.189702 30.326531 11.405167 62.000000 264.189702
31.000000 11.459476 57.000000 35.150283 29.938776 10.569179 57.000000 35.150283
31.183673 11.691346 57.000000 41.739332 30.653061 11.914733 60.000000 41.739332
31.734694 12.610379 64.000000 563.808173 31.183673 12.736300 60.000000 563.808173
31.020408 11.398118 52.000000 126.535950 30.551020 11.754466 60.000000 126.535950
32.061224 13.087979 62.000000 31.479599 30.673469 11.772566 59.000000 31.479599
31.346939 11.840087 59.000000 36.188556 30.489796 11.501900 59.000000 36.188556
30.510204 10.949975 58.000000 172.869529 28.632653 8.965441 50.000000 172.869529
30.489796 10.787779 52.000000 37.968437 29.102041 10.008749 60.000000 37.968437
29.959184 10.059532 48.000000 116.331297 27.653061 7.417035 45.000000 116.331297
29.510204 9.525056 47.000000 269.846333 28.551020 8.813208 50.000000 269.846333
30.295918 10.905602 60.000000 34.646322 30.183673 11.096899 56.000000 34.646322
30.030612 10.343038 52.000000 55.392875 30.000000 10.880797 60.000000 55.392875
29.948980 10.206499 52.000000 45.083592 29.000000 9.173022 49.000000 45.083592
29.051020 8.967723 47.000000 35.316896 29.448980 9.843227 50.000000 35.316896
30.612245 11.395091 58.000000 161.535737 30.510204 11.450697 54.000000 161.535737
31.224490 12.287392 58.000000 163.273337 30.795918 12.011128 62.000000 163.273337
31.387755 12.558837 60.000000 68.310906 30.448980 11.279141 57.000000 68.310906
30.938776 11.733129 59.000000 30.170840 31.346939 12.906565 62.000000 30.170840
29.897959 10.451153 58.000000 83.912359 29.877551 10.731268 54.000000 83.912359
29.183673 9.280672 46.000000 92.024077 29.244898 9.854677 54.000000 92.024077
30.224490 10.897395 56.000000 1515.984824 29.367347 9.817287 53.000000 1515.984824
29.510204 9.677527 53.000000 81.551071 29.183673 9.582358 53.000000 81.551071
30.469388 11.180989 60.000000 37.918609 29.122449 9.600543 52.000000 37.918609
30.448980 11.018375 54.000000 29.176383 29.591837 10.648882 62.000000 29.176383
29.918367 10.199731 50.000000 50.028769 28.142857 7.988394 47.000000 50.028769
29.469388 9.576823 49.000000 134.156270 29.040816 9.445359 52.000000 134.156270
29.551020 10.123080 58.000000 46.501891 29.142857 9.904701 54.000000 46.501891
28.836735 8.881457 46.000000 59.306798 28.510204 8.894855 54.000000 59.306798
29.204082 9.412603 50.000000 67.082096 27.959184 7.835839 47.000000 67.082096
28.489796 8.407465 47.000000 52.368906 27.775510 7.651603 42.000000 52.368906
26.571429 8.030868 46.000000 216.165221 26.326531 6.659271 38.000000 216.165221
27.204082 8.702363 46.000000 26.059230 27.040816 7.747189 50.000000 26.059230
26.510204 7.736971 45.000000 706.042695 26.653061 6.962495 45.000000 706.042695
26.693878 7.901987 45.000000 194.777499 27.367347 8.133408 48.000000 194.777499
28.122449 9.744430 54.000000 187.023053 28.367347 9.380159 50.000000 187.023053
27.836735 9.213050 46.000000 38.318371 27.755102 8.556738 50.000000 38.318371
28.673469 10.551568 54.000000 63.308027 28.081633 8.811512 51.000000 63.308027
28.183673 9.666977 53.000000 35.980348 28.122449 8.908776 49.000000 35.980348
27.183673 8.655309 52.000000 37.594688 27.326531 7.719003 44.000000 37.594688
27.816327 9.645625 52.000000 28.228682 28.040816 9.081440 56.000000 28.228682
26.448980 7.439270 44.000000 70.932947 26.979592 7.192464 45.000000 70.932947
26.632653 7.612236 45.000000 141.263144 27.693878 8.302786 48.000000 141.263144
28.061224 9.960558 58.000000 95.805682 29.142857 10.416086 54.000000 95.805682
27.795918 9.334515 50.000000 31.885018 28.959184 10.203010 58.000000 31.885018
27.714286 9.180886 50.000000 54.187057 27.959184 8.473024 47.000000 54.187057
26.816327 7.753080 45.000000 81.976292 28.408163 9.146952 48.000000 81.976292
29.040816 10.517456 54.000000 46.708971 29.693878 10.474720 50.000000 46.708971
29.653061 11.346558 54.000000 33.555239 29.979592 11.001387 58.000000 33.555239
29.816327 11.605497 56.000000 28.044652 29.632653 10.306026 53.000000 28.044652
29.367347 10.808919 55.000000 32.514889 30.530612 11.823621 58.000000 32.514889
28.755102 10.082200 54.000000 61.388830 29.081633 9.890820 50.000000 61.388830
28.469388 9.588657 46.000000 42.703694 28.469388 9.162006 50.000000 42.703694
29.306122 10.831805 54.000000 42.314853 28.795918 9.375290 51.000000 42.314853
28.816327 10.003450 53.000000 51.373128 28.836735 9.463651 49.000000 51.373128
30.693878 12.837131 64.000000 29.659167 30.102041 11.194153 56.000000 29.659167
30.673469 12.689614 58.000000 203.582028 30.571429 12.223014 66.000000 203.582028
30.142857 11.815593 54.000000 36.395108 29.122449 9.538058 51.000000 36.395108
29.693878 11.129424 53.000000 315.222090 30.020408 11.038807 56.000000 315.222090
30.224490 12.266399 64.000000 63.503066 30.571429 12.097542 60.000000 63.503066
29.510204 10.916973 52.000000 27.925529 29.938776 11.023701 60.000000 27.925529
29.877551 11.526093 56.000000 156.709876 29.387755 9.935496 53.000000 156.709876
29.163265 10.356226 53.000000 24.696100 29.204082 9.703819 48.000000 24.696100
25.836735 7.476001 46.000000 60.660835 25.979592 6.434411 38.000000 60.660835
26.469388 8.250216 46.000000 33.740499 26.693878 7.587847 50.000000 33.740499
25.775510 7.153012 45.000000 365.716917 26.306122 6.764687 45.000000 365.716917
25.959184 7.349758 45.000000 25.274066 27.020408 7.996107 48.000000 25.274066
27.387755 9.415531 54.000000 42.284528 28.020408 9.299129 50.000000 42.284528
27.102041 8.840499 46.000000 33.630598 27.408163 8.442451 50.000000 33.630598
27.938776 10.288434 54.000000 60.656733 27.734694 8.713718 51.000000 60.656733
27.448980 9.340216 53.000000 66.070366 27.775510 8.813685 49.000000 66.070366
25.102041 6.686638 46.000000 37.269401 25.632653 6.124798 38.000000 37.269401
25.734694 7.604327 46.000000 27.240437 26.346939 7.361228 50.000000 27.240437
24.367347 5.563852 34.000000 36.419418 25.285714 5.716678 39.000000 36.419418
24.551020 5.666182 39.000000 38.366948 26.000000 6.608336 42.000000 38.366948
25.979592 7.877908 52.000000 622.192212 27.448980 8.403635 48.000000 622.192212
25.714286 7.216819 44.000000 38.715285 27.265306 8.235642 52.000000 38.715285
25.632653 7.062881 44.000000 32.743088 26.265306 6.649628 41.000000 32.743088
24.734694 5.728480 39.000000 256.816825 26.714286 7.223958 42.000000 256.816825
27.408163 9.219921 52.000000 2708.541325 28.897959 9.507989 48.000000 2708.541325
28.020408 10.133114 52.000000 83.859884 29.183673 10.050744 56.000000 83.859884
28.183673 10.416429 54.000000 69.690720 28.836735 9.329804 51.000000 69.690720
27.734694 9.538366 53.000000 32.822364 29.734694 10.883214 56.000000 32.822364
27.591837 9.513785 56.000000 76.987775 29.163265 10.128752 52.000000 76.987775
26.877551 8.183798 44.000000 46.771752 28.530612 9.283845 52.000000 46.771752
27.918367 10.012027 54.000000 32.801474 28.653061 9.226924 51.000000 32.801474
27.204082 8.642927 51.000000 31.502841 28.469388 9.003097 51.000000 31.502841
27.265306 8.998913 54.000000 345.103642 27.500000 7.969336 46.000000 345.103642
27.244898 8.802602 48.000000 66.289118 27.969388 8.977009 56.000000 66.289118
26.714286 7.944394 44.000000 40.403992 26.520408 6.619605 41.000000 40.403992
26.265306 7.302804 43.000000 607.260551 27.418367 7.827948 46.000000 607.260551
26.163265 7.865747 52.000000 40.003182 28.163265 8.694937 48.000000 40.003182
25.897959 7.210373 44.000000 68.151378 27.979592 8.548201 52.000000 68.151378
25.816327 7.058441 44.000000 91.607866 26.979592 7.134900 41.000000 91.607866
24.918367 5.752048 39.000000 53.357882 27.428571 7.630649 42.000000 53.357882
31.326531 11.628064 56.000000 185.126807 32.102041 11.746015 52.000000 185.126807
31.938776 12.368747 56.000000 285.502414 32.387755 12.208357 60.000000 285.502414
32.102041 12.602970 58.000000 232.884381 32.040816 11.598008 55.000000 232.884381
31.653061 11.884411 57.000000 24.501214 32.938776 12.936655 60.000000 24.501214
32.836735 13.486682 64.000000 35.863530 33.285714 13.432535 60.000000 35.863530
32.551020 12.990974 56.000000 36.270424 32.673469 12.624453 60.000000 36.270424
33.387755 14.288365 64.000000 89.945673 33.000000 12.928830 61.000000 89.945673
32.897959 13.455149 63.000000 210.244350 33.040816 13.011429 59.000000 210.244350
33.428571 14.362035 68.000000 240.630767 32.959184 12.952664 60.000000 240.630767
33.408163 14.228501 62.000000 94.277699 33.428571 13.890589 70.000000 94.277699
32.877551 13.404312 58.000000 51.776715 31.979592 11.453158 55.000000 51.776715
32.428571 12.758664 57.000000 29.679958 32.877551 12.811291 60.000000 29.679958
33.224490 14.236971 70.000000 61.629469 34.510204 15.110074 66.000000 61.629469
32.959184 13.672848 62.000000 41.592974 34.326531 14.881508 70.000000 41.592974
32.877551 13.526808 62.000000 39.266604 33.326531 13.256996 59.000000 39.266604
31.979592 12.099229 57.000000 461.649284 33.775510 13.915452 60.000000 461.649284
31.285714 11.669857 58.000000 41.879910 32.142857 12.052292 54.000000 41.879910
31.897959 12.509370 58.000000 33.447508 32.428571 12.548463 62.000000 33.447508
32.061224 12.767401 60.000000 179.563411 32.081633 11.897911 57.000000 179.563411
31.612245 11.981629 59.000000 65.303531 32.979592 13.340103 62.000000 65.303531
30.571429 10.795188 58.000000 50.076575 31.510204 11.462395 54.000000 50.076575
29.857143 9.716603 46.000000 46.952501 30.877551 10.743749 54.000000 46.952501
30.897959 11.207959 56.000000 66.514331 31.000000 10.690587 53.000000 66.514331
30.183673 10.074308 53.000000 48.702123 30.816327 10.504144 53.000000 48.702123
32.489796 13.339535 66.000000 158.866643 32.102041 12.132847 58.000000 158.866643
32.469388 13.197316 60.000000 66.867003 32.571429 13.088123 68.000000 66.867003
31.938776 12.350397 56.000000 376.675984 31.122449 10.624098 53.000000 376.675984
31.489796 11.687728 55.000000 38.983127 32.020408 11.989669 58.000000 38.983127
31.571429 12.166372 64.000000 240.232412 32.122449 12.379952 60.000000 240.232412
30.857143 10.894054 52.000000 161.952678 31.489796 11.420045 60.000000 161.952678
31.224490 11.460853 56.000000 26.345427 30.938776 10.456406 53.000000 26.345427
30.510204 10.377657 53.000000 59.213814 30.755102 10.264604 52.000000 59.213814
31.387755 11.740873 58.000000 42.493195 30.510204 10.265792 50.000000 42.493195
32.020408 12.580446 58.000000 1292.427111 31.224490 11.503949 62.000000 1292.427111
31.326531 11.503272 57.000000 92.075001 30.836735 10.708599 57.000000 92.075001
31.510204 11.729112 57.000000 278.494244 31.551020 11.984631 60.000000 278.494244
32.061224 12.631018 64.000000 49.955925 32.081633 12.764055 60.000000 49.955925
31.346939 11.441561 52.000000 34.295782 31.448980 11.833138 60.000000 34.295782
32.387755 13.099644 62.000000 53.639148 31.571429 11.841740 59.000000 53.639148
31.673469 11.872845 59.000000 30.916878 31.387755 11.587082 59.000000 30.916878
30.836735 11.010486 58.000000 1130.885323 29.530612 9.258269 50.000000 1130.885323
30.816327 10.849815 52.000000 25.877936 30.000000 10.230337 60.000000 25.877936
30.285714 10.143303 48.000000 596.233846 28.551020 7.882020 45.000000 596.233846
29.836735 9.628880 47.000000 3303.468833 29.448980 9.119055 50.000000 3303.468833
30.622449 10.972802 60.000000 72.645603 31.081633 11.209967 56.000000 72.645603
30.357143 10.422270 52.000000 26.921313 30.897959 11.011231 60.000000 26.921313
30.275510 10.289401 52.000000 42.343511 29.897959 9.424130 49.000000 42.343511
29.377551 9.094595 47.000000 48.572336 30.346939 10.037150 50.000000 48.572336
30.061224 10.701013 56.000000 73.470476 30.938776 10.904285 52.000000 73.470476
30.673469 11.569401 56.000000 761.405458 31.224490 11.430228 60.000000 761.405458
30.836735 11.837120 58.000000 56.893580 30.877551 10.737990 55.000000 56.893580
30.387755 11.016981 57.000000 23.696904 31.775510 12.257992 60.000000 23.696904
29.795918 10.370417 58.000000 580.197198 30.755102 10.880855 54.000000 580.197198
29.081633 9.181642 46.000000 236.568298 30.122449 10.073201 54.000000 236.568298
30.122449 10.823100 56.000000 37.957518 30.244898 10.025803 53.000000 37.957518
29.408163 9.586112 53.000000 345.539611 30.061224 9.812486 53.000000 345.539611
29.918367 10.492681 58.000000 21.639745 29.551020 9.314795 50.000000 21.639745
29.897959 10.322121 52.000000 65.743212 30.020408 10.280579 60.000000 65.743212
29.367347 9.525211 48.000000 2164.138674 28.571429 7.950880 45.000000 2164.138674
28.918367 8.928898 47.000000 22.833796 29.469388 9.176622 50.000000 22.833796
28.795918 9.381886 56.000000 121.525214 29.775510 9.734126 52.000000 121.525214
28.306122 8.450472 46.000000 110.060764 29.367347 9.210469 54.000000 110.060764
28.448980 8.660995 48.000000 110.856753 28.591837 8.021667 45.000000 110.856753
27.530612 7.465666 43.000000 108.953062 28.612245 8.094331 42.000000 108.953062
29.959184 8.830498 48.000000 19.365321 30.938776 8.395895 44.000000 19.365321
30.571429 9.356623 48.000000 19.414931 31.224490 8.810175 52.000000 19.414931
30.734694 9.550248 50.000000 19.395712 30.877551 8.239039 47.000000 19.395712
30.285714 8.923501 49.000000 19.588332 31.775510 9.397884 52.000000 19.588332
31.469388 10.218443 56.000000 21.091666 32.122449 9.828703 52.000000 21.091666
31.183673 9.752977 48.000000 20.391789 31.510204 9.165427 52.000000 20.391789
32.020408 10.922387 56.000000 26.437119 31.836735 9.341950 53.000000 26.437119
31.530612 10.136394 55.000000 20.781364 31.877551 9.426072 51.000000 20.781364
32.061224 10.993734 60.000000 20.182879 31.795918 9.404933 52.000000 20.182879
32.040816 10.831339 54.000000 22.320073 32.265306 10.351105 62.000000 22.320073
31.510204 10.082387 50.000000 19.958638 30.816327 8.086322 47.000000 19.958638
31.061224 9.527839 49.000000 20.336166 31.714286 9.270283 52.000000 20.336166
31.857143 10.955392 62.000000 287.501564 33.346939 11.294650 58.000000 287.501564
31.591837 10.384204 54.000000 29.586624 33.163265 11.101866 62.000000 29.586624
31.510204 10.244682 54.000000 37.623285 32.163265 9.557955 51.000000 37.623285
30.612245 8.966872 49.000000 24.776440 32.612245 10.151058 52.000000 24.776440
32.367347 10.855554 56.000000 36.117008 33.020408 10.589802 52.000000 36.117008
32.979592 11.590059 56.000000 109.781068 33.306122 11.076499 60.000000 109.781068
33.142857 11.825187 58.000000 57.554641 32.959184 10.430841 55.000000 57.554641
32.693878 11.098814 57.000000 80.375178 33.857143 11.831288 60.000000 80.375178
32.081633 10.471043 56.000000 29.020283 32.408163 10.094233 52.000000 29.020283
31.795918 10.034948 48.000000 28.344223 31.795918 9.468297 52.000000 28.344223
32.632653 11.128479 56.000000 31.305462 32.122449 9.629492 53.000000 31.305462
32.142857 10.387344 55.000000 28.744366 32.163265 9.709910 51.000000 28.744366
34.020408 12.945548 66.000000 60.571463 33.428571 11.253407 58.000000 60.571463
34.000000 12.801417 60.000000 30.405410 33.897959 12.225957 68.000000 30.405410
33.469388 11.995020 56.000000 31.022705 32.448980 9.743221 53.000000 31.022705
33.020408 11.372765 55.000000 84.046188 33.346939 11.108743 58.000000 84.046188
33.551020 12.430526 66.000000 2926.970271 33.897959 12.100515 62.000000 2926.970271
32.836735 11.186971 54.000000 24.203328 33.265306 11.103590 62.000000 24.203328
33.204082 11.740282 58.000000 26.728949 32.714286 10.097463 55.000000 26.728949
32.489796 10.684071 55.000000 177.713667 32.530612 9.894499 50.000000 177.713667
33.387755 12.011706 60.000000 28.873895 32.714286 10.269563 52.000000 28.873895
34.020408 12.833574 60.000000 36.048649 33.428571 11.494508 64.000000 36.048649
33.326531 11.779570 59.000000 32.549228 33.040816 10.705927 59.000000 32.549228
33.510204 12.000210 59.000000 7919.207578 33.755102 11.969946 62.000000 7919.207578
34.061224 12.883152 66.000000 31.560502 34.285714 12.741684 62.000000 31.560502
33.346939 11.719314 54.000000 272.609359 33.653061 11.820044 62.000000 272.609359
34.387755 13.342926 64.000000 156.813968 33.775510 11.826521 61.000000 156.813968
33.673469 12.140734 61.000000 29.650573 33.591837 11.574801 61.000000 29.650573
32.836735 11.298840 60.000000 218.402070 31.734694 9.284230 52.000000 218.402070
32.816327 11.142328 54.000000 326.171118 32.204082 10.244394 62.000000 326.171118
32.285714 10.455601 50.000000 208.396880 30.755102 7.937983 47.000000 208.396880
31.836735 9.957325 49.000000 226.107781 31.653061 9.147251 52.000000 226.107781
32.622449 11.262121 62.000000 32.148760 33.285714 11.202908 58.000000 32.148760
32.357143 10.726449 54.000000 65.451540 33.102041 11.007486 62.000000 65.451540
32.275510 10.597394 54.000000 100.386096 32.102041 9.441616 51.000000 100.386096
31.377551 9.441644 49.000000 44.911547 32.551020 10.044358 52.000000 44.911547
33.428571 12.338858 62.000000 40.044259 34.918367 12.595756 58.000000 40.044259
34.040816 13.222847 62.000000 34.342772 35.204082 13.098327 66.000000 34.342772
34.204082 13.489942 64.000000 1927.025853 34.857143 12.442031 61.000000 1927.025853
33.755102 12.682532 63.000000 56.710793 35.755102 13.907694 66.000000 56.710793
33.612245 12.618619 66.000000 39.473464 35.183673 13.152043 62.000000 39.473464
32.897959 11.399484 54.000000 124.771201 34.551020 12.308008 62.000000 124.771201
33.938776 13.099002 64.000000 315.876383 34.673469 12.305204 61.000000 315.876383
33.224490 11.844813 61.000000 29.924051 34.489796 12.077281 61.000000 29.924051
33.285714 12.127331 64.000000 81.686348 33.520408 10.978169 56.000000 81.686348
33.265306 11.975534 58.000000 87.847136 33.989796 11.889955 66.000000 87.847136
32.734694 11.170239 54.000000 31.850709 32.540816 9.641158 51.000000 31.850709
32.285714 10.553741 53.000000 29.962126 33.438776 10.845747 56.000000 29.962126
32.183673 10.913292 62.000000 659.538724 34.183673 11.745012 58.000000 659.538724
31.918367 10.348239 54.000000 163.571416 34.000000 11.573165 62.000000 163.571416
31.836735 10.210863 54.000000 179.816706 33.000000 10.184889 51.000000 179.816706
30.938776 8.961333 49.000000 144.604755 33.448980 10.708049 52.000000 144.604755
29.428571 8.627456 48.000000 17.410546 29.836735 8.103320 44.000000 17.410546
30.040816 9.200984 48.000000 17.554663 30.122449 8.569023 52.000000 17.554663
30.204082 9.407125 50.000000 17.492920 29.775510 7.932097 47.000000 17.492920
29.755102 8.742668 49.000000 18.680329 30.673469 9.238842 52.000000 18.680329
30.938776 10.123787 56.000000 32.272957 31.020408 9.716581 52.000000 32.272957
30.653061 9.637878 48.000000 22.339564 30.408163 8.969406 52.000000 22.339564
31.489796 10.861115 56.000000 158.723415 30.734694 9.189361 53.000000 158.723415
31.000000 10.044232 55.000000 26.230208 30.775510 9.279765 51.000000 26.230208
31.530612 10.934863 60.000000 20.823512 30.693878 9.248470 52.000000 20.823512
31.510204 10.770564 54.000000 64.922990 31.163265 10.260216 62.000000 64.922990
30.979592 9.988632 50.000000 19.618464 29.714286 7.764577 47.000000 19.618464
30.530612 9.403009 49.000000 21.972736 30.612245 9.101527 52.000000 21.972736
31.326531 10.886268 62.000000 39.113060 32.244898 11.318319 58.000000 39.113060
31.061224 10.297449 54.000000 73.067523 32.061224 11.107550 62.000000 73.067523
30.979592 10.152426 54.000000 145.559249 31.061224 9.447431 51.000000 145.559249
30.081633 8.806831 49.000000 117.919696 31.510204 10.096692 52.000000 117.919696
29.142857 8.350566 48.000000 60.456392 29.224490 7.912577 44.000000 60.456392
29.755102 8.961615 48.000000 62.220688 29.510204 8.409917 52.000000 62.220688
29.918367 9.178273 50.000000 61.319090 29.163265 7.732238 47.000000 61.319090
29.469388 8.480668 49.000000 27.522009 30.061224 9.128878 52.000000 27.522009
28.857143 8.018021 48.000000 58.973873 28.612245 7.586794 44.000000 58.973873
28.571429 7.622538 40.000000 58.882697 28.000000 7.107423 44.000000 58.882697
29.408163 8.554057 48.000000 59.803135 28.326531 7.128823 45.000000 59.803135
28.918367 7.870961 47.000000 58.935176 28.367347 7.213086 43.000000 58.935176
30.795918 10.174720 58.000000 485.540167 29.632653 8.581192 50.000000 485.540167
30.775510 10.000547 52.000000 53.613864 30.102041 9.616877 60.000000 53.613864
30.244898 9.226878 48.000000 72.669079 28.653061 7.088690 45.000000 72.669079
29.795918 8.656038 47.000000 28.491726 29.551020 8.431803 50.000000 28.491726
30.326531 9.746028 58.000000 96.708290 30.102041 9.456891 54.000000 96.708290
29.612245 8.515156 46.000000 60.197421 29.469388 8.466068 54.000000 60.197421
29.979592 9.035987 50.000000 60.559784 28.918367 7.417830 47.000000 60.559784
29.265306 8.053367 47.000000 59.754341 28.734694 7.247539 42.000000 59.754341
32.183673 11.277518 58.000000 38.014497 30.938776 9.506174 50.000000 38.014497
32.816327 12.107207 58.000000 157.565897 31.653061 10.802923 62.000000 157.565897
32.122449 11.034403 57.000000 31.705542 31.265306 9.968560 57.000000 31.705542
32.306122 11.256529 57.000000 103.683828 31.979592 11.300926 60.000000 103.683828
32.857143 12.157048 64.000000 84.257814 32.510204 12.105417 60.000000 84.257814
32.142857 10.968559 52.000000 30.049652 31.877551 11.144103 60.000000 30.049652
33.183673 12.622470 62.000000 112.231335 32.000000 11.148482 59.000000 112.231335
32.469388 11.394703 59.000000 52.367990 31.816327 10.884915 59.000000 52.367990
31.632653 10.557049 58.000000 34.833080 29.959184 8.458411 50.000000 34.833080
31.612245 10.390948 52.000000 58.716317 30.428571 9.491179 60.000000 58.716317
31.081633 9.695013 48.000000 33.518174 28.979592 6.985965 45.000000 33.518174
30.632653 9.194785 47.000000 35.852288 29.877551 8.310055 50.000000 35.852288
31.418367 10.534111 60.000000 60.255838 31.510204 10.495207 56.000000 60.255838
31.153061 9.980757 52.000000 51.136520 31.326531 10.290397 60.000000 51.136520
31.071429 9.848596 52.000000 108.533577 30.326531 8.621210 49.000000 108.533577
30.173469 8.676340 47.000000 119.641697 30.775510 9.266424 50.000000 119.641697
31.734694 11.007543 58.000000 42.777149 31.836735 10.828269 54.000000 42.777149
32.346939 11.870523 58.000000 42.338828 32.122449 11.385708 62.000000 42.338828
32.510204 12.136037 60.000000 91.309108 31.775510 10.654393 57.000000 91.309108
32.061224 11.324471 59.000000 26.859404 32.673469 12.266605 62.000000 26.859404
31.020408 10.107647 58.000000 815.681385 31.204082 10.148342 54.000000 815.681385
30.306122 8.982696 46.000000 301.928559 30.571429 9.308017 54.000000 301.928559
31.346939 10.533307 56.000000 35.218973 30.693878 9.250699 53.000000 35.218973
30.632653 9.352642 53.000000 445.131371 30.510204 9.028300 53.000000 445.131371
31.591837 10.800761 60.000000 18.502298 30.448980 9.056663 52.000000 18.502298
31.571429 10.634509 54.000000 70.446091 30.918367 10.099172 62.000000 70.446091
31.040816 9.845108 50.000000 1869.970286 29.469388 7.502857 47.000000 1869.970286
30.591837 9.253405 49.000000 19.666581 30.367347 8.904288 52.000000 19.666581
30.673469 9.808239 58.000000 173.216082 30.469388 9.375559 54.000000 173.216082
29.959184 8.615400 46.000000 153.279368 29.836735 8.403109 54.000000 153.279368
30.326531 9.116401 50.000000 154.349647 29.285714 7.373678 47.000000 154.349647
29.612245 8.174177 47.000000 151.851707 29.102041 7.211803 42.000000 151.851707
34.183673 12.050022 58.000000 24.338421 34.142857 10.794233 50.000000 24.338421
34.816327 12.729823 58.000000 24.587499 34.857143 11.756990 62.000000 24.587499
34.122449 11.833262 57.000000 24.493894 34.469388 11.108837 57.000000 24.493894
34.306122 12.009797 57.000000 25.156714 35.183673 12.129326 60.000000 25.156714
35.734694 13.762755 66.000000 181.324108 36.183673 13.319505 62.000000 181.324108
35.448980 13.296866 58.000000 78.034584 35.571429 12.548463 62.000000 78.034584
36.285714 14.514834 66.000000 36.248379 35.897959 12.831573 63.000000 36.248379
35.795918 13.727810 65.000000 116.578502 35.938776 12.911927 61.000000 116.578502
34.795918 12.690575 64.000000 44.638619 35.142857 11.840869 56.000000 44.638619
35.428571 13.593510 64.000000 107.170424 35.857143 13.005154 68.000000 107.170424
34.061224 11.617456 56.000000 40.170826 34.795918 11.376372 57.000000 40.170826
34.244898 11.798184 57.000000 48.200747 35.510204 12.355762 60.000000 48.200747
35.673469 13.897100 70.000000 72.722879 36.959184 14.299390 66.000000 72.722879
35.408163 13.367785 62.000000 91.526175 36.775510 14.089940 70.000000 91.526175
35.326531 13.233646 62.000000 28.439576 35.775510 12.560395 59.000000 28.439576
34.428571 11.957830 57.000000 36.179774 36.224490 13.169420 60.000000 36.179774
36.653061 14.602007 66.000000 30.288586 37.510204 14.503640 62.000000 30.288586
37.265306 15.387470 66.000000 59.448646 37.795918 14.969356 70.000000 59.448646
37.428571 15.625778 68.000000 42.591269 37.448980 14.364276 65.000000 42.591269
36.979592 14.910717 67.000000 66.091295 38.346939 15.732363 70.000000 66.091295
36.367347 14.202793 66.000000 133.431331 36.897959 13.902822 62.000000 133.431331
36.081633 13.765094 58.000000 121.369051 36.285714 13.199500 62.000000 121.369051
36.918367 14.909122 66.000000 173.473720 36.612245 13.451427 63.000000 173.473720
36.428571 14.166171 65.000000 128.323873 36.653061 13.525922 61.000000 128.323873
38.306122 16.794334 76.000000 10393.351965 37.918367 15.145802 68.000000 10393.351965
38.285714 16.676423 70.000000 85.589871 38.387755 16.045446 78.000000 85.589871
37.755102 15.873898 66.000000 33.474820 36.938776 13.666738 63.000000 33.474820
37.306122 15.239942 65.000000 57.895781 37.836735 15.008378 68.000000 57.895781
37.836735 16.234553 76.000000 29.291060 38.387755 15.950072 72.000000 29.291060
37.122449 15.031421 64.000000 38.402947 37.755102 14.974247 72.000000 38.402947
37.489796 15.584320 68.000000 45.272432 37.204082 14.027189 65.000000 45.272432
36.775510 14.523731 65.000000 31.208700 37.020408 13.807946 60.000000 31.208700
33.448980 11.405481 58.000000 26.121367 33.795918 10.518476 50.000000 26.121367
34.081633 12.160163 58.000000 26.519012 34.510204 11.526075 62.000000 26.519012
33.387755 11.172160 57.000000 26.362977 34.122449 10.851638 57.000000 26.362977
33.571429 11.370970 57.000000 27.611702 34.836735 11.915245 60.000000 27.611702
35.000000 13.289016 66.000000 36.797638 35.836735 13.151531 62.000000 36.797638
34.714286 12.789332 58.000000 32.063569 35.224490 12.352662 62.000000 32.063569
35.551020 14.095494 66.000000 154.386050 35.551020 12.649210 63.000000 154.386050
35.061224 13.256250 65.000000 34.545032 35.591837 12.731839 61.000000 34.545032
32.714286 10.601498 58.000000 25.171947 33.448980 10.189061 50.000000 25.171947
33.346939 11.450568 58.000000 25.302923 34.163265 11.248545 62.000000 25.302923
31.979592 9.598088 46.000000 25.138651 33.102041 9.800578 51.000000 25.138651
32.163265 9.741710 51.000000 25.189755 33.816327 10.633876 54.000000 25.189755
33.591837 11.726995 64.000000 29.493805 35.265306 12.340154 60.000000 29.493805
33.326531 11.188889 56.000000 27.164649 35.081633 12.162706 64.000000 27.164649
33.244898 11.057545 56.000000 27.418669 34.081633 10.764272 53.000000 27.418669
32.346939 9.860995 51.000000 26.771434 34.530612 11.297481 54.000000 26.771434
35.020408 13.158024 64.000000 35.029828 36.714286 13.576055 60.000000 35.029828
35.632653 14.008383 64.000000 35.940321 37.000000 14.047783 68.000000 35.940321
35.795918 14.265494 66.000000 139.479877 36.653061 13.432613 63.000000 139.479877
35.346939 13.490816 65.000000 36.713492 37.551020 14.813008 68.000000 36.713492
35.204082 13.426362 68.000000 56.257243 36.979592 14.097583 64.000000 56.257243
34.489796 12.263637 56.000000 42.342028 36.346939 13.303826 64.000000 42.342028
35.530612 13.888513 66.000000 450.784419 36.469388 13.303130 63.000000 450.784419
34.816327 12.689266 63.000000 49.577341 36.285714 13.089698 63.000000 49.577341
34.877551 12.955328 66.000000 12552.488933 35.316327 12.066480 58.000000 12552.488933
34.857143 12.812687 60.000000 78.223477 35.785714 12.909079 68.000000 78.223477
34.326531 12.045254 56.000000 166.947218 34.336735 10.845631 53.000000 166.947218
33.877551 11.459715 55.000000 26.719045 35.234694 11.944719 58.000000 26.719045
33.775510 11.788104 64.000000 645.373946 35.979592 12.778832 60.000000 645.373946
33.510204 11.257295 56.000000 383.271957 35.795918 12.618069 64.000000 383.271957
33.428571 11.128120 56.000000 405.087424 34.795918 11.340066 53.000000 405.087424
32.530612 9.956818 51.000000 354.907180 35.244898 11.820009 54.000000 354.907180
33.918367 12.008308 58.000000 276.372999 34.122449 11.694800 54.000000 276.372999
34.530612 12.698083 58.000000 516.359086 34.408163 12.158605 62.000000 516.359086
34.693878 12.918785 60.000000 376.021490 34.061224 11.546246 57.000000 376.021490
34.244898 12.240764 59.000000 27.297454 34.959184 12.888833 62.000000 27.297454
35.428571 13.750351 66.000000 374.966555 35.306122 13.385951 62.000000 374.966555
35.142857 13.277374 58.000000 96.051421 34.693878 12.575880 62.000000 96.051421
35.979592 14.514820 66.000000 71.918265 35.020408 12.880881 63.000000 71.918265
35.489796 13.716755 65.000000 46.300772 35.061224 12.963721 61.000000 46.300772
36.020408 14.585673 70.000000 49.107445 34.979592 12.904870 62.000000 49.107445
36.000000 14.455049 64.000000 31.529976 35.448980 13.845333 72.000000 31.529976
35.469388 13.667784 60.000000 28.718442 34.000000 11.400850 57.000000 28.718442
35.020408 13.055772 59.000000 103.773779 34.897959 12.763099 62.000000 103.773779
35.816327 14.470978 72.000000 41.654287 36.530612 15.067001 68.000000 41.654287
35.551020 13.927739 64.000000 44.492507 36.346939 14.838027 72.000000 44.492507
35.469388 13.787940 64.000000 110.232469 35.346939 13.209729 61.000000 110.232469
34.571429 12.433742 59.000000 38.754420 35.795918 13.869762 62.000000 38.754420
33.204082 11.392672 58.000000 53.966404 33.489796 11.256380 54.000000 53.966404
33.816327 12.153950 58.000000 264.590606 33.775510 11.753070 62.000000 264.590606
33.979592 12.393862 60.000000 94.552418 33.428571 11.098435 57.000000 94.552418
33.530612 11.657663 59.000000 893.899906 34.326531 12.535126 62.000000 893.899906
32.489796 10.626018 58.000000 21.628631 32.857143 10.703116 54.000000 21.628631
31.775510 9.672504 46.000000 21.316578 32.224490 10.015998 54.000000 21.316578
32.816327 10.987666 56.000000 22.846546 32.346939 9.942206 53.000000 22.846546
32.102041 9.968497 53.000000 21.501052 32.163265 9.767075 53.000000 21.501052
34.408163 12.918329 66.000000 114.517283 33.448980 11.347485 58.000000 114.517283
34.387755 12.774518 60.000000 66.673231 33.918367 12.311819 68.000000 66.673231
33.857143 11.983666 56.000000 33.093547 32.469388 9.853781 53.000000 33.093547
33.408163 11.376261 55.000000 38.203079 33.367347 11.204185 58.000000 38.203079
33.489796 11.854135 64.000000 38.224426 33.469388 11.608923 60.000000 38.224426
32.775510 10.674694 52.000000 36.732190 32.836735 10.660355 60.000000 36.732190
33.142857 11.189096 56.000000 41.544569 32.285714 9.698549 53.000000 41.544569
32.428571 10.213191 53.000000 31.814874 32.102041 9.517742 52.000000 31.814874
33.979592 12.114556 60.000000 55.462001 32.530612 10.210369 52.000000 55.462001
34.612245 12.900597 60.000000 156.851928 33.244898 11.453232 64.000000 156.851928
33.918367 11.887508 59.000000 86.244428 32.857143 10.654847 59.000000 86.244428
34.102041 12.097107 59.000000 31.597918 33.571429 11.935393 62.000000 31.597918
34.653061 12.948034 66.000000 280.048030 34.102041 12.716974 62.000000 280.048030
33.938776 11.826771 54.000000 38.594756 33.469388 11.783445 62.000000 38.594756
34.979592 13.391011 64.000000 42.820519 33.591837 11.791869 61.000000 42.820519
34.265306 12.228538 61.000000 39.611024 33.408163 11.536439 61.000000 39.611024
33.428571 11.436963 60.000000 22.921808 31.551020 9.198972 52.000000 22.921808
33.408163 11.283449 54.000000 24.954177 32.020408 10.175754 62.000000 24.954177
32.877551 10.635736 50.000000 22.642012 30.571429 7.814868 47.000000 22.642012
32.428571 10.172735 49.000000 23.104343 31.469388 9.059032 52.000000 23.104343
33.214286 11.411922 62.000000 38.385261 33.102041 11.158178 58.000000 38.385261
32.948980 10.898191 54.000000 34.969069 32.918367 10.958848 62.000000 34.969069
32.867347 10.775725 54.000000 50.140550 31.918367 9.365074 51.000000 50.140550
31.969388 9.696906 49.000000 25.270011 32.367347 9.980794 52.000000 25.270011
32.857143 11.227727 58.000000 77.094568 32.755102 10.793336 54.000000 77.094568
33.469388 12.017345 58.000000 30.802957 33.040816 11.329114 62.000000 30.802957
33.632653 12.264598 60.000000 207.462838 32.693878 10.624236 57.000000 207.462838
33.183673 11.506472 59.000000 88.644426 33.591837 12.172164 62.000000 88.644426
32.142857 10.424990 58.000000 44.934295 32.122449 10.168949 54.000000 44.934295
31.428571 9.424688 46.000000 43.397434 31.489796 9.393181 54.000000 43.397434
32.469388 10.803974 56.000000 56.979060 31.612245 9.324209 53.000000 56.979060
31.755102 9.739982 53.000000 44.245038 31.428571 9.122308 53.000000 44.245038
32.714286 11.039759 60.000000 46.803138 31.367347 9.156585 52.000000 46.803138
32.693878 10.879289 54.000000 118.731848 31.836735 10.146041 62.000000 118.731848
32.163265 10.168370 50.000000 45.187240 30.387755 7.741484 47.000000 45.187240
31.714286 9.649529 49.000000 48.150944 31.285714 9.014307 52.000000 48.150944
31.795918 10.173707 58.000000 41.814877 31.387755 9.470119 54.000000 41.814877
31.081633 9.118547 46.000000 41.151407 30.755102 8.577195 54.000000 41.151407
31.448980 9.549785 50.000000 41.206045 30.204082 7.638696 47.000000 41.206045
30.734694 8.747961 47.000000 41.063512 30.020408 7.505297 42.000000 41.063512
23.326531 6.807781 40.000000 24.990246 23.081633 5.057756 32.000000 24.990246
23.959184 7.352562 40.000000 209.753860 23.795918 6.105531 44.000000 209.753860
23.265306 6.484797 39.000000 34.105228 23.408163 5.281434 39.000000 34.105228
23.448980 6.603845 39.000000 27.331845 24.122449 6.449271 42.000000 27.331845
24.877551 8.256538 48.000000 21.657461 25.122449 7.606651 44.000000 21.657461
24.591837 7.725759 40.000000 32.391657 24.510204 6.819083 44.000000 32.391657
25.428571 9.026879 48.000000 24.839634 24.836735 7.007645 45.000000 24.839634
24.938776 8.144084 47.000000 52.683306 24.877551 7.113607 43.000000 52.683306
23.938776 7.304590 46.000000 31.102713 24.081633 5.937255 38.000000 31.102713
24.571429 8.243711 46.000000 24.240620 24.795918 7.359627 50.000000 24.240620
23.204082 6.154303 38.000000 26.262878 23.734694 5.415805 39.000000 26.262878
23.387755 6.281428 39.000000 38.597445 24.448980 6.523743 42.000000 38.597445
24.816327 8.530536 52.000000 58.815064 25.897959 8.605309 48.000000 58.815064
24.551020 7.884635 44.000000 52.702543 25.714286 8.407164 52.000000 52.702543
24.469388 7.731585 44.000000 25.597276 24.714286 6.628585 41.000000 25.597276
23.571429 6.371651 39.000000 23.726308 25.163265 7.301594 42.000000 23.726308
25.795918 8.872475 48.000000 31.281890 26.448980 8.497571 44.000000 31.281890
26.408163 9.666433 48.000000 115.137704 26.734694 9.051458 52.000000 115.137704
26.571429 9.923418 50.000000 338.605983 26.387755 8.309270 47.000000 338.605983
26.122449 9.116955 49.000000 56.488081 27.285714 9.880732 52.000000 56.488081
25.510204 8.446612 48.000000 37.309829 25.836735 7.982835 44.000000 37.309829
25.224490 7.951568 40.000000 108.025922 25.224490 7.297126 44.000000 108.025922
26.061224 9.162695 48.000000 23.068196 25.551020 7.442041 45.000000 23.068196
25.571429 8.332027 47.000000 24.498725 25.591837 7.537995 43.000000 24.498725
27.448980 11.121747 58.000000 28.336783 26.857143 9.248015 50.000000 28.336783
27.428571 10.956333 52.000000 27.827987 27.326531 10.344355 60.000000 27.827987
26.897959 10.078547 48.000000 27.344491 25.877551 7.526264 45.000000 27.344491
26.448980 9.398533 47.000000 29.473339 26.775510 9.084404 50.000000 29.473339
26.979592 10.582011 58.000000 95.752150 27.326531 10.195790 54.000000 95.752150
26.265306 9.201693 46.000000 41.551202 26.693878 9.091072 54.000000 41.551202
26.632653 9.813086 50.000000 63.301468 26.142857 7.931407 47.000000 63.301468
25.918367 8.641393 47.000000 56.821498 25.959184 7.705826 42.000000 56.821498
24.612245 7.898366 46.000000 40.247281 24.755102 6.350682 38.000000 40.247281
25.244898 8.724963 46.000000 57.325952 25.469388 7.633626 50.000000 57.325952
24.551020 7.583382 45.000000 31.493703 25.081633 6.745252 45.000000 31.493703
24.734694 7.798428 45.000000 90.678425 25.795918 8.089651 48.000000 90.678425
26.163265 9.949039 54.000000 32.589223 26.795918 9.510666 50.000000 32.589223
25.877551 9.369027 46.000000 67.054881 26.183673 8.587148 50.000000 67.054881
26.714286 10.841881 54.000000 56.572540 26.510204 8.899490 51.000000 56.572540
26.224490 9.885458 53.000000 53.767228 26.551020 9.003003 49.000000 53.767228
23.877551 7.027582 46.000000 28.921818 24.408163 5.965255 38.000000 28.921818
24.510204 8.004180 46.000000 61.302871 25.122449 7.350244 50.000000 61.302871
23.142857 5.815018 34.000000 216.513665 24.061224 5.467460 39.000000 216.513665
23.326531 5.951307 39.000000 64.451894 24.775510 6.530706 42.000000 64.451894
24.755102 8.301113 52.000000 24.663684 26.224490 8.554893 48.000000 24.663684
24.489796 7.633681 44.000000 65.581416 26.040816 8.362802 52.000000 65.581416
24.408163 7.474819 44.000000 28.566971 25.040816 6.622234 41.000000 28.566971
23.510204 6.048336 39.000000 97.797352 25.489796 7.275499 42.000000 97.797352
26.183673 9.766709 52.000000 37.951930 27.673469 9.826091 48.000000 37.951930
26.795918 10.704040 52.000000 33.800874 27.959184 10.386270 56.000000 33.800874
26.959184 10.991016 54.000000 36.495760 27.612245 9.645930 51.000000 36.495760
26.510204 10.107918 53.000000 45.574907 28.510204 11.254548 56.000000 45.574907
26.367347 10.067184 56.000000 157.845200 27.938776 10.459363 52.000000 157.845200
25.653061 8.720283 44.000000 50.488170 27.306122 9.561961 52.000000 50.488170
26.693878 10.577557 54.000000 44.372973 27.428571 9.522626 51.000000 44.372973
25.979592 9.196570 51.000000 166.813345 27.244898 9.281465 51.000000 166.813345
26.040816 9.539844 54.000000 27.311541 26.275510 8.136440 46.000000 27.311541
26.020408 9.352192 48.000000 27.971681 26.744898 9.189092 56.000000 27.971681
25.489796 8.472204 44.000000 32.662295 25.295918 6.639788 41.000000 32.662295
25.040816 7.802879 43.000000 36.608959 26.193878 7.985371 46.000000 36.608959
24.938776 8.316939 52.000000 44.484509 26.938776 8.940602 48.000000 44.484509
24.673469 7.657320 44.000000 26.350303 26.755102 8.772099 52.000000 26.350303
24.591837 7.500978 44.000000 29.500726 25.755102 7.232603 41.000000 29.500726
23.693878 6.107977 39.000000 23.074416 26.204082 7.793679 42.000000 23.074416
27.204082 9.445404 48.000000 22.902298 28.387755 8.761011 44.000000 22.902298
27.816327 10.109042 48.000000 24.687380 28.673469 9.238842 52.000000 24.687380
27.979592 10.332592 50.000000 23.891453 28.326531 8.592463 47.000000 23.891453
27.530612 9.627285 49.000000 36.823519 29.224490 9.944724 52.000000 36.823519
28.714286 11.138306 56.000000 62.646342 29.571429 10.438825 52.000000 62.646342
28.428571 10.638386 48.000000 25.134497 28.959184 9.654782 52.000000 25.134497
29.265306 11.916852 56.000000 30.980098 29.285714 9.907823 53.000000 30.980098
28.775510 11.078474 55.000000 263.195983 29.326531 9.997706 51.000000 263.195983
29.306122 11.991757 60.000000 194.151721 29.244898 9.956670 52.000000 194.151721
29.285714 11.838257 54.000000 29.116499 29.714286 10.965739 62.000000 29.116499
28.755102 11.023930 50.000000 35.213818 28.265306 8.427436 47.000000 35.213818
28.306122 10.399651 49.000000 33.657908 29.163265 9.808153 52.000000 33.657908
29.102041 11.909011 62.000000 34.087603 30.795918 12.093245 58.000000 34.087603
28.836735 11.320717 54.000000 131.473479 30.612245 11.873589 62.000000 131.473479
28.755102 11.172556 54.000000 55.421192 29.612245 10.194634 51.000000 55.421192
27.857143 9.761063 49.000000 34.802768 30.061224 10.859759 52.000000 34.802768
26.918367 9.123069 48.000000 76.501255 27.775510 8.479850 44.000000 76.501255
27.530612 9.826541 48.000000 26.087941 28.061224 8.992341 52.000000 26.087941
27.693878 10.061059 50.000000 323.639360 27.714286 8.301037 47.000000 323.639360
27.244898 9.321366 49.000000 64.310211 28.612245 9.751165 52.000000 64.310211
26.632653 8.746590 48.000000 31.053523 27.163265 8.066341 44.000000 31.053523
26.346939 8.308612 40.000000 30.388384 26.551020 7.498622 44.000000 30.388384
27.183673 9.373517 48.000000 46.759805 26.877551 7.582216 45.000000 46.759805
26.693878 8.627943 47.000000 30.745310 26.918367 7.669290 43.000000 30.745310
28.571429 11.155878 58.000000 44.273700 28.183673 9.172288 50.000000 44.273700
28.551020 10.993084 52.000000 210.543970 28.653061 10.215313 60.000000 210.543970
28.020408 10.177780 48.000000 82.973251 27.204082 7.607591 45.000000 82.973251
27.571429 9.558286 47.000000 32.413642 28.102041 9.019440 50.000000 32.413642
28.102041 10.667892 58.000000 139.909909 28.653061 10.064843 54.000000 139.909909
27.387755 9.387020 46.000000 55.906207 28.020408 9.038269 54.000000 55.906207
27.755102 9.945274 50.000000 73.704072 27.469388 7.964100 47.000000 73.704072
27.040816 8.882879 47.000000 44.373395 27.285714 7.771213 42.000000 44.373395
29.959184 12.423721 58.000000 25.060664 29.489796 10.231591 50.000000 25.060664
30.591837 13.288889 58.000000 166.871900 30.204082 11.537442 62.000000 166.871900
29.897959 12.192181 57.000000 48.072299 29.816327 10.707303 57.000000 48.072299
30.081633 12.426836 57.000000 27.246061 30.530612 12.044765 60.000000 27.246061
30.632653 13.341191 64.000000 27.641576 31.061224 12.863131 60.000000 27.641576
29.918367 12.136401 52.000000 31.350942 30.428571 11.885190 60.000000 31.350942
30.959184 13.819841 62.000000 545.084087 30.551020 11.904363 59.000000 545.084087
30.244898 12.581332 59.000000 266.706597 30.367347 11.634811 59.000000 266.706597
29.408163 11.667946 58.000000 99.114363 28.510204 9.110145 50.000000 99.114363
29.387755 11.513894 52.000000 1747.512203 28.979592 10.144299 60.000000 1747.512203
28.857143 10.779897 48.000000 84.998095 27.530612 7.575332 45.000000 84.998095
28.408163 10.234203 47.000000 111.827500 28.428571 8.959243 50.000000 111.827500
29.193878 11.605774 60.000000 48.782289 30.061224 11.231231 56.000000 48.782289
28.928571 11.052126 52.000000 155.798016 29.877551 11.015701 60.000000 155.798016
28.846939 10.916130 52.000000 36.701487 28.877551 9.319379 49.000000 36.701487
27.948980 9.664872 47.000000 27.471135 29.326531 9.985325 50.000000 27.471135
29.510204 12.096046 58.000000 27.045708 30.387755 11.584412 54.000000 27.045708
30.122449 12.992675 58.000000 30.534806 30.673469 12.141584 62.000000 30.534806
30.285714 13.263390 60.000000 550.071101 30.326531 11.414203 57.000000 550.071101
29.836735 12.444262 59.000000 44.956948 31.224490 13.033289 62.000000 44.956948
28.795918 11.140119 58.000000 25.993505 29.755102 10.866634 54.000000 25.993505
28.081633 9.970755 46.000000 26.771180 29.122449 9.994086 54.000000 26.771180
29.122449 11.591203 56.000000 49.170655 29.244898 9.958741 53.000000 49.170655
28.408163 10.376258 53.000000 59.265102 29.061224 9.724892 53.000000 59.265102
29.367347 11.881188 60.000000 32.601298 29.000000 9.742033 52.000000 32.601298
29.346939 11.726349 54.000000 50.606455 29.469388 10.782005 62.000000 50.606455
28.816327 10.906677 50.000000 38.878513 28.020408 8.143025 47.000000 38.878513
28.367347 10.277979 49.000000 239.875317 28.918367 9.588087 52.000000 239.875317
28.448980 10.797215 58.000000 83.557932 29.020408 10.042158 54.000000 83.557932
27.734694 9.559958 46.000000 35.233190 28.387755 9.039014 54.000000 35.233190
28.102041 10.095921 50.000000 36.720043 27.836735 7.990579 47.000000 36.720043
27.387755 9.078844 47.000000 33.381483 27.653061 7.807084 42.000000 33.381483
22.224490 6.660440 40.000000 33.556455 22.959184 5.155156 32.000000 33.556455
22.857143 7.313312 40.000000 25.954306 23.673469 6.200724 44.000000 25.954306
22.163265 6.319164 39.000000 333.417251 23.285714 5.382292 39.000000 333.417251
22.346939 6.472945 39.000000 44.439495 24.000000 6.545637 42.000000 44.439495
23.775510 8.345047 48.000000 59.603627 25.000000 7.704598 44.000000 59.603627
23.489796 7.779493 40.000000 148.922288 24.387755 6.917232 44.000000 148.922288
24.326531 9.175017 48.000000 80.487846 24.714286 7.108874 45.000000 80.487846
23.836735 8.242077 47.000000 266.470861 24.755102 7.214049 43.000000 266.470861
22.836735 7.261953 46.000000 42.733511 23.959184 6.040957 38.000000 42.733511
23.469388 8.291349 46.000000 25.977132 24.673469 7.455401 50.000000 25.977132
22.102041 5.968111 38.000000 42.103175 23.612245 5.521528 39.000000 42.103175
22.285714 6.132556 39.000000 24.069785 24.326531 6.625125 42.000000 24.069785
23.714286 8.608315 52.000000 25.448921 25.775510 8.703040 48.000000 25.448921
23.448980 7.931566 44.000000 28.343047 25.591837 8.504501 52.000000 28.343047
23.367347 7.767747 44.000000 22.581377 24.591837 6.733264 41.000000 22.581377
22.469388 6.257703 39.000000 72.063523 25.040816 7.404260 42.000000 72.063523
24.693878 9.068364 48.000000 1322.122927 26.326531 8.604453 44.000000 1322.122927
25.306122 9.915528 48.000000 25.478289 26.612245 9.155735 52.000000 25.478289
25.469388 10.184083 50.000000 33.158586 26.265306 8.417643 47.000000 33.158586
25.020408 9.346679 49.000000 62.407669 27.163265 9.983175 52.000000 62.407669
24.408163 8.615303 48.000000 20.298081 25.714286 8.087154 44.000000 20.298081
24.122449 8.091316 40.000000 53.700349 25.102041 7.400877 44.000000 53.700349
24.959184 9.384038 48.000000 50.050659 25.428571 7.549152 45.000000 50.050659
24.469388 8.511004 47.000000 164.846251 25.469388 7.644423 43.000000 164.846251
26.346939 11.440660 58.000000 39.938125 26.734694 9.351720 50.000000 39.938125
26.326531 11.277910 52.000000 110.181890 27.204082 10.442735 60.000000 110.181890
25.795918 10.370417 48.000000 22.704593 25.755102 7.637484 45.000000 22.704593
25.346939 9.659248 47.000000 50.846840 26.653061 9.188857 50.000000 50.846840
25.877551 10.868725 58.000000 33.351200 27.204082 10.295589 54.000000 33.351200
25.163265 9.446206 46.000000 687.228366 26.571429 9.194351 54.000000 687.228366
25.530612 10.083368 50.000000 30.918659 26.020408 8.041105 47.000000 30.918659
24.816327 8.857808 47.000000 22.237377 25.836735 7.815783 42.000000 22.237377
21.489796 6.181524 40.000000 1182.950094 22.612245 5.047471 32.000000 1182.950094
22.122449 6.947914 40.000000 21.426391 23.326531 6.152320 44.000000 21.426391
21.428571 5.804371 39.000000 47.332393 22.938776 5.300878 39.000000 47.332393
21.612245 5.994211 39.000000 22.829512 23.653061 6.517387 42.000000 22.829512
23.040816 8.111235 48.000000 31.655805 24.653061 7.726113 44.000000 31.655805
22.755102 7.499912 40.000000 18.366132 24.040816 6.910202 44.000000 18.366132
23.591837 9.008400 48.000000 51.973524 24.367347 7.118131 45.000000 51.973524
23.102041 8.010933 47.000000 37.727083 24.408163 7.225152 43.000000 37.727083
20.755102 5.430083 40.000000 65.384166 22.265306 4.840872 32.000000 65.384166
21.387755 6.362961 40.000000 25.990068 22.979592 6.025683 44.000000 25.990068
20.020408 4.264405 28.000000 10.106438 21.918367 4.521822 33.000000 10.106438
20.204082 4.326755 33.000000 1752.978580 22.632653 5.257077 36.000000 1752.978580
21.632653 6.626077 46.000000 202.814578 24.081633 6.846887 42.000000 202.814578
21.367347 5.900180 38.000000 29.872590 23.897959 6.712797 46.000000 29.872590
21.285714 5.734684 38.000000 35.320034 22.897959 5.174262 35.000000 35.320034
20.387755 4.337876 33.000000 240.314124 23.346939 5.687936 36.000000 240.314124
23.061224 7.879003 46.000000 33.798008 25.530612 7.678064 42.000000 33.798008
23.673469 8.815141 46.000000 56.867204 25.816327 8.249145 50.000000 56.867204
23.836735 9.109521 48.000000 24.684377 25.469388 7.478084 45.000000 24.684377
23.387755 8.183001 47.000000 31.989949 26.367347 9.085377 50.000000 31.989949
23.244898 8.183540 50.000000 33.505370 25.795918 8.350516 46.000000 33.505370
22.530612 6.768947 38.000000 26.224294 25.163265 7.529590 46.000000 26.224294
23.571429 8.695300 48.000000 58.373615 25.285714 7.415503 45.000000 58.373615
22.857143 7.242486 45.000000 34.299566 25.102041 7.203221 45.000000 34.299566
22.918367 7.650448 48.000000 159.275950 24.132653 6.284718 40.000000 159.275950
22.897959 7.423132 42.000000 27.529247 24.602041 7.353714 50.000000 27.529247
22.367347 6.519420 38.000000 26.434977 23.153061 5.001756 35.000000 26.434977
21.918367 5.849792 37.000000 44.445182 24.051020 6.139902 40.000000 44.445182
21.816327 6.565054 46.000000 86.463622 24.795918 6.932605 42.000000 86.463622
21.551020 5.840001 38.000000 26.097578 24.612245 6.819669 46.000000 26.097578
21.469388 5.675420 38.000000 27.899737 23.612245 5.446332 35.000000 27.899737
20.571429 4.298166 33.000000 21.324480 24.061224 5.881679 36.000000 21.324480
26.979592 9.959692 50.000000 33.133866 28.734694 9.459137 46.000000 33.133866
27.591837 10.720283 50.000000 44.091834 29.020408 9.951407 54.000000 44.091834
27.755102 10.964856 52.000000 38.490801 28.673469 9.292249 49.000000 38.490801
27.306122 10.204515 51.000000 30.320165 29.571429 10.696372 54.000000 30.320165
28.489796 11.867173 58.000000 380.667308 29.918367 11.209048 54.000000 380.667308
28.204082 11.342793 50.000000 36.443955 29.306122 10.384771 54.000000 36.443955
29.040816 12.698663 58.000000 43.180746 29.632653 10.671658 55.000000 43.180746
28.551020 11.822678 57.000000 160.623722 29.673469 10.761496 53.000000 160.623722
29.081633 12.776165 62.000000 458.957608 29.591837 10.710662 54.000000 458.957608
29.061224 12.628569 56.000000 765.768407 30.061224 11.721701 64.000000 765.768407
28.530612 11.767686 52.000000 360.402843 28.612245 9.128671 49.000000 360.402843
28.081633 11.094415 51.000000 71.947458 29.510204 10.559839 54.000000 71.947458
28.877551 12.662360 64.000000 106.892538 31.142857 12.923247 60.000000 106.892538
28.612245 12.061383 56.000000 48.394004 30.959184 12.693791 64.000000 48.394004
28.530612 11.907032 56.000000 31.214019 29.959184 10.988202 53.000000 31.214019
27.632653 10.401613 51.000000 191.190980 30.408163 11.672363 54.000000 191.190980
26.938776 10.015263 52.000000 61.049459 28.775510 9.825834 48.000000 61.049459
27.551020 10.888491 52.000000 29.749084 29.061224 10.355353 56.000000 29.749084
27.714286 11.159574 54.000000 31.401568 28.714286 9.652733 51.000000 31.401568
27.265306 10.324179 53.000000 209.848456 29.612245 11.171238 56.000000 209.848456
26.224490 9.112731 52.000000 61.255753 28.142857 9.275842 48.000000 61.255753
25.510204 7.956382 40.000000 29.908493 27.510204 8.570201 48.000000 29.908493
26.551020 9.541145 50.000000 210.377484 27.632653 8.465074 47.000000 210.377484
25.836735 8.324221 47.000000 38.578878 27.448980 8.287517 47.000000 38.578878
28.142857 11.749095 60.000000 87.588042 28.734694 9.935411 52.000000 87.588042
28.122449 11.590314 54.000000 24.444372 29.204082 10.968520 62.000000 24.444372
27.591837 10.699106 50.000000 34.299929 27.755102 8.341996 47.000000 34.299929
27.142857 10.002062 49.000000 25.886090 28.653061 9.782271 52.000000 25.886090
27.224490 10.544487 58.000000 35.231606 28.755102 10.230399 54.000000 35.231606
26.510204 9.177791 46.000000 37.049762 28.122449 9.229341 54.000000 37.049762
26.877551 9.781389 50.000000 42.096625 27.571429 8.187242 47.000000 42.096625
26.163265 8.625895 47.000000 329.358273 27.387755 8.002104 46.000000 329.358273
27.040816 10.081031 52.000000 30.658346 27.142857 8.084604 44.000000 30.658346
27.673469 10.951416 52.000000 377.247677 27.857143 9.408266 56.000000 377.247677
26.979592 9.813708 51.000000 32.005271 27.469388 8.538819 51.000000 32.005271
27.163265 10.046997 51.000000 60.175858 28.183673 9.902980 54.000000 60.175858
27.714286 11.003280 58.000000 39.840145 28.714286 10.702153 54.000000 39.840145
27.000000 9.737800 46.000000 179.709660 28.081633 9.746978 54.000000 179.709660
28.040816 11.490847 56.000000 64.926504 28.204082 9.723984 53.000000 64.926504
27.326531 10.187698 53.000000 41.213593 28.020408 9.463963 53.000000 41.213593
26.489796 9.319357 52.000000 24.925342 26.163265 7.134487 44.000000 24.925342
26.469388 9.132703 46.000000 40.538920 26.632653 8.206595 54.000000 40.538920
25.938776 8.387296 42.000000 712.869799 25.183673 5.702860 39.000000 712.869799
25.489796 7.853353 41.000000 29.408308 26.081633 6.984037 44.000000 29.408308
26.275510 9.313310 54.000000 27.677839 27.714286 9.088341 50.000000 27.677839
26.010204 8.708918 46.000000 48.961561 27.530612 8.897126 54.000000 48.961561
25.928571 8.565394 46.000000 62.628179 26.530612 7.214253 43.000000 62.628179
25.030612 7.294192 41.000000 67.571596 26.979592 7.847752 44.000000 67.571596
25.714286 9.095144 50.000000 32.880091 27.571429 8.752025 46.000000 32.880091
26.326531 10.000799 50.000000 44.717716 27.857143 9.317980 54.000000 44.717716
26.489796 10.282850 52.000000 73.773650 27.510204 8.562981 49.000000 73.773650
26.040816 9.407080 51.000000 63.799318 28.408163 10.173583 54.000000 63.799318
25.448980 8.754525 52.000000 68.996862 27.387755 8.778644 48.000000 68.996862
24.734694 7.468906 40.000000 26.586780 26.755102 7.969091 48.000000 26.586780
25.775510 9.227403 50.000000 25.289072 26.877551 7.867806 47.000000 25.289072
25.061224 7.892077 47.000000 226.318858 26.693878 7.658172 47.000000 226.318858
25.571429 8.876007 52.000000 37.882382 26.183673 7.200153 44.000000 37.882382
25.551020 8.677643 46.000000 1204.466086 26.653061 8.262575 54.000000 1204.466086
25.020408 7.826705 42.000000 47.243981 25.204082 5.788291 39.000000 47.243981
24.571429 7.193926 41.000000 302.206405 26.102041 7.051343 44.000000 302.206405
24.448980 7.775354 50.000000 26.888990 26.408163 7.657402 46.000000 26.888990
23.959184 6.744098 40.000000 33.154123 26.000000 7.133484 48.000000 33.154123
24.102041 6.971946 42.000000 41.714491 25.224490 5.875917 39.000000 41.714491
23.183673 5.692004 37.000000 30.276358 25.244898 5.965643 36.000000 30.276358
28.653061 9.157389 48.000000 27.362016 30.204082 8.670318 44.000000 27.362016
29.265306 9.748963 48.000000 27.523996 30.489796 9.095422 52.000000 27.523996
29.428571 9.956607 50.000000 27.459145 30.142857 8.513180 47.000000 27.459145
28.979592 9.293585 49.000000 28.133654 31.040816 9.708024 52.000000 28.133654
30.163265 10.690292 56.000000 37.303262 31.387755 10.151058 52.000000 37.303262
29.877551 10.209421 48.000000 32.985413 30.775510 9.462384 52.000000 32.985413
30.714286 11.428848 56.000000 274.918216 31.102041 9.658595 53.000000 274.918216
30.224490 10.619502 55.000000 35.223432 31.142857 9.743092 51.000000 35.223432
30.755102 11.501736 60.000000 31.370366 31.061224 9.716408 52.000000 31.370366
30.734694 11.344240 54.000000 46.979288 31.530612 10.667616 62.000000 46.979288
30.204082 10.565416 50.000000 30.323561 30.081633 8.360034 47.000000 30.323561
29.755102 9.978390 49.000000 32.168240 30.979592 9.579811 52.000000 32.168240
30.551020 11.441579 62.000000 28.775614 32.612245 11.654505 58.000000 28.775614
30.285714 10.863729 54.000000 30.652536 32.428571 11.455877 62.000000 30.652536
30.204082 10.720401 54.000000 69.787266 31.428571 9.892202 51.000000 69.787266
29.306122 9.381280 49.000000 145.376238 31.877551 10.498174 52.000000 145.376238
31.061224 11.405204 56.000000 37.504687 32.285714 10.950686 52.000000 37.504687
31.673469 12.172959 56.000000 28.055945 32.571429 11.440568 60.000000 28.055945
31.836735 12.414403 58.000000 93.043406 32.224490 10.792829 55.000000 93.043406
31.387755 11.673949 57.000000 48.362279 33.122449 12.206357 60.000000 48.362279
30.775510 11.005650 56.000000 29.708501 31.673469 10.428723 52.000000 29.708501
30.489796 10.555933 48.000000 28.602378 31.061224 9.777753 52.000000 28.602378
31.326531 11.695250 56.000000 33.551665 31.387755 9.958297 53.000000 33.551665
30.836735 10.933439 55.000000 29.251041 31.428571 10.039099 51.000000 29.251041
32.714286 13.571498 66.000000 43.333271 32.693878 11.619756 58.000000 43.333271
32.693878 13.432081 60.000000 57.033930 33.163265 12.591679 68.000000 57.033930
32.163265 12.610496 56.000000 176.075511 31.714286 10.092357 53.000000 176.075511
31.714286 11.970755 55.000000 50.326887 32.612245 11.474429 58.000000 50.326887
32.244898 13.033708 66.000000 34.536222 33.163265 12.469918 62.000000 34.536222
31.530612 11.773817 54.000000 71.041242 32.530612 11.464157 62.000000 71.041242
31.897959 12.340103 58.000000 140.341118 31.979592 10.453608 55.000000 140.341118
31.183673 11.256473 55.000000 42.356413 31.795918 10.244394 50.000000 42.356413
32.081633 12.617835 60.000000 23.590393 31.979592 10.619938 52.000000 23.590393
32.714286 13.464731 60.000000 33.271953 32.693878 11.853407 64.000000 33.271953
32.020408 12.390535 59.000000 28.248572 32.306122 11.064393 59.000000 28.248572
32.204082 12.619702 59.000000 47.427205 33.020408 12.334663 62.000000 47.427205
32.755102 13.515978 66.000000 53.983559 33.551020 13.114973 62.000000 53.983559
32.040816 12.335448 54.000000 193.989884 32.918367 12.183032 62.000000 193.989884
33.081633 13.985761 64.000000 48.006639 33.040816 12.196770 61.000000 48.006639
32.367347 12.770284 61.000000 41.079022 32.857143 11.941438 61.000000 41.079022
31.530612 11.880161 60.000000 26.197462 31.000000 9.594887 52.000000 26.197462
31.510204 11.729112 54.000000 29.026968 31.469388 10.559799 62.000000 29.026968
30.979592 11.015434 50.000000 25.773315 30.020408 8.211106 47.000000 25.773315
30.530612 10.487306 49.000000 26.474745 30.918367 9.456001 52.000000 26.474745
31.316327 11.821348 62.000000 39.416305 32.551020 11.561688 58.000000 39.416305
31.051020 11.281197 54.000000 182.398796 32.367347 11.360438 62.000000 182.398796
30.969388 11.148902 54.000000 28.615507 31.367347 9.775192 51.000000 28.615507
30.071429 9.938211 49.000000 54.042893 31.816327 10.390665 52.000000 54.042893
32.122449 12.933825 62.000000 37.890029 34.183673 13.009391 58.000000 37.890029
32.734694 13.838204 62.000000 56.282130 34.469388 13.512273 66.000000 56.282130
32.897959 14.108921 64.000000 69.897487 34.122449 12.857077 61.000000 69.897487
32.448980 13.294540 63.000000 45.391917 35.020408 14.326804 66.000000 45.391917
32.306122 13.219330 66.000000 39.486901 34.448980 13.563233 62.000000 39.486901
31.591837 11.982665 54.000000 169.837546 33.816327 12.709560 62.000000 169.837546
32.632653 13.710097 64.000000 86.471717 33.938776 12.713996 61.000000 86.471717
31.918367 12.441760 61.000000 30.049903 33.755102 12.482616 61.000000 30.049903
31.979592 12.717372 64.000000 180.440270 32.785714 11.359405 56.000000 180.440270
31.959184 12.570558 58.000000 39.099826 33.255102 12.271257 66.000000 39.099826
31.428571 11.746463 54.000000 40.070262 31.806122 10.000678 51.000000 40.070262
30.979592 11.108629 53.000000 32.640796 32.704082 11.226083 56.000000 32.640796
30.877551 11.439005 62.000000 55.631065 33.448980 12.142727 58.000000 55.631065
30.612245 10.869073 54.000000 43.964126 33.265306 11.965200 62.000000 43.964126
30.530612 10.728327 54.000000 45.216162 32.265306 10.558185 51.000000 45.216162
29.632653 9.421830 49.000000 42.136011 32.714286 11.093789 52.000000 42.136011
28.408163 9.420133 50.000000 123.984449 30.163265 9.061865 46.000000 123.984449
29.020408 10.134131 50.000000 288.877727 30.448980 9.531416 54.000000 288.877727
29.183673 10.369808 52.000000 174.596200 30.102041 8.897457 49.000000 174.596200
28.734694 9.629798 51.000000 52.260900 31.000000 10.229329 54.000000 52.260900
29.918367 11.225591 58.000000 44.472213 31.346939 10.717653 54.000000 44.472213
29.632653 10.708305 50.000000 103.570544 30.734694 9.941635 54.000000 103.570544
30.469388 12.035347 58.000000 38.808899 31.061224 10.194820 55.000000 38.808899
29.979592 11.170635 57.000000 76.738604 31.102041 10.283096 53.000000 76.738604
30.510204 12.112229 62.000000 53.239202 31.020408 10.241395 54.000000 53.239202
30.489796 11.958903 56.000000 101.933534 31.489796 11.234377 64.000000 101.933534
29.959184 11.115067 52.000000 46.251168 30.040816 8.736602 49.000000 46.251168
29.510204 10.461756 51.000000 49.013473 30.938776 10.095233 54.000000 49.013473
30.306122 12.016662 64.000000 42.325523 32.571429 12.357226 60.000000 42.325523
30.040816 11.415235 56.000000 35.239386 32.387755 12.138915 64.000000 35.239386
29.959184 11.262490 56.000000 28.022833 31.387755 10.480844 53.000000 28.022833
29.061224 9.790397 51.000000 189.398248 31.836735 11.138022 54.000000 189.398248
27.693878 8.827567 50.000000 29.994351 29.530612 8.787531 46.000000 29.994351
28.306122 9.631786 50.000000 50.298143 29.816327 9.290664 54.000000 50.298143
28.469388 9.891373 52.000000 52.419131 29.469388 8.613349 49.000000 52.419131
28.020408 9.076967 51.000000 26.818953 30.367347 10.040524 54.000000 26.818953
26.979592 8.039823 50.000000 22.358740 28.897959 8.380746 46.000000 22.358740
26.265306 6.991233 38.000000 21.936542 28.265306 7.820870 46.000000 21.936542
27.306122 8.415019 48.000000 30.065374 28.387755 7.661165 45.000000 30.065374
26.591837 7.283418 45.000000 22.131414 28.204082 7.532691 45.000000 22.131414
28.897959 10.438321 58.000000 96.257249 29.489796 8.922628 50.000000 96.257249
28.877551 10.264809 52.000000 62.897828 29.959184 9.929565 60.000000 62.897828
28.346939 9.405090 48.000000 78.447721 28.510204 7.479518 45.000000 78.447721
27.897959 8.747889 47.000000 29.844979 29.408163 8.777709 50.000000 29.844979
27.979592 9.338955 56.000000 26.712993 29.510204 9.243828 52.000000 26.712993
27.265306 8.014872 44.000000 28.958517 28.877551 8.336067 52.000000 28.958517
27.632653 8.581192 48.000000 36.083320 28.326531 7.376160 45.000000 36.083320
26.918367 7.506250 45.000000 25.200248 28.142857 7.241063 44.000000 25.200248
30.489796 11.779980 58.000000 30.130310 30.591837 9.790419 50.000000 30.130310
31.122449 12.662360 58.000000 183.507799 31.306122 11.076499 62.000000 183.507799
30.428571 11.538372 57.000000 30.462121 30.918367 10.251149 57.000000 30.462121
30.612245 11.777694 57.000000 32.142634 31.632653 11.572619 60.000000 32.142634
31.163265 12.715518 64.000000 31.953587 32.163265 12.374478 60.000000 31.953587
30.448980 11.478463 52.000000 68.809576 31.530612 11.416396 60.000000 68.809576
31.489796 13.203596 62.000000 692.946280 31.653061 11.424429 59.000000 692.946280
30.775510 11.933260 59.000000 40.278275 31.469388 11.161610 59.000000 40.278275
29.938776 11.006855 58.000000 34.207712 29.612245 8.737445 50.000000 34.207712
29.918367 10.844423 52.000000 439.103114 30.081633 9.757549 60.000000 439.103114
29.387755 10.089938 48.000000 30.899781 28.632653 7.274284 45.000000 30.899781
28.938776 9.530003 47.000000 37.073844 29.530612 8.590578 50.000000 37.073844
29.724490 10.951421 60.000000 38.059979 31.163265 10.771951 56.000000 38.059979
29.459184 10.376588 52.000000 72.289442 30.979592 10.566412 60.000000 72.289442
29.377551 10.235893 52.000000 74.760236 29.979592 8.909603 49.000000 74.760236
28.479592 8.943384 47.000000 32.758472 30.428571 9.551812 50.000000 32.758472
29.367347 10.709267 56.000000 43.544546 30.816327 10.395625 52.000000 43.544546
29.979592 11.614051 56.000000 4249.924702 31.102041 10.949264 60.000000 4249.924702
30.142857 11.890393 58.000000 58.974935 30.755102 10.220317 55.000000 58.974935
29.693878 11.045742 57.000000 125.759638 31.653061 11.816555 60.000000 125.759638
28.653061 9.754832 56.000000 39.201711 30.183673 9.749805 52.000000 39.201711
27.938776 8.552827 44.000000 48.513775 29.551020 8.942108 52.000000 48.513775
28.979592 10.207113 54.000000 41.807542 29.673469 8.868775 51.000000 41.807542
28.265306 8.954122 51.000000 40.052120 29.489796 8.657569 51.000000 40.052120
29.224490 10.491558 58.000000 77.005135 29.428571 8.694115 50.000000 77.005135
29.204082 10.319593 52.000000 52.475316 29.897959 9.727726 60.000000 52.475316
28.673469 9.483328 48.000000 871.693498 28.448980 7.196967 45.000000 871.693498
28.224490 8.848706 47.000000 40.513860 29.346939 8.544730 50.000000 40.513860
28.306122 9.430602 56.000000 29.181280 29.448980 9.023592 52.000000 29.181280
27.591837 8.150437 44.000000 208.509917 28.816327 8.086322 52.000000 208.509917
27.959184 8.694018 48.000000 299.658177 28.265306 7.087889 45.000000 299.658177
27.244898 7.665778 45.000000 156.453582 28.081633 6.945552 40.000000 156.453582
28.530612 9.464207 50.000000 32.508889 28.285714 7.590010 42.000000 32.508889
29.163265 10.169384 50.000000 35.726665 29.000000 8.730796 54.000000 35.726665
28.469388 9.202425 49.000000 34.151555 28.612245 7.942620 49.000000 34.151555
28.653061 9.382043 49.000000 34.229712 29.326531 9.149137 52.000000 34.229712
30.081633 11.243943 58.000000 39.389357 30.326531 10.472128 54.000000 39.389357
29.795918 10.731934 50.000000 28.041556 29.714286 9.610990 54.000000 28.041556
30.632653 12.044923 58.000000 291.685884 30.040816 9.906697 55.000000 291.685884
30.142857 11.188175 57.000000 33.820464 30.081633 10.001725 53.000000 33.820464
29.142857 10.124992 56.000000 37.892544 29.285714 8.773202 48.000000 37.892544
29.775510 11.101714 56.000000 128.414135 30.000000 10.139237 60.000000 128.414135
28.408163 8.939472 48.000000 100.026463 28.938776 8.227207 49.000000 100.026463
28.591837 9.125513 49.000000 130.980727 29.653061 9.372148 52.000000 130.980727
30.020408 11.420708 62.000000 39.332456 31.102041 11.548633 58.000000 39.332456
29.755102 10.828619 54.000000 57.965545 30.918367 11.323430 62.000000 57.965545
29.673469 10.680723 54.000000 41.959092 29.918367 9.580557 51.000000 41.959092
28.775510 9.284207 49.000000 38.851025 30.367347 10.271959 52.000000 38.851025
30.571429 11.707782 58.000000 33.476076 31.632653 11.698434 54.000000 33.476076
31.183673 12.579928 58.000000 33.103467 31.918367 12.221051 62.000000 33.103467
31.346939 12.845716 60.000000 40.350640 31.571429 11.536585 57.000000 40.350640
30.897959 12.038161 59.000000 43.163894 32.469388 13.054370 62.000000 43.163894
29.857143 10.788501 58.000000 51.347020 31.000000 11.060285 54.000000 51.347020
29.142857 9.655937 46.000000 42.488853 30.367347 10.281991 54.000000 42.488853
30.183673 11.222535 56.000000 211.083382 30.489796 10.232599 53.000000 211.083382
29.469388 10.039308 53.000000 47.138339 30.306122 10.028216 53.000000 47.138339
31.775510 13.437546 66.000000 29.609196 31.591837 11.779623 58.000000 29.609196
31.755102 13.295268 60.000000 61.274709 32.061224 12.780314 68.000000 61.274709
31.224490 12.424229 56.000000 93.526497 30.612245 10.169322 53.000000 93.526497
30.775510 11.738149 55.000000 66.205957 31.510204 11.628480 58.000000 66.205957
30.857143 12.219639 64.000000 70.912643 31.612245 12.034857 60.000000 70.912643
30.142857 10.906349 52.000000 34.754182 30.979592 11.015434 60.000000 34.754182
30.510204 11.495624 56.000000 105.340062 30.428571 9.984524 53.000000 105.340062
29.795918 10.366440 53.000000 51.479696 30.244898 9.773793 52.000000 51.479696
27.775510 8.839381 50.000000 21.257954 27.510204 7.162682 42.000000 21.257954
28.408163 9.640803 50.000000 25.424568 28.224490 8.428634 54.000000 25.424568
27.714286 8.553049 49.000000 22.979702 27.836735 7.569191 49.000000 22.979702
27.897959 8.762019 49.000000 32.199977 28.551020 8.890076 52.000000 32.199977
28.897959 10.307129 58.000000 84.140243 29.530612 10.315841 54.000000 84.140243
28.183673 9.038688 46.000000 29.965013 28.897959 9.376973 54.000000 29.965013
29.224490 10.789963 56.000000 72.716825 29.020408 9.342266 53.000000 72.716825
28.510204 9.480577 53.000000 26.600016 28.836735 9.087994 53.000000 26.600016
27.020408 8.001262 50.000000 426.307483 26.734694 6.497503 42.000000 426.307483
27.224490 8.146254 46.000000 46.260691 27.428571 7.924905 54.000000 46.260691
26.265306 6.872253 38.000000 407.928900 25.959184 5.508977 39.000000 407.928900
26.244898 6.791537 41.000000 444.272040 26.877551 6.717058 44.000000 444.272040
27.469388 8.694357 54.000000 22.647362 28.530612 8.725131 50.000000 22.647362
27.204082 8.083277 46.000000 28.528422 28.346939 8.543524 54.000000 28.528422
27.122449 7.940845 46.000000 39.171463 27.346939 6.894046 43.000000 39.171463
26.224490 6.712860 41.000000 23.471631 27.795918 7.505269 44.000000 23.471631
28.693878 9.977716 54.000000 68.679411 30.183673 9.913385 50.000000 68.679411
29.306122 10.867912 54.000000 186.411364 30.469388 10.454816 58.000000 186.411364
29.469388 11.143121 56.000000 39.582917 30.122449 9.738081 53.000000 39.582917
29.020408 10.295610 55.000000 30.905121 31.020408 11.292712 58.000000 30.905121
28.877551 10.262800 58.000000 97.880463 30.448980 10.528432 54.000000 97.880463
28.163265 8.986466 46.000000 42.613982 29.816327 9.671242 54.000000 42.613982
29.204082 10.748252 56.000000 77.496412 29.938776 9.625799 53.000000 77.496412
28.489796 9.431516 53.000000 30.817601 29.755102 9.397369 53.000000 30.817601
28.551020 9.763304 56.000000 40.316278 28.785714 8.328624 48.000000 40.316278
28.530612 9.581128 50.000000 56.706427 29.255102 9.333800 58.000000 56.706427
28.000000 8.755558 46.000000 29.135654 27.806122 6.947013 43.000000 29.135654
27.551020 8.138140 45.000000 42.473840 28.704082 8.186246 48.000000 42.473840
27.448980 8.638349 54.000000 328.741018 29.448980 9.078265 50.000000 328.741018
27.183673 8.022323 46.000000 32.064819 29.265306 8.922982 54.000000 32.064819
27.102041 7.878576 46.000000 33.582652 28.265306 7.484074 43.000000 33.582652
26.204082 6.636294 41.000000 30.271076 28.714286 7.998711 44.000000 30.271076
26.816327 8.792390 48.000000 29.447822 28.367347 8.317647 44.000000 29.447822
27.428571 9.526956 48.000000 60.900482 28.653061 8.820199 52.000000 60.900482
27.591837 9.770392 50.000000 40.272469 28.306122 8.139769 47.000000 40.272469
27.142857 9.001718 49.000000 141.090038 29.204082 9.558242 52.000000 141.090038
28.326531 10.645918 56.000000 31.633583 29.551020 10.072032 52.000000 31.633583
28.040816 10.110644 48.000000 26.311792 28.938776 9.255610 52.000000 26.311792
28.877551 11.476794 56.000000 78.692527 29.265306 9.519975 53.000000 78.692527
28.387755 10.585569 55.000000 48.183735 29.306122 9.613573 51.000000 48.183735
28.918367 11.555936 60.000000 29.688712 29.224490 9.570714 52.000000 29.688712
28.897959 11.395866 54.000000 39.279890 29.693878 10.617442 62.000000 39.279890
28.367347 10.527713 50.000000 35.980762 28.244898 7.965209 47.000000 35.980762
27.918367 9.854272 49.000000 48.054863 29.142857 9.415933 52.000000 48.054863
28.714286 11.463074 62.000000 130.918744 30.775510 11.780230 58.000000 130.918744
28.448980 10.841047 54.000000 46.251991 30.591837 11.554297 62.000000 46.251991
28.367347 10.683244 54.000000 59.704410 29.591837 9.818809 51.000000 59.704410
27.469388 9.158630 49.000000 25.273072 30.040816 10.508630 52.000000 25.273072
26.775510 8.863839 50.000000 36.556062 28.408163 8.724697 46.000000 36.556062
27.387755 9.723638 50.000000 127.862718 28.693878 9.266288 54.000000 127.862718
27.551020 9.996002 52.000000 35.715372 28.346939 8.541110 49.000000 35.715372
27.102041 9.145434 51.000000 89.749553 29.244898 10.080154 54.000000 89.749553
26.061224 7.997185 50.000000 117.846205 27.775510 8.228102 46.000000 117.846205
25.346939 6.846027 38.000000 76.424837 27.142857 7.562796 46.000000 76.424837
26.387755 8.410392 48.000000 46.308674 27.265306 7.416269 45.000000 46.308674
25.673469 7.186436 45.000000 87.650760 27.081633 7.254822 45.000000 87.650760
27.979592 10.575189 58.000000 30.971057 28.367347 8.855527 50.000000 30.971057
27.959184 10.402139 52.000000 25.979724 28.836735 9.923100 60.000000 25.979724
27.428571 9.503119 48.000000 120.237269 27.387755 7.247655 45.000000 120.237269
26.979592 8.806019 47.000000 23.799674 28.285714 8.698856 50.000000 23.799674
27.061224 9.401487 56.000000 27.299730 28.387755 9.181596 52.000000 27.299730
26.346939 8.005284 44.000000 100.851976 27.755102 8.179760 52.000000 100.851976
26.714286 8.611907 48.000000 49.305274 27.204082 7.111714 45.000000 49.305274
26.000000 7.452945 45.000000 179.179826 27.020408 6.941552 44.000000 179.179826
26.877551 8.916873 50.000000 40.598526 26.775510 7.093675 42.000000 40.598526
27.510204 9.770822 50.000000 89.218369 27.489796 8.433176 54.000000 89.218369
26.816327 8.626675 49.000000 33.500224 27.102041 7.536153 49.000000 33.500224
27.000000 8.852747 49.000000 67.367415 27.816327 8.921591 52.000000 67.367415
27.551020 9.821208 56.000000 66.167946 28.346939 9.711405 52.000000 66.167946
26.836735 8.535787 44.000000 42.105785 27.714286 8.767325 52.000000 42.105785
27.877551 10.305904 54.000000 33.042262 27.836735 8.718618 51.000000 33.042262
27.163265 8.978432 51.000000 26.941529 27.653061 8.463508 51.000000 26.941529
26.326531 8.171834 50.000000 55.453645 25.795918 6.252355 42.000000 55.453645
26.306122 7.963070 44.000000 96.577654 26.265306 7.347839 52.000000 96.577654
25.775510 7.233272 40.000000 45.555383 24.816327 4.893393 37.000000 45.555383
25.326531 6.731639 39.000000 77.031547 25.714286 6.102222 42.000000 77.031547
26.112245 8.213495 52.000000 29.207789 27.346939 8.103839 48.000000 29.207789
25.846939 7.586412 44.000000 33.515824 27.163265 7.927108 52.000000 33.515824
25.765306 7.441595 44.000000 85.402414 26.163265 6.246969 41.000000 85.402414
24.867347 6.208803 39.000000 27.955341 26.612245 6.861866 42.000000 27.955341
25.551020 8.094955 48.000000 19.048248 27.204082 7.755223 44.000000 19.048248
26.163265 8.974987 48.000000 32.103642 27.489796 8.332330 52.000000 32.103642
26.326531 9.255565 50.000000 38.616575 27.142857 7.554612 47.000000 38.616575
25.877551 8.371854 49.000000 52.265791 28.040816 9.180794 52.000000 52.265791
25.285714 7.773866 50.000000 27.818485 27.020408 7.824070 46.000000 27.818485
24.571429 6.498215 38.000000 20.656636 26.387755 7.053014 46.000000 20.656636
25.612245 8.229483 48.000000 23.018225 26.510204 6.909197 45.000000 23.018225
24.897959 6.893131 45.000000 25.567724 26.326531 6.714771 45.000000 25.567724
25.408163 7.881646 50.000000 49.429834 25.816327 6.321860 42.000000 49.429834
25.387755 7.662511 44.000000 207.457938 26.285714 7.405765 52.000000 207.457938
24.857143 6.829288 40.000000 22.437898 24.836735 4.985947 37.000000 22.437898
24.408163 6.229025 39.000000 39.572035 25.734694 6.173690 42.000000 39.572035
24.285714 6.925227 48.000000 26.159424 26.040816 6.783726 44.000000 26.159424
23.795918 5.899431 38.000000 19.744048 25.632653 6.294143 46.000000 19.744048
23.938776 6.115413 40.000000 20.080924 24.857143 5.080791 37.000000 20.080924
23.020408 4.959588 35.000000 19.594367 24.877551 5.177798 34.000000 19.594367
28.000000 7.107423 44.000000 58.882697 28.571429 7.622538 40.000000 58.882697
28.612245 7.586794 44.000000 58.973873 28.857143 8.018021 48.000000 58.973873
28.775510 7.781197 46.000000 58.935176 28.510204 7.462960 43.000000 58.935176
28.326531 7.128823 45.000000 59.803135 29.408163 8.554057 48.000000 59.803135
29.510204 8.409917 52.000000 62.220688 29.755102 8.961615 48.000000 62.220688
29.224490 7.912577 44.000000 60.456392 29.142857 8.350566 48.000000 60.456392
30.061224 9.128878 52.000000 27.522009 29.469388 8.480668 49.000000 27.522009
29.571429 8.294825 51.000000 61.319090 29.510204 8.565388 47.000000 61.319090
30.102041 9.204985 56.000000 60.197421 29.428571 8.557869 48.000000 60.197421
30.081633 9.015077 50.000000 96.708290 29.897959 9.506904 58.000000 96.708290
29.551020 8.233853 46.000000 59.754341 28.448980 7.307844 43.000000 59.754341
29.102041 7.666354 45.000000 60.559784 29.346939 8.425663 48.000000 60.559784
29.897959 9.204985 58.000000 53.613864 30.979592 10.355515 54.000000 53.613864
29.632653 8.581192 50.000000 485.540167 30.795918 10.174720 58.000000 485.540167
29.551020 8.431803 50.000000 28.491726 29.795918 8.656038 47.000000 28.491726
28.653061 7.088690 45.000000 72.669079 30.244898 9.226878 48.000000 72.669079
30.408163 8.969406 52.000000 22.339564 30.653061 9.637878 48.000000 22.339564
31.020408 9.716581 52.000000 32.272957 30.938776 10.123787 56.000000 32.272957
31.183673 9.962142 54.000000 26.230208 30.591837 9.473606 51.000000 26.230208
30.734694 9.189361 53.000000 158.723415 31.489796 10.861115 56.000000 158.723415
30.122449 8.569023 52.000000 17.554663 30.040816 9.200984 48.000000 17.554663
29.836735 8.103320 44.000000 17.410546 29.428571 8.627456 48.000000 17.410546
30.673469 9.238842 52.000000 18.680329 29.755102 8.742668 49.000000 18.680329
30.183673 8.451617 51.000000 17.492920 29.795918 8.823538 47.000000 17.492920
32.061224 11.107550 62.000000 73.067523 31.061224 10.297449 54.000000 73.067523
32.040816 10.943075 56.000000 39.113060 31.530612 11.283785 64.000000 39.113060
31.510204 10.096692 52.000000 117.919696 30.081633 8.806831 49.000000 117.919696
31.061224 9.447431 51.000000 145.559249 30.979592 10.152426 54.000000 145.559249
31.591837 10.594530 62.000000 64.922990 31.530612 11.147746 58.000000 64.922990
30.877551 9.263903 50.000000 20.823512 30.897959 10.160049 58.000000 20.823512
31.244898 9.848399 54.000000 21.972736 30.346939 9.149505 51.000000 21.972736
30.530612 8.732218 51.000000 19.618464 30.163265 8.958891 46.000000 19.618464
31.428571 10.133134 56.000000 301.928559 30.346939 9.339090 48.000000 301.928559
32.061224 10.976842 56.000000 815.681385 31.061224 10.560397 60.000000 815.681385
31.367347 9.869653 55.000000 445.131371 30.673469 9.761882 55.000000 445.131371
31.551020 10.094525 55.000000 35.218973 31.387755 11.027270 58.000000 35.218973
32.102041 11.027136 62.000000 42.338828 31.918367 11.786480 58.000000 42.338828
31.387755 9.793363 50.000000 42.777149 31.285714 10.879850 58.000000 42.777149
32.428571 11.502577 60.000000 26.859404 31.408163 10.868318 57.000000 26.859404
31.714286 10.228321 57.000000 91.309108 31.224490 10.622414 57.000000 91.309108
30.877551 9.398690 56.000000 153.279368 29.367347 8.437017 48.000000 153.279368
30.857143 9.214511 50.000000 173.216082 29.836735 9.401353 58.000000 173.216082
30.326531 8.500789 46.000000 151.851707 28.387755 7.157481 43.000000 151.851707
29.877551 7.996475 45.000000 154.349647 29.285714 8.302279 48.000000 154.349647
30.663265 9.401627 58.000000 70.446091 30.918367 10.265218 54.000000 70.446091
30.397959 8.815099 50.000000 18.502298 30.734694 10.081678 58.000000 18.502298
30.316327 8.677019 50.000000 19.666581 29.734694 8.539238 47.000000 19.666581
29.418367 7.472180 45.000000 1869.970286 30.183673 9.120439 48.000000 1869.970286
31.469388 10.510872 58.000000 30.049652 32.551020 11.538481 54.000000 30.049652
32.081633 11.425847 58.000000 84.257814 32.836735 12.046040 62.000000 84.257814
32.244898 11.705194 60.000000 52.367990 32.489796 11.379349 57.000000 52.367990
31.795918 10.850397 59.000000 112.231335 33.387755 12.850956 62.000000 112.231335
31.653061 10.802923 62.000000 157.565897 32.816327 12.107207 58.000000 157.565897
30.938776 9.506174 50.000000 38.014497 32.183673 11.277518 58.000000 38.014497
31.979592 11.300926 60.000000 103.683828 32.306122 11.256529 57.000000 103.683828
31.265306 9.968560 57.000000 31.705542 32.122449 11.034403 57.000000 31.705542
31.326531 10.290397 60.000000 51.136520 31.153061 9.980757 52.000000 51.136520
31.306122 10.115221 54.000000 60.255838 31.622449 10.904946 62.000000 60.255838
30.775510 9.266424 50.000000 119.641697 30.173469 8.676340 47.000000 119.641697
30.326531 8.621210 49.000000 108.533577 31.071429 9.848596 52.000000 108.533577
30.224490 9.080999 58.000000 58.716317 31.816327 10.716927 54.000000 58.716317
29.959184 8.458411 50.000000 34.833080 31.632653 10.557049 58.000000 34.833080
29.877551 8.310055 50.000000 35.852288 30.632653 9.194785 47.000000 35.852288
28.979592 6.985965 45.000000 33.518174 31.081633 9.695013 48.000000 33.518174
31.795918 9.468297 52.000000 28.344223 31.795918 10.034948 48.000000 28.344223
32.408163 10.094233 52.000000 29.020283 32.081633 10.471043 56.000000 29.020283
32.571429 10.308639 54.000000 28.744366 31.734694 9.884436 51.000000 28.744366
32.122449 9.629492 53.000000 31.305462 32.632653 11.128479 56.000000 31.305462
33.306122 11.076499 60.000000 109.781068 32.979592 11.590059 56.000000 109.781068
33.020408 10.589802 52.000000 36.117008 32.367347 10.855554 56.000000 36.117008
33.857143 11.831288 60.000000 80.375178 32.693878 11.098814 57.000000 80.375178
33.367347 11.013008 59.000000 57.554641 32.734694 11.181309 55.000000 57.554641
33.897959 11.904681 64.000000 24.203328 32.653061 11.140251 56.000000 24.203328
33.877551 11.751083 58.000000 2926.970271 33.122449 12.073884 66.000000 2926.970271
33.346939 10.959252 54.000000 177.713667 31.673469 9.737562 51.000000 177.713667
32.897959 10.357018 53.000000 26.728949 32.571429 11.003280 56.000000 26.728949
33.693878 11.831644 66.000000 30.405410 34.204082 13.155657 62.000000 30.405410
33.428571 11.253407 58.000000 60.571463 34.020408 12.945548 66.000000 60.571463
33.346939 11.108743 58.000000 84.046188 33.020408 11.372765 55.000000 84.046188
32.448980 9.743221 53.000000 31.022705 33.469388 11.995020 56.000000 31.022705
31.510204 9.165427 52.000000 20.391789 31.183673 9.752977 48.000000 20.391789
32.122449 9.828703 52.000000 21.091666 31.469388 10.218443 56.000000 21.091666
32.285714 10.053465 54.000000 20.781364 31.122449 9.594098 51.000000 20.781364
31.836735 9.341950 53.000000 26.437119 32.020408 10.922387 56.000000 26.437119
31.224490 8.810175 52.000000 19.414931 30.571429 9.356623 48.000000 19.414931
30.938776 8.395895 44.000000 19.365321 29.959184 8.830498 48.000000 19.365321
31.775510 9.397884 52.000000 19.588332 30.285714 8.923501 49.000000 19.588332
31.285714 8.688184 51.000000 19.395712 30.326531 9.000316 47.000000 19.395712
33.163265 11.101866 62.000000 29.586624 31.591837 10.384204 54.000000 29.586624
33.142857 10.939383 56.000000 287.501564 32.061224 11.340845 64.000000 287.501564
32.612245 10.151058 52.000000 24.776440 30.612245 8.966872 49.000000 24.776440
32.163265 9.557955 51.000000 37.623285 31.510204 10.244682 54.000000 37.623285
32.693878 10.637813 62.000000 22.320073 32.061224 11.205500 58.000000 22.320073
31.979592 9.398376 50.000000 20.182879 31.428571 10.256504 58.000000 20.182879
32.346939 9.933907 54.000000 20.336166 30.877551 9.288354 51.000000 20.336166
31.632653 8.918171 51.000000 19.958638 30.693878 9.111461 46.000000 19.958638
34.551020 12.308008 62.000000 124.771201 32.897959 11.399484 54.000000 124.771201
35.183673 13.152043 62.000000 39.473464 33.612245 12.618619 66.000000 39.473464
34.489796 12.077281 61.000000 29.924051 33.224490 11.844813 61.000000 29.924051
34.673469 12.305204 61.000000 315.876383 33.938776 13.099002 64.000000 315.876383
35.224490 13.203038 68.000000 34.342772 34.469388 13.878118 64.000000 34.342772
34.510204 12.019953 56.000000 40.044259 33.836735 12.947709 64.000000 40.044259
35.551020 13.672248 66.000000 56.710793 33.959184 12.970958 63.000000 56.710793
34.836735 12.453372 63.000000 1927.025853 33.775510 12.715386 63.000000 1927.025853
34.000000 11.573165 62.000000 163.571416 31.918367 10.348239 54.000000 163.571416
33.979592 11.418902 56.000000 659.538724 32.387755 11.294221 64.000000 659.538724
33.448980 10.708049 52.000000 144.604755 30.938776 8.961333 49.000000 144.604755
33.000000 10.184889 51.000000 179.816706 31.836735 10.210863 54.000000 179.816706
33.785714 11.521607 64.000000 87.847136 33.469388 12.332343 60.000000 87.847136
33.520408 10.978169 56.000000 81.686348 33.285714 12.127331 64.000000 81.686348
33.438776 10.845747 56.000000 29.962126 32.285714 10.553741 53.000000 29.962126
32.540816 9.641158 51.000000 31.850709 32.734694 11.170239 54.000000 31.850709
34.102041 11.999562 62.000000 272.609359 33.795918 12.670250 58.000000 272.609359
34.714286 12.874493 62.000000 31.560502 34.081633 13.194558 66.000000 31.560502
34.877551 13.140216 64.000000 29.650573 33.734694 12.511892 61.000000 29.650573
34.428571 12.334680 63.000000 156.813968 34.632653 14.042930 66.000000 156.813968
33.387755 11.073915 62.000000 36.048649 33.163265 11.985983 58.000000 36.048649
32.673469 9.939794 50.000000 28.873895 32.530612 11.167150 58.000000 28.873895
33.714286 11.510641 60.000000 7919.207578 32.653061 11.142102 57.000000 7919.207578
33.000000 10.327623 57.000000 32.549228 32.469388 10.923543 57.000000 32.549228
33.959184 11.790192 64.000000 65.451540 32.408163 10.935459 56.000000 65.451540
33.938776 11.635190 58.000000 32.148760 32.877551 11.894957 66.000000 32.148760
33.408163 10.837922 54.000000 44.911547 31.428571 9.477048 51.000000 44.911547
32.959184 10.231262 53.000000 100.386096 32.326531 10.794018 56.000000 100.386096
33.040816 10.748213 62.000000 326.171118 32.428571 11.204749 58.000000 326.171118
32.326531 9.549411 50.000000 218.402070 31.795918 10.278553 58.000000 218.402070
32.693878 10.064133 54.000000 226.107781 31.244898 9.334628 51.000000 226.107781
31.979592 9.090586 51.000000 208.396880 31.061224 9.166070 46.000000 208.396880
32.224490 10.015998 54.000000 21.316578 31.775510 9.672504 46.000000 21.316578
32.857143 10.703116 54.000000 21.628631 32.489796 10.626018 58.000000 21.628631
32.163265 9.767075 53.000000 21.501052 32.102041 9.968497 53.000000 21.501052
32.346939 9.942206 53.000000 22.846546 32.816327 10.987666 56.000000 22.846546
33.775510 11.753070 62.000000 264.590606 33.816327 12.153950 58.000000 264.590606
33.489796 11.256380 54.000000 53.966404 33.204082 11.392672 58.000000 53.966404
34.326531 12.535126 62.000000 893.899906 33.530612 11.657663 59.000000 893.899906
33.836735 11.701347 61.000000 94.552418 33.571429 11.740317 57.000000 94.552418
32.836735 10.660355 60.000000 36.732190 32.775510 10.674694 52.000000 36.732190
33.469388 11.608923 60.000000 38.224426 33.489796 11.854135 64.000000 38.224426
32.102041 9.517742 52.000000 31.814874 32.428571 10.213191 53.000000 31.814874
32.285714 9.698549 53.000000 41.544569 33.142857 11.189096 56.000000 41.544569
33.714286 11.920700 66.000000 66.673231 34.591837 13.123393 62.000000 66.673231
33.448980 11.347485 58.000000 114.517283 34.408163 12.918329 66.000000 114.517283
33.367347 11.204185 58.000000 38.203079 33.408163 11.376261 55.000000 38.203079
32.469388 9.853781 53.000000 33.093547 33.857143 11.983666 56.000000 33.093547
34.693878 12.575880 62.000000 96.051421 35.142857 13.277374 58.000000 96.051421
35.306122 13.385951 62.000000 374.966555 35.428571 13.750351 66.000000 374.966555
35.469388 13.634556 64.000000 46.300772 35.081633 13.132688 61.000000 46.300772
35.020408 12.880881 63.000000 71.918265 35.979592 14.514820 66.000000 71.918265
34.408163 12.158605 62.000000 516.359086 34.530612 12.698083 58.000000 516.359086
34.122449 11.694800 54.000000 276.372999 33.918367 12.008308 58.000000 276.372999
34.959184 12.888833 62.000000 27.297454 34.244898 12.240764 59.000000 27.297454
34.469388 12.105383 61.000000 376.021490 34.285714 12.317116 57.000000 376.021490
36.346939 14.838027 72.000000 44.492507 35.551020 13.927739 64.000000 44.492507
36.326531 14.707299 66.000000 41.654287 36.020408 14.849055 74.000000 41.654287
35.795918 13.869762 62.000000 38.754420 34.571429 12.433742 59.000000 38.754420
35.346939 13.209729 61.000000 110.232469 35.469388 13.787940 64.000000 110.232469
35.877551 14.269328 72.000000 31.529976 36.020408 14.745944 68.000000 31.529976
35.163265 12.997774 60.000000 49.107445 35.387755 13.760569 68.000000 49.107445
35.530612 13.577729 64.000000 103.773779 34.836735 12.794727 61.000000 103.773779
34.816327 12.464669 61.000000 28.718442 34.653061 12.578088 56.000000 28.718442
31.489796 9.393181 54.000000 43.397434 31.428571 9.424688 46.000000 43.397434
32.122449 10.168949 54.000000 44.934295 32.142857 10.424990 58.000000 44.934295
31.428571 9.122308 53.000000 44.245038 31.755102 9.739982 53.000000 44.245038
31.612245 9.324209 53.000000 56.979060 32.469388 10.803974 56.000000 56.979060
33.040816 11.329114 62.000000 30.802957 33.469388 12.017345 58.000000 30.802957
32.755102 10.793336 54.000000 77.094568 32.857143 11.227727 58.000000 77.094568
33.591837 12.172164 62.000000 88.644426 33.183673 11.506472 59.000000 88.644426
33.102041 11.279477 61.000000 207.462838 33.224490 11.591439 57.000000 207.462838
30.755102 8.577195 54.000000 41.151407 31.081633 9.118547 46.000000 41.151407
31.387755 9.470119 54.000000 41.814877 31.795918 10.173707 58.000000 41.814877
30.020408 7.505297 42.000000 41.063512 30.734694 8.747961 47.000000 41.063512
30.204082 7.638696 47.000000 41.206045 31.448980 9.549785 50.000000 41.206045
31.632653 9.750906 60.000000 118.731848 32.897959 11.207959 56.000000 118.731848
31.367347 9.156585 52.000000 46.803138 32.714286 11.039759 60.000000 46.803138
31.285714 9.014307 52.000000 48.150944 31.714286 9.649529 49.000000 48.150944
30.387755 7.741484 47.000000 45.187240 32.163265 10.168370 50.000000 45.187240
33.061224 11.171407 60.000000 38.594756 34.346939 12.363983 56.000000 38.594756
33.673469 12.057231 60.000000 280.048030 34.632653 12.843537 64.000000 280.048030
33.836735 12.327736 62.000000 39.611024 34.285714 12.214576 59.000000 39.611024
33.387755 11.503144 61.000000 42.820519 35.183673 13.609689 64.000000 42.820519
33.244898 11.453232 64.000000 156.851928 34.612245 12.900597 60.000000 156.851928
32.530612 10.210369 52.000000 55.462001 33.979592 12.114556 60.000000 55.462001
33.571429 11.935393 62.000000 31.597918 34.102041 12.097107 59.000000 31.597918
32.857143 10.654847 59.000000 86.244428 33.918367 11.887508 59.000000 86.244428
32.918367 10.958848 62.000000 34.969069 32.948980 10.898191 54.000000 34.969069
32.897959 10.793746 56.000000 38.385261 33.418367 11.758676 64.000000 38.385261
32.367347 9.980794 52.000000 25.270011 31.969388 9.696906 49.000000 25.270011
31.918367 9.365074 51.000000 50.140550 32.867347 10.775725 54.000000 50.140550
31.816327 9.785690 60.000000 24.954177 33.612245 11.587972 56.000000 24.954177
31.551020 9.198972 52.000000 22.921808 33.428571 11.436963 60.000000 22.921808
31.469388 9.059032 52.000000 23.104343 32.428571 10.172735 49.000000 23.104343
30.571429 7.814868 47.000000 22.642012 32.877551 10.635736 50.000000 22.642012
36.285714 13.199500 62.000000 121.369051 36.081633 13.765094 58.000000 121.369051
36.897959 13.902822 62.000000 133.431331 36.367347 14.202793 66.000000 133.431331
37.061224 14.123765 64.000000 128.323873 36.020408 13.629849 61.000000 128.323873
36.612245 13.451427 63.000000 173.473720 36.918367 14.909122 66.000000 173.473720
37.795918 14.969356 70.000000 59.448646 37.265306 15.387470 66.000000 59.448646
37.510204 14.503640 62.000000 30.288586 36.653061 14.602007 66.000000 30.288586
38.346939 15.732363 70.000000 66.091295 36.979592 14.910717 67.000000 66.091295
37.857143 14.945261 69.000000 42.591269 37.020408 14.987954 65.000000 42.591269
38.387755 15.802018 74.000000 38.402947 36.938776 14.925807 66.000000 38.402947
38.367347 15.679383 68.000000 29.291060 37.408163 15.807369 76.000000 29.291060
37.836735 14.898069 64.000000 31.208700 35.959184 13.497551 61.000000 31.208700
37.387755 14.286922 63.000000 45.272432 36.857143 14.792029 66.000000 45.272432
38.183673 15.674753 76.000000 85.589871 38.489796 17.019240 72.000000 85.589871
37.918367 15.145802 68.000000 10393.351965 38.306122 16.794334 76.000000 10393.351965
37.836735 15.008378 68.000000 57.895781 37.306122 15.239942 65.000000 57.895781
36.938776 13.666738 63.000000 33.474820 37.755102 15.873898 66.000000 33.474820
35.571429 12.548463 62.000000 78.034584 35.448980 13.296866 58.000000 78.034584
36.183673 13.319505 62.000000 181.324108 35.734694 13.762755 66.000000 181.324108
36.346939 13.558656 64.000000 116.578502 35.387755 13.153834 61.000000 116.578502
35.897959 12.831573 63.000000 36.248379 36.285714 14.514834 66.000000 36.248379
34.857143 11.756990 62.000000 24.587499 34.816327 12.729823 58.000000 24.587499
34.142857 10.794233 50.000000 24.338421 34.183673 12.050022 58.000000 24.338421
35.183673 12.129326 60.000000 25.156714 34.306122 12.009797 57.000000 25.156714
34.469388 11.108837 57.000000 24.493894 34.122449 11.833262 57.000000 24.493894
36.775510 14.089940 70.000000 91.526175 35.408163 13.367785 62.000000 91.526175
36.755102 13.955793 64.000000 72.722879 35.877551 14.263547 72.000000 72.722879
36.224490 13.169420 60.000000 36.179774 34.428571 11.957830 57.000000 36.179774
35.775510 12.560395 59.000000 28.439576 35.326531 13.233646 62.000000 28.439576
35.857143 13.005154 68.000000 107.170424 35.428571 13.593510 64.000000 107.170424
35.142857 11.840869 56.000000 44.638619 34.795918 12.690575 64.000000 44.638619
35.510204 12.355762 60.000000 48.200747 34.244898 11.798184 57.000000 48.200747
34.795918 11.376372 57.000000 40.170826 34.061224 11.617456 56.000000 40.170826
36.346939 13.303826 64.000000 42.342028 34.489796 12.263637 56.000000 42.342028
36.979592 14.097583 64.000000 56.257243 35.204082 13.426362 68.000000 56.257243
36.285714 13.089698 63.000000 49.577341 34.816327 12.689266 63.000000 49.577341
36.469388 13.303130 63.000000 450.784419 35.530612 13.888513 66.000000 450.784419
37.020408 14.145765 70.000000 35.940321 36.061224 14.640585 66.000000 35.940321
36.306122 13.037146 58.000000 35.029828 35.428571 13.742852 66.000000 35.029828
37.346939 14.589293 68.000000 36.713492 35.551020 13.768425 65.000000 36.713492
36.632653 13.442806 65.000000 139.479877 35.367347 13.522328 65.000000 139.479877
35.795918 12.618069 64.000000 383.271957 33.510204 11.257295 56.000000 383.271957
35.775510 12.476395 58.000000 645.373946 33.979592 12.148548 66.000000 645.373946
35.244898 11.820009 54.000000 354.907180 32.530612 9.956818 51.000000 354.907180
34.795918 11.340066 53.000000 405.087424 33.428571 11.128120 56.000000 405.087424
35.581633 12.567282 66.000000 78.223477 35.061224 13.153194 62.000000 78.223477
35.316327 12.066480 58.000000 12552.488932 34.877551 12.955328 66.000000 12552.488932
35.234694 11.944719 58.000000 26.719045 33.877551 11.459715 55.000000 26.719045
34.336735 10.845631 53.000000 166.947218 34.326531 12.045254 56.000000 166.947218
35.224490 12.352662 62.000000 32.063569 34.714286 12.789332 58.000000 32.063569
35.836735 13.151531 62.000000 36.797638 35.000000 13.289016 66.000000 36.797638
36.000000 13.397953 64.000000 34.545032 34.653061 12.636963 61.000000 34.545032
35.551020 12.649210 63.000000 154.386050 35.551020 14.095494 66.000000 154.386050
34.510204 11.526075 62.000000 26.519012 34.081633 12.160163 58.000000 26.519012
33.795918 10.518476 50.000000 26.121367 33.448980 11.405481 58.000000 26.121367
34.836735 11.915245 60.000000 27.611702 33.571429 11.370970 57.000000 27.611702
34.122449 10.851638 57.000000 26.362977 33.387755 11.172160 57.000000 26.362977
35.081633 12.162706 64.000000 27.164649 33.326531 11.188889 56.000000 27.164649
35.061224 12.014438 58.000000 29.493805 33.795918 12.092393 66.000000 29.493805
34.530612 11.297481 54.000000 26.771434 32.346939 9.860995 51.000000 26.771434
34.081633 10.764272 53.000000 27.418669 33.244898 11.057545 56.000000 27.418669
34.163265 11.248545 62.000000 25.302923 33.346939 11.450568 58.000000 25.302923
33.448980 10.189061 50.000000 25.171947 32.714286 10.601498 58.000000 25.171947
33.816327 10.633876 54.000000 25.189755 32.163265 9.741710 51.000000 25.189755
33.102041 9.800578 51.000000 25.138651 31.979592 9.598088 46.000000 25.138651
26.673469 7.355166 44.000000 292.978787 27.448980 7.720801 40.000000 292.978787
27.285714 7.923604 44.000000 344.654182 27.734694 8.151340 48.000000 344.654182
27.448980 8.136873 46.000000 314.546919 27.387755 7.554111 43.000000 314.546919
27.000000 7.434941 45.000000 30.308713 28.285714 8.750847 48.000000 30.308713
28.183673 8.851987 52.000000 37.191927 28.632653 9.192543 48.000000 37.191927
27.897959 8.335107 44.000000 29.358024 28.020408 8.516787 48.000000 29.358024
28.734694 9.614799 52.000000 28.205787 28.346939 8.687118 49.000000 28.205787
28.244898 8.752097 51.000000 85.762021 28.387755 8.775120 47.000000 85.762021
28.775510 9.692734 56.000000 27.889869 28.306122 8.757216 48.000000 27.889869
28.755102 9.509693 50.000000 28.062644 28.775510 9.741537 58.000000 28.062644
28.224490 8.691186 46.000000 22.859670 27.326531 7.391519 43.000000 22.859670
27.775510 8.081455 45.000000 39.854283 28.224490 8.617329 48.000000 39.854283
28.571429 9.664474 58.000000 69.349139 29.857143 10.686729 54.000000 69.349139
28.306122 9.033053 50.000000 234.619729 29.673469 10.491799 58.000000 234.619729
28.224490 8.878946 50.000000 33.847497 28.673469 8.900105 47.000000 33.847497
27.326531 7.455401 45.000000 945.561396 29.122449 9.509914 48.000000 945.561396
29.081633 9.512524 52.000000 27.474675 29.530612 9.955783 48.000000 27.474675
29.693878 10.300043 52.000000 42.580978 29.816327 10.457915 56.000000 42.580978
29.857143 10.552764 54.000000 123.014326 29.469388 9.789753 51.000000 123.014326
29.408163 9.765114 53.000000 33.874511 30.367347 11.229001 56.000000 33.874511
28.795918 9.093964 52.000000 67.050219 28.918367 9.460361 48.000000 67.050219
28.510204 8.612201 44.000000 49.326754 28.306122 8.825231 48.000000 49.326754
29.346939 9.803326 52.000000 66.083912 28.632653 8.979229 49.000000 66.083912
28.857143 8.992551 51.000000 57.202834 28.673469 9.063096 47.000000 57.202834
30.734694 11.740801 62.000000 64.125270 29.938776 10.639177 54.000000 64.125270
30.714286 11.582959 56.000000 26.018590 30.408163 11.642295 64.000000 26.018590
30.183673 10.720774 52.000000 56.945186 28.959184 9.082575 49.000000 56.945186
29.734694 10.051979 51.000000 33.415406 29.857143 10.490054 54.000000 33.415406
30.265306 11.200654 62.000000 96.329390 30.408163 11.510494 58.000000 96.329390
29.551020 9.854741 50.000000 69.756517 29.775510 10.488610 58.000000 69.756517
29.918367 10.453307 54.000000 56.218297 29.224490 9.447119 51.000000 56.218297
29.204082 9.306864 51.000000 59.403560 29.040816 9.240117 46.000000 59.403560
30.102041 10.744924 56.000000 92.024077 29.224490 9.630847 48.000000 92.024077
30.734694 11.617221 56.000000 83.912359 29.938776 10.893880 60.000000 83.912359
30.040816 10.488991 55.000000 81.551071 29.551020 10.078171 55.000000 81.551071
30.224490 10.723835 55.000000 1515.984824 30.265306 11.379626 58.000000 1515.984824
30.775510 11.669443 62.000000 163.273337 30.795918 12.166338 58.000000 163.273337
30.061224 10.419862 50.000000 161.535737 30.163265 11.226528 58.000000 161.535737
31.102041 12.155767 60.000000 30.170840 30.285714 11.227727 57.000000 30.170840
30.387755 10.870022 57.000000 68.310906 30.102041 10.970899 57.000000 68.310906
29.551020 9.981553 56.000000 59.306798 28.244898 8.631113 48.000000 59.306798
29.530612 9.805536 50.000000 46.501891 28.714286 9.631349 58.000000 46.501891
29.000000 9.059938 46.000000 52.368906 27.265306 7.233301 43.000000 52.368906
28.551020 8.518170 45.000000 67.082096 28.163265 8.488554 48.000000 67.082096
29.336735 9.955513 58.000000 29.176383 29.795918 10.592702 54.000000 29.176383
29.071429 9.365708 50.000000 37.918609 29.612245 10.394916 58.000000 37.918609
28.989796 9.224010 50.000000 134.156270 28.612245 8.778644 47.000000 134.156270
28.091837 7.950993 45.000000 50.028769 29.061224 9.399294 48.000000 50.028769
30.142857 11.106792 58.000000 126.535950 31.428571 11.986246 54.000000 126.535950
30.755102 12.044643 58.000000 563.808173 31.714286 12.501546 62.000000 563.808173
30.918367 12.327719 60.000000 36.188556 31.367347 11.827269 57.000000 36.188556
30.469388 11.466854 59.000000 31.479599 32.265306 13.325854 62.000000 31.479599
30.326531 11.405167 62.000000 264.189702 31.693878 12.558653 58.000000 264.189702
29.612245 10.090960 50.000000 42.335564 31.061224 11.699693 58.000000 42.335564
30.653061 11.914733 60.000000 41.739332 31.183673 11.691346 57.000000 41.739332
29.938776 10.569179 57.000000 35.150283 31.000000 11.459476 57.000000 35.150283
30.000000 10.880797 60.000000 55.392875 30.030612 10.343038 52.000000 55.392875
29.979592 10.712724 54.000000 34.646322 30.500000 11.284740 62.000000 34.646322
29.448980 9.843227 50.000000 35.316896 29.051020 8.967723 47.000000 35.316896
29.000000 9.173022 49.000000 45.083592 29.948980 10.206499 52.000000 45.083592
28.897959 9.592189 58.000000 37.968437 30.693878 11.122938 54.000000 37.968437
28.632653 8.965441 50.000000 172.869529 30.510204 10.949975 58.000000 172.869529
28.551020 8.813208 50.000000 269.846333 29.510204 9.525056 47.000000 269.846333
27.653061 7.417035 45.000000 116.331297 29.959184 10.059532 48.000000 116.331297
25.346939 7.172545 44.000000 35.568657 26.326531 7.503642 40.000000 35.568657
25.959184 7.859486 44.000000 144.680789 26.612245 7.986629 48.000000 144.680789
26.122449 8.101502 46.000000 97.828868 26.265306 7.322541 43.000000 97.828868
25.673469 7.314405 45.000000 121.199263 27.163265 8.670003 48.000000 121.199263
26.857143 8.930430 52.000000 58.434455 27.510204 9.158676 48.000000 58.434455
26.571429 8.372759 44.000000 42.929730 26.897959 8.397950 48.000000 42.929730
27.408163 9.763003 52.000000 49.546467 27.224490 8.613739 49.000000 49.546467
26.918367 8.840714 51.000000 123.253676 27.265306 8.707801 47.000000 123.253676
27.448980 9.845322 56.000000 273.800472 27.183673 8.679098 48.000000 273.800472
27.428571 9.662341 50.000000 74.893069 27.653061 9.726255 58.000000 74.893069
26.897959 8.777302 46.000000 31.443254 26.204082 7.144978 43.000000 31.443254
26.448980 8.100048 45.000000 35.644497 27.102041 8.527082 48.000000 35.644497
27.244898 9.789602 58.000000 34.733305 28.734694 10.787116 54.000000 34.733305
26.979592 9.127933 50.000000 29.067216 28.551020 10.574354 58.000000 29.067216
26.897959 8.963258 50.000000 49.855322 27.551020 8.870340 47.000000 49.855322
26.000000 7.394621 45.000000 50.764063 28.000000 9.535609 48.000000 50.764063
24.632653 6.698804 44.000000 35.991925 25.693878 7.360256 40.000000 35.991925
25.244898 7.488908 44.000000 104.663794 25.979592 7.875290 48.000000 104.663794
25.408163 7.757719 46.000000 27.996841 25.632653 7.170081 43.000000 27.996841
24.959184 6.884793 45.000000 23.464414 26.530612 8.608560 48.000000 23.464414
23.918367 5.985676 44.000000 30.861553 25.061224 7.067883 40.000000 30.861553
23.204082 4.930359 32.000000 17.848849 24.428571 6.606776 40.000000 17.848849
24.244898 6.329543 42.000000 26.893688 24.551020 6.375084 39.000000 26.893688
23.530612 5.151727 39.000000 18.459321 24.367347 6.284308 39.000000 18.459321
25.836735 8.291958 52.000000 38.702161 25.653061 7.532886 44.000000 38.702161
25.816327 8.079945 46.000000 52.480335 26.122449 8.583448 54.000000 52.480335
25.285714 7.178146 42.000000 18.544723 24.673469 6.111972 39.000000 18.544723
24.836735 6.500902 41.000000 22.740881 25.571429 7.384855 44.000000 22.740881
24.918367 7.243445 50.000000 22.998792 25.673469 7.905075 46.000000 22.998792
24.204082 5.807850 38.000000 69.596957 25.040816 7.021203 46.000000 69.596957
24.571429 6.399098 42.000000 25.981145 24.489796 6.051744 39.000000 25.981145
23.857143 5.281752 39.000000 20.893185 24.306122 5.954134 38.000000 20.893185
27.428571 9.439990 52.000000 151.892988 26.755102 8.256283 44.000000 151.892988
28.061224 10.340409 52.000000 28.158937 27.469388 9.585431 56.000000 28.158937
27.367347 9.156585 51.000000 76.844414 27.081633 8.716229 51.000000 76.844414
27.551020 9.398533 51.000000 29.372317 27.795918 10.084140 54.000000 29.372317
28.102041 10.393783 58.000000 46.507686 28.326531 10.889109 54.000000 46.507686
27.387755 9.074301 46.000000 399.383590 27.693878 9.926958 54.000000 399.383590
28.428571 10.896893 56.000000 76.202238 27.816327 9.909224 53.000000 76.202238
27.714286 9.542093 53.000000 32.474268 27.632653 9.646737 53.000000 32.474268
26.877551 8.646870 52.000000 48.658157 25.775510 7.275904 44.000000 48.658157
26.857143 8.446313 46.000000 37.010471 26.244898 8.351876 54.000000 37.010471
26.326531 7.661358 42.000000 32.291412 24.795918 5.813172 39.000000 32.291412
25.877551 7.097648 41.000000 85.425085 25.693878 7.123951 44.000000 85.425085
26.663265 8.650063 54.000000 32.254519 27.326531 9.265584 50.000000 32.254519
26.397959 8.008681 46.000000 149.885055 27.142857 9.070173 54.000000 149.885055
26.316327 7.856440 46.000000 45.157141 26.142857 7.373678 43.000000 45.157141
25.418367 6.501266 41.000000 35.900586 26.591837 8.016525 44.000000 35.900586
26.306122 8.467534 50.000000 61.600183 26.979592 8.910760 46.000000 61.600183
26.918367 9.394749 50.000000 26.740705 27.265306 9.485258 54.000000 26.740705
27.081633 9.684373 52.000000 27.298057 26.918367 8.720959 49.000000 27.298057
26.632653 8.779531 51.000000 25.040504 27.816327 10.358867 54.000000 25.040504
25.591837 7.510593 50.000000 53.347232 26.346939 8.316053 46.000000 53.347232
24.877551 6.216482 38.000000 44.632990 25.714286 7.538219 46.000000 44.632990
25.918367 7.968590 48.000000 25.822919 25.836735 7.415078 45.000000 25.822919
25.204082 6.612951 45.000000 61.094660 25.653061 7.216965 45.000000 61.094660
26.163265 8.242077 52.000000 31.303505 25.591837 7.279171 44.000000 31.303505
26.142857 8.029584 46.000000 36.243372 26.061224 8.365142 54.000000 36.243372
25.612245 7.145949 42.000000 29.275349 24.612245 5.785928 39.000000 29.275349
25.163265 6.488203 41.000000 56.577307 25.510204 7.125162 44.000000 56.577307
25.244898 7.228325 50.000000 41.690453 25.612245 7.663856 46.000000 41.690453
24.530612 5.829545 38.000000 37.898845 24.979592 6.742662 46.000000 37.898845
24.897959 6.399887 42.000000 277.253167 24.428571 5.720284 39.000000 277.253167
24.183673 5.327127 39.000000 28.482828 24.244898 5.614894 34.000000 28.482828
30.877551 10.743749 54.000000 46.952501 29.857143 9.716603 46.000000 46.952501
31.510204 11.462395 54.000000 50.076575 30.571429 10.795188 58.000000 50.076575
30.816327 10.504144 53.000000 48.702123 30.183673 10.074308 53.000000 48.702123
31.000000 10.690587 53.000000 66.514331 30.897959 11.207959 56.000000 66.514331
32.428571 12.548463 62.000000 33.447508 31.897959 12.509370 58.000000 33.447508
32.142857 12.052292 54.000000 41.879910 31.285714 11.669857 58.000000 41.879910
32.979592 13.340103 62.000000 65.303531 31.612245 11.981629 59.000000 65.303531
32.489796 12.506695 61.000000 179.563411 31.653061 12.068620 57.000000 179.563411
31.489796 11.420045 60.000000 161.952678 30.857143 10.894054 52.000000 161.952678
32.122449 12.379952 60.000000 240.232412 31.571429 12.166372 64.000000 240.232412
30.755102 10.264604 52.000000 59.213814 30.510204 10.377657 53.000000 59.213814
30.938776 10.456406 53.000000 26.345427 31.224490 11.460853 56.000000 26.345427
32.367347 12.699044 66.000000 66.867003 32.673469 13.564489 62.000000 66.867003
32.102041 12.132847 58.000000 158.866643 32.489796 13.339535 66.000000 158.866643
32.020408 11.989669 58.000000 38.983127 31.489796 11.687728 55.000000 38.983127
31.122449 10.624098 53.000000 376.675984 31.938776 12.350397 56.000000 376.675984
32.918367 13.028655 62.000000 36.270424 33.204082 13.787010 58.000000 36.270424
33.530612 13.891482 62.000000 35.863530 33.489796 14.282312 66.000000 35.863530
33.693878 14.151906 64.000000 210.244350 33.142857 13.638938 61.000000 210.244350
33.244898 13.367186 63.000000 89.945673 34.040816 15.091418 66.000000 89.945673
32.204082 12.111134 62.000000 285.502414 32.571429 13.132159 58.000000 285.502414
31.489796 11.006320 50.000000 185.126807 31.938776 12.358741 58.000000 185.126807
32.530612 12.542878 60.000000 24.501214 32.061224 12.342046 57.000000 24.501214
31.816327 11.392118 57.000000 232.884381 31.877551 12.136055 57.000000 232.884381
34.122449 14.739851 70.000000 41.592974 33.163265 13.848736 62.000000 41.592974
34.102041 14.607927 64.000000 61.629469 33.632653 14.787420 72.000000 61.629469
33.571429 13.755599 60.000000 461.649284 32.183673 12.314058 57.000000 461.649284
33.122449 13.082029 59.000000 39.266604 33.081633 13.705799 62.000000 39.266604
33.204082 13.525813 68.000000 94.277699 33.183673 14.070036 64.000000 94.277699
32.489796 12.255228 56.000000 240.630767 32.551020 13.090582 64.000000 240.630767
32.857143 12.830376 60.000000 29.679958 32.000000 12.124781 57.000000 29.679958
32.142857 11.728017 57.000000 51.776715 31.816327 11.914080 56.000000 51.776715
30.122449 10.073201 54.000000 236.568298 29.081633 9.181642 46.000000 236.568298
30.755102 10.880855 54.000000 580.197198 29.795918 10.370417 58.000000 580.197198
30.061224 9.812486 53.000000 345.539611 29.408163 9.586112 53.000000 345.539611
30.244898 10.025803 53.000000 37.957518 30.122449 10.823100 56.000000 37.957518
31.244898 11.546465 62.000000 761.405458 31.102041 12.220053 58.000000 761.405458
30.530612 10.314842 50.000000 73.470476 30.469388 11.302043 58.000000 73.470476
31.571429 12.024888 60.000000 23.696904 30.591837 11.299883 57.000000 23.696904
30.857143 10.755004 57.000000 56.893580 30.408163 11.049875 57.000000 56.893580
29.367347 9.210469 54.000000 110.060764 28.306122 8.450472 46.000000 110.060764
29.571429 9.373136 50.000000 121.525214 29.000000 9.767398 58.000000 121.525214
28.612245 8.094331 42.000000 108.953062 27.530612 7.465666 43.000000 108.953062
28.591837 8.021667 45.000000 110.856753 28.448980 8.660995 48.000000 110.856753
29.816327 9.894648 58.000000 65.743212 30.102041 10.683343 54.000000 65.743212
29.551020 9.314795 50.000000 21.639745 29.918367 10.492681 58.000000 21.639745
29.469388 9.176622 50.000000 22.833796 28.918367 8.928898 47.000000 22.833796
28.571429 7.950880 45.000000 2164.138674 29.367347 9.525211 48.000000 2164.138674
31.040816 11.223060 58.000000 34.295782 31.755102 12.016364 54.000000 34.295782
31.653061 12.106147 58.000000 49.955925 32.040816 12.522901 62.000000 49.955925
31.816327 12.375855 60.000000 30.916878 31.693878 11.859494 57.000000 30.916878
31.367347 11.553897 59.000000 53.639148 32.591837 13.332262 62.000000 53.639148
31.224490 11.503949 62.000000 1292.427111 32.020408 12.580446 58.000000 1292.427111
30.510204 10.265792 50.000000 42.493195 31.387755 11.740873 58.000000 42.493195
31.551020 11.984631 60.000000 278.494244 31.510204 11.729112 57.000000 278.494244
30.836735 10.708599 57.000000 92.075001 31.326531 11.503272 57.000000 92.075001
30.897959 11.011231 60.000000 26.921313 30.357143 10.422270 52.000000 26.921313
30.877551 10.846887 54.000000 72.645603 30.826531 11.343762 62.000000 72.645603
30.346939 10.037150 50.000000 48.572336 29.377551 9.094595 47.000000 48.572336
29.897959 9.424130 49.000000 42.343511 30.275510 10.289401 52.000000 42.343511
29.795918 9.842009 58.000000 25.877936 31.020408 11.177093 54.000000 25.877936
29.530612 9.258269 50.000000 1130.885323 30.836735 11.010486 58.000000 1130.885323
29.448980 9.119055 50.000000 3303.468833 29.836735 9.628880 47.000000 3303.468833
28.551020 7.882020 45.000000 596.233846 30.285714 10.143303 48.000000 596.233846
28.469388 9.162006 50.000000 42.703694 28.469388 9.588657 46.000000 42.703694
29.081633 9.890820 50.000000 61.388830 28.755102 10.082200 54.000000 61.388830
29.244898 10.131162 52.000000 51.373128 28.408163 9.422321 49.000000 51.373128
28.795918 9.375290 51.000000 42.314853 29.306122 10.831805 54.000000 42.314853
29.979592 11.001387 58.000000 33.555239 29.653061 11.346558 54.000000 33.555239
29.693878 10.474720 50.000000 46.708971 29.040816 10.517456 54.000000 46.708971
30.530612 11.823621 58.000000 32.514889 29.367347 10.808919 55.000000 32.514889
30.040816 10.944959 57.000000 28.044652 29.408163 10.898630 53.000000 28.044652
30.571429 11.901659 62.000000 27.925529 29.326531 10.846421 54.000000 27.925529
30.551020 11.745692 56.000000 63.503066 29.795918 11.856495 64.000000 63.503066
30.020408 10.888355 52.000000 24.696100 28.346939 9.259269 49.000000 24.696100
29.571429 10.223280 51.000000 156.709876 29.244898 10.695467 54.000000 156.709876
30.367347 11.805457 64.000000 203.582028 30.877551 13.067837 60.000000 203.582028
30.102041 11.194153 56.000000 29.659167 30.693878 12.837131 64.000000 29.659167
30.020408 11.038807 56.000000 315.222090 29.693878 11.129424 53.000000 315.222090
29.122449 9.538058 51.000000 36.395108 30.142857 11.815593 54.000000 36.395108
27.755102 8.556738 50.000000 38.318371 27.836735 9.213050 46.000000 38.318371
28.367347 9.380159 50.000000 187.023053 28.122449 9.744430 54.000000 187.023053
28.530612 9.645472 52.000000 35.980348 27.775510 9.035475 49.000000 35.980348
28.081633 8.811512 51.000000 63.308027 28.673469 10.551568 54.000000 63.308027
27.040816 7.747189 50.000000 26.059230 27.204082 8.702363 46.000000 26.059230
26.326531 6.659271 38.000000 216.165221 26.571429 8.030868 46.000000 216.165221
27.367347 8.133408 48.000000 194.777499 26.693878 7.901987 45.000000 194.777499
26.653061 6.962495 45.000000 706.042695 26.510204 7.736971 45.000000 706.042695
28.959184 10.203010 58.000000 31.885018 27.795918 9.334515 50.000000 31.885018
28.938776 10.025551 52.000000 95.805682 28.265306 10.378955 60.000000 95.805682
28.408163 9.146952 48.000000 81.976292 26.816327 7.753080 45.000000 81.976292
27.959184 8.473024 47.000000 54.187057 27.714286 9.180886 50.000000 54.187057
28.040816 9.081440 56.000000 28.228682 27.816327 9.645625 52.000000 28.228682
27.326531 7.719003 44.000000 37.594688 27.183673 8.655309 52.000000 37.594688
27.693878 8.302786 48.000000 141.263144 26.632653 7.612236 45.000000 141.263144
26.979592 7.192464 45.000000 70.932947 26.448980 7.439270 44.000000 70.932947
28.530612 9.283845 52.000000 46.771752 26.877551 8.183798 44.000000 46.771752
29.163265 10.128752 52.000000 76.987775 27.591837 9.513785 56.000000 76.987775
28.469388 9.003097 51.000000 31.502841 27.204082 8.642927 51.000000 31.502841
28.653061 9.226924 51.000000 32.801474 27.918367 10.012027 54.000000 32.801474
29.204082 10.178772 58.000000 83.859884 28.448980 10.816294 54.000000 83.859884
28.489796 8.916849 46.000000 2708.541325 27.816327 9.854976 54.000000 2708.541325
29.530612 10.657947 56.000000 32.822364 27.938776 9.835572 53.000000 32.822364
28.816327 9.353699 53.000000 69.690720 27.755102 9.573440 53.000000 69.690720
27.979592 8.548201 52.000000 68.151378 25.897959 7.210373 44.000000 68.151378
27.959184 8.347996 46.000000 40.003182 26.367347 8.287847 54.000000 40.003182
27.428571 7.630649 42.000000 53.357882 24.918367 5.752048 39.000000 53.357882
26.979592 7.134900 41.000000 91.607866 25.816327 7.058441 44.000000 91.607866
27.765306 8.579286 54.000000 66.289118 27.448980 9.193367 50.000000 66.289118
27.500000 7.969336 46.000000 345.103642 27.265306 8.998913 54.000000 345.103642
27.418367 7.827948 46.000000 607.260551 26.265306 7.302804 43.000000 607.260551
26.520408 6.619605 41.000000 40.403992 26.714286 7.944394 44.000000 40.403992
27.408163 8.442451 50.000000 33.630598 27.102041 8.840499 46.000000 33.630598
28.020408 9.299129 50.000000 42.284528 27.387755 9.415531 54.000000 42.284528
28.183673 9.572670 52.000000 66.070366 27.040816 8.650032 49.000000 66.070366
27.734694 8.713718 51.000000 60.656733 27.938776 10.288434 54.000000 60.656733
26.693878 7.587847 50.000000 33.740499 26.469388 8.250216 46.000000 33.740499
25.979592 6.434411 38.000000 60.660835 25.836735 7.476001 46.000000 60.660835
27.020408 7.996107 48.000000 25.274066 25.959184 7.349758 45.000000 25.274066
26.306122 6.764687 45.000000 365.716917 25.775510 7.153012 45.000000 365.716917
27.265306 8.235642 52.000000 38.715285 25.714286 7.216819 44.000000 38.715285
27.244898 8.025810 46.000000 622.192212 26.183673 8.303951 54.000000 622.192212
26.714286 7.223958 42.000000 256.816825 24.734694 5.728480 39.000000 256.816825
26.265306 6.649628 41.000000 32.743088 25.632653 7.062881 44.000000 32.743088
26.346939 7.361228 50.000000 27.240437 25.734694 7.604327 46.000000 27.240437
25.632653 6.124798 38.000000 37.269401 25.102041 6.686638 46.000000 37.269401
26.000000 6.608336 42.000000 38.366948 24.551020 5.666182 39.000000 38.366948
25.285714 5.716678 39.000000 36.419418 24.367347 5.563852 34.000000 36.419418
28.265306 7.820870 46.000000 21.936542 26.265306 6.991233 38.000000 21.936542
28.897959 8.380746 46.000000 22.358740 26.979592 8.039823 50.000000 22.358740
28.204082 7.532691 45.000000 22.131414 26.591837 7.283418 45.000000 22.131414
28.387755 7.661165 45.000000 30.065374 27.306122 8.415019 48.000000 30.065374
29.816327 9.290664 54.000000 50.298143 28.306122 9.631786 50.000000 50.298143
29.530612 8.787531 46.000000 29.994351 27.693878 8.827567 50.000000 29.994351
30.367347 10.040524 54.000000 26.818953 28.020408 9.076967 51.000000 26.818953
29.877551 9.198011 53.000000 52.419131 28.061224 9.171691 49.000000 52.419131
28.877551 8.336067 52.000000 28.958517 27.265306 8.014872 44.000000 28.958517
29.510204 9.243828 52.000000 26.712993 27.979592 9.338955 56.000000 26.712993
28.142857 7.241063 44.000000 25.200248 26.918367 7.506250 45.000000 25.200248
28.326531 7.376160 45.000000 36.083320 27.632653 8.581192 48.000000 36.083320
29.755102 9.528104 58.000000 62.897828 29.081633 10.647756 54.000000 62.897828
29.489796 8.922628 50.000000 96.257249 28.897959 10.438321 58.000000 96.257249
29.408163 8.777709 50.000000 29.844979 27.897959 8.747889 47.000000 29.844979
28.510204 7.479518 45.000000 78.447721 28.346939 9.405090 48.000000 78.447721
30.734694 9.941635 54.000000 103.570544 29.632653 10.708305 50.000000 103.570544
31.346939 10.717653 54.000000 44.472213 29.918367 11.225591 58.000000 44.472213
31.510204 10.965969 56.000000 76.738604 29.571429 10.542990 53.000000 76.738604
31.061224 10.194820 55.000000 38.808899 30.469388 12.035347 58.000000 38.808899
30.448980 9.531416 54.000000 288.877727 29.020408 10.134131 50.000000 288.877727
30.163265 9.061865 46.000000 123.984449 28.408163 9.420133 50.000000 123.984449
31.000000 10.229329 54.000000 52.260900 28.734694 9.629798 51.000000 52.260900
30.510204 9.436980 53.000000 174.596200 28.775510 9.716105 49.000000 174.596200
32.387755 12.138915 64.000000 35.239386 30.040816 11.415235 56.000000 35.239386
32.367347 11.985720 58.000000 42.325523 30.510204 12.428140 66.000000 42.325523
31.836735 11.138022 54.000000 189.398248 29.061224 9.790397 51.000000 189.398248
31.387755 10.480844 53.000000 28.022833 29.959184 11.262490 56.000000 28.022833
31.918367 11.603122 64.000000 101.933534 30.510204 12.304760 60.000000 101.933534
31.204082 10.285571 52.000000 53.239202 29.877551 11.247236 60.000000 53.239202
31.571429 10.872267 56.000000 49.013473 29.326531 10.179599 53.000000 49.013473
30.857143 9.749438 53.000000 46.251168 29.142857 9.952464 48.000000 46.251168
29.551020 8.942108 52.000000 48.513775 27.938776 8.552827 44.000000 48.513775
30.183673 9.749805 52.000000 39.201711 28.653061 9.754832 56.000000 39.201711
29.489796 8.657569 51.000000 40.052120 28.265306 8.954122 51.000000 40.052120
29.673469 8.868775 51.000000 41.807542 28.979592 10.207113 54.000000 41.807542
31.102041 10.949264 60.000000 4249.924702 29.979592 11.614051 56.000000 4249.924702
30.816327 10.395625 52.000000 43.544546 29.367347 10.709267 56.000000 43.544546
31.653061 11.816555 60.000000 125.759638 29.693878 11.045742 57.000000 125.759638
31.163265 10.897549 59.000000 58.974935 29.734694 11.139741 55.000000 58.974935
28.816327 8.086322 52.000000 208.509917 27.591837 8.150437 44.000000 208.509917
29.448980 9.023592 52.000000 29.181280 28.306122 9.430602 56.000000 29.181280
28.081633 6.945552 40.000000 156.453582 27.244898 7.665778 45.000000 156.453582
28.265306 7.087889 45.000000 299.658177 27.959184 8.694018 48.000000 299.658177
29.693878 9.316218 58.000000 52.475316 29.408163 10.694287 54.000000 52.475316
29.428571 8.694115 50.000000 77.005135 29.224490 10.491558 58.000000 77.005135
29.346939 8.544730 50.000000 40.513860 28.224490 8.848706 47.000000 40.513860
28.448980 7.196967 45.000000 871.693498 28.673469 9.483328 48.000000 871.693498
31.122449 10.785887 58.000000 68.809576 30.857143 12.082193 54.000000 68.809576
31.734694 11.697697 58.000000 31.953587 31.142857 12.606658 62.000000 31.953587
31.897959 11.975482 60.000000 40.278275 30.795918 11.921530 57.000000 40.278275
31.448980 11.127307 59.000000 692.946280 31.693878 13.448189 62.000000 692.946280
31.306122 11.076499 62.000000 183.507799 31.122449 12.662360 58.000000 183.507799
30.591837 9.790419 50.000000 30.130310 30.489796 11.779980 58.000000 30.130310
31.632653 11.572619 60.000000 32.142634 30.612245 11.777694 57.000000 32.142634
30.918367 10.251149 57.000000 30.462121 30.428571 11.538372 57.000000 30.462121
30.979592 10.566412 60.000000 72.289442 29.459184 10.376588 52.000000 72.289442
30.959184 10.395199 54.000000 38.059979 29.928571 11.339421 62.000000 38.059979
30.428571 9.551812 50.000000 32.758472 28.479592 8.943384 47.000000 32.758472
29.979592 8.909603 49.000000 74.760236 29.377551 10.235893 52.000000 74.760236
29.877551 9.351405 58.000000 439.103114 30.122449 11.188419 54.000000 439.103114
29.612245 8.737445 50.000000 34.207712 29.938776 11.006855 58.000000 34.207712
29.530612 8.590578 50.000000 37.073844 28.938776 9.530003 47.000000 37.073844
28.632653 7.274284 45.000000 30.899781 29.387755 10.089938 48.000000 30.899781
31.346939 10.297735 54.000000 28.602378 31.551020 11.420837 50.000000 28.602378
31.959184 11.014441 54.000000 29.708501 31.836735 11.860611 58.000000 29.708501
32.122449 11.247236 56.000000 29.251041 31.489796 11.276510 53.000000 29.251041
31.673469 10.523195 55.000000 33.551665 32.387755 12.544874 58.000000 33.551665
32.857143 12.106061 62.000000 28.055945 32.734694 13.016683 58.000000 28.055945
32.571429 11.601635 54.000000 37.504687 32.122449 12.254404 58.000000 37.504687
33.408163 12.906353 62.000000 48.362279 32.448980 12.529653 59.000000 48.362279
32.918367 12.060563 61.000000 93.043406 32.489796 12.610129 57.000000 93.043406
33.448980 12.981448 66.000000 71.041242 32.408163 12.559004 58.000000 71.041242
33.428571 12.836803 60.000000 34.536222 32.877551 13.473353 68.000000 34.536222
32.897959 12.007291 56.000000 42.356413 31.428571 11.135529 53.000000 42.356413
32.448980 11.362919 55.000000 140.341118 32.326531 12.422772 58.000000 140.341118
33.244898 12.875343 68.000000 57.033930 33.959184 14.619517 64.000000 57.033930
32.979592 12.292802 60.000000 43.333271 33.775510 14.401840 68.000000 43.333271
32.897959 12.143888 60.000000 50.326887 32.775510 12.830803 57.000000 50.326887
32.000000 10.703116 55.000000 176.075511 33.224490 13.461308 58.000000 176.075511
30.632653 9.679810 54.000000 32.985413 30.918367 11.054386 50.000000 32.985413
31.244898 10.481266 54.000000 37.303262 31.204082 11.524031 58.000000 37.303262
31.408163 10.736619 56.000000 35.223432 30.857143 10.901622 53.000000 35.223432
30.959184 9.943053 55.000000 274.918216 31.755102 12.255915 58.000000 274.918216
29.918367 8.881434 54.000000 27.523996 30.285714 10.577159 50.000000 27.523996
29.204082 7.847725 42.000000 27.362016 29.653061 9.973265 50.000000 27.362016
30.244898 9.260337 52.000000 28.133654 29.775510 9.881286 49.000000 28.133654
29.530612 8.152166 49.000000 27.459145 29.591837 9.732332 49.000000 27.459145
31.836735 11.283318 62.000000 30.652536 30.877551 11.152426 54.000000 30.652536
31.816327 11.121028 56.000000 28.775614 31.346939 12.076306 64.000000 28.775614
31.285714 10.277590 52.000000 145.376238 29.897959 9.774245 49.000000 145.376238
30.836735 9.629951 51.000000 69.787266 30.795918 11.017286 54.000000 69.787266
30.918367 10.178483 60.000000 46.979288 30.897959 11.415751 56.000000 46.979288
30.204082 8.893365 48.000000 31.370366 30.265306 10.536682 56.000000 31.370366
30.571429 9.448722 52.000000 32.168240 29.714286 9.645254 49.000000 32.168240
29.857143 8.393665 49.000000 30.323561 29.530612 9.491400 48.000000 30.323561
33.428571 12.670283 62.000000 169.837546 31.979592 12.100933 54.000000 169.837546
34.061224 13.544745 62.000000 39.486901 32.693878 13.305613 66.000000 39.486901
33.367347 12.440695 61.000000 30.049903 32.306122 12.545512 61.000000 30.049903
33.551020 12.678517 61.000000 86.471717 33.020408 13.784033 64.000000 86.471717
34.102041 13.597672 68.000000 56.282130 33.551020 14.560306 64.000000 56.282130
33.387755 12.386917 56.000000 37.890029 32.918367 13.633399 64.000000 37.890029
34.428571 14.080036 66.000000 45.391917 33.040816 13.663797 63.000000 45.391917
33.714286 12.836803 63.000000 69.897487 32.857143 13.408722 63.000000 69.897487
32.877551 11.905353 62.000000 43.964126 31.000000 11.034155 54.000000 43.964126
32.857143 11.753482 56.000000 55.631065 31.469388 11.962315 64.000000 55.631065
32.326531 11.009626 52.000000 42.136011 30.020408 9.651643 49.000000 42.136011
31.877551 10.452904 51.000000 45.216162 30.918367 10.898476 54.000000 45.216162
32.663265 11.834724 64.000000 39.099826 32.551020 13.024262 60.000000 39.099826
32.397959 11.279705 56.000000 180.440270 32.367347 12.817021 64.000000 180.440270
32.316327 11.142560 56.000000 32.640796 31.367347 11.257426 53.000000 32.640796
31.418367 9.871257 51.000000 40.070262 31.816327 11.872473 54.000000 40.070262
32.306122 11.577981 60.000000 193.989884 32.204082 12.642556 56.000000 193.989884
32.918367 12.472381 60.000000 53.983559 32.489796 13.159015 64.000000 53.983559
33.081633 12.743847 62.000000 41.079022 32.142857 12.485868 59.000000 41.079022
32.632653 11.919306 61.000000 48.006639 33.040816 13.993311 64.000000 48.006639
31.591837 10.629503 60.000000 33.271953 31.571429 11.978503 56.000000 33.271953
30.877551 9.457736 48.000000 23.590393 30.938776 11.182476 56.000000 23.590393
31.918367 11.077677 58.000000 47.427205 31.061224 11.152935 55.000000 47.427205
31.204082 9.857708 55.000000 28.248572 30.877551 10.941518 55.000000 28.248572
32.163265 11.363437 62.000000 182.398796 30.816327 10.955719 54.000000 182.398796
32.142857 11.202908 56.000000 39.416305 31.285714 11.897327 64.000000 39.416305
31.612245 10.383008 52.000000 54.042893 29.836735 9.542843 49.000000 54.042893
31.163265 9.757571 51.000000 28.615507 30.734694 10.817656 54.000000 28.615507
31.244898 10.296693 60.000000 29.026968 30.836735 11.223773 56.000000 29.026968
30.530612 9.054479 48.000000 26.197462 30.204082 10.324587 56.000000 26.197462
30.897959 9.587889 52.000000 26.474745 29.653061 9.409473 49.000000 26.474745
30.183673 8.577538 49.000000 25.773315 29.469388 9.250471 44.000000 25.773315
27.142857 7.562796 46.000000 76.424837 25.346939 6.846027 38.000000 76.424837
27.775510 8.228102 46.000000 117.846205 26.061224 7.997185 50.000000 117.846205
27.081633 7.254822 45.000000 87.650760 25.673469 7.186436 45.000000 87.650760
27.265306 7.416269 45.000000 46.308674 26.387755 8.410392 48.000000 46.308674
28.693878 9.266288 54.000000 127.862718 27.387755 9.723638 50.000000 127.862718
28.408163 8.724697 46.000000 36.556062 26.775510 8.863839 50.000000 36.556062
29.244898 10.080154 54.000000 89.749553 27.102041 9.145434 51.000000 89.749553
28.755102 9.180954 53.000000 35.715372 27.142857 9.243554 49.000000 35.715372
27.755102 8.179760 52.000000 100.851976 26.346939 8.005284 44.000000 100.851976
28.387755 9.181596 52.000000 27.299730 27.061224 9.401487 56.000000 27.299730
27.020408 6.941552 44.000000 179.179826 26.000000 7.452945 45.000000 179.179826
27.204082 7.111714 45.000000 49.305274 26.714286 8.611907 48.000000 49.305274
28.632653 9.497029 58.000000 25.979724 28.163265 10.797760 54.000000 25.979724
28.367347 8.855527 50.000000 30.971057 27.979592 10.575189 58.000000 30.971057
28.285714 8.698856 50.000000 23.799674 26.979592 8.806019 47.000000 23.799674
27.387755 7.247655 45.000000 120.237269 27.428571 9.503119 48.000000 120.237269
29.183673 9.691475 54.000000 26.311792 28.693878 10.905790 50.000000 26.311792
29.795918 10.577119 54.000000 31.633583 28.979592 11.437846 58.000000 31.633583
29.959184 10.852258 56.000000 48.183735 28.632653 10.738108 53.000000 48.183735
29.510204 10.002314 55.000000 78.692527 29.530612 12.276206 58.000000 78.692527
28.469388 8.775792 54.000000 60.900482 28.061224 10.284426 50.000000 60.900482
27.755102 7.591451 42.000000 29.447822 27.428571 9.513962 50.000000 29.447822
28.795918 9.211108 52.000000 141.090038 27.551020 9.446673 49.000000 141.090038
28.081633 7.966002 49.000000 40.272469 27.367347 9.246217 49.000000 40.272469
30.387755 11.448344 62.000000 46.251991 28.653061 10.996815 54.000000 46.251991
30.367347 11.285780 56.000000 130.918744 29.122449 12.020828 64.000000 130.918744
29.836735 10.381083 52.000000 25.273072 27.673469 9.364085 49.000000 25.273072
29.387755 9.672613 51.000000 59.704410 28.571429 10.842832 54.000000 59.704410
29.469388 10.230543 60.000000 39.279890 28.673469 11.267850 56.000000 39.279890
28.755102 8.835333 48.000000 29.688712 28.040816 10.238313 56.000000 29.688712
29.122449 9.451193 52.000000 48.054863 27.489796 9.184529 49.000000 48.054863
28.408163 8.270974 49.000000 35.980762 27.306122 8.976956 48.000000 35.980762
26.387755 7.053014 46.000000 20.656636 24.571429 6.498215 38.000000 20.656636
27.020408 7.824070 46.000000 27.818485 25.285714 7.773866 50.000000 27.818485
26.326531 6.714771 45.000000 25.567724 24.897959 6.893131 45.000000 25.567724
26.510204 6.909197 45.000000 23.018225 25.612245 8.229483 48.000000 23.018225
27.510204 8.480718 54.000000 32.103642 26.591837 9.644011 50.000000 32.103642
26.795918 7.152188 42.000000 19.048248 25.959184 8.710603 50.000000 19.048248
27.836735 8.965793 52.000000 52.265791 26.081633 8.658079 49.000000 52.265791
27.122449 7.590370 49.000000 38.616575 25.897959 8.406539 49.000000 38.616575
25.632653 6.294143 46.000000 19.744048 23.795918 5.899431 38.000000 19.744048
25.836735 6.393769 42.000000 26.159424 24.489796 7.341795 50.000000 26.159424
24.877551 5.177798 34.000000 19.594367 23.020408 4.959588 35.000000 19.594367
24.857143 5.080791 37.000000 20.080924 23.938776 6.115413 40.000000 20.080924
26.081633 6.986989 50.000000 207.457938 25.591837 8.053733 46.000000 207.457938
25.816327 6.321860 42.000000 49.429834 25.408163 7.881646 50.000000 49.429834
25.734694 6.173690 42.000000 39.572035 24.408163 6.229025 39.000000 39.572035
24.836735 4.985947 37.000000 22.437898 24.857143 6.829288 40.000000 22.437898
27.306122 8.143568 50.000000 42.105785 27.244898 9.135928 46.000000 42.105785
27.918367 9.035638 50.000000 66.167946 27.530612 9.689195 54.000000 66.167946
28.081633 9.318725 52.000000 26.941529 27.183673 8.952736 49.000000 26.941529
27.632653 8.428459 51.000000 33.042262 28.081633 10.531909 54.000000 33.042262
27.489796 8.433176 54.000000 89.218369 27.510204 9.770822 50.000000 89.218369
26.775510 7.093675 42.000000 40.598526 26.877551 8.916873 50.000000 40.598526
27.816327 8.921591 52.000000 67.367415 27.000000 8.852747 49.000000 67.367415
27.102041 7.536153 49.000000 33.500224 26.816327 8.626675 49.000000 33.500224
27.163265 7.927108 52.000000 33.515824 25.846939 7.586412 44.000000 33.515824
27.142857 7.708611 46.000000 29.207789 26.316327 8.619801 54.000000 29.207789
26.612245 6.861866 42.000000 27.955341 24.867347 6.208803 39.000000 27.955341
26.163265 6.246969 41.000000 85.402414 25.765306 7.441595 44.000000 85.402414
26.061224 6.924953 50.000000 96.577654 26.510204 8.317470 46.000000 96.577654
25.795918 6.252355 42.000000 55.453645 26.326531 8.171834 50.000000 55.453645
25.714286 6.102222 42.000000 77.031547 25.326531 6.731639 39.000000 77.031547
24.816327 4.893393 37.000000 45.555383 25.775510 7.233272 40.000000 45.555383
29.755102 9.549719 52.000000 42.488853 29.755102 10.393358 48.000000 42.488853
30.367347 10.294016 52.000000 51.347020 30.040816 10.869344 56.000000 51.347020
30.530612 10.536343 54.000000 47.138339 29.693878 10.235785 51.000000 47.138339
30.081633 9.778657 53.000000 211.083382 30.591837 11.602379 56.000000 211.083382
31.265306 11.422126 60.000000 33.103467 30.938776 12.105052 56.000000 33.103467
30.979592 10.896873 52.000000 33.476076 30.326531 11.292526 56.000000 33.476076
31.816327 12.248582 60.000000 43.163894 30.653061 11.584830 57.000000 43.163894
31.326531 11.371674 59.000000 40.350640 30.693878 11.671101 55.000000 40.350640
31.857143 12.326319 64.000000 34.754182 30.612245 11.617293 56.000000 34.754182
31.836735 12.174584 58.000000 70.912643 31.081633 12.592481 66.000000 70.912643
31.306122 11.315903 54.000000 51.479696 29.632653 10.081511 51.000000 51.479696
30.857143 10.647104 53.000000 105.340062 30.530612 11.471349 56.000000 105.340062
31.653061 12.221413 66.000000 61.274709 32.163265 13.795781 62.000000 61.274709
31.387755 11.615518 58.000000 29.609196 31.979592 13.567684 66.000000 29.609196
31.306122 11.460743 58.000000 66.205957 30.979592 11.904240 55.000000 66.205957
30.408163 9.958508 53.000000 93.526497 31.428571 12.573905 56.000000 93.526497
29.714286 9.610990 54.000000 28.041556 29.795918 10.731934 50.000000 28.041556
30.326531 10.472128 54.000000 39.389357 30.081633 11.243943 58.000000 39.389357
30.489796 10.741810 56.000000 33.820464 29.734694 10.567945 53.000000 33.820464
30.040816 9.906697 55.000000 291.685884 30.632653 12.044923 58.000000 291.685884
29.000000 8.730796 54.000000 35.726665 29.163265 10.169384 50.000000 35.726665
28.285714 7.590010 42.000000 32.508889 28.530612 9.464207 50.000000 32.508889
29.326531 9.149137 52.000000 34.229712 28.653061 9.382043 49.000000 34.229712
28.612245 7.942620 49.000000 34.151555 28.469388 9.202425 49.000000 34.151555
30.918367 11.323430 62.000000 57.965545 29.755102 10.828619 54.000000 57.965545
30.897959 11.160026 56.000000 39.332456 30.224490 11.823034 64.000000 39.332456
30.367347 10.271959 52.000000 38.851025 28.775510 9.284207 49.000000 38.851025
29.918367 9.580557 51.000000 41.959092 29.673469 10.680723 54.000000 41.959092
30.000000 10.139237 60.000000 128.414135 29.775510 11.101714 56.000000 128.414135
29.285714 8.773202 48.000000 37.892544 29.142857 10.124992 56.000000 37.892544
29.653061 9.372148 52.000000 130.980727 28.591837 9.125513 49.000000 130.980727
28.938776 8.227207 49.000000 100.026463 28.408163 8.939472 48.000000 100.026463
29.816327 9.671242 54.000000 42.613982 28.163265 8.986466 46.000000 42.613982
30.448980 10.528432 54.000000 97.880463 28.877551 10.262800 58.000000 97.880463
29.755102 9.397369 53.000000 30.817601 28.489796 9.431516 53.000000 30.817601
29.938776 9.625799 53.000000 77.496412 29.204082 10.748252 56.000000 77.496412
30.489796 10.579347 60.000000 186.411364 29.734694 11.534396 56.000000 186.411364
29.775510 9.316354 48.000000 68.679411 29.102041 10.595165 56.000000 68.679411
30.816327 11.062472 58.000000 30.905121 29.224490 10.585470 55.000000 30.905121
30.102041 9.759468 55.000000 39.582917 29.040816 10.329538 55.000000 39.582917
29.265306 8.922982 54.000000 32.064819 27.183673 8.022323 46.000000 32.064819
29.244898 8.729688 48.000000 328.741018 27.653061 9.040689 56.000000 328.741018
28.714286 7.998711 44.000000 30.271076 26.204082 6.636294 41.000000 30.271076
28.265306 7.484074 43.000000 33.582652 27.102041 7.878576 46.000000 33.582652
29.051020 8.935476 56.000000 56.706427 28.734694 9.956142 52.000000 56.706427
28.785714 8.328624 48.000000 40.316278 28.551020 9.763304 56.000000 40.316278
28.704082 8.186246 48.000000 42.473840 27.551020 8.138140 45.000000 42.473840
27.806122 6.947013 43.000000 29.135654 28.000000 8.755558 46.000000 29.135654
28.489796 8.758201 52.000000 29.965013 28.591837 9.635455 48.000000 29.965013
29.102041 9.645778 52.000000 84.140243 28.877551 10.180095 56.000000 84.140243
29.265306 9.925029 54.000000 26.600016 28.530612 9.457669 51.000000 26.600016
28.816327 9.053503 53.000000 72.716825 29.428571 11.018260 56.000000 72.716825
28.224490 8.428634 54.000000 25.424568 28.408163 9.640803 50.000000 25.424568
27.510204 7.162682 42.000000 21.257954 27.775510 8.839381 50.000000 21.257954
28.551020 8.890076 52.000000 32.199977 27.897959 8.762019 49.000000 32.199977
27.836735 7.569191 49.000000 22.979702 27.714286 8.553049 49.000000 22.979702
28.346939 8.543524 54.000000 28.528422 27.204082 8.083277 46.000000 28.528422
28.326531 8.339170 48.000000 22.647362 27.673469 9.093756 56.000000 22.647362
27.795918 7.505269 44.000000 23.471631 26.224490 6.712860 41.000000 23.471631
27.346939 6.894046 43.000000 39.171463 27.122449 7.940845 46.000000 39.171463
27.224490 7.511545 52.000000 46.260691 27.428571 8.519232 48.000000 46.260691
26.734694 6.497503 42.000000 426.307483 27.020408 8.001262 50.000000 426.307483
26.877551 6.717058 44.000000 444.272040 26.244898 6.791537 41.000000 444.272040
25.959184 5.508977 39.000000 407.928900 26.265306 6.872253 38.000000 407.928900
26.551020 7.498622 44.000000 30.388384 26.346939 8.308612 40.000000 30.388384
27.163265 8.066341 44.000000 31.053523 26.632653 8.746590 48.000000 31.053523
27.326531 8.278373 46.000000 30.745310 26.285714 8.145583 43.000000 30.745310
26.877551 7.582216 45.000000 46.759805 27.183673 9.373517 48.000000 46.759805
28.061224 8.992341 52.000000 26.087941 27.530612 9.826541 48.000000 26.087941
27.775510 8.479850 44.000000 76.501255 26.918367 9.123069 48.000000 76.501255
28.612245 9.751165 52.000000 64.310211 27.244898 9.321366 49.000000 64.310211
28.122449 8.894879 51.000000 323.639360 27.285714 9.408266 47.000000 323.639360
28.653061 9.828532 56.000000 55.906207 27.204082 9.381886 48.000000 55.906207
28.632653 9.647806 50.000000 139.909909 27.673469 10.357303 58.000000 139.909909
28.102041 8.834667 46.000000 44.373395 26.224490 7.986497 43.000000 44.373395
27.653061 8.228818 45.000000 73.704072 27.122449 9.241620 48.000000 73.704072
28.448980 9.798088 58.000000 210.543970 28.755102 11.357418 54.000000 210.543970
28.183673 9.172288 50.000000 44.273700 28.571429 11.155878 58.000000 44.273700
28.102041 9.019440 50.000000 32.413642 27.571429 9.558286 47.000000 32.413642
27.204082 7.607591 45.000000 82.973251 28.020408 10.177780 48.000000 82.973251
28.959184 9.654782 52.000000 25.134497 28.428571 10.638386 48.000000 25.134497
29.571429 10.438825 52.000000 62.646342 28.714286 11.138306 56.000000 62.646342
29.734694 10.690154 54.000000 263.195983 28.367347 10.476668 51.000000 263.195983
29.285714 9.907823 53.000000 30.980098 29.265306 11.916852 56.000000 30.980098
28.673469 9.238842 52.000000 24.687380 27.816327 10.109042 48.000000 24.687380
28.387755 8.761011 44.000000 22.902298 27.204082 9.445404 48.000000 22.902298
29.224490 9.944724 52.000000 36.823519 27.530612 9.627285 49.000000 36.823519
28.734694 9.139865 51.000000 23.891453 27.571429 9.710235 47.000000 23.891453
30.612245 11.873589 62.000000 131.473479 28.836735 11.320717 54.000000 131.473479
30.591837 11.717321 56.000000 34.087603 29.306122 12.310760 64.000000 34.087603
30.061224 10.859759 52.000000 34.802768 27.857143 9.761063 49.000000 34.802768
29.612245 10.194634 51.000000 55.421192 28.755102 11.172556 54.000000 55.421192
30.142857 11.334647 62.000000 29.116499 29.306122 12.186191 58.000000 29.116499
29.428571 9.997938 50.000000 194.151721 28.673469 11.163061 58.000000 194.151721
29.795918 10.592702 54.000000 33.657908 28.122449 10.130352 51.000000 33.657908
29.081633 9.453820 51.000000 35.213818 27.938776 9.916992 46.000000 35.213818
29.979592 10.882673 56.000000 26.771180 28.122449 10.301902 48.000000 26.771180
30.612245 11.751405 56.000000 25.993505 28.836735 11.560414 60.000000 25.993505
29.918367 10.629344 55.000000 59.265102 28.448980 10.755121 55.000000 59.265102
30.102041 10.863245 55.000000 49.170655 29.163265 12.049463 58.000000 49.170655
30.653061 11.803461 62.000000 30.534806 29.693878 12.841145 58.000000 30.534806
29.938776 10.561373 50.000000 27.045708 29.061224 11.895435 58.000000 27.045708
30.979592 12.287769 60.000000 44.956948 29.183673 11.908021 57.000000 44.956948
30.265306 11.009416 57.000000 550.071101 29.000000 11.648636 57.000000 550.071101
29.428571 10.122955 56.000000 35.233190 27.142857 9.256928 48.000000 35.233190
29.408163 9.949187 50.000000 83.557932 27.612245 10.247084 58.000000 83.557932
28.877551 9.208093 46.000000 33.381483 26.163265 7.831596 43.000000 33.381483
28.428571 8.669178 45.000000 36.720043 27.061224 9.114186 48.000000 36.720043
29.214286 10.094655 58.000000 50.606455 28.693878 11.262938 54.000000 50.606455
28.948980 9.510030 50.000000 32.601298 28.510204 11.058649 58.000000 32.601298
28.867347 9.369437 50.000000 239.875317 27.510204 9.438073 47.000000 239.875317
27.969388 8.105559 45.000000 38.878513 27.959184 10.067728 48.000000 38.878513
30.020408 11.240556 58.000000 31.350942 30.326531 12.726120 54.000000 31.350942
30.632653 12.174325 58.000000 27.641576 30.612245 13.236651 62.000000 27.641576
30.795918 12.456075 60.000000 266.706597 30.265306 12.571077 57.000000 266.706597
30.346939 11.599948 59.000000 545.084087 31.163265 14.061495 62.000000 545.084087
30.204082 11.537442 62.000000 166.871900 30.591837 13.288889 58.000000 166.871900
29.489796 10.231591 50.000000 25.060664 29.959184 12.423721 58.000000 25.060664
30.530612 12.044765 60.000000 27.246061 30.081633 12.426836 57.000000 27.246061
29.816327 10.707303 57.000000 48.072299 29.897959 12.192181 57.000000 48.072299
29.877551 11.015701 60.000000 155.798016 28.928571 11.052126 52.000000 155.798016
29.857143 10.849486 54.000000 48.782289 29.397959 11.981721 62.000000 48.782289
29.326531 9.985325 50.000000 27.471135 27.948980 9.664872 47.000000 27.471135
28.877551 9.319379 49.000000 36.701487 28.846939 10.916130 52.000000 36.701487
28.775510 9.730948 58.000000 1747.512203 29.591837 11.847690 54.000000 1747.512203
28.510204 9.110145 50.000000 99.114363 29.408163 11.667946 58.000000 99.114363
28.428571 8.959243 50.000000 111.827500 28.408163 10.234203 47.000000 111.827500
27.530612 7.575332 45.000000 84.998095 28.857143 10.779897 48.000000 84.998095
25.224490 7.297126 44.000000 108.025922 25.224490 7.951568 40.000000 108.025922
25.836735 7.982835 44.000000 37.309829 25.510204 8.446612 48.000000 37.309829
26.000000 8.223677 46.000000 24.498725 25.163265 7.772134 43.000000 24.498725
25.551020 7.442041 45.000000 23.068196 26.061224 9.162695 48.000000 23.068196
26.734694 9.051458 52.000000 115.137704 26.408163 9.666433 48.000000 115.137704
26.448980 8.497571 44.000000 31.281890 25.795918 8.872475 48.000000 31.281890
27.285714 9.880732 52.000000 56.488081 26.122449 9.116955 49.000000 56.488081
26.795918 8.963798 51.000000 338.605983 26.163265 9.210812 47.000000 338.605983
27.326531 9.962585 56.000000 41.551202 26.081633 9.173779 48.000000 41.551202
27.306122 9.781540 50.000000 95.752150 26.551020 10.221387 58.000000 95.752150
26.775510 8.900979 46.000000 56.821498 25.102041 7.596106 43.000000 56.821498
26.326531 8.227156 45.000000 63.301468 26.000000 9.020024 48.000000 63.301468
27.122449 9.904977 58.000000 27.827987 27.632653 11.342274 54.000000 27.827987
26.857143 9.248015 50.000000 28.336783 27.448980 11.121747 58.000000 28.336783
26.775510 9.084404 50.000000 29.473339 26.448980 9.398533 47.000000 29.473339
25.877551 7.526264 45.000000 27.344491 26.897959 10.078547 48.000000 27.344491
24.510204 6.819083 44.000000 32.391657 24.591837 7.725759 40.000000 32.391657
25.122449 7.606651 44.000000 21.657461 24.877551 8.256538 48.000000 21.657461
25.285714 7.874008 46.000000 52.683306 24.530612 7.535762 43.000000 52.683306
24.836735 7.007645 45.000000 24.839634 25.428571 9.026879 48.000000 24.839634
23.795918 6.105531 44.000000 209.753860 23.959184 7.352562 40.000000 209.753860
23.081633 5.057756 32.000000 24.990246 23.326531 6.807781 40.000000 24.990246
24.122449 6.449271 42.000000 27.331845 23.448980 6.603845 39.000000 27.331845
23.408163 5.281434 39.000000 34.105228 23.265306 6.484797 39.000000 34.105228
25.714286 8.407164 52.000000 52.702543 24.551020 7.884635 44.000000 52.702543
25.693878 8.197822 46.000000 58.815064 25.020408 8.952313 54.000000 58.815064
25.163265 7.301594 42.000000 23.726308 23.571429 6.371651 39.000000 23.726308
24.714286 6.628585 41.000000 25.597276 24.469388 7.731585 44.000000 25.597276
24.795918 7.359627 50.000000 24.240620 24.571429 8.243711 46.000000 24.240620
24.081633 5.937255 38.000000 31.102713 23.938776 7.304590 46.000000 31.102713
24.448980 6.523743 42.000000 38.597445 23.387755 6.281428 39.000000 38.597445
23.734694 5.415805 39.000000 26.262878 23.204082 6.154303 38.000000 26.262878
27.306122 9.561961 52.000000 50.488170 25.653061 8.720283 44.000000 50.488170
27.938776 10.459363 52.000000 157.845200 26.367347 10.067184 56.000000 157.845200
27.244898 9.281465 51.000000 166.813345 25.979592 9.196570 51.000000 166.813345
27.428571 9.522626 51.000000 44.372973 26.693878 10.577557 54.000000 44.372973
27.979592 10.512614 58.000000 33.800874 27.224490 11.399521 54.000000 33.800874
27.265306 9.200573 46.000000 37.951930 26.591837 10.416914 54.000000 37.951930
28.306122 11.013963 56.000000 45.574907 26.714286 10.413116 53.000000 45.574907
27.591837 9.666433 53.000000 36.495760 26.530612 10.143511 53.000000 36.495760
26.755102 8.772099 52.000000 26.350303 24.673469 7.657320 44.000000 26.350303
26.734694 8.574177 46.000000 44.484509 25.142857 8.746133 54.000000 44.484509
26.204082 7.793679 42.000000 23.074416 23.693878 6.107977 39.000000 23.074416
25.755102 7.232603 41.000000 29.500726 24.591837 7.500978 44.000000 29.500726
26.540816 8.772225 54.000000 27.971681 26.224490 9.746827 50.000000 27.971681
26.275510 8.136440 46.000000 27.311541 26.040816 9.539844 54.000000 27.311541
26.193878 7.985371 46.000000 36.608959 25.040816 7.802879 43.000000 36.608959
25.295918 6.639788 41.000000 32.662295 25.489796 8.472204 44.000000 32.662295
26.183673 8.587148 50.000000 67.054881 25.877551 9.369027 46.000000 67.054881
26.795918 9.510666 50.000000 32.589223 26.163265 9.949039 54.000000 32.589223
26.959184 9.798925 52.000000 53.767228 25.816327 9.181275 49.000000 53.767228
26.510204 8.899490 51.000000 56.572540 26.714286 10.841881 54.000000 56.572540
25.469388 7.633626 50.000000 57.325952 25.244898 8.724963 46.000000 57.325952
24.755102 6.350682 38.000000 40.247281 24.612245 7.898366 46.000000 40.247281
25.795918 8.089651 48.000000 90.678425 24.734694 7.798428 45.000000 90.678425
25.081633 6.745252 45.000000 31.493703 24.551020 7.583382 45.000000 31.493703
26.040816 8.362802 52.000000 65.581416 24.489796 7.633681 44.000000 65.581416
26.020408 8.153147 46.000000 24.663684 24.959184 8.735422 54.000000 24.663684
25.489796 7.275499 42.000000 97.797352 23.510204 6.048336 39.000000 97.797352
25.040816 6.622234 41.000000 28.566971 24.408163 7.474819 44.000000 28.566971
25.122449 7.350244 50.000000 61.302871 24.510204 8.004180 46.000000 61.302871
24.408163 5.965255 38.000000 28.921818 23.877551 7.027582 46.000000 28.921818
24.775510 6.530706 42.000000 64.451894 23.326531 5.951307 39.000000 64.451894
24.061224 5.467460 39.000000 216.513665 23.142857 5.815018 34.000000 216.513665
27.510204 8.570201 48.000000 29.908493 25.510204 7.956382 40.000000 29.908493
28.142857 9.275842 48.000000 61.255753 26.224490 9.112731 52.000000 61.255753
27.448980 8.287517 47.000000 38.578878 25.836735 8.324221 47.000000 38.578878
27.632653 8.465074 47.000000 210.377484 26.551020 9.541145 50.000000 210.377484
29.061224 10.355353 56.000000 29.749084 27.551020 10.888491 52.000000 29.749084
28.775510 9.825834 48.000000 61.049459 26.938776 10.015263 52.000000 61.049459
29.612245 11.171238 56.000000 209.848456 27.265306 10.324179 53.000000 209.848456
29.122449 10.288884 55.000000 31.401568 27.306122 10.418469 51.000000 31.401568
28.122449 9.229341 54.000000 37.049762 26.510204 9.177791 46.000000 37.049762
28.755102 10.230399 54.000000 35.231606 27.224490 10.544487 58.000000 35.231606
27.387755 8.002104 46.000000 329.358273 26.163265 8.625895 47.000000 329.358273
27.571429 8.187242 47.000000 42.096625 26.877551 9.781389 50.000000 42.096625
29.000000 10.552764 60.000000 24.444372 28.326531 11.978310 56.000000 24.444372
28.734694 9.935411 52.000000 87.588042 28.142857 11.749095 60.000000 87.588042
28.653061 9.782271 52.000000 25.886090 27.142857 10.002062 49.000000 25.886090
27.755102 8.341996 47.000000 34.299929 27.591837 10.699106 50.000000 34.299929
29.551020 10.812481 56.000000 36.443955 28.857143 12.157048 52.000000 36.443955
30.163265 11.699585 56.000000 380.667308 29.142857 12.678417 60.000000 380.667308
30.326531 11.971423 58.000000 160.623722 28.795918 11.997387 55.000000 160.623722
29.877551 11.140402 57.000000 43.180746 29.693878 13.515480 60.000000 43.180746
28.836735 9.881456 56.000000 44.091834 28.224490 11.501260 52.000000 44.091834
28.122449 8.712197 44.000000 33.133866 27.591837 10.708737 52.000000 33.133866
29.163265 10.322325 54.000000 30.320165 27.714286 10.670317 51.000000 30.320165
28.448980 9.099816 51.000000 38.490801 27.530612 10.460731 51.000000 38.490801
30.755102 12.570675 64.000000 48.394004 28.816327 12.232580 56.000000 48.394004
30.734694 12.420096 58.000000 106.892538 29.285714 13.226808 66.000000 106.892538
30.204082 11.528503 54.000000 191.190980 27.836735 10.618690 51.000000 191.190980
29.755102 10.826715 53.000000 31.214019 28.734694 12.081810 56.000000 31.214019
29.836735 11.339825 62.000000 765.768407 28.836735 12.479834 58.000000 765.768407
29.122449 9.981700 50.000000 458.957608 28.204082 11.456740 58.000000 458.957608
29.489796 10.588113 54.000000 71.947458 27.653061 10.428057 51.000000 71.947458
28.775510 9.425268 51.000000 360.402843 27.469388 10.212388 50.000000 360.402843
26.755102 7.969091 48.000000 26.586780 24.734694 7.468906 40.000000 26.586780
27.387755 8.778644 48.000000 68.996862 25.448980 8.754525 52.000000 68.996862
26.693878 7.658172 47.000000 226.318858 25.061224 7.892077 47.000000 226.318858
26.877551 7.867806 47.000000 25.289072 25.775510 9.227403 50.000000 25.289072
27.877551 9.454465 56.000000 44.717716 26.755102 10.680034 52.000000 44.717716
27.163265 8.140131 44.000000 32.880091 26.122449 9.725368 52.000000 32.880091
28.204082 9.946205 54.000000 63.799318 26.244898 9.701803 51.000000 63.799318
27.489796 8.590627 51.000000 73.773650 26.061224 9.441973 51.000000 73.773650
26.000000 7.133484 48.000000 33.154123 23.959184 6.744098 40.000000 33.154123
26.204082 7.268005 44.000000 26.888990 24.653061 8.194922 52.000000 26.888990
25.244898 5.965643 36.000000 30.276358 23.183673 5.692004 37.000000 30.276358
25.224490 5.875917 39.000000 41.714491 24.102041 6.971946 42.000000 41.714491
26.448980 7.846626 52.000000 1204.466086 25.755102 9.066832 48.000000 1204.466086
26.183673 7.200153 44.000000 37.882382 25.571429 8.876007 52.000000 37.882382
26.102041 7.051343 44.000000 302.206405 24.571429 7.193926 41.000000 302.206405
25.204082 5.788291 39.000000 47.243981 25.020408 7.826705 42.000000 47.243981
27.673469 9.116401 52.000000 179.709660 27.408163 10.341426 48.000000 179.709660
28.285714 10.022655 52.000000 39.840145 27.693878 10.882132 56.000000 39.840145
28.448980 10.304761 54.000000 41.213593 27.346939 10.168784 51.000000 41.213593
28.000000 9.429062 53.000000 64.926504 28.244898 11.726313 56.000000 64.926504
27.857143 9.408266 56.000000 377.247677 27.673469 10.951416 52.000000 377.247677
27.142857 8.084604 44.000000 30.658346 27.040816 10.081031 52.000000 30.658346
28.183673 9.902980 54.000000 60.175858 27.163265 10.046997 51.000000 60.175858
27.469388 8.538819 51.000000 32.005271 26.979592 9.813708 51.000000 32.005271
27.530612 8.897126 54.000000 48.961561 26.010204 8.708918 46.000000 48.961561
27.510204 8.699147 48.000000 27.677839 26.479592 9.712602 56.000000 27.677839
26.979592 7.847752 44.000000 67.571596 25.030612 7.294192 41.000000 67.571596
26.530612 7.214253 43.000000 62.628179 25.928571 8.565394 46.000000 62.628179
26.428571 7.787116 52.000000 40.538920 26.673469 9.483328 48.000000 40.538920
26.163265 7.134487 44.000000 24.925342 26.489796 9.319357 52.000000 24.925342
26.081633 6.984037 44.000000 29.408308 25.489796 7.853353 41.000000 29.408308
25.183673 5.702860 39.000000 712.869799 25.938776 8.387296 42.000000 712.869799
25.102041 7.400877 44.000000 53.700349 24.122449 8.091316 40.000000 53.700349
25.714286 8.087154 44.000000 20.298081 24.408163 8.615303 48.000000 20.298081
25.877551 8.327405 46.000000 164.846251 24.061224 7.906433 43.000000 164.846251
25.428571 7.549152 45.000000 50.050659 24.959184 9.384038 48.000000 50.050659
26.612245 9.155735 52.000000 25.478289 25.306122 9.915528 48.000000 25.478289
26.326531 8.604453 44.000000 1322.122927 24.693878 9.068364 48.000000 1322.122927
27.163265 9.983175 52.000000 62.407669 25.020408 9.346679 49.000000 62.407669
26.673469 9.069918 51.000000 33.158586 25.061224 9.443065 47.000000 33.158586
27.204082 10.064697 56.000000 687.228366 24.979592 9.397279 48.000000 687.228366
27.183673 9.885266 50.000000 33.351200 25.448980 10.472470 58.000000 33.351200
26.653061 9.007559 46.000000 22.237377 24.000000 7.724643 43.000000 22.237377
26.204082 8.335688 45.000000 30.918659 24.897959 9.237407 48.000000 30.918659
27.000000 10.005153 58.000000 110.181890 26.530612 11.672687 54.000000 110.181890
26.734694 9.351720 50.000000 39.938125 26.346939 11.440660 58.000000 39.938125
26.653061 9.188857 50.000000 50.846840 25.346939 9.659248 47.000000 50.846840
25.755102 7.637484 45.000000 22.704593 25.795918 10.370417 48.000000 22.704593
24.387755 6.917232 44.000000 148.922288 23.489796 7.779493 40.000000 148.922288
25.000000 7.704598 44.000000 59.603627 23.775510 8.345047 48.000000 59.603627
25.163265 7.971203 46.000000 266.470861 23.428571 7.581856 43.000000 266.470861
24.714286 7.108874 45.000000 80.487846 24.326531 9.175017 48.000000 80.487846
23.673469 6.200724 44.000000 25.954306 22.857143 7.313312 40.000000 25.954306
22.959184 5.155156 32.000000 33.556455 22.224490 6.660440 40.000000 33.556455
24.000000 6.545637 42.000000 44.439495 22.346939 6.472945 39.000000 44.439495
23.285714 5.382292 39.000000 333.417251 22.163265 6.319164 39.000000 333.417251
25.591837 8.504501 52.000000 28.343047 23.448980 7.931566 44.000000 28.343047
25.571429 8.297310 46.000000 25.448921 23.918367 9.051597 54.000000 25.448921
25.040816 7.404260 42.000000 72.063523 22.469388 6.257703 39.000000 72.063523
24.591837 6.733264 41.000000 22.581377 23.367347 7.767747 44.000000 22.581377
24.673469 7.455401 50.000000 25.977132 23.469388 8.291349 46.000000 25.977132
23.959184 6.040957 38.000000 42.733511 22.836735 7.261953 46.000000 42.733511
24.326531 6.625125 42.000000 24.069785 22.285714 6.132556 39.000000 24.069785
23.612245 5.521528 39.000000 42.103175 22.102041 5.968111 38.000000 42.103175
25.163265 7.529590 46.000000 26.224294 22.530612 6.768947 38.000000 26.224294
25.795918 8.350516 46.000000 33.505370 23.244898 8.183540 50.000000 33.505370
25.102041 7.203221 45.000000 34.299566 22.857143 7.242486 45.000000 34.299566
25.285714 7.415503 45.000000 58.373615 23.571429 8.695300 48.000000 58.373615
25.836735 8.398200 52.000000 56.867204 24.102041 9.517742 48.000000 56.867204
25.122449 7.087473 40.000000 33.798008 23.469388 8.533988 48.000000 33.798008
26.163265 8.875652 50.000000 31.989949 23.591837 8.487513 47.000000 31.989949
25.448980 7.515102 47.000000 24.684377 23.408163 8.219711 47.000000 24.684377
24.612245 6.819669 46.000000 26.097578 21.551020 5.840001 38.000000 26.097578
24.591837 6.575237 40.000000 86.463622 22.020408 7.016886 48.000000 86.463622
24.061224 5.881679 36.000000 21.324480 20.571429 4.298166 33.000000 21.324480
23.612245 5.446332 35.000000 27.899737 21.469388 5.675420 38.000000 27.899737
24.397959 6.941196 48.000000 27.529247 23.102041 7.839222 44.000000 27.529247
24.132653 6.284718 40.000000 159.275950 22.918367 7.650448 48.000000 159.275950
24.051020 6.139902 40.000000 44.445182 21.918367 5.849792 37.000000 44.445182
23.153061 5.001756 35.000000 26.434977 22.367347 6.519420 38.000000 26.434977
24.040816 6.910202 44.000000 18.366132 22.755102 7.499912 40.000000 18.366132
24.653061 7.726113 44.000000 31.655805 23.040816 8.111235 48.000000 31.655805
24.816327 7.999158 46.000000 37.727083 22.693878 7.288472 43.000000 37.727083
24.367347 7.118131 45.000000 51.973524 23.591837 9.008400 48.000000 51.973524
23.326531 6.152320 44.000000 21.426391 22.122449 6.947914 40.000000 21.426391
22.612245 5.047471 32.000000 1182.950094 21.489796 6.181524 40.000000 1182.950094
23.653061 6.517387 42.000000 22.829512 21.612245 5.994211 39.000000 22.829512
22.938776 5.300878 39.000000 47.332393 21.428571 5.804371 39.000000 47.332393
23.897959 6.712797 46.000000 29.872590 21.367347 5.900180 38.000000 29.872590
23.877551 6.462047 40.000000 202.814578 21.836735 7.079364 48.000000 202.814578
23.346939 5.687936 36.000000 240.314124 20.387755 4.337876 33.000000 240.314124
22.897959 5.174262 35.000000 35.320034 21.285714 5.734684 38.000000 35.320034
22.979592 6.025683 44.000000 25.990068 21.387755 6.362961 40.000000 25.990068
22.265306 4.840872 32.000000 65.384166 20.755102 5.430083 40.000000 65.384166
22.632653 5.257077 36.000000 1752.978580 20.204082 4.326755 33.000000 1752.978580
21.918367 4.521822 33.000000 10.106438 20.020408 4.264405 28.000000 10.106438
