0.000000 0.000000 0.000000 1.216176 1.248551 -17.069455 -76.626369 0.010204 0.010204 0.001319 348.214286 1.216176 1.248551 -17.069455 -76.626369 0.010204 0.010204 0.001319 348.214286 1 26 46 66 77 88
0.000000 0.000000 0.000000 1.000761 1.264917 -132.512223 -75.891588 0.010204 0.010204 0.001213 348.214286 1.216004 1.247832 -92.923816 -74.796809 0.010204 0.010204 0.001345 348.214286 1 26 46 66 77 92
0.000000 0.000000 0.000000 1.006510 1.767226 -1.164994 -60.766301 0.010204 0.010204 0.001195 366.857143 1.216006 1.247838 -33.673671 -65.858900 0.010204 0.010204 0.001289 366.857143 1 26 46 66 77 97
0.000000 0.000000 0.000000 1.000003 1.095135 -12.588560 -71.257732 0.010204 0.010204 0.001116 366.857143 1.216000 1.247816 -62.573143 -70.059610 0.010204 0.010204 0.001293 366.857143 1 26 46 66 77 98
0.000000 0.000000 0.000000 1.000078 1.304577 -49.311659 -62.428296 0.010204 0.010204 0.001056 348.214286 1.214960 1.246475 -107.646238 -79.217735 0.010204 0.010204 0.001397 348.214286 1 26 46 66 81 88
0.000000 0.000000 0.000000 1.001012 1.157526 -18.453975 -59.160274 0.010204 0.010204 0.001130 348.214286 1.214965 1.246825 -44.430562 -83.655665 0.010204 0.010204 0.001368 348.214286 1 26 46 66 81 92
0.000000 0.000000 0.000000 1.000001 1.060417 -6.130312 -36.817070 0.010204 0.010204 0.000983 366.857143 1.214960 1.246467 -34.539892 -75.493626 0.010204 0.010204 0.001340 366.857143 1 26 46 66 81 97
0.000000 0.000000 0.000000 1.000084 1.066143 -24.141421 -81.215614 0.010204 0.010204 0.001042 366.857143 1.214960 1.246476 -58.509541 -72.014012 0.010204 0.010204 0.001336 366.857143 1 26 46 66 81 98
0.000000 0.000000 0.000000 1.000391 1.138553 -0.052168 -66.342382 0.010204 0.010204 0.001072 366.857143 1.214975 1.246491 -18.233208 -73.537120 0.010204 0.010204 0.001332 366.857143 1 26 46 66 86 88
0.000000 0.000000 0.000000 1.000002 1.060848 -105.469121 -74.720246 0.010204 0.010204 0.001008 366.857143 1.214975 1.246481 -145.986939 -72.974657 0.010204 0.010204 0.001337 366.857143 1 26 46 66 86 92
0.000000 0.000000 0.000000 1.012591 1.646910 -63.236602 -171.325326 0.010204 0.010204 0.001094 385.500000 1.214980 1.246648 -174.519126 -64.382063 0.010204 0.010204 0.001256 385.500000 1 26 46 66 86 97
0.000000 0.000000 0.000000 1.000086 1.060482 -129.934872 -71.071510 0.010204 0.010204 0.001025 385.500000 1.214975 1.246484 -29.977022 -84.376964 0.010204 0.010204 0.001279 385.500000 1 26 46 66 86 98
0.000000 0.000000 0.000000 1.000002 1.154990 -136.092679 -72.418196 0.010204 0.010204 0.000903 366.857143 1.214936 1.246435 -60.027926 -70.785239 0.010204 0.010204 0.001345 366.857143 1 26 46 66 87 88
0.000000 0.000000 0.000000 1.000009 1.111336 -0.117784 -68.355587 0.010204 0.010204 0.000953 366.857143 1.214936 1.246445 -143.637308 -78.550027 0.010204 0.010204 0.001340 366.857143 1 26 46 66 87 92
0.000000 0.000000 0.000000 1.000003 1.056075 -24.505876 -68.666667 0.010204 0.010204 0.000916 385.500000 1.214936 1.246437 -109.084487 -70.969551 0.010204 0.010204 0.001286 385.500000 1 26 46 66 87 97
0.000000 0.000000 0.000000 1.000011 1.050299 -3.727590 -60.392225 0.010204 0.010204 0.000969 385.500000 1.214937 1.246594 -97.061136 -73.767821 0.010204 0.010204 0.001262 385.500000 1 26 46 66 87 98
0.000000 0.000000 0.000000 1.000569 1.058606 -239.744979 -53.910520 0.010204 0.010204 0.000948 348.214286 1.209020 1.242215 -37.435908 -76.858598 0.010204 0.010204 0.001439 348.214286 1 26 46 70 77 88
0.000000 0.000000 0.000000 1.000329 1.100962 -22.942975 -65.554988 0.010204 0.010204 0.000896 348.214286 1.209019 1.241870 -98.364342 -74.449725 0.010204 0.010204 0.001473 348.214286 1 26 46 70 77 92
0.000000 0.000000 0.000000 1.000745 1.147330 -89.316430 -60.346018 0.010204 0.010204 0.000886 366.857143 1.209019 1.241871 -125.046505 -69.877133 0.010204 0.010204 0.001405 366.857143 1 26 46 70 77 97
0.000000 0.000000 0.000000 1.000066 1.113970 -0.037699 -82.908318 0.010204 0.010204 0.000843 366.857143 1.209019 1.241862 -255.739835 -68.689153 0.010204 0.010204 0.001410 366.857143 1 26 46 70 77 98
0.000000 0.000000 0.000000 1.001962 1.063874 -93.958693 -48.519496 0.010204 0.010204 0.001003 348.214286 1.209046 1.242241 -99.859843 -61.953264 0.010204 0.010204 0.001414 348.214286 1 26 46 70 81 88
0.000000 0.000000 0.000000 1.023855 1.358316 -66.159044 -78.786503 0.010204 0.010204 0.001072 348.214286 1.209050 1.242766 -110.196409 -78.261708 0.010204 0.010204 0.001384 348.214286 1 26 46 70 81 92
0.000000 0.000000 0.000000 1.000086 1.413188 -0.002730 -49.125825 0.010204 0.010204 0.000936 366.857143 1.209046 1.242229 -15.287439 -73.537043 0.010204 0.010204 0.001356 366.857143 1 26 46 70 81 97
0.000000 0.000000 0.000000 1.017587 1.323166 -3.604968 -74.370813 0.010204 0.010204 0.000991 366.857143 1.209046 1.242245 -27.850329 -78.471827 0.010204 0.010204 0.001352 366.857143 1 26 46 70 81 98
0.000000 0.000000 0.000000 1.000066 1.060918 -66.192999 -56.856760 0.010204 0.010204 0.000821 366.857143 1.209019 1.241862 -117.876592 -66.659962 0.010204 0.010204 0.001409 366.857143 1 26 46 70 86 88
0.000000 0.000000 0.000000 1.000021 1.078362 -0.002234 -63.261787 0.010204 0.010204 0.000784 366.857143 1.209019 1.241853 -65.646249 -68.031422 0.010204 0.010204 0.001414 366.857143 1 26 46 70 86 92
0.000000 0.000000 0.000000 1.000211 1.119955 -0.010890 -57.216490 0.010204 0.010204 0.000833 385.500000 1.209019 1.242009 -47.097686 -58.123508 0.010204 0.010204 0.001323 385.500000 1 26 46 70 86 97
0.000000 0.000000 0.000000 1.000093 1.112157 -256.011692 -73.859534 0.010204 0.010204 0.000794 385.500000 1.209019 1.241855 -144.548567 -68.135177 0.010204 0.010204 0.001349 385.500000 1 26 46 70 86 98
0.000000 0.000000 0.000000 1.000120 1.176386 -0.025473 -64.993212 0.010204 0.010204 0.000861 366.857143 1.209020 1.241863 -232.905936 -66.999344 0.010204 0.010204 0.001406 366.857143 1 26 46 70 87 88
0.000000 0.000000 0.000000 1.001154 1.124175 -131.258056 -53.496659 0.010204 0.010204 0.000907 366.857143 1.209020 1.241873 -166.973247 -80.212787 0.010204 0.010204 0.001400 366.857143 1 26 46 70 87 92
0.000000 0.000000 0.000000 1.000316 1.052871 -34.627216 -44.704983 0.010204 0.010204 0.000873 385.500000 1.209020 1.241865 -62.541356 -78.728905 0.010204 0.010204 0.001342 385.500000 1 26 46 70 87 97
0.000000 0.000000 0.000000 1.002219 1.122317 -1.200246 -73.382605 0.010204 0.010204 0.000923 385.500000 1.209020 1.242024 -97.261008 -73.189359 0.010204 0.010204 0.001315 385.500000 1 26 46 70 87 98
0.000000 0.000000 0.000000 1.001537 1.053533 -56.592244 -57.006119 0.010204 0.010204 0.000985 366.857143 1.209103 1.242276 -226.037617 -78.892273 0.010204 0.010204 0.001367 366.857143 1 26 46 75 77 88
0.000000 0.000000 0.000000 1.000371 1.083518 -40.649219 -73.019366 0.010204 0.010204 0.000927 366.857143 1.209103 1.241930 -17.311446 -69.258044 0.010204 0.010204 0.001397 366.857143 1 26 46 75 77 92
0.000000 0.000000 0.000000 1.000607 1.064063 -0.052977 -46.862466 0.010204 0.010204 0.000916 385.500000 1.209103 1.241931 -17.313303 -69.160392 0.010204 0.010204 0.001335 385.500000 1 26 46 75 77 97
0.000000 0.000000 0.000000 1.000023 1.058137 -2.296208 -69.734826 0.010204 0.010204 0.000870 385.500000 1.209103 1.241921 -52.592856 -65.357834 0.010204 0.010204 0.001339 385.500000 1 26 46 75 77 98
0.000000 0.000000 0.000000 1.000035 1.056959 -89.785046 -66.287544 0.010204 0.010204 0.000836 366.857143 1.209101 1.241919 -20.082044 -67.413519 0.010204 0.010204 0.001406 366.857143 1 26 46 75 81 88
0.000000 0.000000 0.000000 1.000235 1.150543 -0.017658 -72.398923 0.010204 0.010204 0.000881 366.857143 1.209101 1.242259 -20.382497 -75.933941 0.010204 0.010204 0.001375 366.857143 1 26 46 75 81 92
0.000000 0.000000 0.000000 1.000010 1.054491 -10.288897 -65.058524 0.010204 0.010204 0.000790 385.500000 1.209101 1.241910 -60.302670 -79.112916 0.010204 0.010204 0.001347 385.500000 1 26 46 75 81 97
0.000000 0.000000 0.000000 1.000051 1.058444 -0.130054 -55.290060 0.010204 0.010204 0.000828 385.500000 1.209101 1.241920 -10.427802 -67.096382 0.010204 0.010204 0.001343 385.500000 1 26 46 75 81 98
0.000000 0.000000 0.000000 1.005749 1.056312 -0.917942 -49.797066 0.010204 0.010204 0.000997 385.500000 1.209132 1.242109 -130.009484 -80.595630 0.010204 0.010204 0.001289 385.500000 1 26 46 75 86 88
0.000000 0.000000 0.000000 1.000015 1.145049 -97.892103 -61.985934 0.010204 0.010204 0.000939 385.500000 1.209132 1.242096 -46.817586 -73.950106 0.010204 0.010204 0.001294 385.500000 1 26 46 75 86 92
0.000000 0.000000 0.000000 1.014421 1.069310 -2.941221 -53.263621 0.010204 0.010204 0.001017 404.142857 1.209135 1.242340 -152.970282 -75.642584 0.010204 0.010204 0.001218 404.142857 1 26 46 75 86 97
0.000000 0.000000 0.000000 1.002121 1.105004 -0.989882 -63.933421 0.010204 0.010204 0.000955 404.142857 1.209132 1.242099 -87.310960 -64.677889 0.010204 0.010204 0.001240 404.142857 1 26 46 75 86 98
0.000000 0.000000 0.000000 1.000031 1.085668 -0.003727 -66.995847 0.010204 0.010204 0.000845 385.500000 1.209102 1.241913 -71.542923 -74.398895 0.010204 0.010204 0.001342 385.500000 1 26 46 75 87 88
0.000000 0.000000 0.000000 1.000252 1.049495 -3.261991 -59.025325 0.010204 0.010204 0.000890 385.500000 1.209102 1.241923 -20.880518 -67.281250 0.010204 0.010204 0.001337 385.500000 1 26 46 75 87 92
0.000000 0.000000 0.000000 1.000292 1.100737 -0.035715 -63.806208 0.010204 0.010204 0.000857 404.142857 1.209102 1.241915 -9.622437 -79.463734 0.010204 0.010204 0.001283 404.142857 1 26 46 75 87 97
0.000000 0.000000 0.000000 1.002105 1.163378 -12.359296 -86.926600 0.010204 0.010204 0.000905 404.142857 1.209102 1.242071 -40.094694 -65.827196 0.010204 0.010204 0.001258 404.142857 1 26 46 75 87 98
0.000000 0.000000 0.000000 1.000817 1.542040 -0.087429 -118.455154 0.010204 0.010204 0.000769 366.857143 1.208889 1.242101 -47.198441 -70.120521 0.010204 0.010204 0.001386 366.857143 1 26 46 76 77 88
0.000000 0.000000 0.000000 1.000101 1.100670 -0.028775 -60.622325 0.010204 0.010204 0.000735 366.857143 1.208889 1.241761 -21.698230 -80.521770 0.010204 0.010204 0.001418 366.857143 1 26 46 76 77 92
0.000000 0.000000 0.000000 1.000081 1.068626 -75.272263 -57.398215 0.010204 0.010204 0.000728 385.500000 1.208889 1.241762 -16.747261 -70.695216 0.010204 0.010204 0.001353 385.500000 1 26 46 76 77 97
0.000000 0.000000 0.000000 1.000084 1.170208 -0.005621 -73.825110 0.010204 0.010204 0.000699 385.500000 1.208889 1.241752 -52.786099 -74.132916 0.010204 0.010204 0.001358 385.500000 1 26 46 76 77 98
0.000000 0.000000 0.000000 1.000217 1.048300 -0.033364 -56.391947 0.010204 0.010204 0.000804 366.857143 1.208890 1.241771 -59.608613 -72.119097 0.010204 0.010204 0.001409 366.857143 1 26 46 76 81 88
0.000000 0.000000 0.000000 1.001002 1.161468 -0.218399 -59.708291 0.010204 0.010204 0.000846 366.857143 1.208890 1.242117 -78.355605 -73.251520 0.010204 0.010204 0.001378 366.857143 1 26 46 76 81 92
0.000000 0.000000 0.000000 1.000093 1.052706 -63.460192 -48.336713 0.010204 0.010204 0.000760 385.500000 1.208890 1.241762 -159.875461 -84.147529 0.010204 0.010204 0.001350 385.500000 1 26 46 76 81 97
0.000000 0.000000 0.000000 1.000603 1.116062 -0.700140 -76.427715 0.010204 0.010204 0.000796 385.500000 1.208890 1.241772 -176.251221 -85.073311 0.010204 0.010204 0.001345 385.500000 1 26 46 76 81 98
0.000000 0.000000 0.000000 1.000740 1.201137 -146.698598 -61.704186 0.010204 0.010204 0.000776 385.500000 1.208890 1.241764 -74.285045 -76.927531 0.010204 0.010204 0.001348 385.500000 1 26 46 76 86 88
0.000000 0.000000 0.000000 1.000078 1.060768 -27.535129 -57.759746 0.010204 0.010204 0.000742 385.500000 1.208890 1.241755 -45.747846 -81.106877 0.010204 0.010204 0.001353 385.500000 1 26 46 76 86 92
0.000000 0.000000 0.000000 1.000322 1.070489 -1.108870 -76.540720 0.010204 0.010204 0.000787 404.142857 1.208890 1.241913 -24.809481 -72.988826 0.010204 0.010204 0.001267 404.142857 1 26 46 76 86 97
0.000000 0.000000 0.000000 1.000262 1.082878 -67.320680 -79.866078 0.010204 0.010204 0.000751 404.142857 1.208890 1.241757 -75.510540 -74.887581 0.010204 0.010204 0.001292 404.142857 1 26 46 76 86 98
0.000000 0.000000 0.000000 1.000288 1.058387 -65.912741 -46.399701 0.010204 0.010204 0.000812 385.500000 1.208897 1.241916 -94.058296 -73.387934 0.010204 0.010204 0.001303 385.500000 1 26 46 76 87 88
0.000000 0.000000 0.000000 1.000774 1.067860 -21.929940 -71.459504 0.010204 0.010204 0.000855 385.500000 1.208897 1.241930 -238.248827 -72.413277 0.010204 0.010204 0.001299 385.500000 1 26 46 76 87 92
0.000000 0.000000 0.000000 1.000993 1.088716 -0.082819 -64.802354 0.010204 0.010204 0.000824 404.142857 1.208897 1.241920 -30.943516 -68.215734 0.010204 0.010204 0.001248 404.142857 1 26 46 76 87 97
0.000000 0.000000 0.000000 1.000620 1.053269 -122.200508 -61.716354 0.010204 0.010204 0.000869 404.142857 1.208898 1.242158 -103.700672 -69.099030 0.010204 0.010204 0.001226 404.142857 1 26 46 76 87 98
0.000000 0.000000 0.000000 1.029182 1.063224 -194.251829 -52.410418 0.010204 0.010204 0.000882 348.214286 1.184215 1.232678 -8.779261 -56.609399 0.010204 0.010204 0.001468 348.214286 1 26 50 66 77 88
0.000000 0.000000 0.000000 1.049216 1.111635 -112.399981 -56.157144 0.010204 0.010204 0.000833 348.214286 1.184215 1.232157 -109.338063 -66.634352 0.010204 0.010204 0.001501 348.214286 1 26 50 66 77 92
0.000000 0.000000 0.000000 1.035838 1.079091 -5.201639 -57.859045 0.010204 0.010204 0.000824 366.857143 1.184215 1.232160 -34.655067 -70.308717 0.010204 0.010204 0.001432 366.857143 1 26 50 66 77 97
0.000000 0.000000 0.000000 1.003197 1.095191 -1.438760 -67.074784 0.010204 0.010204 0.000785 366.857143 1.184215 1.232144 -287.013820 -65.443578 0.010204 0.010204 0.001437 366.857143 1 26 50 66 77 98
0.000000 0.000000 0.000000 3.773173 26.376486 -501.755899 -1306.942110 0.010204 0.010204 0.000757 348.214286 1.184214 1.231800 -87.744350 -70.487438 0.010204 0.010204 0.001568 348.214286 1 26 50 66 81 88
0.000000 0.000000 0.000000 1.034243 1.169592 -6.871062 -66.818780 0.010204 0.010204 0.000795 348.214286 1.184214 1.232144 -103.390347 -66.439627 0.010204 0.010204 0.001530 348.214286 1 26 50 66 81 92
0.000000 0.000000 0.000000 1.001773 1.073962 -0.208316 -45.814575 0.010204 0.010204 0.000718 366.857143 1.184214 1.231791 -38.960251 -76.724475 0.010204 0.010204 0.001496 366.857143 1 26 50 66 81 97
0.000000 0.000000 0.000000 1.019951 1.138040 -48.156295 -54.921330 0.010204 0.010204 0.000749 366.857143 1.184214 1.231801 -110.406085 -70.010806 0.010204 0.010204 0.001491 366.857143 1 26 50 66 81 98
0.000000 0.000000 0.000000 1.076879 1.346683 -268.278730 -79.740521 0.010204 0.010204 0.000765 366.857143 1.184214 1.231802 -36.895395 -73.433249 0.010204 0.010204 0.001486 366.857143 1 26 50 66 86 88
0.000000 0.000000 0.000000 1.003785 1.117392 -0.428551 -62.998217 0.010204 0.010204 0.000731 366.857143 1.184214 1.231793 -62.211510 -70.133619 0.010204 0.010204 0.001492 366.857143 1 26 50 66 86 92
0.000000 0.000000 0.000000 1.071776 1.252892 -3.048741 -92.965599 0.010204 0.010204 0.000776 385.500000 1.184214 1.231953 -57.508949 -61.711379 0.010204 0.010204 0.001391 385.500000 1 26 50 66 86 97
0.000000 0.000000 0.000000 1.018729 1.104609 -37.228814 -75.759984 0.010204 0.010204 0.000740 385.500000 1.184214 1.231795 -50.650301 -64.770279 0.010204 0.010204 0.001420 385.500000 1 26 50 66 86 98
0.000000 0.000000 0.000000 1.001394 1.153480 -0.113434 -68.207875 0.010204 0.010204 0.000674 366.857143 1.184214 1.231783 -13.271937 -71.466523 0.010204 0.010204 0.001502 366.857143 1 26 50 66 87 88
0.000000 0.000000 0.000000 1.002966 1.083898 -94.590013 -58.186169 0.010204 0.010204 0.000702 366.857143 1.184214 1.231792 -68.470378 -63.167104 0.010204 0.010204 0.001496 366.857143 1 26 50 66 87 92
0.000000 0.000000 0.000000 1.001774 1.064352 -139.987184 -62.121784 0.010204 0.010204 0.000682 385.500000 1.184214 1.231785 -18.719145 -76.863353 0.010204 0.010204 0.001429 385.500000 1 26 50 66 87 97
0.000000 0.000000 0.000000 1.019865 1.372338 -4.590614 -63.150831 0.010204 0.010204 0.000711 385.500000 1.184214 1.231939 -39.446790 -85.344324 0.010204 0.010204 0.001399 385.500000 1 26 50 66 87 98
0.000000 0.000000 0.000000 1.095314 1.138820 -55.855806 -69.240023 0.010204 0.010204 0.000919 348.214286 1.184349 1.233725 -36.217490 -68.167619 0.010204 0.010204 0.001449 348.214286 1 26 50 70 77 88
0.000000 0.000000 0.000000 1.001417 1.057355 -2.333614 -60.380175 0.010204 0.010204 0.000868 348.214286 1.184349 1.233378 -18.137931 -76.937321 0.010204 0.010204 0.001482 348.214286 1 26 50 70 77 92
0.000000 0.000000 0.000000 1.004065 1.047219 -0.819532 -40.174955 0.010204 0.010204 0.000858 366.857143 1.184349 1.233380 -132.057743 -70.820236 0.010204 0.010204 0.001414 366.857143 1 26 50 70 77 97
0.000000 0.000000 0.000000 1.000070 1.065723 -0.061789 -77.636067 0.010204 0.010204 0.000817 366.857143 1.184349 1.233370 -20.227826 -59.468782 0.010204 0.010204 0.001418 366.857143 1 26 50 70 77 98
0.000000 0.000000 0.000000 1.102192 1.094721 -190.173077 -82.204443 0.010204 0.010204 0.000973 348.214286 1.184371 1.234138 -14.887127 -67.298777 0.010204 0.010204 0.001423 348.214286 1 26 50 70 81 88
0.000000 0.000000 0.000000 3.513095 2.571847 -402.780329 -175.286696 0.010204 0.010204 0.001042 348.214286 1.184375 1.234748 -169.686791 -67.511968 0.010204 0.010204 0.001394 348.214286 1 26 50 70 81 92
0.000000 0.000000 0.000000 1.000095 1.096462 -65.611033 -34.249437 0.010204 0.010204 0.000908 366.857143 1.184371 1.234124 -210.732199 -73.887195 0.010204 0.010204 0.001366 366.857143 1 26 50 70 81 97
0.000000 0.000000 0.000000 1.074235 1.048120 -6.692281 -58.881713 0.010204 0.010204 0.000961 366.857143 1.184371 1.234142 -29.987074 -70.301761 0.010204 0.010204 0.001362 366.857143 1 26 50 70 81 98
0.000000 0.000000 0.000000 1.000873 1.208693 -0.052434 -76.879727 0.010204 0.010204 0.000796 366.857143 1.184349 1.233362 -29.291630 -69.724221 0.010204 0.010204 0.001418 366.857143 1 26 50 70 86 88
0.000000 0.000000 0.000000 1.000087 1.186734 -0.006825 -77.771636 0.010204 0.010204 0.000760 366.857143 1.184349 1.233352 -103.698843 -81.935275 0.010204 0.010204 0.001423 366.857143 1 26 50 70 86 92
0.000000 0.000000 0.000000 1.001049 1.087319 -142.331987 -61.077897 0.010204 0.010204 0.000808 385.500000 1.184349 1.233510 -11.681024 -67.762113 0.010204 0.010204 0.001332 385.500000 1 26 50 70 86 97
0.000000 0.000000 0.000000 1.000179 1.069225 -10.847276 -71.086503 0.010204 0.010204 0.000770 385.500000 1.184349 1.233354 -41.835156 -60.937487 0.010204 0.010204 0.001358 385.500000 1 26 50 70 86 98
0.000000 0.000000 0.000000 1.000085 1.065580 -0.044043 -52.164053 0.010204 0.010204 0.000834 366.857143 1.184349 1.233376 -51.075043 -81.949598 0.010204 0.010204 0.001414 366.857143 1 26 50 70 87 88
0.000000 0.000000 0.000000 1.022120 1.064115 -171.018962 -58.302968 0.010204 0.010204 0.000879 366.857143 1.184349 1.233386 -31.257881 -75.872049 0.010204 0.010204 0.001409 366.857143 1 26 50 70 87 92
0.000000 0.000000 0.000000 1.015084 1.228649 -3.373700 -55.788310 0.010204 0.010204 0.000846 385.500000 1.184349 1.233378 -32.178898 -65.321501 0.010204 0.010204 0.001351 385.500000 1 26 50 70 87 97
0.000000 0.000000 0.000000 1.063091 1.047520 -38.097954 -61.554153 0.010204 0.010204 0.000894 385.500000 1.184349 1.233540 -99.138707 -81.553021 0.010204 0.010204 0.001325 385.500000 1 26 50 70 87 98
0.000000 0.000000 0.000000 1.007266 1.068221 -65.642505 -61.560485 0.010204 0.010204 0.000721 366.857143 1.184211 1.232111 -224.654037 -72.461813 0.010204 0.010204 0.001460 366.857143 1 26 50 75 77 88
0.000000 0.000000 0.000000 1.005012 1.055373 -0.385157 -68.871978 0.010204 0.010204 0.000690 366.857143 1.184211 1.231764 -114.228316 -71.321008 0.010204 0.010204 0.001495 366.857143 1 26 50 75 77 92
0.000000 0.000000 0.000000 1.007147 1.073395 -1.040265 -57.139123 0.010204 0.010204 0.000684 385.500000 1.184211 1.231765 -103.877986 -75.713595 0.010204 0.010204 0.001425 385.500000 1 26 50 75 77 97
0.000000 0.000000 0.000000 1.006239 1.118816 -85.716205 -63.094697 0.010204 0.010204 0.000657 385.500000 1.184211 1.231756 -90.149566 -72.597397 0.010204 0.010204 0.001430 385.500000 1 26 50 75 77 98
0.000000 0.000000 0.000000 1.001236 1.046469 -0.110530 -56.747308 0.010204 0.010204 0.000638 366.857143 1.184211 1.231755 -12.279788 -59.395520 0.010204 0.010204 0.001506 366.857143 1 26 50 75 81 88
0.000000 0.000000 0.000000 1.004098 1.111893 -54.612456 -54.919707 0.010204 0.010204 0.000664 366.857143 1.184211 1.232095 -105.891057 -64.515891 0.010204 0.010204 0.001470 366.857143 1 26 50 75 81 92
0.000000 0.000000 0.000000 1.001818 1.126490 -0.171171 -59.826123 0.010204 0.010204 0.000610 385.500000 1.184211 1.231746 -20.018153 -75.374543 0.010204 0.010204 0.001439 385.500000 1 26 50 75 81 97
0.000000 0.000000 0.000000 1.001862 1.061554 -83.204924 -80.353240 0.010204 0.010204 0.000633 385.500000 1.184211 1.231756 -64.736489 -71.522209 0.010204 0.010204 0.001434 385.500000 1 26 50 75 81 98
0.000000 0.000000 0.000000 1.024472 1.160812 -0.771626 -66.539459 0.010204 0.010204 0.000727 385.500000 1.184211 1.231920 -14.438735 -68.682058 0.010204 0.010204 0.001372 385.500000 1 26 50 75 86 88
0.000000 0.000000 0.000000 1.012103 1.088527 -1.447592 -48.246816 0.010204 0.010204 0.000696 385.500000 1.184211 1.231906 -64.929021 -69.662191 0.010204 0.010204 0.001377 385.500000 1 26 50 75 86 92
0.000000 0.000000 0.000000 1.019689 1.128512 -3.428047 -65.323789 0.010204 0.010204 0.000738 404.142857 1.184211 1.232147 -16.684343 -68.827880 0.010204 0.010204 0.001292 404.142857 1 26 50 75 86 97
0.000000 0.000000 0.000000 1.030248 1.199910 -23.542135 -59.316363 0.010204 0.010204 0.000704 404.142857 1.184211 1.231910 -202.763712 -83.599422 0.010204 0.010204 0.001316 404.142857 1 26 50 75 86 98
0.000000 0.000000 0.000000 1.015970 1.419834 -27.012288 -107.681391 0.010204 0.010204 0.000643 385.500000 1.184211 1.231748 -83.789247 -71.112664 0.010204 0.010204 0.001433 385.500000 1 26 50 75 87 88
0.000000 0.000000 0.000000 1.004264 1.055692 -84.077625 -70.463956 0.010204 0.010204 0.000669 385.500000 1.184211 1.231758 -243.181869 -77.163069 0.010204 0.010204 0.001427 385.500000 1 26 50 75 87 92
0.000000 0.000000 0.000000 1.004149 1.059254 -78.982928 -57.137194 0.010204 0.010204 0.000650 404.142857 1.184211 1.231750 -33.488110 -74.756651 0.010204 0.010204 0.001365 404.142857 1 26 50 75 87 97
0.000000 0.000000 0.000000 1.012782 1.147550 -104.182722 -58.639211 0.010204 0.010204 0.000677 404.142857 1.184211 1.231907 -129.065175 -74.096894 0.010204 0.010204 0.001338 404.142857 1 26 50 75 87 98
0.000000 0.000000 0.000000 1.002762 1.050624 -106.674315 -59.981626 0.010204 0.010204 0.000746 366.857143 1.184216 1.232150 -31.735984 -70.763040 0.010204 0.010204 0.001458 366.857143 1 26 50 76 77 88
0.000000 0.000000 0.000000 1.001141 1.049921 -0.142289 -63.055711 0.010204 0.010204 0.000713 366.857143 1.184216 1.231809 -19.848541 -65.279401 0.010204 0.010204 0.001493 366.857143 1 26 50 76 77 92
0.000000 0.000000 0.000000 1.003527 1.110690 -134.102594 -63.870897 0.010204 0.010204 0.000706 385.500000 1.184216 1.231810 -8.962292 -71.507237 0.010204 0.010204 0.001422 385.500000 1 26 50 76 77 97
0.000000 0.000000 0.000000 1.012588 2.970182 -180.497594 -324.798369 0.010204 0.010204 0.000678 385.500000 1.184216 1.231801 -19.776203 -65.149523 0.010204 0.010204 0.001427 385.500000 1 26 50 76 77 98
0.000000 0.000000 0.000000 1.148899 1.760417 -11.600709 -103.605141 0.010204 0.010204 0.000779 366.857143 1.184216 1.231819 -28.583157 -66.490195 0.010204 0.010204 0.001483 366.857143 1 26 50 76 81 88
0.000000 0.000000 0.000000 1.092936 1.222948 -13.021727 -71.293674 0.010204 0.010204 0.000820 366.857143 1.184216 1.232166 -19.182187 -59.384619 0.010204 0.010204 0.001448 366.857143 1 26 50 76 81 92
0.000000 0.000000 0.000000 1.001260 1.062140 -16.870618 -32.657656 0.010204 0.010204 0.000737 385.500000 1.184216 1.231811 -39.186514 -75.116804 0.010204 0.010204 0.001418 385.500000 1 26 50 76 81 97
0.000000 0.000000 0.000000 1.022650 1.078293 -8.344636 -73.048291 0.010204 0.010204 0.000771 385.500000 1.184216 1.231820 -57.933557 -74.675138 0.010204 0.010204 0.001413 385.500000 1 26 50 76 81 98
0.000000 0.000000 0.000000 1.009093 1.050794 -1.002405 -50.962441 0.010204 0.010204 0.000752 385.500000 1.184216 1.231813 -20.581229 -57.520347 0.010204 0.010204 0.001416 385.500000 1 26 50 76 86 88
0.000000 0.000000 0.000000 1.001619 1.099459 -0.103627 -57.746854 0.010204 0.010204 0.000719 385.500000 1.184216 1.231803 -19.598296 -64.917203 0.010204 0.010204 0.001421 385.500000 1 26 50 76 86 92
0.000000 0.000000 0.000000 1.021273 1.072659 -1.365228 -72.835859 0.010204 0.010204 0.000763 404.142857 1.184216 1.231961 -19.424853 -73.976486 0.010204 0.010204 0.001328 404.142857 1 26 50 76 86 97
0.000000 0.000000 0.000000 1.082334 1.673873 -118.360331 -111.729805 0.010204 0.010204 0.000728 404.142857 1.184216 1.231805 -173.119382 -78.413210 0.010204 0.010204 0.001355 404.142857 1 26 50 76 86 98
0.000000 0.000000 0.000000 1.003286 1.367883 -211.562544 -53.210417 0.010204 0.010204 0.000787 385.500000 1.184217 1.231970 -72.453874 -67.747721 0.010204 0.010204 0.001367 385.500000 1 26 50 76 87 88
0.000000 0.000000 0.000000 1.193945 1.285386 -28.851038 -65.561158 0.010204 0.010204 0.000828 385.500000 1.184217 1.231984 -77.504959 -75.564293 0.010204 0.010204 0.001362 385.500000 1 26 50 76 87 92
0.000000 0.000000 0.000000 1.030969 1.047543 -3.023570 -41.714766 0.010204 0.010204 0.000798 404.142857 1.184217 1.231974 -89.525696 -75.900986 0.010204 0.010204 0.001307 404.142857 1 26 50 76 87 97
0.000000 0.000000 0.000000 1.103652 1.149034 -5.308896 -55.929608 0.010204 0.010204 0.000842 404.142857 1.184217 1.232213 -84.358551 -81.219391 0.010204 0.010204 0.001282 404.142857 1 26 50 76 87 98
0.000000 0.000000 0.000000 1.032303 1.046333 -8.305037 -56.995899 0.010204 0.010204 0.000961 348.214286 1.184670 1.232901 -32.422578 -67.494141 0.010204 0.010204 0.001457 348.214286 1 26 61 66 77 88
0.000000 0.000000 0.000000 1.027779 1.052374 -10.165346 -53.833028 0.010204 0.010204 0.000903 348.214286 1.184670 1.232378 -131.669726 -69.124076 0.010204 0.010204 0.001490 348.214286 1 26 61 66 77 92
0.000000 0.000000 0.000000 1.047632 1.072766 -13.401132 -44.414588 0.010204 0.010204 0.000893 366.857143 1.184670 1.232381 -13.466172 -61.038517 0.010204 0.010204 0.001422 366.857143 1 26 61 66 77 97
0.000000 0.000000 0.000000 1.000761 1.233142 -0.310348 -84.030429 0.010204 0.010204 0.000847 366.857143 1.184670 1.232365 -15.541067 -56.748148 0.010204 0.010204 0.001427 366.857143 1 26 61 66 77 98
0.000000 0.000000 0.000000 1.023575 1.398986 -18.737200 -78.001768 0.010204 0.010204 0.000814 348.214286 1.184669 1.232014 -26.788932 -69.874486 0.010204 0.010204 0.001556 348.214286 1 26 61 66 81 88
0.000000 0.000000 0.000000 1.010032 1.053740 -158.392731 -57.127806 0.010204 0.010204 0.000858 348.214286 1.184669 1.232358 -101.163055 -70.820001 0.010204 0.010204 0.001518 348.214286 1 26 61 66 81 92
0.000000 0.000000 0.000000 1.000619 1.075530 -151.975976 -42.431918 0.010204 0.010204 0.000769 366.857143 1.184669 1.232005 -276.918232 -71.250466 0.010204 0.010204 0.001486 366.857143 1 26 61 66 81 97
0.000000 0.000000 0.000000 1.004988 1.051350 -0.928598 -77.943955 0.010204 0.010204 0.000806 366.857143 1.184669 1.232015 -9.621168 -62.597122 0.010204 0.010204 0.001480 366.857143 1 26 61 66 81 98
0.000000 0.000000 0.000000 1.160269 1.888430 -12.031843 -110.207859 0.010204 0.010204 0.000824 366.857143 1.184669 1.232016 -6.904861 -67.933078 0.010204 0.010204 0.001475 366.857143 1 26 61 66 86 88
0.000000 0.000000 0.000000 1.002303 1.235835 -0.120880 -69.649479 0.010204 0.010204 0.000784 366.857143 1.184669 1.232007 -24.517202 -80.261143 0.010204 0.010204 0.001481 366.857143 1 26 61 66 86 92
0.000000 0.000000 0.000000 1.015257 1.047442 -14.949084 -56.683934 0.010204 0.010204 0.000836 385.500000 1.184669 1.232167 -150.294490 -70.249341 0.010204 0.010204 0.001382 385.500000 1 26 61 66 86 97
0.000000 0.000000 0.000000 1.005813 1.051042 -1.398748 -71.658390 0.010204 0.010204 0.000795 385.500000 1.184669 1.232009 -171.298006 -65.198015 0.010204 0.010204 0.001411 385.500000 1 26 61 66 86 98
0.000000 0.000000 0.000000 1.000514 1.143364 -63.608863 -48.130518 0.010204 0.010204 0.000719 366.857143 1.184669 1.231996 -156.787996 -72.201998 0.010204 0.010204 0.001491 366.857143 1 26 61 66 87 88
0.000000 0.000000 0.000000 1.002337 1.131723 -0.438580 -65.138062 0.010204 0.010204 0.000751 366.857143 1.184669 1.232006 -155.326819 -72.979344 0.010204 0.010204 0.001485 366.857143 1 26 61 66 87 92
0.000000 0.000000 0.000000 1.000697 1.053923 -0.584236 -45.651960 0.010204 0.010204 0.000728 385.500000 1.184669 1.231998 -63.923558 -75.235551 0.010204 0.010204 0.001419 385.500000 1 26 61 66 87 97
0.000000 0.000000 0.000000 1.005640 1.181633 -139.459499 -62.288331 0.010204 0.010204 0.000761 385.500000 1.184669 1.232153 -20.325248 -62.790154 0.010204 0.010204 0.001390 385.500000 1 26 61 66 87 98
0.000000 0.000000 0.000000 1.009031 1.151746 -144.776703 -74.336446 0.010204 0.010204 0.000750 348.214286 1.184660 1.232292 -7.327929 -75.046061 0.010204 0.010204 0.001532 348.214286 1 26 61 70 77 88
0.000000 0.000000 0.000000 1.009452 1.207147 -0.506327 -58.002057 0.010204 0.010204 0.000717 348.214286 1.184660 1.231947 -55.536861 -69.003205 0.010204 0.010204 0.001570 348.214286 1 26 61 70 77 92
0.000000 0.000000 0.000000 1.004506 1.088021 -101.774194 -56.393937 0.010204 0.010204 0.000710 366.857143 1.184660 1.231949 -27.702375 -71.484321 0.010204 0.010204 0.001493 366.857143 1 26 61 70 77 97
0.000000 0.000000 0.000000 1.001752 1.077081 -0.486445 -62.241116 0.010204 0.010204 0.000682 366.857143 1.184660 1.231939 -151.179082 -66.760293 0.010204 0.010204 0.001498 366.857143 1 26 61 70 77 98
0.000000 0.000000 0.000000 1.009617 1.083007 -23.832899 -59.633885 0.010204 0.010204 0.000784 348.214286 1.184660 1.232297 -27.841819 -76.833449 0.010204 0.010204 0.001503 348.214286 1 26 61 70 81 88
0.000000 0.000000 0.000000 1.007275 1.061616 -21.692536 -53.690437 0.010204 0.010204 0.000826 348.214286 1.184660 1.232817 -106.060090 -79.807722 0.010204 0.010204 0.001469 348.214286 1 26 61 70 81 92
0.000000 0.000000 0.000000 1.011118 1.116320 -17.391527 -43.801722 0.010204 0.010204 0.000741 366.857143 1.184660 1.232285 -57.233860 -77.494595 0.010204 0.010204 0.001438 366.857143 1 26 61 70 81 97
0.000000 0.000000 0.000000 1.008362 1.071500 -3.770497 -73.026309 0.010204 0.010204 0.000776 366.857143 1.184660 1.232300 -39.500497 -69.360802 0.010204 0.010204 0.001434 366.857143 1 26 61 70 81 98
0.000000 0.000000 0.000000 1.001793 1.093411 -112.014430 -55.948199 0.010204 0.010204 0.000668 366.857143 1.184660 1.231940 -11.106819 -69.859547 0.010204 0.010204 0.001498 366.857143 1 26 61 70 86 88
0.000000 0.000000 0.000000 1.000968 1.110891 -0.065607 -51.419654 0.010204 0.010204 0.000643 366.857143 1.184660 1.231931 -29.913124 -69.798446 0.010204 0.010204 0.001504 366.857143 1 26 61 70 86 92
0.000000 0.000000 0.000000 1.002674 1.113018 -105.949468 -72.901538 0.010204 0.010204 0.000676 385.500000 1.184660 1.232087 -51.556877 -75.401073 0.010204 0.010204 0.001401 385.500000 1 26 61 70 86 97
0.000000 0.000000 0.000000 1.001199 1.071278 -0.078551 -80.396368 0.010204 0.010204 0.000650 385.500000 1.184660 1.231933 -32.355135 -63.933365 0.010204 0.010204 0.001431 385.500000 1 26 61 70 86 98
0.000000 0.000000 0.000000 1.003242 1.101044 -0.211983 -64.640981 0.010204 0.010204 0.000694 366.857143 1.184660 1.231940 -19.113310 -65.222262 0.010204 0.010204 0.001494 366.857143 1 26 61 70 87 88
0.000000 0.000000 0.000000 1.347253 6.068140 -21.784484 -496.901414 0.010204 0.010204 0.000724 366.857143 1.184660 1.231950 -170.423328 -73.398591 0.010204 0.010204 0.001488 366.857143 1 26 61 70 87 92
0.000000 0.000000 0.000000 1.038681 1.615047 -1.135009 -83.211558 0.010204 0.010204 0.000702 385.500000 1.184660 1.231942 -19.234415 -62.294273 0.010204 0.010204 0.001422 385.500000 1 26 61 70 87 97
0.000000 0.000000 0.000000 1.013355 1.174084 -5.839230 -63.774952 0.010204 0.010204 0.000734 385.500000 1.184660 1.232101 -32.455760 -73.512667 0.010204 0.010204 0.001393 385.500000 1 26 61 70 87 98
0.000000 0.000000 0.000000 1.067129 1.060584 -39.593476 -71.478896 0.010204 0.010204 0.000960 366.857143 1.184853 1.233687 -13.650234 -62.374536 0.010204 0.010204 0.001376 366.857143 1 26 61 75 77 88
0.000000 0.000000 0.000000 1.001194 1.066589 -185.855015 -63.219647 0.010204 0.010204 0.000904 366.857143 1.184853 1.233338 -9.191566 -80.368049 0.010204 0.010204 0.001406 366.857143 1 26 61 75 77 92
0.000000 0.000000 0.000000 1.004195 1.051845 -30.066708 -40.665770 0.010204 0.010204 0.000894 385.500000 1.184853 1.233339 -50.443976 -70.277994 0.010204 0.010204 0.001344 385.500000 1 26 61 75 77 97
0.000000 0.000000 0.000000 1.000036 1.063130 -13.935528 -79.247171 0.010204 0.010204 0.000849 385.500000 1.184853 1.233329 -12.973922 -69.970859 0.010204 0.010204 0.001348 385.500000 1 26 61 75 77 98
0.000000 0.000000 0.000000 1.000123 1.102081 -0.010574 -71.179367 0.010204 0.010204 0.000816 366.857143 1.184852 1.233315 -10.510123 -70.063495 0.010204 0.010204 0.001415 366.857143 1 26 61 75 81 88
0.000000 0.000000 0.000000 1.000334 1.065136 -0.656648 -74.506207 0.010204 0.010204 0.000859 366.857143 1.184852 1.233657 -45.992397 -77.358729 0.010204 0.010204 0.001384 366.857143 1 26 61 75 81 92
0.000000 0.000000 0.000000 1.000043 1.170607 -149.614132 -59.761176 0.010204 0.010204 0.000771 385.500000 1.184852 1.233307 -76.237573 -66.391656 0.010204 0.010204 0.001356 385.500000 1 26 61 75 81 97
0.000000 0.000000 0.000000 1.000286 1.145950 -0.093705 -79.405621 0.010204 0.010204 0.000807 385.500000 1.184852 1.233317 -82.090826 -72.521096 0.010204 0.010204 0.001352 385.500000 1 26 61 75 81 98
0.000000 0.000000 0.000000 1.290611 1.157993 -84.572515 -84.564374 0.010204 0.010204 0.000972 385.500000 1.184876 1.233746 -152.898165 -69.842494 0.010204 0.010204 0.001298 385.500000 1 26 61 75 86 88
0.000000 0.000000 0.000000 1.000028 1.092125 -24.259607 -80.608085 0.010204 0.010204 0.000916 385.500000 1.184876 1.233730 -10.262955 -75.771296 0.010204 0.010204 0.001302 385.500000 1 26 61 75 86 92
0.000000 0.000000 0.000000 1.178214 1.081940 -117.563631 -73.945570 0.010204 0.010204 0.000992 404.142857 1.184879 1.234015 -21.694217 -72.117162 0.010204 0.010204 0.001226 404.142857 1 26 61 75 86 97
0.000000 0.000000 0.000000 1.010055 1.055933 -205.255384 -77.762006 0.010204 0.010204 0.000931 404.142857 1.184876 1.233735 -42.370016 -63.739831 0.010204 0.010204 0.001248 404.142857 1 26 61 75 86 98
0.000000 0.000000 0.000000 1.000592 2.198024 -68.053801 -187.515900 0.010204 0.010204 0.000824 385.500000 1.184852 1.233314 -20.417918 -71.623342 0.010204 0.010204 0.001351 385.500000 1 26 61 75 87 88
0.000000 0.000000 0.000000 1.003814 1.159016 -73.806373 -61.646925 0.010204 0.010204 0.000868 385.500000 1.184852 1.233324 -26.756657 -68.774772 0.010204 0.010204 0.001346 385.500000 1 26 61 75 87 92
0.000000 0.000000 0.000000 1.001320 1.146998 -269.310300 -50.127866 0.010204 0.010204 0.000836 404.142857 1.184852 1.233316 -19.956814 -72.111686 0.010204 0.010204 0.001291 404.142857 1 26 61 75 87 97
0.000000 0.000000 0.000000 1.026209 1.090163 -5.759025 -63.643257 0.010204 0.010204 0.000882 404.142857 1.184852 1.233474 -29.369734 -76.145630 0.010204 0.010204 0.001267 404.142857 1 26 61 75 87 98
0.000000 0.000000 0.000000 1.035779 2.110547 -189.759206 -78.150402 0.010204 0.010204 0.000751 366.857143 1.184664 1.232305 -8.105056 -66.002593 0.010204 0.010204 0.001457 366.857143 1 26 61 76 77 88
0.000000 0.000000 0.000000 1.000912 1.058369 -0.172252 -61.828794 0.010204 0.010204 0.000718 366.857143 1.184664 1.231965 -5.489122 -64.765402 0.010204 0.010204 0.001492 366.857143 1 26 61 76 77 92
0.000000 0.000000 0.000000 1.043216 3.092949 -168.464098 -109.746313 0.010204 0.010204 0.000711 385.500000 1.184664 1.231966 -153.886137 -72.130864 0.010204 0.010204 0.001421 385.500000 1 26 61 76 77 97
0.000000 0.000000 0.000000 1.000264 1.051330 -0.061431 -80.019572 0.010204 0.010204 0.000683 385.500000 1.184664 1.231956 -27.770157 -89.482983 0.010204 0.010204 0.001426 385.500000 1 26 61 76 77 98
0.000000 0.000000 0.000000 1.007793 1.071328 -258.645441 -67.406436 0.010204 0.010204 0.000785 366.857143 1.184664 1.231975 -20.666042 -82.209877 0.010204 0.010204 0.001482 366.857143 1 26 61 76 81 88
0.000000 0.000000 0.000000 1.048641 1.215768 -185.466916 -62.302254 0.010204 0.010204 0.000826 366.857143 1.184664 1.232321 -11.151287 -70.769038 0.010204 0.010204 0.001448 366.857143 1 26 61 76 81 92
0.000000 0.000000 0.000000 1.002307 1.145087 -38.592591 -48.245901 0.010204 0.010204 0.000743 385.500000 1.184664 1.231966 -106.281253 -67.845231 0.010204 0.010204 0.001417 385.500000 1 26 61 76 81 97
0.000000 0.000000 0.000000 1.029097 1.188203 -1.395090 -80.453494 0.010204 0.010204 0.000777 385.500000 1.184664 1.231976 -64.950887 -65.744268 0.010204 0.010204 0.001413 385.500000 1 26 61 76 81 98
0.000000 0.000000 0.000000 1.004602 1.047501 -301.429125 -65.090334 0.010204 0.010204 0.000758 385.500000 1.184664 1.231968 -12.152138 -75.957259 0.010204 0.010204 0.001415 385.500000 1 26 61 76 86 88
0.000000 0.000000 0.000000 1.000755 1.059142 -0.120955 -61.522240 0.010204 0.010204 0.000724 385.500000 1.184664 1.231959 -38.364599 -60.624301 0.010204 0.010204 0.001420 385.500000 1 26 61 76 86 92
0.000000 0.000000 0.000000 1.008658 1.056898 -84.160420 -61.306319 0.010204 0.010204 0.000769 404.142857 1.184664 1.232117 -44.047228 -66.081609 0.010204 0.010204 0.001327 404.142857 1 26 61 76 86 97
0.000000 0.000000 0.000000 1.015017 1.214130 -2.418202 -74.094050 0.010204 0.010204 0.000734 404.142857 1.184664 1.231961 -74.207325 -72.730660 0.010204 0.010204 0.001354 404.142857 1 26 61 76 86 98
0.000000 0.000000 0.000000 1.000523 1.050310 -0.056939 -63.991368 0.010204 0.010204 0.000793 385.500000 1.184664 1.232121 -25.600048 -57.516558 0.010204 0.010204 0.001366 385.500000 1 26 61 76 87 88
0.000000 0.000000 0.000000 1.083831 1.191936 -24.763459 -52.546655 0.010204 0.010204 0.000834 385.500000 1.184664 1.232135 -111.208188 -71.670818 0.010204 0.010204 0.001361 385.500000 1 26 61 76 87 92
0.000000 0.000000 0.000000 1.020115 1.048901 -2.250810 -46.376603 0.010204 0.010204 0.000804 404.142857 1.184664 1.232125 -41.462260 -57.911254 0.010204 0.010204 0.001306 404.142857 1 26 61 76 87 97
0.000000 0.000000 0.000000 1.043461 1.095903 -7.834901 -62.412895 0.010204 0.010204 0.000848 404.142857 1.184664 1.232363 -30.329403 -68.290128 0.010204 0.010204 0.001282 404.142857 1 26 61 76 87 98
0.000000 0.000000 0.000000 1.013694 1.073241 -1.616900 -65.297768 0.010204 0.010204 0.000708 348.214286 1.183731 1.232442 -209.166724 -71.913337 0.010204 0.010204 0.001483 348.214286 1 26 65 66 77 88
0.000000 0.000000 0.000000 1.014859 1.079773 -5.358052 -47.205269 0.010204 0.010204 0.000677 348.214286 1.183731 1.231922 -28.513356 -69.233304 0.010204 0.010204 0.001518 348.214286 1 26 65 66 77 92
0.000000 0.000000 0.000000 1.014336 1.076836 -78.965459 -65.979871 0.010204 0.010204 0.000671 366.857143 1.183731 1.231925 -10.010011 -70.336028 0.010204 0.010204 0.001447 366.857143 1 26 65 66 77 97
0.000000 0.000000 0.000000 1.020129 1.109658 -4.320962 -67.018437 0.010204 0.010204 0.000644 366.857143 1.183731 1.231909 -188.427631 -63.542617 0.010204 0.010204 0.001452 366.857143 1 26 65 66 77 98
0.000000 0.000000 0.000000 1.007210 1.057189 -13.399350 -52.339817 0.010204 0.010204 0.000625 348.214286 1.183731 1.231572 -15.285406 -70.110356 0.010204 0.010204 0.001586 348.214286 1 26 65 66 81 88
0.000000 0.000000 0.000000 1.111162 1.804005 -21.274472 -150.757682 0.010204 0.010204 0.000651 348.214286 1.183731 1.231917 -23.179503 -68.508123 0.010204 0.010204 0.001547 348.214286 1 26 65 66 81 92
0.000000 0.000000 0.000000 1.007534 1.078044 -2.508659 -52.486682 0.010204 0.010204 0.000598 366.857143 1.183731 1.231564 -12.538416 -73.950715 0.010204 0.010204 0.001513 366.857143 1 26 65 66 81 97
0.000000 0.000000 0.000000 1.018878 1.143895 -1.443000 -92.475243 0.010204 0.010204 0.000620 366.857143 1.183731 1.231573 -178.505371 -68.063617 0.010204 0.010204 0.001508 366.857143 1 26 65 66 81 98
0.000000 0.000000 0.000000 1.008800 1.058415 -9.763928 -64.595189 0.010204 0.010204 0.000631 366.857143 1.183731 1.231575 -28.850341 -76.245675 0.010204 0.010204 0.001503 366.857143 1 26 65 66 86 88
0.000000 0.000000 0.000000 1.022817 1.188075 -3.589594 -68.820264 0.010204 0.010204 0.000608 366.857143 1.183731 1.231565 -50.239389 -68.652430 0.010204 0.010204 0.001509 366.857143 1 26 65 66 86 92
0.000000 0.000000 0.000000 1.029161 1.187146 -2.737274 -73.019938 0.010204 0.010204 0.000639 385.500000 1.183731 1.231726 -153.972974 -77.253533 0.010204 0.010204 0.001405 385.500000 1 26 65 66 86 97
0.000000 0.000000 0.000000 1.014864 1.101141 -171.029120 -73.797925 0.010204 0.010204 0.000614 385.500000 1.183731 1.231567 -30.140384 -69.829262 0.010204 0.010204 0.001435 385.500000 1 26 65 66 86 98
0.000000 0.000000 0.000000 1.019522 1.452850 -68.257159 -77.010890 0.010204 0.010204 0.000568 366.857143 1.183731 1.231556 -91.214870 -64.787959 0.010204 0.010204 0.001519 366.857143 1 26 65 66 87 88
0.000000 0.000000 0.000000 1.016325 1.227495 -2.795837 -70.247847 0.010204 0.010204 0.000588 366.857143 1.183731 1.231565 -86.231458 -61.205356 0.010204 0.010204 0.001513 366.857143 1 26 65 66 87 92
0.000000 0.000000 0.000000 1.030354 1.457014 -2.160416 -73.937193 0.010204 0.010204 0.000573 385.500000 1.183731 1.231558 -44.643159 -69.247310 0.010204 0.010204 0.001444 385.500000 1 26 65 66 87 97
0.000000 0.000000 0.000000 1.004139 1.051364 -36.929867 -47.003337 0.010204 0.010204 0.000594 385.500000 1.183731 1.231712 -34.809688 -71.636664 0.010204 0.010204 0.001414 385.500000 1 26 65 66 87 98
0.000000 0.000000 0.000000 1.042420 1.114873 -72.118177 -59.493836 0.010204 0.010204 0.000731 348.214286 1.183733 1.231980 -28.668275 -63.363020 0.010204 0.010204 0.001533 348.214286 1 26 65 70 77 88
0.000000 0.000000 0.000000 1.020189 1.066010 -4.682352 -60.295648 0.010204 0.010204 0.000699 348.214286 1.183733 1.231635 -114.178246 -63.996144 0.010204 0.010204 0.001571 348.214286 1 26 65 70 77 92
0.000000 0.000000 0.000000 1.031568 1.094102 -106.399295 -60.297151 0.010204 0.010204 0.000692 366.857143 1.183733 1.231636 -13.674845 -66.461405 0.010204 0.010204 0.001495 366.857143 1 26 65 70 77 97
0.000000 0.000000 0.000000 1.008700 1.074820 -19.029468 -64.275534 0.010204 0.010204 0.000665 366.857143 1.183733 1.231626 -23.753545 -76.757933 0.010204 0.010204 0.001500 366.857143 1 26 65 70 77 98
0.000000 0.000000 0.000000 1.031562 1.067234 -107.046596 -58.803404 0.010204 0.010204 0.000764 348.214286 1.183733 1.231998 -99.153869 -76.380406 0.010204 0.010204 0.001504 348.214286 1 26 65 70 81 88
0.000000 0.000000 0.000000 1.029594 1.062737 -12.995816 -65.611112 0.010204 0.010204 0.000806 348.214286 1.183734 1.232522 -189.037038 -80.333532 0.010204 0.010204 0.001471 348.214286 1 26 65 70 81 92
0.000000 0.000000 0.000000 1.058103 1.132478 -1.200740 -50.681818 0.010204 0.010204 0.000723 366.857143 1.183733 1.231986 -14.119604 -63.200418 0.010204 0.010204 0.001440 366.857143 1 26 65 70 81 97
0.000000 0.000000 0.000000 1.030609 1.065045 -7.628964 -55.290975 0.010204 0.010204 0.000757 366.857143 1.183733 1.232002 -41.337331 -69.554510 0.010204 0.010204 0.001435 366.857143 1 26 65 70 81 98
0.000000 0.000000 0.000000 1.016850 1.131215 -2.139256 -74.321258 0.010204 0.010204 0.000651 366.857143 1.183733 1.231627 -31.936136 -69.573447 0.010204 0.010204 0.001500 366.857143 1 26 65 70 86 88
0.000000 0.000000 0.000000 1.002396 1.076069 -10.724962 -56.122293 0.010204 0.010204 0.000627 366.857143 1.183733 1.231618 -68.961931 -76.681000 0.010204 0.010204 0.001505 366.857143 1 26 65 70 86 92
0.000000 0.000000 0.000000 1.021471 1.121763 -83.970663 -74.828697 0.010204 0.010204 0.000659 385.500000 1.183733 1.231774 -12.832835 -63.978325 0.010204 0.010204 0.001402 385.500000 1 26 65 70 86 97
0.000000 0.000000 0.000000 1.018845 1.183243 -94.273805 -69.170972 0.010204 0.010204 0.000633 385.500000 1.183733 1.231620 -65.231319 -74.299799 0.010204 0.010204 0.001432 385.500000 1 26 65 70 86 98
0.000000 0.000000 0.000000 1.186031 2.036869 -12.218153 -166.734860 0.010204 0.010204 0.000676 366.857143 1.183733 1.231628 -25.340220 -76.233090 0.010204 0.010204 0.001495 366.857143 1 26 65 70 87 88
0.000000 0.000000 0.000000 1.051275 1.130796 -16.227773 -61.069389 0.010204 0.010204 0.000706 366.857143 1.183733 1.231637 -33.431590 -65.218207 0.010204 0.010204 0.001490 366.857143 1 26 65 70 87 92
0.000000 0.000000 0.000000 1.018066 1.048280 -23.941217 -65.964258 0.010204 0.010204 0.000684 385.500000 1.183733 1.231630 -109.136852 -71.035369 0.010204 0.010204 0.001424 385.500000 1 26 65 70 87 97
0.000000 0.000000 0.000000 1.021882 1.053014 -5.165720 -67.150772 0.010204 0.010204 0.000715 385.500000 1.183733 1.231789 -83.208117 -68.434915 0.010204 0.010204 0.001394 385.500000 1 26 65 70 87 98
0.000000 0.000000 0.000000 1.021274 1.064689 -6.842430 -72.248090 0.010204 0.010204 0.000708 366.857143 1.183732 1.231945 -12.427379 -56.236890 0.010204 0.010204 0.001461 366.857143 1 26 65 75 77 88
0.000000 0.000000 0.000000 1.019166 1.064210 -61.213578 -55.230728 0.010204 0.010204 0.000677 366.857143 1.183732 1.231598 -13.820082 -65.845941 0.010204 0.010204 0.001496 366.857143 1 26 65 75 77 92
0.000000 0.000000 0.000000 1.082398 1.263598 -8.154042 -66.816080 0.010204 0.010204 0.000671 385.500000 1.183732 1.231599 -13.557437 -58.211682 0.010204 0.010204 0.001426 385.500000 1 26 65 75 77 97
0.000000 0.000000 0.000000 1.012377 1.069111 -155.989713 -66.010941 0.010204 0.010204 0.000645 385.500000 1.183732 1.231590 -56.031639 -65.435856 0.010204 0.010204 0.001430 385.500000 1 26 65 75 77 98
0.000000 0.000000 0.000000 1.005401 1.056153 -0.307296 -58.751169 0.010204 0.010204 0.000626 366.857143 1.183732 1.231588 -336.352174 -76.729187 0.010204 0.010204 0.001507 366.857143 1 26 65 75 81 88
0.000000 0.000000 0.000000 1.022759 1.156310 -143.353621 -71.952653 0.010204 0.010204 0.000652 366.857143 1.183732 1.231929 -23.171935 -65.484949 0.010204 0.010204 0.001471 366.857143 1 26 65 75 81 92
0.000000 0.000000 0.000000 1.001792 1.046212 -34.388089 -46.959467 0.010204 0.010204 0.000599 385.500000 1.183732 1.231580 -118.694078 -68.795496 0.010204 0.010204 0.001440 385.500000 1 26 65 75 81 97
0.000000 0.000000 0.000000 1.007766 1.067793 -4.029718 -63.534725 0.010204 0.010204 0.000621 385.500000 1.183732 1.231589 -30.353348 -71.140561 0.010204 0.010204 0.001435 385.500000 1 26 65 75 81 98
0.000000 0.000000 0.000000 1.162923 1.422916 -28.551699 -80.445170 0.010204 0.010204 0.000714 385.500000 1.183732 1.231758 -75.181795 -76.039027 0.010204 0.010204 0.001373 385.500000 1 26 65 75 86 88
0.000000 0.000000 0.000000 1.021283 1.058048 -0.877291 -64.990368 0.010204 0.010204 0.000682 385.500000 1.183732 1.231744 -46.132280 -60.954809 0.010204 0.010204 0.001378 385.500000 1 26 65 75 86 92
0.000000 0.000000 0.000000 1.131359 1.340103 -8.879527 -112.101779 0.010204 0.010204 0.000724 404.142857 1.183732 1.231986 -77.529445 -67.971122 0.010204 0.010204 0.001292 404.142857 1 26 65 75 86 97
0.000000 0.000000 0.000000 1.201104 1.523179 -49.156418 -90.892380 0.010204 0.010204 0.000691 404.142857 1.183732 1.231748 -49.603424 -72.844851 0.010204 0.010204 0.001317 404.142857 1 26 65 75 86 98
0.000000 0.000000 0.000000 1.009297 1.073564 -1.052180 -72.828709 0.010204 0.010204 0.000631 385.500000 1.183732 1.231582 -30.236485 -70.417993 0.010204 0.010204 0.001434 385.500000 1 26 65 75 87 88
0.000000 0.000000 0.000000 1.079997 1.296848 -5.199496 -73.404313 0.010204 0.010204 0.000656 385.500000 1.183732 1.231591 -206.240084 -66.085878 0.010204 0.010204 0.001428 385.500000 1 26 65 75 87 92
0.000000 0.000000 0.000000 1.025848 1.102879 -2.787501 -49.624543 0.010204 0.010204 0.000638 404.142857 1.183732 1.231584 -28.314372 -67.833856 0.010204 0.010204 0.001366 404.142857 1 26 65 75 87 97
0.000000 0.000000 0.000000 1.199029 1.677950 -227.827590 -95.523024 0.010204 0.010204 0.000665 404.142857 1.183732 1.231740 -62.071761 -83.592960 0.010204 0.010204 0.001339 404.142857 1 26 65 75 87 98
0.000000 0.000000 0.000000 1.067960 1.206176 -8.291721 -63.964136 0.010204 0.010204 0.000732 366.857143 1.183778 1.233203 -19.320934 -77.836481 0.010204 0.010204 0.001396 366.857143 1 26 65 76 77 88
0.000000 0.000000 0.000000 1.002972 1.076649 -124.290741 -62.507362 0.010204 0.010204 0.000699 366.857143 1.183778 1.232862 -29.977996 -66.011792 0.010204 0.010204 0.001428 366.857143 1 26 65 76 77 92
0.000000 0.000000 0.000000 1.005126 1.055454 -69.909198 -52.784393 0.010204 0.010204 0.000693 385.500000 1.183778 1.232863 -12.850327 -60.402370 0.010204 0.010204 0.001363 385.500000 1 26 65 76 77 97
0.000000 0.000000 0.000000 1.001590 1.514275 -0.133056 -94.262762 0.010204 0.010204 0.000665 385.500000 1.183778 1.232853 -17.327206 -64.007675 0.010204 0.010204 0.001368 385.500000 1 26 65 76 77 98
0.000000 0.000000 0.000000 1.034182 1.050417 -146.213424 -68.199698 0.010204 0.010204 0.000764 366.857143 1.183778 1.232883 -28.949095 -64.552856 0.010204 0.010204 0.001419 366.857143 1 26 65 76 81 88
0.000000 0.000000 0.000000 1.377641 1.540987 -91.984044 -78.373909 0.010204 0.010204 0.000805 366.857143 1.183778 1.233233 -43.367711 -88.149273 0.010204 0.010204 0.001388 366.857143 1 26 65 76 81 92
0.000000 0.000000 0.000000 1.007638 1.178212 -253.580947 -51.113057 0.010204 0.010204 0.000723 385.500000 1.183778 1.232875 -100.432529 -68.619873 0.010204 0.010204 0.001360 385.500000 1 26 65 76 81 97
0.000000 0.000000 0.000000 3.095120 4.031287 -850.997831 -398.888480 0.010204 0.010204 0.000756 385.500000 1.183778 1.232884 -89.149315 -53.602675 0.010204 0.010204 0.001355 385.500000 1 26 65 76 81 98
0.000000 0.000000 0.000000 1.041818 1.062637 -3.037247 -59.741467 0.010204 0.010204 0.000738 385.500000 1.183778 1.232870 -36.571617 -67.736912 0.010204 0.010204 0.001358 385.500000 1 26 65 76 86 88
0.000000 0.000000 0.000000 1.001732 1.072078 -2.422329 -73.612361 0.010204 0.010204 0.000705 385.500000 1.183778 1.232860 -172.285294 -76.558910 0.010204 0.010204 0.001363 385.500000 1 26 65 76 86 92
0.000000 0.000000 0.000000 1.033991 1.049432 -0.439191 -64.421061 0.010204 0.010204 0.000748 404.142857 1.183778 1.233020 -21.024192 -71.609065 0.010204 0.010204 0.001278 404.142857 1 26 65 76 86 97
0.000000 0.000000 0.000000 1.058348 1.091553 -4.254527 -84.368400 0.010204 0.010204 0.000714 404.142857 1.183778 1.232862 -14.869418 -57.705401 0.010204 0.010204 0.001302 404.142857 1 26 65 76 86 98
0.000000 0.000000 0.000000 1.651348 2.093577 -101.636447 -102.162680 0.010204 0.010204 0.000772 385.500000 1.183784 1.233265 -15.070181 -72.915982 0.010204 0.010204 0.001313 385.500000 1 26 65 76 87 88
0.000000 0.000000 0.000000 1.132485 1.187111 -172.134512 -82.877244 0.010204 0.010204 0.000812 385.500000 1.183784 1.233280 -103.958624 -76.482237 0.010204 0.010204 0.001309 385.500000 1 26 65 76 87 92
0.000000 0.000000 0.000000 1.133669 1.188853 -4.995947 -75.293871 0.010204 0.010204 0.000783 404.142857 1.183784 1.233269 -34.151039 -79.738982 0.010204 0.010204 0.001258 404.142857 1 26 65 76 87 97
0.000000 0.000000 0.000000 1.131194 1.185230 -22.106478 -91.783719 0.010204 0.010204 0.000827 404.142857 1.183784 1.233548 -37.447854 -74.290857 0.010204 0.010204 0.001236 404.142857 1 26 65 76 87 98
0.000000 0.000000 0.000000 22.993251 1.956923 -2756.460346 -206.941383 0.010204 0.010204 0.000906 348.214286 1.113382 1.217106 -7.236694 -67.362259 0.010204 0.010204 0.001457 348.214286 1 30 46 66 77 88
0.000000 0.000000 0.000000 26.247282 2.099840 -3607.825384 -276.728268 0.010204 0.010204 0.000851 348.214286 1.113382 1.216497 -11.637082 -67.709187 0.010204 0.010204 0.001489 348.214286 1 30 46 66 77 92
0.000000 0.000000 0.000000 24.331880 2.015601 -1030.633764 -154.674588 0.010204 0.010204 0.000842 366.857143 1.113382 1.216501 -7.092593 -63.140649 0.010204 0.010204 0.001422 366.857143 1 30 46 66 77 97
0.000000 0.000000 0.000000 1.049541 1.100807 -50.295476 -66.358074 0.010204 0.010204 0.000800 366.857143 1.113382 1.216483 -122.719906 -80.381305 0.010204 0.010204 0.001427 366.857143 1 30 46 66 77 98
0.000000 0.000000 0.000000 1.668061 1.061410 -67.350947 -56.449116 0.010204 0.010204 0.000768 348.214286 1.113381 1.215744 -14.949187 -76.770168 0.010204 0.010204 0.001553 348.214286 1 30 46 66 81 88
0.000000 0.000000 0.000000 2.462686 1.066382 -159.665987 -56.523881 0.010204 0.010204 0.000809 348.214286 1.113381 1.216092 -9.008628 -78.612541 0.010204 0.010204 0.001517 348.214286 1 30 46 66 81 92
0.000000 0.000000 0.000000 1.006843 1.069692 -0.299262 -33.386514 0.010204 0.010204 0.000727 366.857143 1.113381 1.215736 -13.869264 -70.723738 0.010204 0.010204 0.001484 366.857143 1 30 46 66 81 97
0.000000 0.000000 0.000000 4.569106 1.181419 -104.458657 -72.879134 0.010204 0.010204 0.000760 366.857143 1.113381 1.215746 -5.722361 -72.737073 0.010204 0.010204 0.001479 366.857143 1 30 46 66 81 98
0.000000 0.000000 0.000000 2.332257 1.060495 -30.550055 -51.826959 0.010204 0.010204 0.000777 366.857143 1.113381 1.215752 -63.553978 -70.877434 0.010204 0.010204 0.001474 366.857143 1 30 46 66 86 88
0.000000 0.000000 0.000000 1.012706 1.070411 -2.123455 -52.290533 0.010204 0.010204 0.000741 366.857143 1.113381 1.215742 -13.654166 -72.851974 0.010204 0.010204 0.001480 366.857143 1 30 46 66 86 92
0.000000 0.000000 0.000000 2.168043 1.051636 -165.706797 -66.394564 0.010204 0.010204 0.000789 385.500000 1.113381 1.215906 -109.136773 -67.624046 0.010204 0.010204 0.001383 385.500000 1 30 46 66 86 97
0.000000 0.000000 0.000000 2.722865 1.083168 -342.584678 -73.215466 0.010204 0.010204 0.000751 385.500000 1.113381 1.215744 -16.461500 -76.755361 0.010204 0.010204 0.001411 385.500000 1 30 46 66 86 98
0.000000 0.000000 0.000000 1.004041 1.199708 -275.349823 -73.043572 0.010204 0.010204 0.000680 366.857143 1.113381 1.215719 -8.673089 -66.653397 0.010204 0.010204 0.001489 366.857143 1 30 46 66 87 88
0.000000 0.000000 0.000000 1.213217 1.645579 -99.409526 -103.662249 0.010204 0.010204 0.000710 366.857143 1.113381 1.215728 -210.627339 -77.452369 0.010204 0.010204 0.001484 366.857143 1 30 46 66 87 92
0.000000 0.000000 0.000000 1.015317 1.081015 -101.817176 -57.754134 0.010204 0.010204 0.000689 385.500000 1.113381 1.215721 -5.773250 -71.982042 0.010204 0.010204 0.001419 385.500000 1 30 46 66 87 97
0.000000 0.000000 0.000000 4.931222 3.565497 -494.497339 -191.538485 0.010204 0.010204 0.000720 385.500000 1.113381 1.215876 -58.160609 -61.008470 0.010204 0.010204 0.001390 385.500000 1 30 46 66 87 98
0.000000 0.000000 0.000000 1.370319 1.047032 -166.262593 -73.952296 0.010204 0.010204 0.000710 348.214286 1.113378 1.214549 -10.426712 -67.383780 0.010204 0.010204 0.001606 348.214286 1 30 46 70 77 88
0.000000 0.000000 0.000000 1.360469 1.069826 -53.955771 -49.454614 0.010204 0.010204 0.000679 348.214286 1.113378 1.214205 -60.388193 -70.122780 0.010204 0.010204 0.001647 348.214286 1 30 46 70 77 92
0.000000 0.000000 0.000000 2.459315 1.230747 -365.333231 -59.195034 0.010204 0.010204 0.000673 366.857143 1.113378 1.214206 -5.695076 -73.553435 0.010204 0.010204 0.001564 366.857143 1 30 46 70 77 97
0.000000 0.000000 0.000000 1.069219 1.057973 -44.581859 -63.045145 0.010204 0.010204 0.000646 366.857143 1.113378 1.214196 -17.533952 -66.869963 0.010204 0.010204 0.001569 366.857143 1 30 46 70 77 98
0.000000 0.000000 0.000000 2.932442 1.151331 -321.913698 -87.669456 0.010204 0.010204 0.000741 348.214286 1.113378 1.214561 -169.099901 -75.761457 0.010204 0.010204 0.001574 348.214286 1 30 46 70 81 88
0.000000 0.000000 0.000000 2.478970 1.114328 -32.298792 -59.889209 0.010204 0.010204 0.000781 348.214286 1.113378 1.215083 -6.931524 -74.596177 0.010204 0.010204 0.001538 348.214286 1 30 46 70 81 92
0.000000 0.000000 0.000000 1.762825 1.113403 -15.585416 -38.551049 0.010204 0.010204 0.000702 366.857143 1.113378 1.214549 -130.759255 -66.956062 0.010204 0.010204 0.001504 366.857143 1 30 46 70 81 97
0.000000 0.000000 0.000000 2.676512 1.130381 -144.016166 -79.809634 0.010204 0.010204 0.000734 366.857143 1.113378 1.214564 -206.530902 -82.203810 0.010204 0.010204 0.001499 366.857143 1 30 46 70 81 98
0.000000 0.000000 0.000000 1.188409 1.125035 -45.155373 -55.787991 0.010204 0.010204 0.000633 366.857143 1.113378 1.214197 -6.155297 -71.712791 0.010204 0.010204 0.001569 366.857143 1 30 46 70 86 88
0.000000 0.000000 0.000000 1.016171 1.046547 -182.527097 -54.252742 0.010204 0.010204 0.000610 366.857143 1.113378 1.214188 -61.319703 -64.985467 0.010204 0.010204 0.001575 366.857143 1 30 46 70 86 92
0.000000 0.000000 0.000000 1.268886 1.117416 -207.498645 -67.541548 0.010204 0.010204 0.000641 385.500000 1.113378 1.214344 -120.423185 -79.055049 0.010204 0.010204 0.001464 385.500000 1 30 46 70 86 97
0.000000 0.000000 0.000000 1.068392 1.058988 -14.837683 -73.239454 0.010204 0.010204 0.000616 385.500000 1.113378 1.214190 -16.124751 -70.474915 0.010204 0.010204 0.001496 385.500000 1 30 46 70 86 98
0.000000 0.000000 0.000000 1.331901 1.180070 -38.723003 -67.754349 0.010204 0.010204 0.000657 366.857143 1.113378 1.214198 -179.305222 -75.986498 0.010204 0.010204 0.001565 366.857143 1 30 46 70 87 88
0.000000 0.000000 0.000000 2.134393 1.130220 -129.337571 -78.319093 0.010204 0.010204 0.000685 366.857143 1.113378 1.214207 -32.508182 -65.160739 0.010204 0.010204 0.001558 366.857143 1 30 46 70 87 92
0.000000 0.000000 0.000000 1.757069 1.097836 -47.897090 -53.839527 0.010204 0.010204 0.000665 385.500000 1.113378 1.214200 -9.707977 -62.525350 0.010204 0.010204 0.001487 385.500000 1 30 46 70 87 97
0.000000 0.000000 0.000000 2.200571 1.121391 -238.506766 -69.746107 0.010204 0.010204 0.000695 385.500000 1.113378 1.214358 -25.075213 -56.767370 0.010204 0.010204 0.001455 385.500000 1 30 46 70 87 98
0.000000 0.000000 0.000000 3.669052 1.198470 -45.494791 -74.124062 0.010204 0.010204 0.000730 366.857143 1.113378 1.214570 -15.708054 -66.281989 0.010204 0.010204 0.001517 366.857143 1 30 46 75 77 88
0.000000 0.000000 0.000000 2.506144 1.148796 -114.719403 -56.395245 0.010204 0.010204 0.000696 366.857143 1.113378 1.214224 -48.760510 -69.340933 0.010204 0.010204 0.001554 366.857143 1 30 46 75 77 92
0.000000 0.000000 0.000000 2.825136 1.154190 -144.986498 -56.709903 0.010204 0.010204 0.000690 385.500000 1.113378 1.214225 -230.866220 -93.651435 0.010204 0.010204 0.001479 385.500000 1 30 46 75 77 97
0.000000 0.000000 0.000000 5.320644 4.250311 -218.670589 -478.571185 0.010204 0.010204 0.000662 385.500000 1.113378 1.214215 -161.963556 -70.949596 0.010204 0.010204 0.001484 385.500000 1 30 46 75 77 98
0.000000 0.000000 0.000000 1.366266 1.345165 -13.684057 -69.354605 0.010204 0.010204 0.000642 366.857143 1.113378 1.214214 -4.780397 -71.576461 0.010204 0.010204 0.001565 366.857143 1 30 46 75 81 88
0.000000 0.000000 0.000000 1.950308 1.354083 -124.948210 -80.292640 0.010204 0.010204 0.000670 366.857143 1.113378 1.214554 -8.359553 -71.335411 0.010204 0.010204 0.001527 366.857143 1 30 46 75 81 92
0.000000 0.000000 0.000000 1.015073 1.059280 -1.693675 -51.001206 0.010204 0.010204 0.000613 385.500000 1.113378 1.214205 -88.794559 -61.304390 0.010204 0.010204 0.001494 385.500000 1 30 46 75 81 97
0.000000 0.000000 0.000000 1.206006 1.134752 -106.491555 -73.499525 0.010204 0.010204 0.000637 385.500000 1.113378 1.214215 -43.857546 -72.885271 0.010204 0.010204 0.001489 385.500000 1 30 46 75 81 98
0.000000 0.000000 0.000000 3.297427 1.140423 -149.329686 -87.977219 0.010204 0.010204 0.000736 385.500000 1.113378 1.214388 -8.561084 -73.811964 0.010204 0.010204 0.001423 385.500000 1 30 46 75 86 88
0.000000 0.000000 0.000000 1.303356 1.094766 -14.083925 -52.166063 0.010204 0.010204 0.000703 385.500000 1.113378 1.214374 -40.827723 -75.186476 0.010204 0.010204 0.001428 385.500000 1 30 46 75 86 92
0.000000 0.000000 0.000000 3.077757 1.126408 -692.108849 -63.271308 0.010204 0.010204 0.000748 404.142857 1.113378 1.214617 -8.055838 -73.619123 0.010204 0.010204 0.001337 404.142857 1 30 46 75 86 97
0.000000 0.000000 0.000000 3.554578 1.156953 -414.390633 -62.261321 0.010204 0.010204 0.000712 404.142857 1.113378 1.214378 -11.777903 -64.923354 0.010204 0.010204 0.001364 404.142857 1 30 46 75 86 98
0.000000 0.000000 0.000000 1.047043 1.051289 -2.494102 -52.457252 0.010204 0.010204 0.000647 385.500000 1.113378 1.214208 -213.059127 -69.495590 0.010204 0.010204 0.001487 385.500000 1 30 46 75 87 88
0.000000 0.000000 0.000000 1.541583 1.061444 -45.018863 -60.261303 0.010204 0.010204 0.000675 385.500000 1.113378 1.214217 -100.306938 -73.198623 0.010204 0.010204 0.001482 385.500000 1 30 46 75 87 92
0.000000 0.000000 0.000000 2.643257 1.237084 -56.747221 -55.628645 0.010204 0.010204 0.000655 404.142857 1.113378 1.214210 -156.249416 -74.498144 0.010204 0.010204 0.001416 404.142857 1 30 46 75 87 97
0.000000 0.000000 0.000000 2.082394 1.096174 -64.252034 -66.749092 0.010204 0.010204 0.000683 404.142857 1.113378 1.214366 -161.100553 -77.173802 0.010204 0.010204 0.001387 404.142857 1 30 46 75 87 98
0.000000 0.000000 0.000000 1.373538 1.293877 -95.276085 -65.114305 0.010204 0.010204 0.000602 366.857143 1.113378 1.214501 -11.191774 -73.441411 0.010204 0.010204 0.001541 366.857143 1 30 46 76 77 88
0.000000 0.000000 0.000000 2.134844 2.231831 -210.573750 -131.195842 0.010204 0.010204 0.000580 366.857143 1.113378 1.214161 -11.021392 -72.025675 0.010204 0.010204 0.001580 366.857143 1 30 46 76 77 92
0.000000 0.000000 0.000000 1.071289 1.067955 -117.044925 -61.254883 0.010204 0.010204 0.000576 385.500000 1.113378 1.214162 -19.476406 -67.334882 0.010204 0.010204 0.001501 385.500000 1 30 46 76 77 97
0.000000 0.000000 0.000000 1.027101 1.055476 -66.135197 -54.714811 0.010204 0.010204 0.000556 385.500000 1.113378 1.214152 -6.597423 -64.855608 0.010204 0.010204 0.001507 385.500000 1 30 46 76 77 98
0.000000 0.000000 0.000000 2.802560 1.560335 -297.346799 -92.847647 0.010204 0.010204 0.000623 366.857143 1.113378 1.214170 -11.667706 -75.637230 0.010204 0.010204 0.001568 366.857143 1 30 46 76 81 88
0.000000 0.000000 0.000000 1.324894 1.088110 -22.262456 -59.425860 0.010204 0.010204 0.000650 366.857143 1.113378 1.214517 -6.745976 -71.231694 0.010204 0.010204 0.001530 366.857143 1 30 46 76 81 92
0.000000 0.000000 0.000000 1.141015 1.070328 -12.859535 -36.078075 0.010204 0.010204 0.000596 385.500000 1.113378 1.214162 -227.003665 -79.178538 0.010204 0.010204 0.001497 385.500000 1 30 46 76 81 97
0.000000 0.000000 0.000000 1.223785 1.065433 -21.562512 -55.888377 0.010204 0.010204 0.000618 385.500000 1.113378 1.214171 -78.144819 -64.918596 0.010204 0.010204 0.001491 385.500000 1 30 46 76 81 98
0.000000 0.000000 0.000000 1.295106 1.108523 -32.323240 -66.254815 0.010204 0.010204 0.000606 385.500000 1.113378 1.214164 -15.623878 -54.176934 0.010204 0.010204 0.001494 385.500000 1 30 46 76 86 88
0.000000 0.000000 0.000000 1.081302 1.057217 -4.038020 -58.048675 0.010204 0.010204 0.000584 385.500000 1.113378 1.214154 -20.969659 -78.901426 0.010204 0.010204 0.001500 385.500000 1 30 46 76 86 92
0.000000 0.000000 0.000000 1.212242 1.069949 -11.958506 -53.320667 0.010204 0.010204 0.000613 404.142857 1.113378 1.214313 -42.571514 -68.306642 0.010204 0.010204 0.001397 404.142857 1 30 46 76 86 97
0.000000 0.000000 0.000000 1.209326 1.083394 -91.823112 -64.594512 0.010204 0.010204 0.000590 404.142857 1.113378 1.214156 -71.168938 -64.255773 0.010204 0.010204 0.001427 404.142857 1 30 46 76 86 98
0.000000 0.000000 0.000000 1.349768 1.073514 -124.995481 -57.260707 0.010204 0.010204 0.000628 385.500000 1.113378 1.214312 -136.680881 -70.821555 0.010204 0.010204 0.001440 385.500000 1 30 46 76 87 88
0.000000 0.000000 0.000000 3.236782 1.441819 -803.218823 -106.490540 0.010204 0.010204 0.000655 385.500000 1.113378 1.214325 -10.149722 -71.981641 0.010204 0.010204 0.001435 385.500000 1 30 46 76 87 92
0.000000 0.000000 0.000000 4.466703 1.687544 -371.567899 -99.372773 0.010204 0.010204 0.000635 404.142857 1.113378 1.214315 -17.485338 -64.400357 0.010204 0.010204 0.001374 404.142857 1 30 46 76 87 97
0.000000 0.000000 0.000000 2.530116 1.300737 -77.728962 -84.255635 0.010204 0.010204 0.000663 404.142857 1.113378 1.214553 -19.753656 -69.992197 0.010204 0.010204 0.001347 404.142857 1 30 46 76 87 98
0.000000 0.000000 0.000000 2.417073 1.075737 -145.904083 -55.051823 0.010204 0.010204 0.000925 348.214286 1.113930 1.218509 -14.820918 -70.435790 0.010204 0.010204 0.001446 348.214286 1 30 50 66 77 88
0.000000 0.000000 0.000000 3.704218 1.265736 -660.471975 -80.487047 0.010204 0.010204 0.000871 348.214286 1.113930 1.217986 -124.867616 -66.176339 0.010204 0.010204 0.001478 348.214286 1 30 50 66 77 92
0.000000 0.000000 0.000000 4.281750 1.201755 -134.398141 -61.914739 0.010204 0.010204 0.000861 366.857143 1.113930 1.217990 -5.430827 -70.574154 0.010204 0.010204 0.001412 366.857143 1 30 50 66 77 97
0.000000 0.000000 0.000000 1.007733 1.436107 -1.230663 -77.712507 0.010204 0.010204 0.000818 366.857143 1.113930 1.217974 -18.920964 -74.808213 0.010204 0.010204 0.001416 366.857143 1 30 50 66 77 98
0.000000 0.000000 0.000000 1.027904 1.129617 -141.738393 -77.193999 0.010204 0.010204 0.000787 348.214286 1.113929 1.217623 -282.730571 -71.461361 0.010204 0.010204 0.001542 348.214286 1 30 50 66 81 88
0.000000 0.000000 0.000000 1.091786 1.099962 -77.941350 -58.727770 0.010204 0.010204 0.000828 348.214286 1.113929 1.217968 -30.390655 -64.170739 0.010204 0.010204 0.001506 348.214286 1 30 50 66 81 92
0.000000 0.000000 0.000000 1.003121 1.119360 -219.608560 -50.544515 0.010204 0.010204 0.000745 366.857143 1.113929 1.217615 -12.517724 -73.180101 0.010204 0.010204 0.001474 366.857143 1 30 50 66 81 97
0.000000 0.000000 0.000000 1.106766 1.288434 -16.095190 -76.626817 0.010204 0.010204 0.000779 366.857143 1.113929 1.217625 -92.816076 -75.000635 0.010204 0.010204 0.001468 366.857143 1 30 50 66 81 98
0.000000 0.000000 0.000000 1.566868 1.614739 -7.368958 -130.475780 0.010204 0.010204 0.000796 366.857143 1.113929 1.217626 -52.292301 -61.714824 0.010204 0.010204 0.001464 366.857143 1 30 50 66 86 88
0.000000 0.000000 0.000000 1.006520 1.191388 -86.103150 -76.010208 0.010204 0.010204 0.000759 366.857143 1.113929 1.217616 -41.872484 -65.494987 0.010204 0.010204 0.001469 366.857143 1 30 50 66 86 92
0.000000 0.000000 0.000000 1.169885 1.064115 -99.381279 -66.796243 0.010204 0.010204 0.000808 385.500000 1.113929 1.217777 -4.807073 -68.518793 0.010204 0.010204 0.001372 385.500000 1 30 50 66 86 97
0.000000 0.000000 0.000000 1.038573 1.068969 -38.934823 -66.554373 0.010204 0.010204 0.000769 385.500000 1.113929 1.217619 -43.426467 -66.971964 0.010204 0.010204 0.001400 385.500000 1 30 50 66 86 98
0.000000 0.000000 0.000000 1.000777 1.079658 -18.664401 -69.886792 0.010204 0.010204 0.000697 366.857143 1.113929 1.217606 -9.142176 -74.685602 0.010204 0.010204 0.001479 366.857143 1 30 50 66 87 88
0.000000 0.000000 0.000000 1.003066 1.064057 -33.124579 -53.516409 0.010204 0.010204 0.000728 366.857143 1.113929 1.217616 -4.312385 -68.563197 0.010204 0.010204 0.001473 366.857143 1 30 50 66 87 92
0.000000 0.000000 0.000000 1.004171 1.119960 -24.582117 -53.889171 0.010204 0.010204 0.000706 385.500000 1.113929 1.217608 -69.699217 -61.619891 0.010204 0.010204 0.001408 385.500000 1 30 50 66 87 97
0.000000 0.000000 0.000000 1.011718 1.139817 -1.187169 -58.324134 0.010204 0.010204 0.000737 385.500000 1.113929 1.217763 -16.225475 -62.348242 0.010204 0.010204 0.001380 385.500000 1 30 50 66 87 98
0.000000 0.000000 0.000000 2.388530 1.082321 -256.902777 -57.158866 0.010204 0.010204 0.000967 348.214286 1.114052 1.220740 -21.206007 -66.159600 0.010204 0.010204 0.001428 348.214286 1 30 50 70 77 88
0.000000 0.000000 0.000000 1.016598 1.318652 -218.272307 -115.764548 0.010204 0.010204 0.000910 348.214286 1.114052 1.220392 -20.971452 -63.578213 0.010204 0.010204 0.001460 348.214286 1 30 50 70 77 92
0.000000 0.000000 0.000000 1.040925 1.068914 -151.045787 -39.103247 0.010204 0.010204 0.000899 366.857143 1.114052 1.220393 -7.094405 -58.197798 0.010204 0.010204 0.001394 366.857143 1 30 50 70 77 97
0.000000 0.000000 0.000000 1.000161 1.060475 -264.019327 -68.660918 0.010204 0.010204 0.000854 366.857143 1.114052 1.220383 -230.746241 -80.323581 0.010204 0.010204 0.001398 366.857143 1 30 50 70 77 98
0.000000 0.000000 0.000000 3.347253 1.094773 -171.148200 -58.768103 0.010204 0.010204 0.001028 348.214286 1.114073 1.221404 -17.969085 -62.468780 0.010204 0.010204 0.001403 348.214286 1 30 50 70 81 88
0.000000 0.000000 0.000000 3.275750 1.053724 -37.353945 -65.427900 0.010204 0.010204 0.001107 348.214286 1.114077 1.222062 -10.759025 -66.801601 0.010204 0.010204 0.001375 348.214286 1 30 50 70 81 92
0.000000 0.000000 0.000000 1.001682 1.095193 -156.763319 -46.323647 0.010204 0.010204 0.000955 366.857143 1.114073 1.221388 -6.516700 -71.930561 0.010204 0.010204 0.001347 366.857143 1 30 50 70 81 97
0.000000 0.000000 0.000000 3.280849 1.055098 -740.596540 -68.874552 0.010204 0.010204 0.001015 366.857143 1.114073 1.221409 -5.236803 -73.679425 0.010204 0.010204 0.001343 366.857143 1 30 50 70 81 98
0.000000 0.000000 0.000000 1.000745 1.112024 -97.850067 -69.700688 0.010204 0.010204 0.000831 366.857143 1.114051 1.220370 -11.289857 -70.811223 0.010204 0.010204 0.001398 366.857143 1 30 50 70 86 88
0.000000 0.000000 0.000000 1.000075 1.155200 -0.059400 -63.879234 0.010204 0.010204 0.000791 366.857143 1.114051 1.220360 -24.456526 -66.011924 0.010204 0.010204 0.001403 366.857143 1 30 50 70 86 92
0.000000 0.000000 0.000000 1.001961 1.050685 -186.484046 -51.929176 0.010204 0.010204 0.000843 385.500000 1.114051 1.220518 -4.725992 -65.390711 0.010204 0.010204 0.001315 385.500000 1 30 50 70 86 97
0.000000 0.000000 0.000000 1.000244 1.056202 -18.459669 -80.150943 0.010204 0.010204 0.000802 385.500000 1.114051 1.220362 -9.986774 -71.682584 0.010204 0.010204 0.001340 385.500000 1 30 50 70 86 98
0.000000 0.000000 0.000000 1.000341 1.060911 -79.105999 -61.662742 0.010204 0.010204 0.000873 366.857143 1.114052 1.220393 -12.047852 -65.657561 0.010204 0.010204 0.001395 366.857143 1 30 50 70 87 88
0.000000 0.000000 0.000000 1.366759 1.178382 -103.971180 -64.855360 0.010204 0.010204 0.000922 366.857143 1.114052 1.220403 -99.151636 -73.607274 0.010204 0.010204 0.001390 366.857143 1 30 50 70 87 92
0.000000 0.000000 0.000000 1.048498 1.062791 -93.745019 -52.601129 0.010204 0.010204 0.000886 385.500000 1.114052 1.220395 -145.249575 -61.035642 0.010204 0.010204 0.001333 385.500000 1 30 50 70 87 97
0.000000 0.000000 0.000000 3.424765 1.059317 -263.880813 -55.036962 0.010204 0.010204 0.000939 385.500000 1.114052 1.220558 -217.808112 -73.182158 0.010204 0.010204 0.001307 385.500000 1 30 50 70 87 98
0.000000 0.000000 0.000000 1.141431 1.448711 -17.609039 -70.869551 0.010204 0.010204 0.000748 366.857143 1.113926 1.217910 -15.873879 -66.526780 0.010204 0.010204 0.001439 366.857143 1 30 50 75 77 88
0.000000 0.000000 0.000000 1.012495 1.057510 -124.000084 -60.363826 0.010204 0.010204 0.000714 366.857143 1.113926 1.217563 -66.105502 -78.678870 0.010204 0.010204 0.001473 366.857143 1 30 50 75 77 92
0.000000 0.000000 0.000000 1.049233 1.192493 -1.073207 -71.285584 0.010204 0.010204 0.000707 385.500000 1.113926 1.217564 -76.403978 -65.958477 0.010204 0.010204 0.001404 385.500000 1 30 50 75 77 97
0.000000 0.000000 0.000000 1.004254 1.056688 -185.430704 -66.511847 0.010204 0.010204 0.000679 385.500000 1.113926 1.217555 -29.217348 -66.803784 0.010204 0.010204 0.001409 385.500000 1 30 50 75 77 98
0.000000 0.000000 0.000000 1.003998 1.109023 -0.925118 -51.625376 0.010204 0.010204 0.000658 366.857143 1.113926 1.217553 -10.049209 -61.585805 0.010204 0.010204 0.001483 366.857143 1 30 50 75 81 88
0.000000 0.000000 0.000000 1.069643 2.216767 -116.477553 -137.737982 0.010204 0.010204 0.000686 366.857143 1.113926 1.217894 -11.353147 -73.591261 0.010204 0.010204 0.001448 366.857143 1 30 50 75 81 92
0.000000 0.000000 0.000000 1.003080 1.181968 -0.165855 -61.590157 0.010204 0.010204 0.000629 385.500000 1.113926 1.217545 -13.671066 -66.189556 0.010204 0.010204 0.001418 385.500000 1 30 50 75 81 97
0.000000 0.000000 0.000000 1.003199 1.073248 -0.497136 -57.529457 0.010204 0.010204 0.000653 385.500000 1.113926 1.217555 -170.168609 -75.483917 0.010204 0.010204 0.001413 385.500000 1 30 50 75 81 98
0.000000 0.000000 0.000000 1.099614 1.142012 -64.064660 -92.660404 0.010204 0.010204 0.000755 385.500000 1.113926 1.217720 -185.407966 -70.119883 0.010204 0.010204 0.001354 385.500000 1 30 50 75 86 88
0.000000 0.000000 0.000000 1.021285 1.072620 -63.360750 -45.510271 0.010204 0.010204 0.000720 385.500000 1.113926 1.217707 -28.424302 -70.214675 0.010204 0.010204 0.001359 385.500000 1 30 50 75 86 92
0.000000 0.000000 0.000000 1.067733 1.093881 -43.650974 -69.869924 0.010204 0.010204 0.000766 404.142857 1.113926 1.217948 -59.636956 -69.019570 0.010204 0.010204 0.001275 404.142857 1 30 50 75 86 97
0.000000 0.000000 0.000000 1.172877 1.253149 -6.761169 -73.098069 0.010204 0.010204 0.000730 404.142857 1.113926 1.217710 -54.029710 -70.524000 0.010204 0.010204 0.001299 404.142857 1 30 50 75 86 98
0.000000 0.000000 0.000000 1.003300 1.064611 -20.995237 -70.010795 0.010204 0.010204 0.000663 385.500000 1.113926 1.217547 -158.765255 -74.338166 0.010204 0.010204 0.001412 385.500000 1 30 50 75 87 88
0.000000 0.000000 0.000000 1.064469 1.386859 -2.026424 -67.516322 0.010204 0.010204 0.000692 385.500000 1.113926 1.217557 -33.205032 -73.849471 0.010204 0.010204 0.001407 385.500000 1 30 50 75 87 92
0.000000 0.000000 0.000000 1.014265 1.101492 -1.823618 -50.318277 0.010204 0.010204 0.000671 404.142857 1.113926 1.217549 -33.936649 -73.299188 0.010204 0.010204 0.001347 404.142857 1 30 50 75 87 97
0.000000 0.000000 0.000000 1.019523 1.090933 -5.324779 -64.495530 0.010204 0.010204 0.000701 404.142857 1.113926 1.217705 -69.757604 -71.549812 0.010204 0.010204 0.001320 404.142857 1 30 50 75 87 98
0.000000 0.000000 0.000000 1.014599 1.177910 -3.509103 -55.357315 0.010204 0.010204 0.000775 366.857143 1.113931 1.217989 -8.517992 -69.850143 0.010204 0.010204 0.001436 366.857143 1 30 50 76 77 88
0.000000 0.000000 0.000000 1.001608 1.058498 -56.421906 -70.681159 0.010204 0.010204 0.000739 366.857143 1.113931 1.217648 -129.804943 -62.793617 0.010204 0.010204 0.001470 366.857143 1 30 50 76 77 92
0.000000 0.000000 0.000000 1.002501 1.060709 -0.526653 -60.216156 0.010204 0.010204 0.000732 385.500000 1.113931 1.217649 -69.298932 -72.605846 0.010204 0.010204 0.001402 385.500000 1 30 50 76 77 97
0.000000 0.000000 0.000000 1.000368 1.054926 -0.195661 -67.233693 0.010204 0.010204 0.000702 385.500000 1.113931 1.217640 -21.601860 -69.103417 0.010204 0.010204 0.001406 385.500000 1 30 50 76 77 98
0.000000 0.000000 0.000000 1.061948 1.113979 -24.126838 -70.409905 0.010204 0.010204 0.000811 366.857143 1.113931 1.217658 -181.780476 -69.470076 0.010204 0.010204 0.001460 366.857143 1 30 50 76 81 88
0.000000 0.000000 0.000000 1.708513 1.085837 -213.214256 -47.810204 0.010204 0.010204 0.000856 366.857143 1.113931 1.218005 -13.149159 -69.485624 0.010204 0.010204 0.001427 366.857143 1 30 50 76 81 92
0.000000 0.000000 0.000000 1.001370 1.059129 -0.417618 -51.226042 0.010204 0.010204 0.000766 385.500000 1.113931 1.217650 -27.726137 -63.073053 0.010204 0.010204 0.001398 385.500000 1 30 50 76 81 97
0.000000 0.000000 0.000000 1.191549 1.122890 -18.310538 -56.555582 0.010204 0.010204 0.000803 385.500000 1.113931 1.217659 -48.665833 -76.305084 0.010204 0.010204 0.001393 385.500000 1 30 50 76 81 98
0.000000 0.000000 0.000000 1.035332 1.061161 -126.037466 -66.003688 0.010204 0.010204 0.000782 385.500000 1.113931 1.217651 -6.666052 -70.631534 0.010204 0.010204 0.001396 385.500000 1 30 50 76 86 88
0.000000 0.000000 0.000000 1.001536 1.087581 -172.233018 -56.067702 0.010204 0.010204 0.000746 385.500000 1.113931 1.217642 -14.310513 -74.033117 0.010204 0.010204 0.001401 385.500000 1 30 50 76 86 92
0.000000 0.000000 0.000000 1.138123 1.058373 -46.026914 -54.042007 0.010204 0.010204 0.000794 404.142857 1.113931 1.217800 -15.391957 -58.142689 0.010204 0.010204 0.001311 404.142857 1 30 50 76 86 97
0.000000 0.000000 0.000000 1.030851 1.125836 -1.642262 -69.165399 0.010204 0.010204 0.000756 404.142857 1.113931 1.217644 -244.689509 -75.067676 0.010204 0.010204 0.001337 404.142857 1 30 50 76 86 98
0.000000 0.000000 0.000000 1.002613 1.146254 -170.598582 -54.774865 0.010204 0.010204 0.000820 385.500000 1.113931 1.217815 -43.783656 -67.223305 0.010204 0.010204 0.001348 385.500000 1 30 50 76 87 88
0.000000 0.000000 0.000000 4.013189 1.087638 -83.745435 -71.115914 0.010204 0.010204 0.000865 385.500000 1.113931 1.217829 -12.209343 -65.205242 0.010204 0.010204 0.001344 385.500000 1 30 50 76 87 92
0.000000 0.000000 0.000000 15.777102 1.553416 -1172.425741 -85.476316 0.010204 0.010204 0.000832 404.142857 1.113931 1.217819 -93.634045 -68.357865 0.010204 0.010204 0.001290 404.142857 1 30 50 76 87 97
0.000000 0.000000 0.000000 3.547858 1.070624 -64.297071 -66.315273 0.010204 0.010204 0.000881 404.142857 1.113931 1.218059 -7.820042 -75.379316 0.010204 0.010204 0.001267 404.142857 1 30 50 76 87 98
0.000000 0.000000 0.000000 2.232380 1.118893 -142.719368 -65.483474 0.010204 0.010204 0.000721 348.214286 1.113367 1.215051 -13.401005 -73.010555 0.010204 0.010204 0.001542 348.214286 1 30 61 66 77 88
0.000000 0.000000 0.000000 2.294211 1.125078 -91.393487 -58.197059 0.010204 0.010204 0.000687 348.214286 1.113367 1.214528 -120.625799 -85.120245 0.010204 0.010204 0.001578 348.214286 1 30 61 66 77 92
0.000000 0.000000 0.000000 2.265789 1.122230 -15.569888 -72.884305 0.010204 0.010204 0.000680 366.857143 1.113367 1.214531 -5.840886 -69.543520 0.010204 0.010204 0.001503 366.857143 1 30 61 66 77 97
0.000000 0.000000 0.000000 2.641845 1.160481 -204.015380 -82.793482 0.010204 0.010204 0.000652 366.857143 1.113367 1.214515 -35.597315 -63.528670 0.010204 0.010204 0.001508 366.857143 1 30 61 66 77 98
0.000000 0.000000 0.000000 1.513249 1.060698 -9.670420 -57.656255 0.010204 0.010204 0.000632 348.214286 1.113367 1.214164 -250.656039 -61.103908 0.010204 0.010204 0.001651 348.214286 1 30 61 66 81 88
0.000000 0.000000 0.000000 1.815460 1.089268 -68.456345 -58.149154 0.010204 0.010204 0.000660 348.214286 1.113367 1.214509 -7.514028 -70.213657 0.010204 0.010204 0.001610 348.214286 1 30 61 66 81 92
0.000000 0.000000 0.000000 1.588461 1.109566 -54.388988 -49.237825 0.010204 0.010204 0.000604 366.857143 1.113367 1.214156 -4.299130 -62.065593 0.010204 0.010204 0.001573 366.857143 1 30 61 66 81 97
0.000000 0.000000 0.000000 4.513276 1.400380 -806.317468 -70.689959 0.010204 0.010204 0.000627 366.857143 1.113367 1.214165 -34.152083 -68.110423 0.010204 0.010204 0.001568 366.857143 1 30 61 66 81 98
0.000000 0.000000 0.000000 4.631535 1.383213 -490.170540 -77.892287 0.010204 0.010204 0.000638 366.857143 1.113367 1.214167 -14.840941 -75.052423 0.010204 0.010204 0.001562 366.857143 1 30 61 66 86 88
0.000000 0.000000 0.000000 4.311522 1.455544 -192.842637 -85.657403 0.010204 0.010204 0.000613 366.857143 1.113367 1.214157 -5.725333 -65.385699 0.010204 0.010204 0.001568 366.857143 1 30 61 66 86 92
0.000000 0.000000 0.000000 2.342235 1.138741 -17.149910 -71.705563 0.010204 0.010204 0.000646 385.500000 1.113367 1.214318 -98.463151 -73.359445 0.010204 0.010204 0.001458 385.500000 1 30 61 66 86 97
0.000000 0.000000 0.000000 1.450827 1.048411 -26.536317 -52.144371 0.010204 0.010204 0.000620 385.500000 1.113367 1.214159 -5.390365 -62.074347 0.010204 0.010204 0.001490 385.500000 1 30 61 66 86 98
0.000000 0.000000 0.000000 1.166674 1.122050 -94.142313 -57.698006 0.010204 0.010204 0.000571 366.857143 1.113367 1.214147 -10.787765 -62.307906 0.010204 0.010204 0.001579 366.857143 1 30 61 66 87 88
0.000000 0.000000 0.000000 2.443962 1.302462 -80.142001 -74.845185 0.010204 0.010204 0.000592 366.857143 1.113367 1.214157 -56.350869 -64.475616 0.010204 0.010204 0.001573 366.857143 1 30 61 66 87 92
0.000000 0.000000 0.000000 1.258286 1.063617 -17.699257 -69.799121 0.010204 0.010204 0.000577 385.500000 1.113367 1.214149 -51.623017 -73.918075 0.010204 0.010204 0.001500 385.500000 1 30 61 66 87 97
0.000000 0.000000 0.000000 5.732860 1.805521 -249.547526 -147.506293 0.010204 0.010204 0.000599 385.500000 1.113367 1.214304 -11.471789 -72.136459 0.010204 0.010204 0.001467 385.500000 1 30 61 66 87 98
0.000000 0.000000 0.000000 1.288573 1.073197 -54.935887 -44.229031 0.010204 0.010204 0.000593 348.214286 1.113367 1.214447 -3.640871 -74.689461 0.010204 0.010204 0.001625 348.214286 1 30 61 70 77 88
0.000000 0.000000 0.000000 1.243513 1.066259 -33.654252 -47.734068 0.010204 0.010204 0.000571 348.214286 1.113367 1.214102 -176.738297 -65.769894 0.010204 0.010204 0.001668 348.214286 1 30 61 70 77 92
0.000000 0.000000 0.000000 2.762056 1.465210 -125.078914 -61.652556 0.010204 0.010204 0.000567 366.857143 1.113367 1.214103 -6.663185 -62.392920 0.010204 0.010204 0.001582 366.857143 1 30 61 70 77 97
0.000000 0.000000 0.000000 1.505914 1.168856 -35.896483 -58.517448 0.010204 0.010204 0.000548 366.857143 1.113367 1.214094 -19.607620 -76.036071 0.010204 0.010204 0.001588 366.857143 1 30 61 70 77 98
0.000000 0.000000 0.000000 4.794214 1.755969 -225.846634 -113.830465 0.010204 0.010204 0.000614 348.214286 1.113367 1.214452 -3.582103 -65.171699 0.010204 0.010204 0.001592 348.214286 1 30 61 70 81 88
0.000000 0.000000 0.000000 3.496094 1.496038 -155.399986 -67.324631 0.010204 0.010204 0.000641 348.214286 1.113367 1.214972 -12.094826 -74.771612 0.010204 0.010204 0.001555 348.214286 1 30 61 70 81 92
0.000000 0.000000 0.000000 1.237958 1.047834 -35.840302 -53.847815 0.010204 0.010204 0.000587 366.857143 1.113367 1.214439 -17.305917 -71.294783 0.010204 0.010204 0.001521 366.857143 1 30 61 70 81 97
0.000000 0.000000 0.000000 4.108605 1.618664 -106.628876 -88.767841 0.010204 0.010204 0.000609 366.857143 1.113367 1.214455 -16.106803 -79.465991 0.010204 0.010204 0.001516 366.857143 1 30 61 70 81 98
0.000000 0.000000 0.000000 1.169207 1.076554 -62.636154 -47.131715 0.010204 0.010204 0.000539 366.857143 1.113367 1.214095 -91.836307 -78.576641 0.010204 0.010204 0.001587 366.857143 1 30 61 70 86 88
0.000000 0.000000 0.000000 1.154200 1.111151 -80.382100 -66.629530 0.010204 0.010204 0.000521 366.857143 1.113367 1.214086 -40.089921 -75.028349 0.010204 0.010204 0.001594 366.857143 1 30 61 70 86 92
0.000000 0.000000 0.000000 3.574056 2.051986 -119.541833 -140.859798 0.010204 0.010204 0.000544 385.500000 1.113367 1.214242 -7.241394 -64.476820 0.010204 0.010204 0.001480 385.500000 1 30 61 70 86 97
0.000000 0.000000 0.000000 1.144368 1.069965 -17.857024 -61.914855 0.010204 0.010204 0.000526 385.500000 1.113367 1.214088 -150.922656 -67.132815 0.010204 0.010204 0.001513 385.500000 1 30 61 70 86 98
0.000000 0.000000 0.000000 1.668574 1.183806 -102.971010 -72.286460 0.010204 0.010204 0.000556 366.857143 1.113367 1.214095 -6.177663 -84.140009 0.010204 0.010204 0.001583 366.857143 1 30 61 70 87 88
0.000000 0.000000 0.000000 3.354323 1.554754 -105.551307 -57.281910 0.010204 0.010204 0.000576 366.857143 1.113367 1.214105 -189.730961 -75.298685 0.010204 0.010204 0.001576 366.857143 1 30 61 70 87 92
0.000000 0.000000 0.000000 1.228076 1.054719 -22.852283 -82.098585 0.010204 0.010204 0.000561 385.500000 1.113367 1.214097 -15.125358 -82.297776 0.010204 0.010204 0.001503 385.500000 1 30 61 70 87 97
0.000000 0.000000 0.000000 1.495877 1.113983 -39.079647 -55.823610 0.010204 0.010204 0.000582 385.500000 1.113367 1.214256 -170.083169 -66.883953 0.010204 0.010204 0.001471 385.500000 1 30 61 70 87 98
0.000000 0.000000 0.000000 10.922873 1.753913 -916.454194 -150.252928 0.010204 0.010204 0.000720 366.857143 1.113368 1.215749 -99.067257 -70.727686 0.010204 0.010204 0.001451 366.857143 1 30 61 75 77 88
0.000000 0.000000 0.000000 24.496968 2.792761 -2424.911341 -465.070634 0.010204 0.010204 0.000686 366.857143 1.113368 1.215400 -31.258144 -76.734840 0.010204 0.010204 0.001484 366.857143 1 30 61 75 77 92
0.000000 0.000000 0.000000 15.199002 2.081026 -525.767141 -81.269049 0.010204 0.010204 0.000680 385.500000 1.113368 1.215401 -145.865109 -75.949886 0.010204 0.010204 0.001416 385.500000 1 30 61 75 77 97
0.000000 0.000000 0.000000 1.890704 1.077155 -226.663093 -60.619529 0.010204 0.010204 0.000652 385.500000 1.113368 1.215391 -27.423759 -71.314184 0.010204 0.010204 0.001421 385.500000 1 30 61 75 77 98
0.000000 0.000000 0.000000 9.952710 2.404782 -1028.320182 -212.613945 0.010204 0.010204 0.000632 366.857143 1.113368 1.215378 -172.590045 -73.975719 0.010204 0.010204 0.001494 366.857143 1 30 61 75 81 88
0.000000 0.000000 0.000000 3.092458 1.174458 -107.612785 -54.542262 0.010204 0.010204 0.000659 366.857143 1.113368 1.215720 -142.359975 -68.587897 0.010204 0.010204 0.001460 366.857143 1 30 61 75 81 92
0.000000 0.000000 0.000000 1.012008 1.048271 -0.380720 -62.263270 0.010204 0.010204 0.000604 385.500000 1.113368 1.215370 -7.756412 -74.708984 0.010204 0.010204 0.001429 385.500000 1 30 61 75 81 97
0.000000 0.000000 0.000000 2.055937 1.107149 -176.770930 -74.606843 0.010204 0.010204 0.000627 385.500000 1.113368 1.215379 -101.200764 -66.437640 0.010204 0.010204 0.001425 385.500000 1 30 61 75 81 98
0.000000 0.000000 0.000000 5.681867 1.353887 -155.111241 -84.749235 0.010204 0.010204 0.000726 385.500000 1.113368 1.215795 -127.864618 -66.566962 0.010204 0.010204 0.001366 385.500000 1 30 61 75 86 88
0.000000 0.000000 0.000000 6.003286 1.379267 -613.008072 -102.238536 0.010204 0.010204 0.000692 385.500000 1.113368 1.215780 -73.240694 -79.440331 0.010204 0.010204 0.001370 385.500000 1 30 61 75 86 92
0.000000 0.000000 0.000000 5.654471 1.351790 -185.305405 -89.385868 0.010204 0.010204 0.000738 404.142857 1.113368 1.216063 -8.119874 -77.861761 0.010204 0.010204 0.001287 404.142857 1 30 61 75 86 97
0.000000 0.000000 0.000000 5.703811 1.355570 -164.598264 -99.918159 0.010204 0.010204 0.000701 404.142857 1.113368 1.215784 -114.607636 -74.205747 0.010204 0.010204 0.001311 404.142857 1 30 61 75 86 98
0.000000 0.000000 0.000000 1.868350 1.116055 -64.754114 -59.753261 0.010204 0.010204 0.000637 385.500000 1.113368 1.215377 -257.784976 -81.189874 0.010204 0.010204 0.001424 385.500000 1 30 61 75 87 88
0.000000 0.000000 0.000000 1.624453 1.047894 -106.386288 -58.304554 0.010204 0.010204 0.000664 385.500000 1.113368 1.215386 -19.554944 -70.482194 0.010204 0.010204 0.001419 385.500000 1 30 61 75 87 92
0.000000 0.000000 0.000000 1.649183 1.050064 -184.837716 -54.089591 0.010204 0.010204 0.000644 404.142857 1.113368 1.215379 -12.563766 -73.664651 0.010204 0.010204 0.001359 404.142857 1 30 61 75 87 97
0.000000 0.000000 0.000000 91.217481 7.885729 -3471.756674 -729.350040 0.010204 0.010204 0.000673 404.142857 1.113368 1.215536 -12.223538 -74.713765 0.010204 0.010204 0.001332 404.142857 1 30 61 75 87 98
0.000000 0.000000 0.000000 1.291140 1.061867 -183.590874 -74.867043 0.010204 0.010204 0.000593 366.857143 1.113367 1.214459 -8.539846 -77.759079 0.010204 0.010204 0.001542 366.857143 1 30 61 76 77 88
0.000000 0.000000 0.000000 1.296673 1.086165 -104.053277 -65.240776 0.010204 0.010204 0.000571 366.857143 1.113367 1.214118 -6.204966 -75.335861 0.010204 0.010204 0.001581 366.857143 1 30 61 76 77 92
0.000000 0.000000 0.000000 1.197647 1.050081 -31.443219 -64.896007 0.010204 0.010204 0.000567 385.500000 1.113367 1.214119 -8.171729 -64.092067 0.010204 0.010204 0.001503 385.500000 1 30 61 76 77 97
0.000000 0.000000 0.000000 1.141673 1.093569 -53.741953 -64.567861 0.010204 0.010204 0.000548 385.500000 1.113367 1.214110 -176.380317 -69.633948 0.010204 0.010204 0.001508 385.500000 1 30 61 76 77 98
0.000000 0.000000 0.000000 24.193183 3.960012 -1262.940997 -463.765461 0.010204 0.010204 0.000614 366.857143 1.113367 1.214128 -142.982629 -75.474648 0.010204 0.010204 0.001570 366.857143 1 30 61 76 81 88
0.000000 0.000000 0.000000 1.755169 1.092021 -31.830404 -64.225802 0.010204 0.010204 0.000640 366.857143 1.113367 1.214474 -77.025529 -69.409929 0.010204 0.010204 0.001531 366.857143 1 30 61 76 81 92
0.000000 0.000000 0.000000 4.323036 1.531814 -331.115968 -76.123052 0.010204 0.010204 0.000587 385.500000 1.113367 1.214119 -7.651492 -75.427418 0.010204 0.010204 0.001498 385.500000 1 30 61 76 81 97
0.000000 0.000000 0.000000 2.637554 1.204559 -50.316507 -69.448598 0.010204 0.010204 0.000609 385.500000 1.113367 1.214129 -43.085297 -73.976720 0.010204 0.010204 0.001493 385.500000 1 30 61 76 81 98
0.000000 0.000000 0.000000 1.345101 1.047113 -118.215195 -56.850936 0.010204 0.010204 0.000597 385.500000 1.113367 1.214121 -11.220040 -67.554073 0.010204 0.010204 0.001495 385.500000 1 30 61 76 86 88
0.000000 0.000000 0.000000 1.603881 1.124529 -129.096945 -60.162691 0.010204 0.010204 0.000575 385.500000 1.113367 1.214112 -150.263625 -73.999818 0.010204 0.010204 0.001501 385.500000 1 30 61 76 86 92
0.000000 0.000000 0.000000 1.789537 1.103115 -132.831051 -73.078127 0.010204 0.010204 0.000604 404.142857 1.113367 1.214270 -49.271871 -66.321941 0.010204 0.010204 0.001399 404.142857 1 30 61 76 86 97
0.000000 0.000000 0.000000 1.558394 1.079011 -80.269621 -76.080428 0.010204 0.010204 0.000581 404.142857 1.113367 1.214114 -22.513488 -67.309500 0.010204 0.010204 0.001428 404.142857 1 30 61 76 86 98
0.000000 0.000000 0.000000 1.456794 1.051380 -139.469062 -64.967091 0.010204 0.010204 0.000618 385.500000 1.113367 1.214274 -82.830388 -77.720306 0.010204 0.010204 0.001441 385.500000 1 30 61 76 87 88
0.000000 0.000000 0.000000 29.179375 4.127128 -2837.344072 -174.722462 0.010204 0.010204 0.000645 385.500000 1.113367 1.214288 -62.325170 -72.607796 0.010204 0.010204 0.001436 385.500000 1 30 61 76 87 92
0.000000 0.000000 0.000000 82.835462 10.090037 -3190.802381 -368.399387 0.010204 0.010204 0.000626 404.142857 1.113367 1.214278 -47.452426 -64.900754 0.010204 0.010204 0.001375 404.142857 1 30 61 76 87 97
0.000000 0.000000 0.000000 16.033069 2.666274 -1103.073935 -231.952487 0.010204 0.010204 0.000654 404.142857 1.113367 1.214516 -98.416554 -63.139050 0.010204 0.010204 0.001348 404.142857 1 30 61 76 87 98
0.000000 0.000000 0.000000 1.454135 1.101903 -19.270335 -69.524440 0.010204 0.010204 0.000735 348.214286 1.113389 1.215106 -7.770393 -71.734323 0.010204 0.010204 0.001540 348.214286 1 30 65 66 77 88
0.000000 0.000000 0.000000 1.636917 1.145058 -111.315453 -62.925093 0.010204 0.010204 0.000700 348.214286 1.113389 1.214586 -137.095339 -80.739076 0.010204 0.010204 0.001576 348.214286 1 30 65 66 77 92
0.000000 0.000000 0.000000 1.537382 1.121515 -77.809504 -57.228095 0.010204 0.010204 0.000694 366.857143 1.113389 1.214590 -11.192686 -65.581215 0.010204 0.010204 0.001501 366.857143 1 30 65 66 77 97
0.000000 0.000000 0.000000 1.311522 1.080020 -49.647291 -62.811815 0.010204 0.010204 0.000666 366.857143 1.113389 1.214574 -6.054087 -66.239061 0.010204 0.010204 0.001506 366.857143 1 30 65 66 77 98
0.000000 0.000000 0.000000 1.105612 1.060075 -134.894114 -56.366393 0.010204 0.010204 0.000645 348.214286 1.113389 1.214237 -23.354916 -64.731515 0.010204 0.010204 0.001650 348.214286 1 30 65 66 81 88
0.000000 0.000000 0.000000 1.227046 1.099909 -14.765655 -44.707844 0.010204 0.010204 0.000673 348.214286 1.113389 1.214582 -29.026795 -79.313691 0.010204 0.010204 0.001608 348.214286 1 30 65 66 81 92
0.000000 0.000000 0.000000 1.048314 1.055259 -8.118063 -52.256580 0.010204 0.010204 0.000616 366.857143 1.113389 1.214229 -15.619593 -63.001225 0.010204 0.010204 0.001572 366.857143 1 30 65 66 81 97
0.000000 0.000000 0.000000 1.097391 1.049543 -65.583903 -70.935734 0.010204 0.010204 0.000640 366.857143 1.113389 1.214238 -20.906077 -69.145279 0.010204 0.010204 0.001566 366.857143 1 30 65 66 81 98
0.000000 0.000000 0.000000 1.132134 1.049840 -19.865378 -53.610508 0.010204 0.010204 0.000651 366.857143 1.113389 1.214239 -16.772694 -63.553626 0.010204 0.010204 0.001560 366.857143 1 30 65 66 86 88
0.000000 0.000000 0.000000 1.150430 1.116530 -11.462973 -60.269030 0.010204 0.010204 0.000626 366.857143 1.113389 1.214230 -56.504678 -60.481532 0.010204 0.010204 0.001567 366.857143 1 30 65 66 86 92
0.000000 0.000000 0.000000 1.136298 1.046345 -5.964033 -74.854412 0.010204 0.010204 0.000660 385.500000 1.113389 1.214391 -16.602305 -66.520185 0.010204 0.010204 0.001457 385.500000 1 30 65 66 86 97
0.000000 0.000000 0.000000 1.811544 1.331319 -109.001563 -67.845319 0.010204 0.010204 0.000633 385.500000 1.113389 1.214232 -272.562497 -78.673615 0.010204 0.010204 0.001489 385.500000 1 30 65 66 86 98
0.000000 0.000000 0.000000 1.133520 1.448476 -10.077495 -74.837257 0.010204 0.010204 0.000583 366.857143 1.113389 1.214220 -45.903200 -67.835491 0.010204 0.010204 0.001578 366.857143 1 30 65 66 87 88
0.000000 0.000000 0.000000 1.037866 1.055486 -1.654400 -56.087512 0.010204 0.010204 0.000605 366.857143 1.113389 1.214230 -101.049909 -67.220808 0.010204 0.010204 0.001571 366.857143 1 30 65 66 87 92
0.000000 0.000000 0.000000 1.422860 1.711717 -46.510329 -121.891853 0.010204 0.010204 0.000589 385.500000 1.113389 1.214222 -10.476327 -72.930199 0.010204 0.010204 0.001498 385.500000 1 30 65 66 87 97
0.000000 0.000000 0.000000 1.065894 1.077656 -133.240011 -59.789655 0.010204 0.010204 0.000612 385.500000 1.113389 1.214377 -56.729468 -72.774514 0.010204 0.010204 0.001466 385.500000 1 30 65 66 87 98
0.000000 0.000000 0.000000 1.698176 1.068493 -116.609913 -55.133293 0.010204 0.010204 0.000760 348.214286 1.113389 1.214645 -18.685250 -84.710811 0.010204 0.010204 0.001593 348.214286 1 30 65 70 77 88
0.000000 0.000000 0.000000 2.415985 1.345119 -84.456902 -71.336105 0.010204 0.010204 0.000724 348.214286 1.113389 1.214301 -9.087701 -76.950453 0.010204 0.010204 0.001634 348.214286 1 30 65 70 77 92
0.000000 0.000000 0.000000 1.368628 1.057087 -32.161526 -57.334199 0.010204 0.010204 0.000717 366.857143 1.113389 1.214302 -25.508321 -86.094235 0.010204 0.010204 0.001552 366.857143 1 30 65 70 77 97
0.000000 0.000000 0.000000 1.058752 1.139146 -0.265108 -70.906498 0.010204 0.010204 0.000688 366.857143 1.113389 1.214292 -174.917108 -71.716411 0.010204 0.010204 0.001557 366.857143 1 30 65 70 77 98
0.000000 0.000000 0.000000 1.913033 1.048990 -18.805606 -44.407033 0.010204 0.010204 0.000796 348.214286 1.113389 1.214665 -10.200950 -71.931989 0.010204 0.010204 0.001562 348.214286 1 30 65 70 81 88
0.000000 0.000000 0.000000 11.786538 1.563242 -839.920888 -168.488436 0.010204 0.010204 0.000842 348.214286 1.113389 1.215188 -5.025822 -74.528104 0.010204 0.010204 0.001526 348.214286 1 30 65 70 81 92
0.000000 0.000000 0.000000 1.249416 1.601274 -141.802797 -54.163136 0.010204 0.010204 0.000751 366.857143 1.113389 1.214652 -43.143158 -63.466916 0.010204 0.010204 0.001493 366.857143 1 30 65 70 81 97
0.000000 0.000000 0.000000 34.923535 2.787220 -9759.782603 -311.513940 0.010204 0.010204 0.000788 366.857143 1.113389 1.214668 -37.771422 -74.116922 0.010204 0.010204 0.001488 366.857143 1 30 65 70 81 98
0.000000 0.000000 0.000000 1.051144 1.060128 -69.957433 -72.302379 0.010204 0.010204 0.000673 366.857143 1.113389 1.214293 -207.226547 -77.504517 0.010204 0.010204 0.001557 366.857143 1 30 65 70 86 88
0.000000 0.000000 0.000000 1.032099 1.231246 -1.615154 -80.134133 0.010204 0.010204 0.000647 366.857143 1.113389 1.214284 -20.041029 -62.384934 0.010204 0.010204 0.001563 366.857143 1 30 65 70 86 92
0.000000 0.000000 0.000000 1.297717 1.186937 -182.029766 -104.152542 0.010204 0.010204 0.000682 385.500000 1.113389 1.214440 -152.474755 -72.463507 0.010204 0.010204 0.001453 385.500000 1 30 65 70 86 97
0.000000 0.000000 0.000000 1.066988 1.113134 -149.716715 -74.235421 0.010204 0.010204 0.000654 385.500000 1.113389 1.214286 -72.105407 -71.449676 0.010204 0.010204 0.001485 385.500000 1 30 65 70 86 98
0.000000 0.000000 0.000000 1.032535 1.053570 -110.200711 -51.306939 0.010204 0.010204 0.000700 366.857143 1.113389 1.214294 -5.942388 -71.042889 0.010204 0.010204 0.001553 366.857143 1 30 65 70 87 88
0.000000 0.000000 0.000000 1.669361 1.060957 -43.379824 -42.448937 0.010204 0.010204 0.000732 366.857143 1.113389 1.214303 -47.656568 -69.542463 0.010204 0.010204 0.001546 366.857143 1 30 65 70 87 92
0.000000 0.000000 0.000000 3.053246 1.248446 -29.647071 -54.102339 0.010204 0.010204 0.000709 385.500000 1.113389 1.214296 -117.368407 -70.728589 0.010204 0.010204 0.001476 385.500000 1 30 65 70 87 97
0.000000 0.000000 0.000000 3.037719 1.144305 -281.654250 -68.600210 0.010204 0.010204 0.000743 385.500000 1.113389 1.214455 -211.192226 -74.331641 0.010204 0.010204 0.001445 385.500000 1 30 65 70 87 98
0.000000 0.000000 0.000000 1.892326 1.089772 -54.305641 -57.971914 0.010204 0.010204 0.000734 366.857143 1.113389 1.214610 -4.033583 -68.670518 0.010204 0.010204 0.001516 366.857143 1 30 65 75 77 88
0.000000 0.000000 0.000000 1.830361 1.133594 -25.048622 -63.270551 0.010204 0.010204 0.000700 366.857143 1.113389 1.214263 -101.431476 -63.687948 0.010204 0.010204 0.001554 366.857143 1 30 65 75 77 92
0.000000 0.000000 0.000000 1.396099 1.049985 -22.213149 -49.368331 0.010204 0.010204 0.000694 385.500000 1.113389 1.214264 -9.727744 -57.802752 0.010204 0.010204 0.001478 385.500000 1 30 65 75 77 97
0.000000 0.000000 0.000000 1.052802 1.059147 -2.251485 -78.102156 0.010204 0.010204 0.000666 385.500000 1.113389 1.214255 -55.815202 -75.999812 0.010204 0.010204 0.001483 385.500000 1 30 65 75 77 98
0.000000 0.000000 0.000000 1.117661 1.177806 -60.624913 -71.946459 0.010204 0.010204 0.000646 366.857143 1.113389 1.214253 -16.383463 -67.071856 0.010204 0.010204 0.001565 366.857143 1 30 65 75 81 88
0.000000 0.000000 0.000000 10.611368 7.598530 -136.803078 -642.296888 0.010204 0.010204 0.000673 366.857143 1.113389 1.214594 -10.482179 -67.796183 0.010204 0.010204 0.001527 366.857143 1 30 65 75 81 92
0.000000 0.000000 0.000000 1.012721 1.065702 -1.572529 -53.726860 0.010204 0.010204 0.000617 385.500000 1.113389 1.214245 -105.818695 -51.516717 0.010204 0.010204 0.001493 385.500000 1 30 65 75 81 97
0.000000 0.000000 0.000000 1.130455 1.145110 -95.067147 -71.817310 0.010204 0.010204 0.000640 385.500000 1.113389 1.214254 -32.603887 -75.177622 0.010204 0.010204 0.001488 385.500000 1 30 65 75 81 98
0.000000 0.000000 0.000000 3.248351 1.153294 -263.200960 -66.141741 0.010204 0.010204 0.000741 385.500000 1.113389 1.214423 -8.978246 -70.197578 0.010204 0.010204 0.001423 385.500000 1 30 65 75 86 88
0.000000 0.000000 0.000000 1.126431 1.087721 -24.826442 -52.827027 0.010204 0.010204 0.000707 385.500000 1.113389 1.214410 -44.081108 -63.515448 0.010204 0.010204 0.001428 385.500000 1 30 65 75 86 92
0.000000 0.000000 0.000000 2.817857 1.122624 -307.295351 -70.113545 0.010204 0.010204 0.000752 404.142857 1.113389 1.214651 -8.606767 -73.048726 0.010204 0.010204 0.001337 404.142857 1 30 65 75 86 97
0.000000 0.000000 0.000000 3.950205 1.203664 -52.201689 -75.744569 0.010204 0.010204 0.000716 404.142857 1.113389 1.214413 -141.894027 -73.352998 0.010204 0.010204 0.001363 404.142857 1 30 65 75 86 98
0.000000 0.000000 0.000000 1.083957 1.135462 -40.711934 -69.241315 0.010204 0.010204 0.000651 385.500000 1.113389 1.214247 -24.483744 -69.890595 0.010204 0.010204 0.001487 385.500000 1 30 65 75 87 88
0.000000 0.000000 0.000000 4.389619 1.658918 -206.736886 -77.278394 0.010204 0.010204 0.000678 385.500000 1.113389 1.214257 -24.930758 -76.839601 0.010204 0.010204 0.001481 385.500000 1 30 65 75 87 92
0.000000 0.000000 0.000000 5.443667 2.151291 -203.840014 -138.135732 0.010204 0.010204 0.000658 404.142857 1.113389 1.214249 -10.381340 -81.100341 0.010204 0.010204 0.001415 404.142857 1 30 65 75 87 97
0.000000 0.000000 0.000000 1.542573 1.074118 -60.405076 -56.704233 0.010204 0.010204 0.000687 404.142857 1.113389 1.214405 -8.239338 -53.123407 0.010204 0.010204 0.001386 404.142857 1 30 65 75 87 98
0.000000 0.000000 0.000000 1.050941 1.090094 -231.004796 -66.801872 0.010204 0.010204 0.000760 366.857143 1.113393 1.215891 -132.402804 -77.844500 0.010204 0.010204 0.001447 366.857143 1 30 65 76 77 88
0.000000 0.000000 0.000000 1.008196 1.112228 -24.511385 -69.624847 0.010204 0.010204 0.000725 366.857143 1.113393 1.215550 -5.223651 -73.665412 0.010204 0.010204 0.001480 366.857143 1 30 65 76 77 92
0.000000 0.000000 0.000000 1.025035 1.184272 -109.211114 -65.707260 0.010204 0.010204 0.000718 385.500000 1.113393 1.215551 -155.466724 -71.986687 0.010204 0.010204 0.001412 385.500000 1 30 65 76 77 97
0.000000 0.000000 0.000000 1.001814 1.176110 -276.438956 -101.647536 0.010204 0.010204 0.000689 385.500000 1.113393 1.215542 -59.967701 -77.943701 0.010204 0.010204 0.001416 385.500000 1 30 65 76 77 98
0.000000 0.000000 0.000000 1.824089 1.057435 -160.492673 -49.662940 0.010204 0.010204 0.000796 366.857143 1.113393 1.215572 -16.096921 -70.368265 0.010204 0.010204 0.001470 366.857143 1 30 65 76 81 88
0.000000 0.000000 0.000000 5.526606 1.166485 -876.492559 -60.272454 0.010204 0.010204 0.000841 366.857143 1.113393 1.215921 -8.131799 -64.080896 0.010204 0.010204 0.001438 366.857143 1 30 65 76 81 92
0.000000 0.000000 0.000000 1.004295 1.064895 -0.223321 -48.399966 0.010204 0.010204 0.000751 385.500000 1.113393 1.215563 -66.058622 -69.639981 0.010204 0.010204 0.001408 385.500000 1 30 65 76 81 97
0.000000 0.000000 0.000000 24.131583 1.901746 -5404.192950 -201.045709 0.010204 0.010204 0.000787 385.500000 1.113393 1.215573 -157.953049 -69.532263 0.010204 0.010204 0.001403 385.500000 1 30 65 76 81 98
0.000000 0.000000 0.000000 2.027789 1.065499 -142.903652 -55.960665 0.010204 0.010204 0.000767 385.500000 1.113393 1.215558 -70.456770 -61.656896 0.010204 0.010204 0.001406 385.500000 1 30 65 76 86 88
0.000000 0.000000 0.000000 1.057389 3.010406 -147.303578 -187.643851 0.010204 0.010204 0.000732 385.500000 1.113393 1.215549 -44.967911 -73.890622 0.010204 0.010204 0.001411 385.500000 1 30 65 76 86 92
0.000000 0.000000 0.000000 19.176005 1.692455 -3274.702298 -125.822736 0.010204 0.010204 0.000779 404.142857 1.113393 1.215708 -16.759598 -68.015999 0.010204 0.010204 0.001321 404.142857 1 30 65 76 86 97
0.000000 0.000000 0.000000 1.226262 1.060117 -190.902367 -65.148178 0.010204 0.010204 0.000741 404.142857 1.113393 1.215551 -209.383583 -77.292757 0.010204 0.010204 0.001347 404.142857 1 30 65 76 86 98
0.000000 0.000000 0.000000 1.014247 1.093240 -6.084744 -57.769150 0.010204 0.010204 0.000804 385.500000 1.113394 1.215957 -132.384214 -83.557760 0.010204 0.010204 0.001358 385.500000 1 30 65 76 87 88
0.000000 0.000000 0.000000 3.893061 1.104377 -174.320033 -65.533946 0.010204 0.010204 0.000849 385.500000 1.113394 1.215973 -86.948040 -67.509646 0.010204 0.010204 0.001354 385.500000 1 30 65 76 87 92
0.000000 0.000000 0.000000 3.925513 1.106085 -256.814998 -64.914980 0.010204 0.010204 0.000817 404.142857 1.113394 1.215962 -94.723748 -67.033338 0.010204 0.010204 0.001300 404.142857 1 30 65 76 87 97
0.000000 0.000000 0.000000 3.868606 1.103336 -105.082071 -59.976784 0.010204 0.010204 0.000865 404.142857 1.113394 1.216241 -16.050114 -62.207554 0.010204 0.010204 0.001277 404.142857 1 30 65 76 87 98
0.000000 0.000000 0.000000 4.153359 1.142989 -947.306725 -86.932072 0.010204 0.010204 0.000981 348.214286 1.114640 1.217519 -12.043640 -63.970797 0.010204 0.010204 0.001448 348.214286 1 41 46 66 77 88
0.000000 0.000000 0.000000 4.628411 1.170768 -407.576659 -62.664395 0.010204 0.010204 0.000919 348.214286 1.114639 1.216909 -189.963956 -63.371917 0.010204 0.010204 0.001479 348.214286 1 41 46 66 77 92
0.000000 0.000000 0.000000 4.265463 1.148809 -186.815555 -49.641544 0.010204 0.010204 0.000908 366.857143 1.114639 1.216914 -120.755596 -59.165960 0.010204 0.010204 0.001413 366.857143 1 41 46 66 77 97
0.000000 0.000000 0.000000 1.002902 1.096214 -74.478747 -74.969379 0.010204 0.010204 0.000860 366.857143 1.114639 1.216895 -25.503768 -66.306944 0.010204 0.010204 0.001418 366.857143 1 41 46 66 77 98
0.000000 0.000000 0.000000 1.030275 1.053891 -86.606590 -66.956431 0.010204 0.010204 0.000823 348.214286 1.114638 1.216152 -11.552567 -77.689133 0.010204 0.010204 0.001542 348.214286 1 41 46 66 81 88
0.000000 0.000000 0.000000 14.910804 1.831062 -1802.973992 -124.873069 0.010204 0.010204 0.000870 348.214286 1.114638 1.216499 -218.810194 -63.130087 0.010204 0.010204 0.001506 348.214286 1 41 46 66 81 92
0.000000 0.000000 0.000000 1.000959 1.064042 -0.371933 -27.818750 0.010204 0.010204 0.000777 366.857143 1.114638 1.216144 -10.492558 -74.716040 0.010204 0.010204 0.001474 366.857143 1 41 46 66 81 97
0.000000 0.000000 0.000000 1.116402 1.049217 -21.139309 -71.729247 0.010204 0.010204 0.000814 366.857143 1.114638 1.216153 -83.723599 -73.766614 0.010204 0.010204 0.001469 366.857143 1 41 46 66 81 98
0.000000 0.000000 0.000000 2.073347 1.088874 -73.282721 -66.587533 0.010204 0.010204 0.000833 366.857143 1.114638 1.216160 -16.579548 -66.901799 0.010204 0.010204 0.001464 366.857143 1 41 46 66 86 88
0.000000 0.000000 0.000000 1.001343 1.064167 -0.347772 -63.674165 0.010204 0.010204 0.000792 366.857143 1.114638 1.216150 -7.820808 -59.068313 0.010204 0.010204 0.001470 366.857143 1 41 46 66 86 92
0.000000 0.000000 0.000000 2.002378 1.048418 -364.930247 -60.616568 0.010204 0.010204 0.000847 385.500000 1.114638 1.216313 -9.902785 -70.312002 0.010204 0.010204 0.001374 385.500000 1 41 46 66 86 97
0.000000 0.000000 0.000000 1.569477 1.302721 -114.573582 -68.223670 0.010204 0.010204 0.000803 385.500000 1.114638 1.216152 -15.745938 -60.891660 0.010204 0.010204 0.001402 385.500000 1 41 46 66 86 98
0.000000 0.000000 0.000000 1.000947 1.174938 -0.143884 -55.347848 0.010204 0.010204 0.000724 366.857143 1.114638 1.216126 -102.545590 -65.343677 0.010204 0.010204 0.001479 366.857143 1 41 46 66 87 88
0.000000 0.000000 0.000000 1.009403 1.167369 -143.906561 -72.982336 0.010204 0.010204 0.000757 366.857143 1.114638 1.216136 -16.949999 -68.229953 0.010204 0.010204 0.001474 366.857143 1 41 46 66 87 92
0.000000 0.000000 0.000000 1.002203 1.064725 -0.023435 -64.936863 0.010204 0.010204 0.000733 385.500000 1.114638 1.216128 -65.444906 -68.280140 0.010204 0.010204 0.001410 385.500000 1 41 46 66 87 97
0.000000 0.000000 0.000000 1.014107 1.074236 -57.866868 -61.705727 0.010204 0.010204 0.000768 385.500000 1.114638 1.216283 -13.028108 -70.319666 0.010204 0.010204 0.001382 385.500000 1 41 46 66 87 98
0.000000 0.000000 0.000000 1.165892 1.047439 -14.274571 -66.767870 0.010204 0.010204 0.000756 348.214286 1.114630 1.214936 -17.198627 -74.918036 0.010204 0.010204 0.001594 348.214286 1 41 46 70 77 88
0.000000 0.000000 0.000000 1.262813 1.157493 -38.595581 -47.782230 0.010204 0.010204 0.000721 348.214286 1.114630 1.214591 -8.027116 -74.216071 0.010204 0.010204 0.001635 348.214286 1 41 46 70 77 92
0.000000 0.000000 0.000000 1.128711 1.055046 -208.875677 -49.574530 0.010204 0.010204 0.000715 366.857143 1.114630 1.214592 -4.654771 -67.745640 0.010204 0.010204 0.001553 366.857143 1 41 46 70 77 97
0.000000 0.000000 0.000000 1.073558 1.247558 -315.497227 -90.010528 0.010204 0.010204 0.000686 366.857143 1.114630 1.214583 -75.169364 -67.347948 0.010204 0.010204 0.001558 366.857143 1 41 46 70 77 98
0.000000 0.000000 0.000000 1.607999 1.072789 -107.955867 -59.976782 0.010204 0.010204 0.000792 348.214286 1.114630 1.214948 -11.123946 -74.939796 0.010204 0.010204 0.001563 348.214286 1 41 46 70 81 88
0.000000 0.000000 0.000000 1.429213 1.048938 -116.774213 -57.504292 0.010204 0.010204 0.000837 348.214286 1.114630 1.215469 -102.441858 -69.804569 0.010204 0.010204 0.001527 348.214286 1 41 46 70 81 92
0.000000 0.000000 0.000000 1.030415 1.067156 -1.436713 -45.244610 0.010204 0.010204 0.000748 366.857143 1.114630 1.214935 -19.180220 -64.836487 0.010204 0.010204 0.001494 366.857143 1 41 46 70 81 97
0.000000 0.000000 0.000000 1.494212 1.057424 -37.712705 -56.993391 0.010204 0.010204 0.000784 366.857143 1.114630 1.214951 -133.430848 -74.556005 0.010204 0.010204 0.001489 366.857143 1 41 46 70 81 98
0.000000 0.000000 0.000000 1.042114 1.091559 -229.828443 -58.606261 0.010204 0.010204 0.000671 366.857143 1.114630 1.214583 -9.185443 -64.532461 0.010204 0.010204 0.001558 366.857143 1 41 46 70 86 88
0.000000 0.000000 0.000000 1.006654 1.062942 -174.227649 -49.223342 0.010204 0.010204 0.000645 366.857143 1.114630 1.214574 -32.278292 -78.239704 0.010204 0.010204 0.001564 366.857143 1 41 46 70 86 92
0.000000 0.000000 0.000000 1.109091 1.148867 -7.733802 -69.518078 0.010204 0.010204 0.000679 385.500000 1.114630 1.214731 -139.629829 -85.032082 0.010204 0.010204 0.001454 385.500000 1 41 46 70 86 97
0.000000 0.000000 0.000000 1.029775 1.085352 -120.865974 -80.240135 0.010204 0.010204 0.000652 385.500000 1.114630 1.214576 -26.417686 -69.642045 0.010204 0.010204 0.001486 385.500000 1 41 46 70 86 98
0.000000 0.000000 0.000000 1.019376 1.046903 -147.710616 -59.132920 0.010204 0.010204 0.000698 366.857143 1.114630 1.214584 -8.040872 -63.410994 0.010204 0.010204 0.001553 366.857143 1 41 46 70 87 88
0.000000 0.000000 0.000000 1.258143 1.066433 -70.460494 -53.353638 0.010204 0.010204 0.000729 366.857143 1.114630 1.214593 -18.917019 -71.066846 0.010204 0.010204 0.001547 366.857143 1 41 46 70 87 92
0.000000 0.000000 0.000000 1.151025 1.050295 -46.702480 -56.597784 0.010204 0.010204 0.000706 385.500000 1.114630 1.214586 -80.622835 -69.602378 0.010204 0.010204 0.001477 385.500000 1 41 46 70 87 97
0.000000 0.000000 0.000000 1.290028 1.055793 -62.909440 -51.955665 0.010204 0.010204 0.000739 385.500000 1.114630 1.214745 -86.756488 -75.271953 0.010204 0.010204 0.001445 385.500000 1 41 46 70 87 98
0.000000 0.000000 0.000000 17.529535 3.058766 -788.953789 -168.021137 0.010204 0.010204 0.000780 366.857143 1.114630 1.214957 -11.627580 -65.863488 0.010204 0.010204 0.001507 366.857143 1 41 46 75 77 88
0.000000 0.000000 0.000000 1.162455 1.046884 -11.748855 -61.098149 0.010204 0.010204 0.000742 366.857143 1.114630 1.214610 -13.375454 -66.357990 0.010204 0.010204 0.001543 366.857143 1 41 46 75 77 92
0.000000 0.000000 0.000000 1.462030 1.085462 -230.005606 -57.642170 0.010204 0.010204 0.000735 385.500000 1.114630 1.214611 -15.046017 -63.590366 0.010204 0.010204 0.001469 385.500000 1 41 46 75 77 97
0.000000 0.000000 0.000000 1.172728 1.677048 -38.127259 -88.371096 0.010204 0.010204 0.000703 385.500000 1.114630 1.214602 -24.098580 -75.217095 0.010204 0.010204 0.001474 385.500000 1 41 46 75 77 98
0.000000 0.000000 0.000000 1.027566 1.095452 -251.450231 -55.708104 0.010204 0.010204 0.000681 366.857143 1.114630 1.214600 -67.441543 -63.020366 0.010204 0.010204 0.001554 366.857143 1 41 46 75 81 88
0.000000 0.000000 0.000000 1.042524 1.055708 -3.544325 -55.582156 0.010204 0.010204 0.000711 366.857143 1.114630 1.214941 -6.871589 -77.137127 0.010204 0.010204 0.001517 366.857143 1 41 46 75 81 92
0.000000 0.000000 0.000000 1.012144 1.163704 -103.045926 -61.778349 0.010204 0.010204 0.000649 385.500000 1.114630 1.214592 -16.416265 -66.024693 0.010204 0.010204 0.001484 385.500000 1 41 46 75 81 97
0.000000 0.000000 0.000000 1.153782 1.369706 -35.047419 -92.533766 0.010204 0.010204 0.000675 385.500000 1.114630 1.214601 -16.671077 -71.412513 0.010204 0.010204 0.001478 385.500000 1 41 46 75 81 98
0.000000 0.000000 0.000000 53.369173 5.140839 -7988.017810 -380.943752 0.010204 0.010204 0.000787 385.500000 1.114630 1.214774 -21.422309 -79.701171 0.010204 0.010204 0.001414 385.500000 1 41 46 75 86 88
0.000000 0.000000 0.000000 1.032911 1.256330 -2.776822 -72.669631 0.010204 0.010204 0.000749 385.500000 1.114630 1.214761 -16.113720 -65.361629 0.010204 0.010204 0.001419 385.500000 1 41 46 75 86 92
0.000000 0.000000 0.000000 6.199003 1.403905 -492.472942 -125.864025 0.010204 0.010204 0.000800 404.142857 1.114630 1.215004 -15.757026 -68.738097 0.010204 0.010204 0.001329 404.142857 1 41 46 75 86 97
0.000000 0.000000 0.000000 1.661584 1.054170 -94.818673 -61.826763 0.010204 0.010204 0.000759 404.142857 1.114630 1.214765 -137.852076 -79.251510 0.010204 0.010204 0.001355 404.142857 1 41 46 75 86 98
0.000000 0.000000 0.000000 1.011654 1.057276 -1.639199 -66.018776 0.010204 0.010204 0.000687 385.500000 1.114630 1.214594 -118.714616 -75.662148 0.010204 0.010204 0.001477 385.500000 1 41 46 75 87 88
0.000000 0.000000 0.000000 1.144950 1.046915 -21.613934 -56.104346 0.010204 0.010204 0.000717 385.500000 1.114630 1.214604 -39.559909 -74.232189 0.010204 0.010204 0.001472 385.500000 1 41 46 75 87 92
0.000000 0.000000 0.000000 5.971949 3.548659 -341.201741 -101.575492 0.010204 0.010204 0.000695 404.142857 1.114630 1.214596 -107.342830 -69.681247 0.010204 0.010204 0.001407 404.142857 1 41 46 75 87 97
0.000000 0.000000 0.000000 1.334625 1.061129 -81.913065 -60.878674 0.010204 0.010204 0.000727 404.142857 1.114630 1.214752 -167.863460 -66.190242 0.010204 0.010204 0.001378 404.142857 1 41 46 75 87 98
0.000000 0.000000 0.000000 1.149328 1.313882 -25.301084 -62.189206 0.010204 0.010204 0.000636 366.857143 1.114630 1.214887 -10.314604 -67.868736 0.010204 0.010204 0.001530 366.857143 1 41 46 76 77 88
0.000000 0.000000 0.000000 1.038945 1.117397 -55.836162 -57.505163 0.010204 0.010204 0.000612 366.857143 1.114630 1.214546 -11.649868 -70.785955 0.010204 0.010204 0.001568 366.857143 1 41 46 76 77 92
0.000000 0.000000 0.000000 1.061886 1.161543 -6.349646 -79.324636 0.010204 0.010204 0.000607 385.500000 1.114630 1.214547 -6.794659 -71.985544 0.010204 0.010204 0.001491 385.500000 1 41 46 76 77 97
0.000000 0.000000 0.000000 1.023161 1.137206 -56.303911 -86.780665 0.010204 0.010204 0.000586 385.500000 1.114630 1.214538 -168.697239 -78.568034 0.010204 0.010204 0.001496 385.500000 1 41 46 76 77 98
0.000000 0.000000 0.000000 1.294162 1.219809 -41.513009 -54.419294 0.010204 0.010204 0.000660 366.857143 1.114630 1.214556 -19.117033 -67.744584 0.010204 0.010204 0.001557 366.857143 1 41 46 76 81 88
0.000000 0.000000 0.000000 1.265747 1.162416 -25.638622 -59.295163 0.010204 0.010204 0.000689 366.857143 1.114630 1.214903 -46.346647 -62.507296 0.010204 0.010204 0.001520 366.857143 1 41 46 76 81 92
0.000000 0.000000 0.000000 1.448316 1.651331 -147.807308 -72.551140 0.010204 0.010204 0.000629 385.500000 1.114630 1.214548 -23.987506 -67.039714 0.010204 0.010204 0.001487 385.500000 1 41 46 76 81 97
0.000000 0.000000 0.000000 1.543670 1.371100 -34.390232 -75.968598 0.010204 0.010204 0.000654 385.500000 1.114630 1.214557 -45.363029 -76.377851 0.010204 0.010204 0.001481 385.500000 1 41 46 76 81 98
0.000000 0.000000 0.000000 1.489239 1.443411 -68.480015 -96.641896 0.010204 0.010204 0.000641 385.500000 1.114630 1.214550 -5.457947 -70.664374 0.010204 0.010204 0.001484 385.500000 1 41 46 76 86 88
0.000000 0.000000 0.000000 1.040140 1.083209 -23.932780 -50.421169 0.010204 0.010204 0.000616 385.500000 1.114630 1.214540 -7.301678 -58.963184 0.010204 0.010204 0.001490 385.500000 1 41 46 76 86 92
0.000000 0.000000 0.000000 1.078716 1.061426 -19.190003 -65.302717 0.010204 0.010204 0.000648 404.142857 1.114630 1.214698 -52.656347 -84.362177 0.010204 0.010204 0.001388 404.142857 1 41 46 76 86 97
0.000000 0.000000 0.000000 1.048227 1.048679 -3.745653 -66.240973 0.010204 0.010204 0.000623 404.142857 1.114630 1.214542 -17.859649 -69.563001 0.010204 0.010204 0.001418 404.142857 1 41 46 76 86 98
0.000000 0.000000 0.000000 1.523513 1.244705 -14.410550 -48.529780 0.010204 0.010204 0.000665 385.500000 1.114630 1.214698 -19.740343 -72.737095 0.010204 0.010204 0.001430 385.500000 1 41 46 76 87 88
0.000000 0.000000 0.000000 1.664699 1.265387 -92.582850 -92.902155 0.010204 0.010204 0.000694 385.500000 1.114630 1.214711 -16.711460 -68.829699 0.010204 0.010204 0.001425 385.500000 1 41 46 76 87 92
0.000000 0.000000 0.000000 2.034808 1.416218 -33.193717 -57.107776 0.010204 0.010204 0.000673 404.142857 1.114630 1.214701 -14.522170 -74.179065 0.010204 0.010204 0.001365 404.142857 1 41 46 76 87 97
0.000000 0.000000 0.000000 1.460150 1.182161 -202.821040 -59.829330 0.010204 0.010204 0.000704 404.142857 1.114630 1.214939 -178.584449 -65.799303 0.010204 0.010204 0.001339 404.142857 1 41 46 76 87 98
0.000000 0.000000 0.000000 1.791089 1.133726 -249.753854 -80.558431 0.010204 0.010204 0.000717 348.214286 1.114595 1.215330 -9.350295 -72.350933 0.010204 0.010204 0.001542 348.214286 1 41 50 66 77 88
0.000000 0.000000 0.000000 1.872222 1.147891 -9.643135 -67.585687 0.010204 0.010204 0.000683 348.214286 1.114595 1.214808 -14.135607 -70.743111 0.010204 0.010204 0.001579 348.214286 1 41 50 66 77 92
0.000000 0.000000 0.000000 1.833963 1.141202 -184.385304 -64.555992 0.010204 0.010204 0.000677 366.857143 1.114595 1.214811 -40.084469 -72.753829 0.010204 0.010204 0.001503 366.857143 1 41 50 66 77 97
0.000000 0.000000 0.000000 2.532152 1.264580 -202.485198 -89.373323 0.010204 0.010204 0.000650 366.857143 1.114595 1.214796 -18.276742 -78.150196 0.010204 0.010204 0.001509 366.857143 1 41 50 66 77 98
0.000000 0.000000 0.000000 3.401725 1.557239 -52.518562 -94.678078 0.010204 0.010204 0.000630 348.214286 1.114595 1.214452 -143.199443 -83.237851 0.010204 0.010204 0.001652 348.214286 1 41 50 66 81 88
0.000000 0.000000 0.000000 2.008596 1.209654 -103.222382 -60.093905 0.010204 0.010204 0.000657 348.214286 1.114595 1.214796 -22.635443 -71.368826 0.010204 0.010204 0.001611 348.214286 1 41 50 66 81 92
0.000000 0.000000 0.000000 1.125930 1.047587 -95.365235 -53.693574 0.010204 0.010204 0.000602 366.857143 1.114595 1.214443 -5.121319 -59.442536 0.010204 0.010204 0.001574 366.857143 1 41 50 66 81 97
0.000000 0.000000 0.000000 1.361190 1.079623 -112.831699 -58.308747 0.010204 0.010204 0.000625 366.857143 1.114595 1.214453 -39.815507 -64.962945 0.010204 0.010204 0.001568 366.857143 1 41 50 66 81 98
0.000000 0.000000 0.000000 2.252134 1.245637 -132.415604 -76.287297 0.010204 0.010204 0.000636 366.857143 1.114595 1.214454 -48.966355 -79.122846 0.010204 0.010204 0.001563 366.857143 1 41 50 66 86 88
0.000000 0.000000 0.000000 1.524803 1.144890 -39.066855 -69.280536 0.010204 0.010204 0.000611 366.857143 1.114595 1.214445 -9.178914 -71.049596 0.010204 0.010204 0.001569 366.857143 1 41 50 66 86 92
0.000000 0.000000 0.000000 1.448738 1.085201 -223.900585 -67.807431 0.010204 0.010204 0.000644 385.500000 1.114595 1.214605 -187.360704 -71.892235 0.010204 0.010204 0.001459 385.500000 1 41 50 66 86 97
0.000000 0.000000 0.000000 1.248957 1.050164 -107.807878 -66.424631 0.010204 0.010204 0.000618 385.500000 1.114595 1.214447 -13.860183 -67.759277 0.010204 0.010204 0.001491 385.500000 1 41 50 66 86 98
0.000000 0.000000 0.000000 1.475174 1.582049 -29.652518 -132.079291 0.010204 0.010204 0.000570 366.857143 1.114595 1.214435 -259.726475 -64.741035 0.010204 0.010204 0.001580 366.857143 1 41 50 66 87 88
0.000000 0.000000 0.000000 1.282218 1.125531 -60.026177 -52.123224 0.010204 0.010204 0.000591 366.857143 1.114595 1.214444 -75.069753 -59.698578 0.010204 0.010204 0.001574 366.857143 1 41 50 66 87 92
0.000000 0.000000 0.000000 1.100425 1.051593 -107.144670 -65.775559 0.010204 0.010204 0.000576 385.500000 1.114595 1.214437 -19.863267 -65.751851 0.010204 0.010204 0.001501 385.500000 1 41 50 66 87 97
0.000000 0.000000 0.000000 1.258935 1.094211 -29.684543 -61.911505 0.010204 0.010204 0.000597 385.500000 1.114595 1.214591 -69.800535 -68.302948 0.010204 0.010204 0.001468 385.500000 1 41 50 66 87 98
0.000000 0.000000 0.000000 1.666623 1.072340 -83.931783 -54.053972 0.010204 0.010204 0.000741 348.214286 1.114597 1.216317 -19.087897 -63.773620 0.010204 0.010204 0.001521 348.214286 1 41 50 70 77 88
0.000000 0.000000 0.000000 1.855438 1.094898 -121.487743 -49.822776 0.010204 0.010204 0.000706 348.214286 1.114597 1.215970 -23.922527 -68.387770 0.010204 0.010204 0.001557 348.214286 1 41 50 70 77 92
0.000000 0.000000 0.000000 1.746193 1.081730 -72.496851 -59.966291 0.010204 0.010204 0.000700 366.857143 1.114597 1.215971 -3.618176 -73.087927 0.010204 0.010204 0.001483 366.857143 1 41 50 70 77 97
0.000000 0.000000 0.000000 1.105841 1.061453 -9.325612 -58.215060 0.010204 0.010204 0.000671 366.857143 1.114597 1.215961 -14.597161 -70.421534 0.010204 0.010204 0.001488 366.857143 1 41 50 70 77 98
0.000000 0.000000 0.000000 1.515811 1.055152 -126.502712 -60.127335 0.010204 0.010204 0.000776 348.214286 1.114598 1.216718 -9.156892 -70.931450 0.010204 0.010204 0.001493 348.214286 1 41 50 70 81 88
0.000000 0.000000 0.000000 1.514349 1.054977 -52.671973 -66.353009 0.010204 0.010204 0.000821 348.214286 1.114598 1.217327 -28.112873 -66.337067 0.010204 0.010204 0.001461 348.214286 1 41 50 70 81 92
0.000000 0.000000 0.000000 1.526308 1.057863 -98.763748 -48.683892 0.010204 0.010204 0.000732 366.857143 1.114598 1.216704 -20.588371 -63.275243 0.010204 0.010204 0.001431 366.857143 1 41 50 70 81 97
0.000000 0.000000 0.000000 1.515124 1.055068 -44.458617 -55.992388 0.010204 0.010204 0.000768 366.857143 1.114598 1.216722 -2.738612 -70.785611 0.010204 0.010204 0.001426 366.857143 1 41 50 70 81 98
0.000000 0.000000 0.000000 1.473702 1.104670 -34.087717 -72.792043 0.010204 0.010204 0.000657 366.857143 1.114597 1.215954 -37.586117 -68.876278 0.010204 0.010204 0.001488 366.857143 1 41 50 70 86 88
0.000000 0.000000 0.000000 1.172735 3.040599 -100.963294 -246.764602 0.010204 0.010204 0.000631 366.857143 1.114597 1.215944 -4.865302 -75.811426 0.010204 0.010204 0.001494 366.857143 1 41 50 70 86 92
0.000000 0.000000 0.000000 1.876483 1.114075 -140.405738 -54.598437 0.010204 0.010204 0.000665 385.500000 1.114597 1.216101 -6.795840 -54.635617 0.010204 0.010204 0.001394 385.500000 1 41 50 70 86 97
0.000000 0.000000 0.000000 1.127810 1.058032 -18.164578 -60.304236 0.010204 0.010204 0.000638 385.500000 1.114597 1.215946 -9.740475 -62.941989 0.010204 0.010204 0.001423 385.500000 1 41 50 70 86 98
0.000000 0.000000 0.000000 1.768799 1.142508 -124.459513 -63.261020 0.010204 0.010204 0.000683 366.857143 1.114597 1.215968 -9.650400 -64.459951 0.010204 0.010204 0.001484 366.857143 1 41 50 70 87 88
0.000000 0.000000 0.000000 1.611587 1.066104 -12.408519 -63.524042 0.010204 0.010204 0.000714 366.857143 1.114597 1.215977 -7.564152 -59.614414 0.010204 0.010204 0.001479 366.857143 1 41 50 70 87 92
0.000000 0.000000 0.000000 1.636872 1.069118 -89.969680 -51.956689 0.010204 0.010204 0.000691 385.500000 1.114597 1.215970 -218.473332 -63.239858 0.010204 0.010204 0.001414 385.500000 1 41 50 70 87 97
0.000000 0.000000 0.000000 1.585697 1.063074 -73.554150 -64.761933 0.010204 0.010204 0.000724 385.500000 1.114597 1.216131 -127.205380 -64.075583 0.010204 0.010204 0.001386 385.500000 1 41 50 70 87 98
0.000000 0.000000 0.000000 1.258432 1.095350 -25.995776 -61.603632 0.010204 0.010204 0.000605 366.857143 1.114595 1.214764 -9.306135 -64.506547 0.010204 0.010204 0.001535 366.857143 1 41 50 75 77 88
0.000000 0.000000 0.000000 1.142847 1.055399 -28.405801 -48.523868 0.010204 0.010204 0.000582 366.857143 1.114595 1.214418 -5.600374 -72.663722 0.010204 0.010204 0.001573 366.857143 1 41 50 75 77 92
0.000000 0.000000 0.000000 2.058071 1.401547 -110.665587 -76.776021 0.010204 0.010204 0.000578 385.500000 1.114595 1.214419 -9.493224 -67.304097 0.010204 0.010204 0.001496 385.500000 1 41 50 75 77 97
0.000000 0.000000 0.000000 4.313744 2.503121 -202.944801 -161.295587 0.010204 0.010204 0.000558 385.500000 1.114595 1.214409 -74.662373 -67.307483 0.010204 0.010204 0.001501 385.500000 1 41 50 75 77 98
0.000000 0.000000 0.000000 1.074739 1.061123 -8.047820 -53.137841 0.010204 0.010204 0.000544 366.857143 1.114595 1.214408 -156.147013 -80.469059 0.010204 0.010204 0.001585 366.857143 1 41 50 75 81 88
0.000000 0.000000 0.000000 1.206606 1.140590 -15.427701 -47.553118 0.010204 0.010204 0.000563 366.857143 1.114595 1.214749 -245.224020 -61.553857 0.010204 0.010204 0.001545 366.857143 1 41 50 75 81 92
0.000000 0.000000 0.000000 1.171319 1.211529 -4.243625 -73.167861 0.010204 0.010204 0.000523 385.500000 1.114595 1.214400 -258.685277 -64.876826 0.010204 0.010204 0.001511 385.500000 1 41 50 75 81 97
0.000000 0.000000 0.000000 1.075616 1.057330 -17.554197 -64.737099 0.010204 0.010204 0.000540 385.500000 1.114595 1.214409 -9.966280 -59.192961 0.010204 0.010204 0.001506 385.500000 1 41 50 75 81 98
0.000000 0.000000 0.000000 1.365825 1.115209 -22.424642 -61.707129 0.010204 0.010204 0.000609 385.500000 1.114595 1.214573 -65.200651 -64.317788 0.010204 0.010204 0.001439 385.500000 1 41 50 75 86 88
0.000000 0.000000 0.000000 1.537514 1.171313 -63.418174 -64.337854 0.010204 0.010204 0.000586 385.500000 1.114595 1.214559 -4.679496 -72.794873 0.010204 0.010204 0.001444 385.500000 1 41 50 75 86 92
0.000000 0.000000 0.000000 1.346956 1.109084 -55.475478 -71.437942 0.010204 0.010204 0.000617 404.142857 1.114595 1.214800 -11.442541 -80.869341 0.010204 0.010204 0.001351 404.142857 1 41 50 75 86 97
0.000000 0.000000 0.000000 1.380519 1.119986 -75.232044 -69.298760 0.010204 0.010204 0.000592 404.142857 1.114595 1.214563 -37.286996 -71.987119 0.010204 0.010204 0.001378 404.142857 1 41 50 75 86 98
0.000000 0.000000 0.000000 1.093327 1.051738 -29.412250 -73.929448 0.010204 0.010204 0.000547 385.500000 1.114595 1.214402 -91.624292 -72.518986 0.010204 0.010204 0.001505 385.500000 1 41 50 75 87 88
0.000000 0.000000 0.000000 3.965391 2.266200 -263.290889 -115.215696 0.010204 0.010204 0.000567 385.500000 1.114595 1.214411 -11.080297 -65.363837 0.010204 0.010204 0.001499 385.500000 1 41 50 75 87 92
0.000000 0.000000 0.000000 1.175283 1.077273 -121.209188 -59.750568 0.010204 0.010204 0.000553 404.142857 1.114595 1.214404 -197.915662 -70.615667 0.010204 0.010204 0.001431 404.142857 1 41 50 75 87 97
0.000000 0.000000 0.000000 1.181654 1.074201 -22.028135 -51.917479 0.010204 0.010204 0.000573 404.142857 1.114595 1.214560 -10.244995 -66.495708 0.010204 0.010204 0.001401 404.142857 1 41 50 75 87 98
0.000000 0.000000 0.000000 1.457587 1.132228 -55.385728 -66.099503 0.010204 0.010204 0.000622 366.857143 1.114595 1.214801 -6.660345 -70.309633 0.010204 0.010204 0.001532 366.857143 1 41 50 76 77 88
0.000000 0.000000 0.000000 1.402913 1.183323 -85.414884 -69.155855 0.010204 0.010204 0.000598 366.857143 1.114595 1.214460 -6.563299 -72.893363 0.010204 0.010204 0.001570 366.857143 1 41 50 76 77 92
0.000000 0.000000 0.000000 3.642158 1.983094 -472.672799 -115.386882 0.010204 0.010204 0.000594 385.500000 1.114595 1.214461 -6.120440 -62.274639 0.010204 0.010204 0.001493 385.500000 1 41 50 76 77 97
0.000000 0.000000 0.000000 1.032715 1.046469 -143.769458 -58.592424 0.010204 0.010204 0.000573 385.500000 1.114595 1.214452 -10.359610 -67.956772 0.010204 0.010204 0.001498 385.500000 1 41 50 76 77 98
0.000000 0.000000 0.000000 1.606869 1.099822 -244.882798 -50.588323 0.010204 0.010204 0.000645 366.857143 1.114595 1.214471 -11.931004 -62.112220 0.010204 0.010204 0.001559 366.857143 1 41 50 76 81 88
0.000000 0.000000 0.000000 8.515291 2.168787 -723.425352 -220.933652 0.010204 0.010204 0.000674 366.857143 1.114595 1.214817 -9.855578 -68.957409 0.010204 0.010204 0.001522 366.857143 1 41 50 76 81 92
0.000000 0.000000 0.000000 1.249745 1.060478 -29.613030 -46.996210 0.010204 0.010204 0.000615 385.500000 1.114595 1.214462 -33.207576 -73.913747 0.010204 0.010204 0.001488 385.500000 1 41 50 76 81 97
0.000000 0.000000 0.000000 1.397781 1.063676 -103.698602 -70.440142 0.010204 0.010204 0.000640 385.500000 1.114595 1.214472 -186.799734 -74.693024 0.010204 0.010204 0.001483 385.500000 1 41 50 76 81 98
0.000000 0.000000 0.000000 1.493577 1.086694 -109.675561 -62.414315 0.010204 0.010204 0.000626 385.500000 1.114595 1.214464 -105.871900 -68.767818 0.010204 0.010204 0.001486 385.500000 1 41 50 76 86 88
0.000000 0.000000 0.000000 1.236064 1.081610 -13.526794 -57.129647 0.010204 0.010204 0.000602 385.500000 1.114595 1.214454 -135.545003 -70.740219 0.010204 0.010204 0.001492 385.500000 1 41 50 76 86 92
0.000000 0.000000 0.000000 4.065356 1.510055 -270.701695 -66.428500 0.010204 0.010204 0.000634 404.142857 1.114595 1.214613 -22.633715 -67.746699 0.010204 0.010204 0.001390 404.142857 1 41 50 76 86 97
0.000000 0.000000 0.000000 3.286114 1.420974 -321.080127 -78.841148 0.010204 0.010204 0.000609 404.142857 1.114595 1.214456 -44.210868 -62.682251 0.010204 0.010204 0.001420 404.142857 1 41 50 76 86 98
0.000000 0.000000 0.000000 2.865214 1.271542 -49.090349 -85.505524 0.010204 0.010204 0.000650 385.500000 1.114595 1.214621 -66.871585 -63.369304 0.010204 0.010204 0.001432 385.500000 1 41 50 76 87 88
0.000000 0.000000 0.000000 2.062604 1.151599 -269.172010 -51.552921 0.010204 0.010204 0.000680 385.500000 1.114595 1.214634 -68.399373 -72.346065 0.010204 0.010204 0.001427 385.500000 1 41 50 76 87 92
0.000000 0.000000 0.000000 2.100234 1.157136 -69.732762 -58.841676 0.010204 0.010204 0.000658 404.142857 1.114595 1.214625 -144.205858 -59.292728 0.010204 0.010204 0.001367 404.142857 1 41 50 76 87 97
0.000000 0.000000 0.000000 2.018004 1.145051 -402.174028 -59.148082 0.010204 0.010204 0.000689 404.142857 1.114595 1.214863 -200.897335 -65.105926 0.010204 0.010204 0.001341 404.142857 1 41 50 76 87 98
0.000000 0.000000 0.000000 2.301598 1.076978 -44.816108 -76.909299 0.010204 0.010204 0.000998 348.214286 1.115490 1.218988 -28.952824 -67.315899 0.010204 0.010204 0.001437 348.214286 1 41 61 66 77 88
0.000000 0.000000 0.000000 1.125063 1.075883 -15.528682 -56.500060 0.010204 0.010204 0.000936 348.214286 1.115490 1.218463 -10.839266 -80.434985 0.010204 0.010204 0.001469 348.214286 1 41 61 66 77 92
0.000000 0.000000 0.000000 2.021499 1.095385 -127.231967 -60.612656 0.010204 0.010204 0.000925 366.857143 1.115490 1.218466 -8.398672 -73.042599 0.010204 0.010204 0.001403 366.857143 1 41 61 66 77 97
0.000000 0.000000 0.000000 1.000696 1.159486 -28.491126 -79.393339 0.010204 0.010204 0.000876 366.857143 1.115490 1.218451 -218.805653 -71.926417 0.010204 0.010204 0.001408 366.857143 1 41 61 66 77 98
0.000000 0.000000 0.000000 1.012423 1.160745 -2.095300 -86.199844 0.010204 0.010204 0.000840 348.214286 1.115488 1.218089 -8.519251 -66.892746 0.010204 0.010204 0.001532 348.214286 1 41 61 66 81 88
0.000000 0.000000 0.000000 1.024686 1.047909 -22.182010 -67.021724 0.010204 0.010204 0.000887 348.214286 1.115488 1.218434 -9.049803 -61.910974 0.010204 0.010204 0.001496 348.214286 1 41 61 66 81 92
0.000000 0.000000 0.000000 1.001872 1.224971 -87.523044 -46.024250 0.010204 0.010204 0.000792 366.857143 1.115488 1.218081 -227.824345 -74.263459 0.010204 0.010204 0.001464 366.857143 1 41 61 66 81 97
0.000000 0.000000 0.000000 1.579702 4.992347 -30.383518 -415.150511 0.010204 0.010204 0.000831 366.857143 1.115488 1.218091 -22.743441 -69.827745 0.010204 0.010204 0.001459 366.857143 1 41 61 66 81 98
0.000000 0.000000 0.000000 1.048705 1.124088 -2.648344 -64.499655 0.010204 0.010204 0.000850 366.857143 1.115488 1.218092 -212.936163 -70.166681 0.010204 0.010204 0.001455 366.857143 1 41 61 66 86 88
0.000000 0.000000 0.000000 1.000620 1.061040 -103.128465 -57.291883 0.010204 0.010204 0.000808 366.857143 1.115488 1.218082 -6.839866 -71.070559 0.010204 0.010204 0.001460 366.857143 1 41 61 66 86 92
0.000000 0.000000 0.000000 1.658370 1.474841 -49.057317 -96.788854 0.010204 0.010204 0.000864 385.500000 1.115488 1.218243 -28.269024 -67.350401 0.010204 0.010204 0.001364 385.500000 1 41 61 66 86 97
0.000000 0.000000 0.000000 1.010167 1.050461 -6.969711 -73.307188 0.010204 0.010204 0.000820 385.500000 1.115488 1.218085 -25.043567 -56.637287 0.010204 0.010204 0.001392 385.500000 1 41 61 66 86 98
0.000000 0.000000 0.000000 1.000209 1.056766 -24.389536 -70.841072 0.010204 0.010204 0.000739 366.857143 1.115488 1.218072 -18.469532 -67.052552 0.010204 0.010204 0.001470 366.857143 1 41 61 66 87 88
0.000000 0.000000 0.000000 1.001342 1.066460 -0.274573 -74.557857 0.010204 0.010204 0.000773 366.857143 1.115488 1.218081 -12.108927 -68.140696 0.010204 0.010204 0.001464 366.857143 1 41 61 66 87 92
0.000000 0.000000 0.000000 1.000686 1.048140 -0.295196 -59.017886 0.010204 0.010204 0.000748 385.500000 1.115488 1.218074 -7.049418 -66.596398 0.010204 0.010204 0.001400 385.500000 1 41 61 66 87 97
0.000000 0.000000 0.000000 1.009351 1.244177 -188.659166 -67.020385 0.010204 0.010204 0.000784 385.500000 1.115488 1.218229 -21.511142 -78.412275 0.010204 0.010204 0.001372 385.500000 1 41 61 66 87 98
0.000000 0.000000 0.000000 1.004912 1.048815 -193.064147 -68.242971 0.010204 0.010204 0.000771 348.214286 1.115481 1.218323 -184.275156 -76.154625 0.010204 0.010204 0.001509 348.214286 1 41 61 70 77 88
0.000000 0.000000 0.000000 1.003770 1.055923 -0.357640 -48.925621 0.010204 0.010204 0.000736 348.214286 1.115481 1.217979 -163.987381 -71.846723 0.010204 0.010204 0.001546 348.214286 1 41 61 70 77 92
0.000000 0.000000 0.000000 1.006745 1.084394 -0.782325 -61.631241 0.010204 0.010204 0.000729 366.857143 1.115481 1.217980 -157.716077 -74.210483 0.010204 0.010204 0.001472 366.857143 1 41 61 70 77 97
0.000000 0.000000 0.000000 1.004030 1.151780 -140.889137 -82.030881 0.010204 0.010204 0.000699 366.857143 1.115481 1.217970 -37.029781 -70.411939 0.010204 0.010204 0.001477 366.857143 1 41 61 70 77 98
0.000000 0.000000 0.000000 1.017358 1.061040 -215.055662 -59.858839 0.010204 0.010204 0.000807 348.214286 1.115481 1.218331 -25.356013 -74.752828 0.010204 0.010204 0.001481 348.214286 1 41 61 70 81 88
0.000000 0.000000 0.000000 1.136386 1.462067 -245.101308 -49.433901 0.010204 0.010204 0.000852 348.214286 1.115481 1.218851 -5.159128 -64.291979 0.010204 0.010204 0.001449 348.214286 1 41 61 70 81 92
0.000000 0.000000 0.000000 1.016745 1.129166 -140.826532 -37.972330 0.010204 0.010204 0.000762 366.857143 1.115481 1.218318 -93.777760 -60.848504 0.010204 0.010204 0.001419 366.857143 1 41 61 70 81 97
0.000000 0.000000 0.000000 1.014405 1.049418 -89.088695 -67.890947 0.010204 0.010204 0.000799 366.857143 1.115481 1.218334 -20.936609 -72.282095 0.010204 0.010204 0.001414 366.857143 1 41 61 70 81 98
0.000000 0.000000 0.000000 1.002382 1.100207 -0.340346 -64.737779 0.010204 0.010204 0.000684 366.857143 1.115481 1.217971 -9.925672 -74.560965 0.010204 0.010204 0.001476 366.857143 1 41 61 70 86 88
0.000000 0.000000 0.000000 1.002755 1.287631 -22.970244 -65.622310 0.010204 0.010204 0.000658 366.857143 1.115481 1.217962 -9.648910 -66.047085 0.010204 0.010204 0.001482 366.857143 1 41 61 70 86 92
0.000000 0.000000 0.000000 1.001688 1.054901 -36.727484 -63.776570 0.010204 0.010204 0.000693 385.500000 1.115481 1.218119 -5.197203 -63.620063 0.010204 0.010204 0.001382 385.500000 1 41 61 70 86 97
0.000000 0.000000 0.000000 1.002620 1.129135 -0.361578 -73.569128 0.010204 0.010204 0.000665 385.500000 1.115481 1.217964 -6.259167 -68.951390 0.010204 0.010204 0.001411 385.500000 1 41 61 70 86 98
0.000000 0.000000 0.000000 1.002749 1.071245 -0.253176 -50.161137 0.010204 0.010204 0.000712 366.857143 1.115481 1.217972 -176.083229 -73.119770 0.010204 0.010204 0.001472 366.857143 1 41 61 70 87 88
0.000000 0.000000 0.000000 1.005864 1.048557 -2.209694 -60.860594 0.010204 0.010204 0.000744 366.857143 1.115481 1.217981 -49.743906 -65.539946 0.010204 0.010204 0.001467 366.857143 1 41 61 70 87 92
0.000000 0.000000 0.000000 1.007972 1.076146 -249.450706 -59.723449 0.010204 0.010204 0.000720 385.500000 1.115481 1.217974 -50.394462 -58.553240 0.010204 0.010204 0.001403 385.500000 1 41 61 70 87 97
0.000000 0.000000 0.000000 1.008808 1.060289 -35.940855 -70.650719 0.010204 0.010204 0.000754 385.500000 1.115481 1.218132 -55.894847 -71.661369 0.010204 0.010204 0.001374 385.500000 1 41 61 70 87 98
0.000000 0.000000 0.000000 2.654017 1.076939 -205.908042 -54.357425 0.010204 0.010204 0.000998 366.857143 1.115656 1.220752 -12.746686 -75.865407 0.010204 0.010204 0.001358 366.857143 1 41 61 75 77 88
0.000000 0.000000 0.000000 1.006118 1.052044 -204.674400 -63.766400 0.010204 0.010204 0.000937 366.857143 1.115656 1.220401 -34.057566 -67.510026 0.010204 0.010204 0.001387 366.857143 1 41 61 75 77 92
0.000000 0.000000 0.000000 1.036681 1.139961 -4.829293 -66.639341 0.010204 0.010204 0.000926 385.500000 1.115656 1.220402 -10.510845 -71.317688 0.010204 0.010204 0.001327 385.500000 1 41 61 75 77 97
0.000000 0.000000 0.000000 1.000076 1.060759 -28.241444 -75.335224 0.010204 0.010204 0.000877 385.500000 1.115656 1.220392 -4.410642 -78.999685 0.010204 0.010204 0.001331 385.500000 1 41 61 75 77 98
0.000000 0.000000 0.000000 1.000121 1.087085 -0.193600 -67.021754 0.010204 0.010204 0.000841 366.857143 1.115655 1.220371 -6.966731 -57.704028 0.010204 0.010204 0.001396 366.857143 1 41 61 75 81 88
0.000000 0.000000 0.000000 1.000475 1.051007 -35.238975 -84.152772 0.010204 0.010204 0.000888 366.857143 1.115655 1.220712 -6.850727 -76.371869 0.010204 0.010204 0.001366 366.857143 1 41 61 75 81 92
0.000000 0.000000 0.000000 1.000039 1.154248 -0.609249 -65.543175 0.010204 0.010204 0.000794 385.500000 1.115655 1.220362 -7.459144 -68.419162 0.010204 0.010204 0.001339 385.500000 1 41 61 75 81 97
0.000000 0.000000 0.000000 1.000260 1.110246 -5.136057 -66.868840 0.010204 0.010204 0.000833 385.500000 1.115655 1.220372 -4.739735 -72.770495 0.010204 0.010204 0.001335 385.500000 1 41 61 75 81 98
0.000000 0.000000 0.000000 4.994858 1.125912 -156.588973 -65.731273 0.010204 0.010204 0.001011 385.500000 1.115678 1.220965 -120.013624 -69.735326 0.010204 0.010204 0.001283 385.500000 1 41 61 75 86 88
0.000000 0.000000 0.000000 1.000278 1.091563 -40.695905 -86.774039 0.010204 0.010204 0.000950 385.500000 1.115678 1.220948 -10.776061 -75.977898 0.010204 0.010204 0.001287 385.500000 1 41 61 75 86 92
0.000000 0.000000 0.000000 4.788570 1.100704 -1057.088950 -88.080640 0.010204 0.010204 0.001034 404.142857 1.115681 1.221256 -11.887976 -66.322115 0.010204 0.010204 0.001213 404.142857 1 41 61 75 86 97
0.000000 0.000000 0.000000 1.663779 18.303783 -62.744034 -785.100977 0.010204 0.010204 0.000966 404.142857 1.115678 1.220953 -78.689147 -69.234746 0.010204 0.010204 0.001234 404.142857 1 41 61 75 86 98
0.000000 0.000000 0.000000 1.000358 1.686570 -6.617772 -135.814362 0.010204 0.010204 0.000851 385.500000 1.115656 1.220373 -13.049782 -63.183442 0.010204 0.010204 0.001334 385.500000 1 41 61 75 87 88
0.000000 0.000000 0.000000 1.008411 1.077999 -156.513640 -67.280194 0.010204 0.010204 0.000898 385.500000 1.115656 1.220382 -7.331834 -70.032132 0.010204 0.010204 0.001329 385.500000 1 41 61 75 87 92
0.000000 0.000000 0.000000 1.002779 1.095727 -0.050830 -59.407343 0.010204 0.010204 0.000864 404.142857 1.115656 1.220375 -6.118427 -56.204879 0.010204 0.010204 0.001276 404.142857 1 41 61 75 87 97
0.000000 0.000000 0.000000 1.106736 1.049578 -108.740936 -67.621056 0.010204 0.010204 0.000914 404.142857 1.115656 1.220533 -42.956788 -73.647708 0.010204 0.010204 0.001253 404.142857 1 41 61 75 87 98
0.000000 0.000000 0.000000 1.003889 1.094481 -156.706872 -52.721535 0.010204 0.010204 0.000772 366.857143 1.115484 1.218355 -57.471124 -62.129085 0.010204 0.010204 0.001437 366.857143 1 41 61 76 77 88
0.000000 0.000000 0.000000 1.002603 1.147548 -0.335702 -80.853997 0.010204 0.010204 0.000737 366.857143 1.115484 1.218015 -11.164320 -72.172202 0.010204 0.010204 0.001471 366.857143 1 41 61 76 77 92
0.000000 0.000000 0.000000 1.001317 1.054284 -131.540903 -68.641380 0.010204 0.010204 0.000730 385.500000 1.115484 1.218016 -12.151734 -75.816873 0.010204 0.010204 0.001402 385.500000 1 41 61 76 77 97
0.000000 0.000000 0.000000 1.000392 1.073429 -0.322150 -87.748139 0.010204 0.010204 0.000700 385.500000 1.115484 1.218006 -87.452851 -69.924229 0.010204 0.010204 0.001407 385.500000 1 41 61 76 77 98
0.000000 0.000000 0.000000 1.014234 1.078606 -5.473612 -62.565004 0.010204 0.010204 0.000808 366.857143 1.115484 1.218025 -9.547691 -79.450185 0.010204 0.010204 0.001461 366.857143 1 41 61 76 81 88
0.000000 0.000000 0.000000 1.069714 1.090034 -4.674210 -68.910857 0.010204 0.010204 0.000852 366.857143 1.115484 1.218372 -20.078936 -65.225449 0.010204 0.010204 0.001428 366.857143 1 41 61 76 81 92
0.000000 0.000000 0.000000 1.002469 1.153855 -82.625937 -45.772172 0.010204 0.010204 0.000763 385.500000 1.115484 1.218016 -5.758709 -76.580793 0.010204 0.010204 0.001398 385.500000 1 41 61 76 81 97
0.000000 0.000000 0.000000 1.030253 1.090042 -229.857010 -68.506526 0.010204 0.010204 0.000800 385.500000 1.115484 1.218026 -11.506816 -67.094229 0.010204 0.010204 0.001394 385.500000 1 41 61 76 81 98
0.000000 0.000000 0.000000 1.147646 1.931122 -10.108027 -96.559908 0.010204 0.010204 0.000779 385.500000 1.115484 1.218018 -18.862200 -75.253212 0.010204 0.010204 0.001396 385.500000 1 41 61 76 86 88
0.000000 0.000000 0.000000 1.000805 1.060727 -0.224822 -58.572588 0.010204 0.010204 0.000744 385.500000 1.115484 1.218009 -28.730450 -68.331681 0.010204 0.010204 0.001401 385.500000 1 41 61 76 86 92
0.000000 0.000000 0.000000 1.027698 1.075802 -12.072970 -78.589775 0.010204 0.010204 0.000791 404.142857 1.115484 1.218167 -8.087700 -63.002737 0.010204 0.010204 0.001311 404.142857 1 41 61 76 86 97
0.000000 0.000000 0.000000 1.011084 1.110145 -71.577896 -61.081553 0.010204 0.010204 0.000754 404.142857 1.115484 1.218011 -157.166417 -65.932445 0.010204 0.010204 0.001337 404.142857 1 41 61 76 86 98
0.000000 0.000000 0.000000 1.002023 1.318217 -0.221367 -64.800720 0.010204 0.010204 0.000817 385.500000 1.115485 1.218175 -14.160958 -70.629792 0.010204 0.010204 0.001349 385.500000 1 41 61 76 87 88
0.000000 0.000000 0.000000 1.217015 1.049371 -65.615262 -52.194078 0.010204 0.010204 0.000861 385.500000 1.115485 1.218189 -6.790525 -65.468957 0.010204 0.010204 0.001344 385.500000 1 41 61 76 87 92
0.000000 0.000000 0.000000 1.312316 1.129036 -42.280732 -52.269701 0.010204 0.010204 0.000829 404.142857 1.115485 1.218179 -7.628090 -57.765923 0.010204 0.010204 0.001291 404.142857 1 41 61 76 87 97
0.000000 0.000000 0.000000 1.339837 1.062976 -121.367059 -62.157030 0.010204 0.010204 0.000876 404.142857 1.115485 1.218418 -35.617999 -62.790850 0.010204 0.010204 0.001267 404.142857 1 41 61 76 87 98
0.000000 0.000000 0.000000 1.235852 1.081707 -29.595996 -60.391417 0.010204 0.010204 0.000728 348.214286 1.114613 1.215360 -7.537321 -79.005170 0.010204 0.010204 0.001541 348.214286 1 41 65 66 77 88
0.000000 0.000000 0.000000 1.291486 1.102082 -90.466903 -57.680355 0.010204 0.010204 0.000694 348.214286 1.114613 1.214840 -109.134046 -74.397818 0.010204 0.010204 0.001578 348.214286 1 41 65 66 77 92
0.000000 0.000000 0.000000 1.263416 1.091780 -62.912141 -63.794828 0.010204 0.010204 0.000688 366.857143 1.114613 1.214844 -16.009277 -72.401704 0.010204 0.010204 0.001502 366.857143 1 41 65 66 77 97
0.000000 0.000000 0.000000 1.128106 1.048251 -8.961063 -57.197252 0.010204 0.010204 0.000660 366.857143 1.114613 1.214828 -52.976408 -72.155281 0.010204 0.010204 0.001507 366.857143 1 41 65 66 77 98
0.000000 0.000000 0.000000 2.880622 2.386518 -98.779478 -169.639883 0.010204 0.010204 0.000640 348.214286 1.114613 1.214491 -63.069246 -64.891164 0.010204 0.010204 0.001651 348.214286 1 41 65 66 81 88
0.000000 0.000000 0.000000 1.225684 1.135595 -9.363940 -65.402504 0.010204 0.010204 0.000667 348.214286 1.114613 1.214836 -9.602719 -69.673019 0.010204 0.010204 0.001610 348.214286 1 41 65 66 81 92
0.000000 0.000000 0.000000 1.035378 1.046411 -229.679631 -45.499156 0.010204 0.010204 0.000611 366.857143 1.114613 1.214483 -113.541117 -67.659061 0.010204 0.010204 0.001573 366.857143 1 41 65 66 81 97
0.000000 0.000000 0.000000 3.845787 2.919150 -50.335036 -216.901994 0.010204 0.010204 0.000635 366.857143 1.114613 1.214492 -18.200292 -67.920038 0.010204 0.010204 0.001567 366.857143 1 41 65 66 81 98
0.000000 0.000000 0.000000 1.134561 1.070815 -16.702065 -67.004599 0.010204 0.010204 0.000646 366.857143 1.114613 1.214494 -34.298453 -68.710354 0.010204 0.010204 0.001562 366.857143 1 41 65 66 86 88
0.000000 0.000000 0.000000 1.246507 1.227383 -201.948981 -88.686638 0.010204 0.010204 0.000621 366.857143 1.114613 1.214484 -162.985737 -71.023924 0.010204 0.010204 0.001568 366.857143 1 41 65 66 86 92
0.000000 0.000000 0.000000 1.172394 1.083723 -165.114480 -65.239754 0.010204 0.010204 0.000654 385.500000 1.114613 1.214645 -12.492266 -63.032452 0.010204 0.010204 0.001458 385.500000 1 41 65 66 86 97
0.000000 0.000000 0.000000 6.369317 4.003263 -76.446331 -201.170335 0.010204 0.010204 0.000628 385.500000 1.114613 1.214486 -9.066192 -67.950975 0.010204 0.010204 0.001490 385.500000 1 41 65 66 86 98
0.000000 0.000000 0.000000 1.013439 1.048499 -1.419110 -48.803464 0.010204 0.010204 0.000579 366.857143 1.114613 1.214474 -337.198920 -66.650849 0.010204 0.010204 0.001579 366.857143 1 41 65 66 87 88
0.000000 0.000000 0.000000 1.028136 1.047878 -112.469188 -54.369010 0.010204 0.010204 0.000600 366.857143 1.114613 1.214484 -31.898180 -72.330120 0.010204 0.010204 0.001573 366.857143 1 41 65 66 87 92
0.000000 0.000000 0.000000 1.077012 1.148161 -2.788824 -89.869040 0.010204 0.010204 0.000585 385.500000 1.114613 1.214476 -11.727510 -70.538252 0.010204 0.010204 0.001500 385.500000 1 41 65 66 87 97
0.000000 0.000000 0.000000 1.068622 1.096514 -84.032276 -68.790187 0.010204 0.010204 0.000607 385.500000 1.114613 1.214631 -30.866441 -68.558783 0.010204 0.010204 0.001467 385.500000 1 41 65 66 87 98
0.000000 0.000000 0.000000 2.580675 1.258041 -73.628953 -68.816867 0.010204 0.010204 0.000752 348.214286 1.114613 1.214899 -56.838651 -81.988730 0.010204 0.010204 0.001595 348.214286 1 41 65 70 77 88
0.000000 0.000000 0.000000 1.399198 1.131013 -203.353799 -65.391109 0.010204 0.010204 0.000717 348.214286 1.114613 1.214554 -144.071698 -72.432576 0.010204 0.010204 0.001636 348.214286 1 41 65 70 77 92
0.000000 0.000000 0.000000 1.303213 1.070446 -30.050846 -56.749549 0.010204 0.010204 0.000711 366.857143 1.114613 1.214555 -11.340102 -73.038901 0.010204 0.010204 0.001553 366.857143 1 41 65 70 77 97
0.000000 0.000000 0.000000 1.022776 1.055321 -281.577592 -70.549704 0.010204 0.010204 0.000682 366.857143 1.114613 1.214546 -7.713524 -66.293060 0.010204 0.010204 0.001559 366.857143 1 41 65 70 77 98
0.000000 0.000000 0.000000 1.713647 1.067024 -90.909866 -54.372049 0.010204 0.010204 0.000787 348.214286 1.114613 1.214918 -36.320599 -68.120300 0.010204 0.010204 0.001564 348.214286 1 41 65 70 81 88
0.000000 0.000000 0.000000 1.597288 1.054813 -22.850737 -49.436612 0.010204 0.010204 0.000832 348.214286 1.114613 1.215441 -15.228898 -66.788993 0.010204 0.010204 0.001528 348.214286 1 41 65 70 81 92
0.000000 0.000000 0.000000 1.043454 1.053576 -1.604851 -39.973681 0.010204 0.010204 0.000743 366.857143 1.114613 1.214905 -230.961850 -76.913366 0.010204 0.010204 0.001495 366.857143 1 41 65 70 81 97
0.000000 0.000000 0.000000 1.645796 1.059800 -77.230058 -75.551699 0.010204 0.010204 0.000779 366.857143 1.114613 1.214921 -182.203351 -66.745572 0.010204 0.010204 0.001490 366.857143 1 41 65 70 81 98
0.000000 0.000000 0.000000 1.046564 1.061759 -8.352047 -61.733808 0.010204 0.010204 0.000667 366.857143 1.114613 1.214546 -8.684915 -73.158926 0.010204 0.010204 0.001559 366.857143 1 41 65 70 86 88
0.000000 0.000000 0.000000 1.007384 1.054393 -1.099576 -47.606405 0.010204 0.010204 0.000641 366.857143 1.114613 1.214537 -83.268677 -80.631926 0.010204 0.010204 0.001565 366.857143 1 41 65 70 86 92
0.000000 0.000000 0.000000 1.072885 1.055433 -11.320400 -62.468991 0.010204 0.010204 0.000675 385.500000 1.114613 1.214694 -48.058049 -69.820519 0.010204 0.010204 0.001455 385.500000 1 41 65 70 86 97
0.000000 0.000000 0.000000 1.043600 1.080462 -2.800883 -78.917254 0.010204 0.010204 0.000648 385.500000 1.114613 1.214539 -162.282561 -68.442944 0.010204 0.010204 0.001487 385.500000 1 41 65 70 86 98
0.000000 0.000000 0.000000 1.084378 1.146444 -7.085859 -59.980878 0.010204 0.010204 0.000694 366.857143 1.114613 1.214547 -4.685163 -65.714631 0.010204 0.010204 0.001554 366.857143 1 41 65 70 87 88
0.000000 0.000000 0.000000 1.842616 1.127498 -161.702407 -57.945311 0.010204 0.010204 0.000725 366.857143 1.114613 1.214557 -18.731771 -67.334172 0.010204 0.010204 0.001548 366.857143 1 41 65 70 87 92
0.000000 0.000000 0.000000 12.572353 3.169715 -92.889748 -119.871496 0.010204 0.010204 0.000702 385.500000 1.114613 1.214549 -139.569871 -71.264204 0.010204 0.010204 0.001477 385.500000 1 41 65 70 87 97
0.000000 0.000000 0.000000 1.459900 1.056760 -62.754113 -69.326478 0.010204 0.010204 0.000735 385.500000 1.114613 1.214708 -12.007775 -71.685196 0.010204 0.010204 0.001446 385.500000 1 41 65 70 87 98
0.000000 0.000000 0.000000 1.569548 1.096988 -17.002180 -41.873700 0.010204 0.010204 0.000727 366.857143 1.114613 1.214864 -17.593382 -65.471316 0.010204 0.010204 0.001518 366.857143 1 41 65 75 77 88
0.000000 0.000000 0.000000 1.242407 1.058665 -28.910310 -53.188925 0.010204 0.010204 0.000694 366.857143 1.114613 1.214517 -105.155657 -68.901223 0.010204 0.010204 0.001555 366.857143 1 41 65 75 77 92
0.000000 0.000000 0.000000 3.391814 1.484681 -255.125579 -79.126666 0.010204 0.010204 0.000688 385.500000 1.114613 1.214518 -13.326235 -62.538272 0.010204 0.010204 0.001479 385.500000 1 41 65 75 77 97
0.000000 0.000000 0.000000 1.043727 1.051767 -3.983287 -70.401057 0.010204 0.010204 0.000660 385.500000 1.114613 1.214509 -91.071747 -78.257790 0.010204 0.010204 0.001485 385.500000 1 41 65 75 77 98
0.000000 0.000000 0.000000 1.170854 1.287372 -20.069987 -107.879328 0.010204 0.010204 0.000640 366.857143 1.114613 1.214507 -80.398802 -72.516895 0.010204 0.010204 0.001566 366.857143 1 41 65 75 81 88
0.000000 0.000000 0.000000 1.186043 1.155716 -28.741951 -57.611744 0.010204 0.010204 0.000667 366.857143 1.114613 1.214848 -6.087117 -63.881521 0.010204 0.010204 0.001528 366.857143 1 41 65 75 81 92
0.000000 0.000000 0.000000 1.050823 1.271764 -1.180103 -54.007978 0.010204 0.010204 0.000612 385.500000 1.114613 1.214499 -188.660062 -72.716762 0.010204 0.010204 0.001495 385.500000 1 41 65 75 81 97
0.000000 0.000000 0.000000 2.315089 2.679103 -389.980078 -154.263829 0.010204 0.010204 0.000635 385.500000 1.114613 1.214508 -11.289720 -65.675401 0.010204 0.010204 0.001489 385.500000 1 41 65 75 81 98
0.000000 0.000000 0.000000 2.274107 1.154232 -93.775784 -61.587433 0.010204 0.010204 0.000733 385.500000 1.114613 1.214677 -35.394998 -79.246513 0.010204 0.010204 0.001424 385.500000 1 41 65 75 86 88
0.000000 0.000000 0.000000 1.104503 1.053275 -103.573360 -64.585109 0.010204 0.010204 0.000700 385.500000 1.114613 1.214663 -16.972338 -67.843166 0.010204 0.010204 0.001429 385.500000 1 41 65 75 86 92
0.000000 0.000000 0.000000 2.037569 1.124464 -204.422153 -59.961203 0.010204 0.010204 0.000744 404.142857 1.114613 1.214905 -48.131095 -67.030836 0.010204 0.010204 0.001338 404.142857 1 41 65 75 86 97
0.000000 0.000000 0.000000 2.625741 1.198746 -282.549227 -60.757736 0.010204 0.010204 0.000709 404.142857 1.114613 1.214667 -46.079437 -69.476373 0.010204 0.010204 0.001364 404.142857 1 41 65 75 86 98
0.000000 0.000000 0.000000 1.051808 1.088131 -87.521819 -55.388806 0.010204 0.010204 0.000645 385.500000 1.114613 1.214501 -13.743857 -65.508554 0.010204 0.010204 0.001488 385.500000 1 41 65 75 87 88
0.000000 0.000000 0.000000 1.310704 1.088888 -114.810064 -58.728288 0.010204 0.010204 0.000672 385.500000 1.114613 1.214510 -8.795544 -65.820075 0.010204 0.010204 0.001482 385.500000 1 41 65 75 87 92
0.000000 0.000000 0.000000 1.162360 1.057835 -59.129505 -52.041960 0.010204 0.010204 0.000653 404.142857 1.114613 1.214503 -13.542409 -73.199250 0.010204 0.010204 0.001416 404.142857 1 41 65 75 87 97
0.000000 0.000000 0.000000 1.289899 1.063463 -37.658335 -61.007715 0.010204 0.010204 0.000681 404.142857 1.114613 1.214659 -34.133228 -78.126626 0.010204 0.010204 0.001387 404.142857 1 41 65 75 87 98
0.000000 0.000000 0.000000 1.071684 1.149686 -20.943598 -57.066138 0.010204 0.010204 0.000752 366.857143 1.114618 1.216128 -190.557394 -73.627335 0.010204 0.010204 0.001448 366.857143 1 41 65 76 77 88
0.000000 0.000000 0.000000 1.009323 1.134397 -5.203732 -56.694998 0.010204 0.010204 0.000718 366.857143 1.114618 1.215787 -21.405702 -59.427248 0.010204 0.010204 0.001481 366.857143 1 41 65 76 77 92
0.000000 0.000000 0.000000 1.037702 1.295769 -33.277318 -67.493190 0.010204 0.010204 0.000711 385.500000 1.114618 1.215788 -10.108385 -74.583840 0.010204 0.010204 0.001413 385.500000 1 41 65 76 77 97
0.000000 0.000000 0.000000 1.001967 1.192100 -0.259019 -91.377325 0.010204 0.010204 0.000682 385.500000 1.114618 1.215778 -55.501766 -82.483523 0.010204 0.010204 0.001418 385.500000 1 41 65 76 77 98
0.000000 0.000000 0.000000 2.109269 1.121893 -70.488408 -71.696170 0.010204 0.010204 0.000787 366.857143 1.114618 1.215808 -13.240944 -64.700128 0.010204 0.010204 0.001472 366.857143 1 41 65 76 81 88
0.000000 0.000000 0.000000 19.400235 2.078278 -1761.239994 -147.690188 0.010204 0.010204 0.000831 366.857143 1.114618 1.216158 -145.199217 -70.969493 0.010204 0.010204 0.001439 366.857143 1 41 65 76 81 92
0.000000 0.000000 0.000000 1.003645 1.067521 -0.312266 -40.180213 0.010204 0.010204 0.000744 385.500000 1.114618 1.215800 -12.391015 -62.094361 0.010204 0.010204 0.001409 385.500000 1 41 65 76 81 97
0.000000 0.000000 0.000000 2.070219 1.069117 -112.430203 -59.816146 0.010204 0.010204 0.000779 385.500000 1.114618 1.215810 -14.459705 -66.053017 0.010204 0.010204 0.001404 385.500000 1 41 65 76 81 98
0.000000 0.000000 0.000000 3.606736 1.267077 -350.468529 -72.948226 0.010204 0.010204 0.000759 385.500000 1.114618 1.215795 -41.014944 -67.434227 0.010204 0.010204 0.001407 385.500000 1 41 65 76 86 88
0.000000 0.000000 0.000000 1.001790 1.046276 -10.265547 -61.797879 0.010204 0.010204 0.000724 385.500000 1.114618 1.215785 -172.200584 -57.305727 0.010204 0.010204 0.001412 385.500000 1 41 65 76 86 92
0.000000 0.000000 0.000000 2.073801 1.066547 -148.155389 -64.538063 0.010204 0.010204 0.000770 404.142857 1.114618 1.215945 -17.258923 -78.018807 0.010204 0.010204 0.001322 404.142857 1 41 65 76 86 97
0.000000 0.000000 0.000000 1.268544 1.102946 -159.791205 -57.861910 0.010204 0.010204 0.000734 404.142857 1.114618 1.215787 -13.191384 -70.956450 0.010204 0.010204 0.001348 404.142857 1 41 65 76 86 98
0.000000 0.000000 0.000000 1.009625 1.093977 -5.937448 -66.504296 0.010204 0.010204 0.000795 385.500000 1.114618 1.216191 -16.912144 -78.399763 0.010204 0.010204 0.001359 385.500000 1 41 65 76 87 88
0.000000 0.000000 0.000000 3.863776 1.163061 -54.070656 -48.332234 0.010204 0.010204 0.000839 385.500000 1.114618 1.216207 -129.608166 -82.706614 0.010204 0.010204 0.001355 385.500000 1 41 65 76 87 92
0.000000 0.000000 0.000000 3.940614 1.168118 -328.034144 -57.657004 0.010204 0.010204 0.000807 404.142857 1.114618 1.216196 -15.697745 -66.565479 0.010204 0.010204 0.001301 404.142857 1 41 65 76 87 97
0.000000 0.000000 0.000000 3.807378 1.159610 -447.151821 -75.502880 0.010204 0.010204 0.000855 404.142857 1.114618 1.216475 -13.246417 -76.302952 0.010204 0.010204 0.001277 404.142857 1 41 65 76 87 98
0.000000 0.000000 0.000000 2.298421 1.054284 -175.458526 -54.847708 0.010204 0.010204 0.000738 348.214286 1.112053 1.216669 -5.843483 -87.364862 0.010204 0.010204 0.001472 348.214286 1 45 46 66 77 88
0.000000 0.000000 0.000000 2.299044 1.054312 -143.190273 -56.216355 0.010204 0.010204 0.000700 348.214286 1.112053 1.216060 -59.597447 -65.939482 0.010204 0.010204 0.001504 348.214286 1 45 46 66 77 92
0.000000 0.000000 0.000000 2.298776 1.054300 -107.660000 -72.212289 0.010204 0.010204 0.000693 366.857143 1.112053 1.216065 -10.830218 -66.460296 0.010204 0.010204 0.001436 366.857143 1 45 46 66 77 97
0.000000 0.000000 0.000000 2.300996 1.054413 -161.828980 -52.863731 0.010204 0.010204 0.000663 366.857143 1.112053 1.216046 -139.566631 -71.503798 0.010204 0.010204 0.001441 366.857143 1 45 46 66 77 98
0.000000 0.000000 0.000000 2.412915 1.059335 -273.500262 -57.094307 0.010204 0.010204 0.000641 348.214286 1.112053 1.215312 -15.348217 -64.219300 0.010204 0.010204 0.001569 348.214286 1 45 46 66 81 88
0.000000 0.000000 0.000000 2.384249 1.058047 -402.875785 -61.482919 0.010204 0.010204 0.000671 348.214286 1.112053 1.215659 -17.598744 -66.176415 0.010204 0.010204 0.001533 348.214286 1 45 46 66 81 92
0.000000 0.000000 0.000000 2.539600 1.065361 -174.300921 -69.470474 0.010204 0.010204 0.000612 366.857143 1.112053 1.215304 -161.277636 -72.776936 0.010204 0.010204 0.001499 366.857143 1 45 46 66 81 97
0.000000 0.000000 0.000000 2.400075 1.058755 -82.934038 -54.522489 0.010204 0.010204 0.000636 366.857143 1.112053 1.215314 -188.077102 -77.873498 0.010204 0.010204 0.001494 366.857143 1 45 46 66 81 98
0.000000 0.000000 0.000000 2.353981 1.056722 -131.667385 -68.628426 0.010204 0.010204 0.000648 366.857143 1.112053 1.215320 -31.485467 -71.658857 0.010204 0.010204 0.001489 366.857143 1 45 46 66 86 88
0.000000 0.000000 0.000000 2.412938 1.059478 -250.710160 -58.099181 0.010204 0.010204 0.000621 366.857143 1.112053 1.215310 -15.303780 -68.275149 0.010204 0.010204 0.001495 366.857143 1 45 46 66 86 92
0.000000 0.000000 0.000000 2.346061 1.056369 -217.145720 -71.327009 0.010204 0.010204 0.000657 385.500000 1.112053 1.215473 -6.511738 -76.762408 0.010204 0.010204 0.001396 385.500000 1 45 46 66 86 97
0.000000 0.000000 0.000000 2.359909 1.056988 -268.397869 -61.243905 0.010204 0.010204 0.000629 385.500000 1.112053 1.215312 -161.614032 -64.540234 0.010204 0.010204 0.001425 385.500000 1 45 46 66 86 98
0.000000 0.000000 0.000000 1.910567 1.074013 -45.097318 -51.244890 0.010204 0.010204 0.000578 366.857143 1.112053 1.215287 -9.325126 -74.664978 0.010204 0.010204 0.001505 366.857143 1 45 46 66 87 88
0.000000 0.000000 0.000000 2.928624 1.082552 -376.649898 -70.302100 0.010204 0.010204 0.000599 366.857143 1.112053 1.215296 -4.499795 -71.748179 0.010204 0.010204 0.001499 366.857143 1 45 46 66 87 92
0.000000 0.000000 0.000000 3.140313 1.092440 -82.045799 -54.782361 0.010204 0.010204 0.000584 385.500000 1.112053 1.215289 -13.340033 -69.420809 0.010204 0.010204 0.001433 385.500000 1 45 46 66 87 97
0.000000 0.000000 0.000000 2.739266 1.073845 -363.822653 -62.371867 0.010204 0.010204 0.000606 385.500000 1.112053 1.215444 -18.535521 -84.691370 0.010204 0.010204 0.001404 385.500000 1 45 46 66 87 98
0.000000 0.000000 0.000000 1.875331 1.048338 -11.295120 -63.293074 0.010204 0.010204 0.000600 348.214286 1.112053 1.214139 -308.332214 -66.054451 0.010204 0.010204 0.001624 348.214286 1 45 46 70 77 88
0.000000 0.000000 0.000000 2.326725 1.075228 -189.631480 -52.260943 0.010204 0.010204 0.000577 348.214286 1.112053 1.213795 -213.749863 -63.326522 0.010204 0.010204 0.001666 348.214286 1 45 46 70 77 92
0.000000 0.000000 0.000000 2.086868 1.060906 -64.519573 -65.957885 0.010204 0.010204 0.000573 366.857143 1.112053 1.213796 -11.681999 -65.061894 0.010204 0.010204 0.001581 366.857143 1 45 46 70 77 97
0.000000 0.000000 0.000000 2.214090 1.076179 -202.864956 -58.175997 0.010204 0.010204 0.000553 366.857143 1.112053 1.213786 -20.703599 -67.175520 0.010204 0.010204 0.001587 366.857143 1 45 46 70 77 98
0.000000 0.000000 0.000000 5.538263 1.233211 -467.717128 -96.724386 0.010204 0.010204 0.000623 348.214286 1.112053 1.214151 -7.419135 -72.960673 0.010204 0.010204 0.001591 348.214286 1 45 46 70 81 88
0.000000 0.000000 0.000000 5.351694 1.223471 -134.800318 -63.889323 0.010204 0.010204 0.000652 348.214286 1.112053 1.214673 -65.055402 -64.238151 0.010204 0.010204 0.001554 348.214286 1 45 46 70 81 92
0.000000 0.000000 0.000000 6.180515 1.266844 -79.906165 -71.740618 0.010204 0.010204 0.000594 366.857143 1.112053 1.214139 -7.690305 -66.318048 0.010204 0.010204 0.001520 366.857143 1 45 46 70 81 97
0.000000 0.000000 0.000000 5.457141 1.228974 -581.194650 -87.899689 0.010204 0.010204 0.000618 366.857143 1.112053 1.214154 -17.567682 -70.541797 0.010204 0.010204 0.001515 366.857143 1 45 46 70 81 98
0.000000 0.000000 0.000000 1.720989 1.053404 -83.919158 -58.861519 0.010204 0.010204 0.000543 366.857143 1.112053 1.213787 -247.584458 -80.546308 0.010204 0.010204 0.001586 366.857143 1 45 46 70 86 88
0.000000 0.000000 0.000000 1.389975 1.049535 -76.720257 -47.432444 0.010204 0.010204 0.000525 366.857143 1.112053 1.213778 -11.599313 -71.009251 0.010204 0.010204 0.001593 366.857143 1 45 46 70 86 92
0.000000 0.000000 0.000000 2.013674 1.069676 -103.095006 -76.823153 0.010204 0.010204 0.000549 385.500000 1.112053 1.213934 -95.914712 -81.682444 0.010204 0.010204 0.001479 385.500000 1 45 46 70 86 97
0.000000 0.000000 0.000000 3.277198 1.178795 -43.400262 -79.683477 0.010204 0.010204 0.000530 385.500000 1.112053 1.213780 -9.914260 -71.834862 0.010204 0.010204 0.001512 385.500000 1 45 46 70 86 98
0.000000 0.000000 0.000000 2.081277 1.061840 -106.237005 -56.772394 0.010204 0.010204 0.000561 366.857143 1.112053 1.213787 -53.659873 -68.888477 0.010204 0.010204 0.001582 366.857143 1 45 46 70 87 88
0.000000 0.000000 0.000000 3.350100 1.126737 -25.444559 -75.512914 0.010204 0.010204 0.000582 366.857143 1.112053 1.213797 -8.924727 -65.661460 0.010204 0.010204 0.001575 366.857143 1 45 46 70 87 92
0.000000 0.000000 0.000000 3.905964 1.157651 -270.241406 -65.534950 0.010204 0.010204 0.000567 385.500000 1.112053 1.213790 -41.579664 -67.008479 0.010204 0.010204 0.001502 385.500000 1 45 46 70 87 97
0.000000 0.000000 0.000000 2.853943 1.099193 -208.560134 -58.351259 0.010204 0.010204 0.000589 385.500000 1.112053 1.213948 -23.913633 -75.796856 0.010204 0.010204 0.001470 385.500000 1 45 46 70 87 98
0.000000 0.000000 0.000000 1.977118 1.047455 -84.765044 -57.445468 0.010204 0.010204 0.000615 366.857143 1.112053 1.214160 -76.090271 -65.353528 0.010204 0.010204 0.001533 366.857143 1 45 46 75 77 88
0.000000 0.000000 0.000000 2.120446 1.054953 -148.172228 -45.020106 0.010204 0.010204 0.000590 366.857143 1.112053 1.213813 -106.517174 -68.222725 0.010204 0.010204 0.001571 366.857143 1 45 46 75 77 92
0.000000 0.000000 0.000000 2.053936 1.051464 -107.012098 -74.562947 0.010204 0.010204 0.000585 385.500000 1.112053 1.213815 -224.421582 -72.953159 0.010204 0.010204 0.001494 385.500000 1 45 46 75 77 97
0.000000 0.000000 0.000000 3.094774 1.106899 -458.393255 -77.860234 0.010204 0.010204 0.000564 385.500000 1.112053 1.213805 -35.664507 -66.698554 0.010204 0.010204 0.001499 385.500000 1 45 46 75 77 98
0.000000 0.000000 0.000000 4.803330 1.249044 -150.327359 -70.910035 0.010204 0.010204 0.000550 366.857143 1.112053 1.213803 -10.275747 -64.473381 0.010204 0.010204 0.001582 366.857143 1 45 46 75 81 88
0.000000 0.000000 0.000000 3.292903 1.133084 -65.548971 -60.991541 0.010204 0.010204 0.000570 366.857143 1.112053 1.214144 -124.238863 -67.251800 0.010204 0.010204 0.001544 366.857143 1 45 46 75 81 92
0.000000 0.000000 0.000000 1.422903 1.047714 -34.326536 -62.831019 0.010204 0.010204 0.000528 385.500000 1.112053 1.213795 -17.876503 -54.036595 0.010204 0.010204 0.001510 385.500000 1 45 46 75 81 97
0.000000 0.000000 0.000000 2.059452 1.065571 -122.265385 -59.452549 0.010204 0.010204 0.000546 385.500000 1.112053 1.213804 -17.992193 -69.093811 0.010204 0.010204 0.001504 385.500000 1 45 46 75 81 98
0.000000 0.000000 0.000000 3.343744 1.110893 -80.791653 -63.135215 0.010204 0.010204 0.000619 385.500000 1.112053 1.213977 -8.372911 -69.317646 0.010204 0.010204 0.001437 385.500000 1 45 46 75 86 88
0.000000 0.000000 0.000000 3.458747 1.116552 -225.505669 -56.448182 0.010204 0.010204 0.000594 385.500000 1.112053 1.213964 -12.401552 -75.405981 0.010204 0.010204 0.001443 385.500000 1 45 46 75 86 92
0.000000 0.000000 0.000000 3.325397 1.109997 -137.534643 -80.622990 0.010204 0.010204 0.000628 404.142857 1.112053 1.214206 -5.545088 -56.556480 0.010204 0.010204 0.001350 404.142857 1 45 46 75 86 97
0.000000 0.000000 0.000000 3.356979 1.111540 -349.734086 -59.427846 0.010204 0.010204 0.000601 404.142857 1.112053 1.213967 -170.972455 -65.748094 0.010204 0.010204 0.001377 404.142857 1 45 46 75 86 98
0.000000 0.000000 0.000000 2.291228 1.070542 -28.721588 -56.658372 0.010204 0.010204 0.000553 385.500000 1.112053 1.213797 -116.692513 -68.077020 0.010204 0.010204 0.001503 385.500000 1 45 46 75 87 88
0.000000 0.000000 0.000000 2.868021 1.093460 -202.023717 -45.547893 0.010204 0.010204 0.000574 385.500000 1.112053 1.213807 -16.943987 -55.344844 0.010204 0.010204 0.001497 385.500000 1 45 46 75 87 92
0.000000 0.000000 0.000000 3.273064 1.114626 -77.355148 -71.721513 0.010204 0.010204 0.000559 404.142857 1.112053 1.213799 -148.862601 -76.048573 0.010204 0.010204 0.001430 404.142857 1 45 46 75 87 97
0.000000 0.000000 0.000000 2.502495 1.074417 -181.662008 -61.344463 0.010204 0.010204 0.000581 404.142857 1.112053 1.213955 -72.987715 -68.872811 0.010204 0.010204 0.001400 404.142857 1 45 46 75 87 98
0.000000 0.000000 0.000000 4.823367 1.470191 -164.775464 -102.465332 0.010204 0.010204 0.000520 366.857143 1.112053 1.214092 -84.602904 -72.123767 0.010204 0.010204 0.001557 366.857143 1 45 46 76 77 88
0.000000 0.000000 0.000000 1.759688 1.105730 -44.245515 -63.413826 0.010204 0.010204 0.000503 366.857143 1.112053 1.213751 -7.762299 -68.634233 0.010204 0.010204 0.001597 366.857143 1 45 46 76 77 92
0.000000 0.000000 0.000000 3.799463 1.369997 -480.807849 -90.409596 0.010204 0.010204 0.000500 385.500000 1.112053 1.213752 -8.565463 -61.229828 0.010204 0.010204 0.001517 385.500000 1 45 46 76 77 97
0.000000 0.000000 0.000000 1.371383 1.070110 -129.710517 -71.873808 0.010204 0.010204 0.000485 385.500000 1.112053 1.213743 -85.167840 -70.805364 0.010204 0.010204 0.001523 385.500000 1 45 46 76 77 98
0.000000 0.000000 0.000000 1.564233 1.047256 -100.205802 -48.457110 0.010204 0.010204 0.000536 366.857143 1.112053 1.213761 -14.665594 -70.729220 0.010204 0.010204 0.001586 366.857143 1 45 46 76 81 88
0.000000 0.000000 0.000000 3.035184 1.166553 -267.283029 -63.279201 0.010204 0.010204 0.000556 366.857143 1.112053 1.214107 -22.676072 -70.143184 0.010204 0.010204 0.001547 366.857143 1 45 46 76 81 92
0.000000 0.000000 0.000000 4.556330 1.318500 -294.279303 -69.778137 0.010204 0.010204 0.000515 385.500000 1.112053 1.213752 -20.157828 -67.158402 0.010204 0.010204 0.001512 385.500000 1 45 46 76 81 97
0.000000 0.000000 0.000000 6.498115 1.455962 -383.744651 -89.134970 0.010204 0.010204 0.000532 385.500000 1.112053 1.213762 -129.474501 -71.294093 0.010204 0.010204 0.001507 385.500000 1 45 46 76 81 98
0.000000 0.000000 0.000000 1.606377 1.053930 -12.206624 -61.719298 0.010204 0.010204 0.000523 385.500000 1.112053 1.213754 -11.619504 -75.574893 0.010204 0.010204 0.001510 385.500000 1 45 46 76 86 88
0.000000 0.000000 0.000000 2.591281 1.160632 -27.670906 -75.942036 0.010204 0.010204 0.000506 385.500000 1.112053 1.213745 -91.163689 -60.620785 0.010204 0.010204 0.001516 385.500000 1 45 46 76 86 92
0.000000 0.000000 0.000000 4.293445 1.286483 -65.921354 -86.410126 0.010204 0.010204 0.000528 404.142857 1.112053 1.213903 -4.688483 -62.128433 0.010204 0.010204 0.001411 404.142857 1 45 46 76 86 97
0.000000 0.000000 0.000000 1.808091 1.073016 -76.976916 -58.036092 0.010204 0.010204 0.000511 404.142857 1.112053 1.213747 -72.320591 -75.359983 0.010204 0.010204 0.001442 404.142857 1 45 46 76 86 98
0.000000 0.000000 0.000000 1.656008 1.049269 -113.332296 -57.349926 0.010204 0.010204 0.000540 385.500000 1.112053 1.213902 -12.322680 -70.286798 0.010204 0.010204 0.001454 385.500000 1 45 46 76 87 88
0.000000 0.000000 0.000000 1.620088 1.046376 -110.116124 -46.189812 0.010204 0.010204 0.000560 385.500000 1.112053 1.213916 -11.625485 -59.293544 0.010204 0.010204 0.001449 385.500000 1 45 46 76 87 92
0.000000 0.000000 0.000000 1.624712 1.046746 -51.652274 -89.853656 0.010204 0.010204 0.000545 404.142857 1.112053 1.213906 -133.320644 -76.612228 0.010204 0.010204 0.001387 404.142857 1 45 46 76 87 97
0.000000 0.000000 0.000000 144.984924 11.760894 -9710.111474 -1456.815188 0.010204 0.010204 0.000566 404.142857 1.112053 1.214143 -23.626687 -58.819664 0.010204 0.010204 0.001360 404.142857 1 45 46 76 87 98
0.000000 0.000000 0.000000 2.960617 1.061501 -361.327930 -57.542926 0.010204 0.010204 0.000748 348.214286 1.112061 1.214805 -8.926131 -70.702716 0.010204 0.010204 0.001539 348.214286 1 45 50 66 77 88
0.000000 0.000000 0.000000 3.013692 1.063310 -10.307640 -64.779618 0.010204 0.010204 0.000711 348.214286 1.112061 1.214283 -20.956279 -65.070029 0.010204 0.010204 0.001575 348.214286 1 45 50 66 77 92
0.000000 0.000000 0.000000 2.988827 1.062458 -239.499208 -64.950369 0.010204 0.010204 0.000704 366.857143 1.112061 1.214286 -9.147491 -66.764686 0.010204 0.010204 0.001500 366.857143 1 45 50 66 77 97
0.000000 0.000000 0.000000 3.385597 1.077269 -26.513463 -60.620021 0.010204 0.010204 0.000674 366.857143 1.112061 1.214271 -54.356615 -78.013591 0.010204 0.010204 0.001505 366.857143 1 45 50 66 77 98
0.000000 0.000000 0.000000 2.217661 1.052012 -111.745326 -60.607886 0.010204 0.010204 0.000653 348.214286 1.112061 1.213926 -91.011425 -65.646282 0.010204 0.010204 0.001648 348.214286 1 45 50 66 81 88
0.000000 0.000000 0.000000 2.285567 1.047343 -204.742947 -63.711773 0.010204 0.010204 0.000682 348.214286 1.112061 1.214271 -165.130484 -66.496746 0.010204 0.010204 0.001607 348.214286 1 45 50 66 81 92
0.000000 0.000000 0.000000 1.486574 1.063348 -58.451116 -57.587578 0.010204 0.010204 0.000622 366.857143 1.112061 1.213918 -3.943883 -69.841197 0.010204 0.010204 0.001570 366.857143 1 45 50 66 81 97
0.000000 0.000000 0.000000 3.948278 1.116685 -437.847875 -67.909126 0.010204 0.010204 0.000647 366.857143 1.112061 1.213928 -8.187078 -64.654408 0.010204 0.010204 0.001565 366.857143 1 45 50 66 81 98
0.000000 0.000000 0.000000 3.514188 1.088228 -127.296809 -57.460728 0.010204 0.010204 0.000659 366.857143 1.112061 1.213929 -40.047342 -75.524905 0.010204 0.010204 0.001559 366.857143 1 45 50 66 86 88
0.000000 0.000000 0.000000 1.756266 1.052762 -151.968874 -59.818073 0.010204 0.010204 0.000633 366.857143 1.112061 1.213919 -12.867196 -67.089189 0.010204 0.010204 0.001565 366.857143 1 45 50 66 86 92
0.000000 0.000000 0.000000 2.698377 1.057736 -146.942109 -75.799787 0.010204 0.010204 0.000668 385.500000 1.112061 1.214080 -115.414602 -64.338831 0.010204 0.010204 0.001456 385.500000 1 45 50 66 86 97
0.000000 0.000000 0.000000 5.266312 1.154227 -416.227469 -55.362868 0.010204 0.010204 0.000640 385.500000 1.112061 1.213921 -16.944438 -76.752767 0.010204 0.010204 0.001488 385.500000 1 45 50 66 86 98
0.000000 0.000000 0.000000 1.660647 1.546790 -87.340018 -81.062084 0.010204 0.010204 0.000588 366.857143 1.112061 1.213909 -13.637624 -67.493188 0.010204 0.010204 0.001576 366.857143 1 45 50 66 87 88
0.000000 0.000000 0.000000 1.769016 1.103941 -180.047435 -69.062769 0.010204 0.010204 0.000610 366.857143 1.112061 1.213919 -24.857545 -67.543443 0.010204 0.010204 0.001570 366.857143 1 45 50 66 87 92
0.000000 0.000000 0.000000 2.072310 1.197422 -19.633230 -63.030201 0.010204 0.010204 0.000594 385.500000 1.112061 1.213911 -230.759283 -70.220212 0.010204 0.010204 0.001497 385.500000 1 45 50 66 87 97
0.000000 0.000000 0.000000 1.957609 1.083401 -127.740840 -60.446422 0.010204 0.010204 0.000617 385.500000 1.112061 1.214066 -33.692304 -68.421831 0.010204 0.010204 0.001465 385.500000 1 45 50 66 87 98
0.000000 0.000000 0.000000 15.531593 1.384074 -160.155844 -93.222708 0.010204 0.010204 0.000775 348.214286 1.112063 1.215833 -5.568439 -73.760831 0.010204 0.010204 0.001518 348.214286 1 45 50 70 77 88
0.000000 0.000000 0.000000 21.992767 1.558260 -99.842528 -82.761781 0.010204 0.010204 0.000736 348.214286 1.112063 1.215486 -6.275834 -68.479130 0.010204 0.010204 0.001554 348.214286 1 45 50 70 77 92
0.000000 0.000000 0.000000 18.015228 1.450867 -114.667281 -61.207730 0.010204 0.010204 0.000729 366.857143 1.112063 1.215487 -15.542366 -71.918220 0.010204 0.010204 0.001480 366.857143 1 45 50 70 77 97
0.000000 0.000000 0.000000 1.365775 1.099970 -71.471061 -67.342522 0.010204 0.010204 0.000698 366.857143 1.112063 1.215477 -163.799935 -70.368604 0.010204 0.010204 0.001485 366.857143 1 45 50 70 77 98
0.000000 0.000000 0.000000 11.558941 1.277987 -142.199599 -75.647886 0.010204 0.010204 0.000814 348.214286 1.112064 1.216242 -13.067223 -72.643085 0.010204 0.010204 0.001490 348.214286 1 45 50 70 81 88
0.000000 0.000000 0.000000 11.522414 1.277002 -483.922382 -77.588662 0.010204 0.010204 0.000865 348.214286 1.112064 1.216852 -207.075999 -75.991439 0.010204 0.010204 0.001458 348.214286 1 45 50 70 81 92
0.000000 0.000000 0.000000 11.846278 1.287596 -689.524186 -69.226617 0.010204 0.010204 0.000766 366.857143 1.112064 1.216228 -5.137035 -69.030999 0.010204 0.010204 0.001428 366.857143 1 45 50 70 81 97
0.000000 0.000000 0.000000 11.541671 1.277518 -708.738031 -77.267916 0.010204 0.010204 0.000805 366.857143 1.112064 1.216247 -71.122706 -75.587218 0.010204 0.010204 0.001423 366.857143 1 45 50 70 81 98
0.000000 0.000000 0.000000 3.426356 1.126999 -376.205039 -56.926014 0.010204 0.010204 0.000682 366.857143 1.112063 1.215469 -11.279776 -61.531472 0.010204 0.010204 0.001485 366.857143 1 45 50 70 86 88
0.000000 0.000000 0.000000 1.021203 1.202364 -2.382926 -54.760014 0.010204 0.010204 0.000654 366.857143 1.112063 1.215460 -5.703905 -64.048241 0.010204 0.010204 0.001490 366.857143 1 45 50 70 86 92
0.000000 0.000000 0.000000 3.237331 1.064272 -525.478430 -68.380863 0.010204 0.010204 0.000691 385.500000 1.112063 1.215617 -179.418881 -66.667031 0.010204 0.010204 0.001391 385.500000 1 45 50 70 86 97
0.000000 0.000000 0.000000 2.122483 1.252460 -211.002944 -88.380032 0.010204 0.010204 0.000662 385.500000 1.112063 1.215462 -19.847783 -71.410985 0.010204 0.010204 0.001420 385.500000 1 45 50 70 86 98
0.000000 0.000000 0.000000 3.726937 1.120489 -762.522643 -54.902236 0.010204 0.010204 0.000710 366.857143 1.112063 1.215484 -5.966130 -73.409727 0.010204 0.010204 0.001481 366.857143 1 45 50 70 87 88
0.000000 0.000000 0.000000 14.022639 1.343829 -82.252997 -106.410122 0.010204 0.010204 0.000744 366.857143 1.112063 1.215493 -9.047043 -62.919160 0.010204 0.010204 0.001475 366.857143 1 45 50 70 87 92
0.000000 0.000000 0.000000 14.746070 1.363328 -254.569217 -71.564933 0.010204 0.010204 0.000720 385.500000 1.112063 1.215486 -6.626864 -71.376500 0.010204 0.010204 0.001411 385.500000 1 45 50 70 87 97
0.000000 0.000000 0.000000 13.314637 1.324817 -161.128018 -80.244890 0.010204 0.010204 0.000756 385.500000 1.112063 1.215647 -54.190533 -68.107103 0.010204 0.010204 0.001383 385.500000 1 45 50 70 87 98
0.000000 0.000000 0.000000 2.455772 1.104115 -254.485829 -57.896940 0.010204 0.010204 0.000626 366.857143 1.112061 1.214238 -186.306693 -70.938728 0.010204 0.010204 0.001531 366.857143 1 45 50 75 77 88
0.000000 0.000000 0.000000 2.384057 1.110979 -200.118699 -55.656545 0.010204 0.010204 0.000601 366.857143 1.112061 1.213892 -21.524580 -71.922523 0.010204 0.010204 0.001569 366.857143 1 45 50 75 77 92
0.000000 0.000000 0.000000 1.686526 1.052264 -140.056232 -49.829106 0.010204 0.010204 0.000596 385.500000 1.112061 1.213893 -144.228735 -71.276423 0.010204 0.010204 0.001492 385.500000 1 45 50 75 77 97
0.000000 0.000000 0.000000 14.170365 2.640419 -557.454994 -130.963445 0.010204 0.010204 0.000575 385.500000 1.112061 1.213883 -16.661006 -69.656572 0.010204 0.010204 0.001498 385.500000 1 45 50 75 77 98
0.000000 0.000000 0.000000 1.273353 1.091650 -49.358203 -62.050577 0.010204 0.010204 0.000560 366.857143 1.112061 1.213882 -86.612661 -79.204625 0.010204 0.010204 0.001581 366.857143 1 45 50 75 81 88
0.000000 0.000000 0.000000 1.410250 1.094313 -92.065948 -74.791845 0.010204 0.010204 0.000581 366.857143 1.112061 1.214223 -8.785792 -71.724108 0.010204 0.010204 0.001542 366.857143 1 45 50 75 81 92
0.000000 0.000000 0.000000 1.186542 1.132230 -1.496535 -54.640214 0.010204 0.010204 0.000538 385.500000 1.112061 1.213874 -71.264992 -66.159368 0.010204 0.010204 0.001508 385.500000 1 45 50 75 81 97
0.000000 0.000000 0.000000 2.221893 1.351685 -74.966431 -105.197379 0.010204 0.010204 0.000556 385.500000 1.112061 1.213883 -118.060881 -65.275683 0.010204 0.010204 0.001502 385.500000 1 45 50 75 81 98
0.000000 0.000000 0.000000 2.617396 1.089132 -264.273285 -48.952800 0.010204 0.010204 0.000630 385.500000 1.112061 1.214047 -150.620691 -66.043606 0.010204 0.010204 0.001436 385.500000 1 45 50 75 86 88
0.000000 0.000000 0.000000 3.887928 1.164541 -52.590434 -55.318641 0.010204 0.010204 0.000605 385.500000 1.112061 1.214033 -19.129706 -66.504175 0.010204 0.010204 0.001441 385.500000 1 45 50 75 86 92
0.000000 0.000000 0.000000 2.532221 1.084168 -463.804036 -73.911103 0.010204 0.010204 0.000639 404.142857 1.112061 1.214274 -35.717262 -70.678588 0.010204 0.010204 0.001348 404.142857 1 45 50 75 86 97
0.000000 0.000000 0.000000 2.688127 1.093267 -90.932668 -60.659075 0.010204 0.010204 0.000612 404.142857 1.112061 1.214037 -39.101436 -72.967845 0.010204 0.010204 0.001375 404.142857 1 45 50 75 86 98
0.000000 0.000000 0.000000 1.343714 1.064314 -22.830985 -57.194661 0.010204 0.010204 0.000564 385.500000 1.112061 1.213876 -115.740612 -68.840480 0.010204 0.010204 0.001501 385.500000 1 45 50 75 87 88
0.000000 0.000000 0.000000 2.389356 1.132468 -76.583380 -72.617865 0.010204 0.010204 0.000585 385.500000 1.112061 1.213885 -9.473128 -78.932248 0.010204 0.010204 0.001495 385.500000 1 45 50 75 87 92
0.000000 0.000000 0.000000 1.679681 1.069990 -46.901895 -62.885099 0.010204 0.010204 0.000570 404.142857 1.112061 1.213878 -7.161622 -74.145890 0.010204 0.010204 0.001428 404.142857 1 45 50 75 87 97
0.000000 0.000000 0.000000 2.802627 1.155147 -94.745231 -54.925005 0.010204 0.010204 0.000591 404.142857 1.112061 1.214034 -10.150906 -72.608929 0.010204 0.010204 0.001398 404.142857 1 45 50 75 87 98
0.000000 0.000000 0.000000 16.415218 1.953906 -1719.171249 -106.388848 0.010204 0.010204 0.000644 366.857143 1.112061 1.214276 -89.728785 -75.570870 0.010204 0.010204 0.001528 366.857143 1 45 50 76 77 88
0.000000 0.000000 0.000000 1.920033 1.148857 -62.911943 -58.677004 0.010204 0.010204 0.000618 366.857143 1.112061 1.213936 -50.339251 -69.493090 0.010204 0.010204 0.001566 366.857143 1 45 50 76 77 92
0.000000 0.000000 0.000000 1.494220 1.051667 -82.350419 -67.552407 0.010204 0.010204 0.000613 385.500000 1.112061 1.213937 -59.890659 -74.657727 0.010204 0.010204 0.001489 385.500000 1 45 50 76 77 97
0.000000 0.000000 0.000000 1.054980 1.056913 -30.616680 -86.541977 0.010204 0.010204 0.000591 385.500000 1.112061 1.213927 -17.005806 -65.787847 0.010204 0.010204 0.001495 385.500000 1 45 50 76 77 98
0.000000 0.000000 0.000000 4.711797 1.116464 -232.513994 -71.300062 0.010204 0.010204 0.000669 366.857143 1.112061 1.213946 -8.180701 -65.188836 0.010204 0.010204 0.001555 366.857143 1 45 50 76 81 88
0.000000 0.000000 0.000000 3.155072 1.065046 -510.872163 -77.588708 0.010204 0.010204 0.000701 366.857143 1.112061 1.214292 -16.996890 -70.675411 0.010204 0.010204 0.001518 366.857143 1 45 50 76 81 92
0.000000 0.000000 0.000000 2.541114 1.094443 -95.518307 -52.993569 0.010204 0.010204 0.000637 385.500000 1.112061 1.213937 -8.747128 -74.060832 0.010204 0.010204 0.001485 385.500000 1 45 50 76 81 97
0.000000 0.000000 0.000000 3.745929 1.084436 -616.023136 -63.167165 0.010204 0.010204 0.000664 385.500000 1.112061 1.213947 -33.006950 -74.669442 0.010204 0.010204 0.001480 385.500000 1 45 50 76 81 98
0.000000 0.000000 0.000000 2.479278 1.048525 -237.553196 -67.261522 0.010204 0.010204 0.000649 385.500000 1.112061 1.213939 -56.199702 -65.700314 0.010204 0.010204 0.001483 385.500000 1 45 50 76 86 88
0.000000 0.000000 0.000000 1.498363 1.060685 -51.798451 -63.255322 0.010204 0.010204 0.000623 385.500000 1.112061 1.213930 -115.995059 -76.744784 0.010204 0.010204 0.001488 385.500000 1 45 50 76 86 92
0.000000 0.000000 0.000000 6.476241 1.172014 -46.555782 -83.643421 0.010204 0.010204 0.000657 404.142857 1.112061 1.214088 -8.433960 -70.829433 0.010204 0.010204 0.001387 404.142857 1 45 50 76 86 97
0.000000 0.000000 0.000000 3.157206 1.074057 -258.903496 -67.937137 0.010204 0.010204 0.000630 404.142857 1.112061 1.213932 -21.086179 -77.265393 0.010204 0.010204 0.001417 404.142857 1 45 50 76 86 98
0.000000 0.000000 0.000000 10.964868 1.293524 -216.039848 -69.478084 0.010204 0.010204 0.000675 385.500000 1.112061 1.214096 -11.498064 -62.435047 0.010204 0.010204 0.001429 385.500000 1 45 50 76 87 88
0.000000 0.000000 0.000000 7.796123 1.196648 -46.375837 -67.401078 0.010204 0.010204 0.000707 385.500000 1.112061 1.214110 -17.784607 -79.957866 0.010204 0.010204 0.001424 385.500000 1 45 50 76 87 92
0.000000 0.000000 0.000000 7.932533 1.200707 -263.140083 -77.842057 0.010204 0.010204 0.000684 404.142857 1.112061 1.214100 -13.364600 -73.766088 0.010204 0.010204 0.001364 404.142857 1 45 50 76 87 97
0.000000 0.000000 0.000000 7.635162 1.191870 -225.142412 -76.360005 0.010204 0.010204 0.000718 404.142857 1.112061 1.214339 -149.504137 -67.986856 0.010204 0.010204 0.001338 404.142857 1 45 50 76 87 98
0.000000 0.000000 0.000000 2.638779 1.053695 -171.752965 -66.475795 0.010204 0.010204 0.000745 348.214286 1.112057 1.214780 -6.811329 -72.977262 0.010204 0.010204 0.001539 348.214286 1 45 61 66 77 88
0.000000 0.000000 0.000000 2.660114 1.054455 -81.454666 -57.435183 0.010204 0.010204 0.000708 348.214286 1.112057 1.214257 -180.991620 -60.146766 0.010204 0.010204 0.001576 348.214286 1 45 61 66 77 92
0.000000 0.000000 0.000000 2.650374 1.054106 -71.881055 -64.205831 0.010204 0.010204 0.000701 366.857143 1.112057 1.214260 -77.706193 -74.996630 0.010204 0.010204 0.001501 366.857143 1 45 61 66 77 97
0.000000 0.000000 0.000000 2.769228 1.058794 -40.037354 -63.353440 0.010204 0.010204 0.000671 366.857143 1.112057 1.214244 -23.689337 -56.573372 0.010204 0.010204 0.001506 366.857143 1 45 61 66 77 98
0.000000 0.000000 0.000000 5.736573 1.179705 -289.224220 -71.744572 0.010204 0.010204 0.000650 348.214286 1.112057 1.213893 -67.352367 -73.255376 0.010204 0.010204 0.001649 348.214286 1 45 61 66 81 88
0.000000 0.000000 0.000000 2.601793 1.056895 -170.103723 -69.598813 0.010204 0.010204 0.000679 348.214286 1.112057 1.214238 -107.285284 -74.935077 0.010204 0.010204 0.001607 348.214286 1 45 61 66 81 92
0.000000 0.000000 0.000000 1.929856 1.068719 -110.533205 -33.956181 0.010204 0.010204 0.000619 366.857143 1.112057 1.213885 -193.788959 -69.342043 0.010204 0.010204 0.001571 366.857143 1 45 61 66 81 97
0.000000 0.000000 0.000000 3.447874 1.089824 -573.246791 -71.479058 0.010204 0.010204 0.000644 366.857143 1.112057 1.213894 -23.349897 -81.566866 0.010204 0.010204 0.001565 366.857143 1 45 61 66 81 98
0.000000 0.000000 0.000000 10.024409 1.312834 -257.795549 -85.382288 0.010204 0.010204 0.000656 366.857143 1.112057 1.213896 -57.074062 -68.526397 0.010204 0.010204 0.001560 366.857143 1 45 61 66 86 88
0.000000 0.000000 0.000000 3.660155 1.125485 -219.821964 -57.986292 0.010204 0.010204 0.000630 366.857143 1.112057 1.213886 -60.505986 -70.091459 0.010204 0.010204 0.001566 366.857143 1 45 61 66 86 92
0.000000 0.000000 0.000000 5.815412 1.164495 -36.190025 -74.730334 0.010204 0.010204 0.000665 385.500000 1.112057 1.214047 -32.141362 -68.909316 0.010204 0.010204 0.001456 385.500000 1 45 61 66 86 97
0.000000 0.000000 0.000000 33.330486 2.135665 -1877.161287 -184.823342 0.010204 0.010204 0.000637 385.500000 1.112057 1.213888 -9.160233 -64.461292 0.010204 0.010204 0.001488 385.500000 1 45 61 66 86 98
0.000000 0.000000 0.000000 1.092278 1.048970 -175.834351 -63.465218 0.010204 0.010204 0.000585 366.857143 1.112057 1.213876 -6.996990 -61.686768 0.010204 0.010204 0.001577 366.857143 1 45 61 66 87 88
0.000000 0.000000 0.000000 2.575066 1.121441 -127.468514 -64.463151 0.010204 0.010204 0.000607 366.857143 1.112057 1.213885 -108.128437 -80.839974 0.010204 0.010204 0.001571 366.857143 1 45 61 66 87 92
0.000000 0.000000 0.000000 1.744167 1.075259 -74.109165 -65.262602 0.010204 0.010204 0.000591 385.500000 1.112057 1.213878 -21.632149 -80.727292 0.010204 0.010204 0.001498 385.500000 1 45 61 66 87 97
0.000000 0.000000 0.000000 2.509956 1.084420 -183.084467 -57.085659 0.010204 0.010204 0.000614 385.500000 1.112057 1.214033 -179.570591 -76.106189 0.010204 0.010204 0.001465 385.500000 1 45 61 66 87 98
0.000000 0.000000 0.000000 1.933183 1.078256 -51.732211 -60.758960 0.010204 0.010204 0.000608 348.214286 1.112057 1.214175 -7.312552 -68.856391 0.010204 0.010204 0.001622 348.214286 1 45 61 70 77 88
0.000000 0.000000 0.000000 2.472997 1.139711 -75.051155 -65.182299 0.010204 0.010204 0.000585 348.214286 1.112057 1.213830 -65.640906 -71.326479 0.010204 0.010204 0.001665 348.214286 1 45 61 70 77 92
0.000000 0.000000 0.000000 1.580485 1.052149 -56.053098 -68.776175 0.010204 0.010204 0.000580 366.857143 1.112057 1.213831 -149.859044 -70.060797 0.010204 0.010204 0.001580 366.857143 1 45 61 70 77 97
0.000000 0.000000 0.000000 1.458883 1.064755 -27.842365 -64.288294 0.010204 0.010204 0.000560 366.857143 1.112057 1.213822 -132.745735 -64.939419 0.010204 0.010204 0.001586 366.857143 1 45 61 70 77 98
0.000000 0.000000 0.000000 7.250982 1.375579 -179.177014 -74.556627 0.010204 0.010204 0.000631 348.214286 1.112057 1.214180 -8.549026 -61.456270 0.010204 0.010204 0.001590 348.214286 1 45 61 70 81 88
0.000000 0.000000 0.000000 5.773240 1.285661 -426.564900 -86.285109 0.010204 0.010204 0.000659 348.214286 1.112057 1.214700 -65.592111 -60.309826 0.010204 0.010204 0.001553 348.214286 1 45 61 70 81 92
0.000000 0.000000 0.000000 1.760839 1.046495 -24.083402 -55.170280 0.010204 0.010204 0.000602 366.857143 1.112057 1.214167 -25.239689 -69.657383 0.010204 0.010204 0.001519 366.857143 1 45 61 70 81 97
0.000000 0.000000 0.000000 6.508490 1.330381 -378.772702 -72.153783 0.010204 0.010204 0.000625 366.857143 1.112057 1.214183 -81.248127 -73.041931 0.010204 0.010204 0.001514 366.857143 1 45 61 70 81 98
0.000000 0.000000 0.000000 1.306013 1.064078 -6.268183 -57.981285 0.010204 0.010204 0.000551 366.857143 1.112057 1.213823 -8.962281 -74.576941 0.010204 0.010204 0.001585 366.857143 1 45 61 70 86 88
0.000000 0.000000 0.000000 1.327887 1.146499 -82.469419 -71.811019 0.010204 0.010204 0.000533 366.857143 1.112057 1.213813 -144.374551 -78.216092 0.010204 0.010204 0.001592 366.857143 1 45 61 70 86 92
0.000000 0.000000 0.000000 1.392212 1.068964 -121.860972 -78.062631 0.010204 0.010204 0.000556 385.500000 1.112057 1.213970 -118.263564 -60.717404 0.010204 0.010204 0.001478 385.500000 1 45 61 70 86 97
0.000000 0.000000 0.000000 1.470645 1.110781 -180.726255 -86.199955 0.010204 0.010204 0.000538 385.500000 1.112057 1.213815 -94.239914 -61.925026 0.010204 0.010204 0.001511 385.500000 1 45 61 70 86 98
0.000000 0.000000 0.000000 2.193252 1.121962 -163.774798 -47.337098 0.010204 0.010204 0.000569 366.857143 1.112057 1.213823 -99.171808 -64.735952 0.010204 0.010204 0.001581 366.857143 1 45 61 70 87 88
0.000000 0.000000 0.000000 9.343525 1.631931 -1182.694240 -146.272684 0.010204 0.010204 0.000590 366.857143 1.112057 1.213833 -18.321397 -68.766314 0.010204 0.010204 0.001574 366.857143 1 45 61 70 87 92
0.000000 0.000000 0.000000 1.786967 1.061479 -79.622283 -47.133706 0.010204 0.010204 0.000574 385.500000 1.112057 1.213825 -10.316264 -66.269284 0.010204 0.010204 0.001501 385.500000 1 45 61 70 87 97
0.000000 0.000000 0.000000 2.308896 1.095164 -103.088351 -71.849788 0.010204 0.010204 0.000597 385.500000 1.112057 1.213984 -126.677994 -80.627980 0.010204 0.010204 0.001469 385.500000 1 45 61 70 87 98
0.000000 0.000000 0.000000 5.965752 1.145504 -101.173433 -68.653320 0.010204 0.010204 0.000744 366.857143 1.112058 1.215496 -7.126656 -70.819731 0.010204 0.010204 0.001449 366.857143 1 45 61 75 77 88
0.000000 0.000000 0.000000 6.206763 1.152852 -141.001759 -56.736245 0.010204 0.010204 0.000707 366.857143 1.112058 1.215146 -18.509058 -69.487938 0.010204 0.010204 0.001482 366.857143 1 45 61 75 77 92
0.000000 0.000000 0.000000 6.088423 1.149228 -1553.234822 -88.337447 0.010204 0.010204 0.000701 385.500000 1.112058 1.215148 -7.476950 -72.786036 0.010204 0.010204 0.001414 385.500000 1 45 61 75 77 97
0.000000 0.000000 0.000000 11.779703 1.334906 -1531.206737 -106.445619 0.010204 0.010204 0.000671 385.500000 1.112058 1.215138 -12.487569 -62.018178 0.010204 0.010204 0.001419 385.500000 1 45 61 75 77 98
0.000000 0.000000 0.000000 3.504176 1.149181 -420.044805 -64.988693 0.010204 0.010204 0.000650 366.857143 1.112058 1.215125 -249.500649 -63.835293 0.010204 0.010204 0.001492 366.857143 1 45 61 75 81 88
0.000000 0.000000 0.000000 276.772974 9.417819 -33115.814943 -857.090981 0.010204 0.010204 0.000679 366.857143 1.112058 1.215466 -11.661393 -70.099378 0.010204 0.010204 0.001458 366.857143 1 45 61 75 81 92
0.000000 0.000000 0.000000 1.064717 1.278128 -132.943585 -62.231815 0.010204 0.010204 0.000620 385.500000 1.112058 1.215116 -105.407901 -71.963782 0.010204 0.010204 0.001428 385.500000 1 45 61 75 81 97
0.000000 0.000000 0.000000 3.524292 1.089427 -282.921005 -67.553128 0.010204 0.010204 0.000644 385.500000 1.112058 1.215126 -100.047804 -73.301331 0.010204 0.010204 0.001423 385.500000 1 45 61 75 81 98
0.000000 0.000000 0.000000 5.559172 1.133314 -1056.233841 -79.838991 0.010204 0.010204 0.000750 385.500000 1.112059 1.215545 -21.001391 -74.463299 0.010204 0.010204 0.001364 385.500000 1 45 61 75 86 88
0.000000 0.000000 0.000000 5.604876 1.135312 -228.557079 -58.649445 0.010204 0.010204 0.000714 385.500000 1.112059 1.215529 -40.263231 -69.621570 0.010204 0.010204 0.001369 385.500000 1 45 61 75 86 92
0.000000 0.000000 0.000000 5.555032 1.133189 -368.224992 -72.138277 0.010204 0.010204 0.000763 404.142857 1.112059 1.215813 -13.671966 -67.655046 0.010204 0.010204 0.001286 404.142857 1 45 61 75 86 97
0.000000 0.000000 0.000000 5.562459 1.133415 -64.800068 -59.861638 0.010204 0.010204 0.000724 404.142857 1.112059 1.215534 -32.662989 -75.566622 0.010204 0.010204 0.001310 404.142857 1 45 61 75 86 98
0.000000 0.000000 0.000000 4.228422 1.160178 -144.776118 -62.183213 0.010204 0.010204 0.000655 385.500000 1.112058 1.215123 -127.128079 -67.304073 0.010204 0.010204 0.001422 385.500000 1 45 61 75 87 88
0.000000 0.000000 0.000000 6.649160 1.166167 -262.515249 -50.822469 0.010204 0.010204 0.000684 385.500000 1.112058 1.215133 -12.987490 -69.017391 0.010204 0.010204 0.001417 385.500000 1 45 61 75 87 92
0.000000 0.000000 0.000000 6.955856 1.175585 -190.689936 -67.407419 0.010204 0.010204 0.000663 404.142857 1.112058 1.215125 -177.978424 -64.161630 0.010204 0.010204 0.001357 404.142857 1 45 61 75 87 97
0.000000 0.000000 0.000000 6.347497 1.156980 -443.592303 -61.814809 0.010204 0.010204 0.000693 404.142857 1.112058 1.215283 -52.236869 -65.417516 0.010204 0.010204 0.001331 404.142857 1 45 61 75 87 98
0.000000 0.000000 0.000000 2.481634 1.108631 -341.147219 -70.429497 0.010204 0.010204 0.000608 366.857143 1.112057 1.214187 -110.312657 -70.336098 0.010204 0.010204 0.001540 366.857143 1 45 61 76 77 88
0.000000 0.000000 0.000000 2.077503 1.134169 -52.575040 -56.346362 0.010204 0.010204 0.000585 366.857143 1.112057 1.213846 -18.867841 -81.425395 0.010204 0.010204 0.001579 366.857143 1 45 61 76 77 92
0.000000 0.000000 0.000000 4.241476 1.318988 -100.121365 -74.506443 0.010204 0.010204 0.000580 385.500000 1.112057 1.213847 -14.352061 -65.203095 0.010204 0.010204 0.001500 385.500000 1 45 61 76 77 97
0.000000 0.000000 0.000000 1.103565 1.046757 -40.353237 -62.846398 0.010204 0.010204 0.000561 385.500000 1.112057 1.213838 -38.251972 -75.748711 0.010204 0.010204 0.001506 385.500000 1 45 61 76 77 98
0.000000 0.000000 0.000000 2.455860 1.058053 -266.377273 -58.209045 0.010204 0.010204 0.000630 366.857143 1.112057 1.213856 -4.554468 -69.136362 0.010204 0.010204 0.001567 366.857143 1 45 61 76 81 88
0.000000 0.000000 0.000000 7.128500 1.233835 -1124.641859 -82.494996 0.010204 0.010204 0.000658 366.857143 1.112057 1.214203 -94.338967 -75.493342 0.010204 0.010204 0.001529 366.857143 1 45 61 76 81 92
0.000000 0.000000 0.000000 2.147841 1.063346 -63.144078 -49.974265 0.010204 0.010204 0.000601 385.500000 1.112057 1.213848 -47.021017 -72.107539 0.010204 0.010204 0.001496 385.500000 1 45 61 76 81 97
0.000000 0.000000 0.000000 2.186127 1.046297 -141.646348 -52.546383 0.010204 0.010204 0.000625 385.500000 1.112057 1.213857 -108.422601 -75.455715 0.010204 0.010204 0.001491 385.500000 1 45 61 76 81 98
0.000000 0.000000 0.000000 17.828268 1.712862 -1303.931392 -126.708445 0.010204 0.010204 0.000612 385.500000 1.112057 1.213850 -7.500865 -81.397812 0.010204 0.010204 0.001493 385.500000 1 45 61 76 86 88
0.000000 0.000000 0.000000 1.670181 1.054597 -70.445046 -49.886546 0.010204 0.010204 0.000589 385.500000 1.112057 1.213840 -70.020906 -65.705600 0.010204 0.010204 0.001499 385.500000 1 45 61 76 86 92
0.000000 0.000000 0.000000 3.465475 1.099761 -626.104530 -80.793676 0.010204 0.010204 0.000619 404.142857 1.112057 1.213998 -82.052594 -65.431963 0.010204 0.010204 0.001397 404.142857 1 45 61 76 86 97
0.000000 0.000000 0.000000 2.469660 1.064866 -62.247719 -65.861598 0.010204 0.010204 0.000595 404.142857 1.112057 1.213842 -14.617812 -77.796506 0.010204 0.010204 0.001427 404.142857 1 45 61 76 86 98
0.000000 0.000000 0.000000 23.500486 1.810463 -4365.431042 -193.162371 0.010204 0.010204 0.000635 385.500000 1.112057 1.214002 -13.004599 -72.817222 0.010204 0.010204 0.001439 385.500000 1 45 61 76 87 88
0.000000 0.000000 0.000000 10.434140 1.335798 -209.518381 -99.632325 0.010204 0.010204 0.000663 385.500000 1.112057 1.214016 -11.196801 -69.115193 0.010204 0.010204 0.001434 385.500000 1 45 61 76 87 92
0.000000 0.000000 0.000000 10.922598 1.353446 -816.497535 -77.621115 0.010204 0.010204 0.000643 404.142857 1.112057 1.214006 -7.016288 -75.621778 0.010204 0.010204 0.001373 404.142857 1 45 61 76 87 97
0.000000 0.000000 0.000000 9.868443 1.315378 -1421.546849 -77.982930 0.010204 0.010204 0.000672 404.142857 1.112057 1.214244 -9.912118 -67.797889 0.010204 0.010204 0.001347 404.142857 1 45 61 76 87 98
0.000000 0.000000 0.000000 6.330324 1.254182 -127.355235 -77.152291 0.010204 0.010204 0.000759 348.214286 1.112269 1.217998 -18.336633 -67.825226 0.010204 0.010204 0.001459 348.214286 1 45 65 66 77 88
0.000000 0.000000 0.000000 20.177066 1.953379 -217.526030 -124.858166 0.010204 0.010204 0.000722 348.214286 1.112269 1.217478 -73.244814 -69.421600 0.010204 0.010204 0.001492 348.214286 1 45 65 66 77 92
0.000000 0.000000 0.000000 9.413068 1.409638 -260.641806 -100.394349 0.010204 0.010204 0.000715 366.857143 1.112269 1.217481 -225.388277 -68.905281 0.010204 0.010204 0.001424 366.857143 1 45 65 66 77 97
0.000000 0.000000 0.000000 1.991478 1.083662 -72.877151 -63.061445 0.010204 0.010204 0.000685 366.857143 1.112269 1.217466 -19.447213 -58.688509 0.010204 0.010204 0.001429 366.857143 1 45 65 66 77 98
0.000000 0.000000 0.000000 1.207471 1.137155 -68.319741 -51.633309 0.010204 0.010204 0.000663 348.214286 1.112269 1.217126 -21.323091 -70.742660 0.010204 0.010204 0.001558 348.214286 1 45 65 66 81 88
0.000000 0.000000 0.000000 1.846643 1.300072 -199.042519 -65.568008 0.010204 0.010204 0.000693 348.214286 1.112269 1.217471 -8.458597 -66.317047 0.010204 0.010204 0.001521 348.214286 1 45 65 66 81 92
0.000000 0.000000 0.000000 1.119909 1.315925 -134.692099 -46.867627 0.010204 0.010204 0.000633 366.857143 1.112269 1.217118 -86.247659 -71.222441 0.010204 0.010204 0.001488 366.857143 1 45 65 66 81 97
0.000000 0.000000 0.000000 1.099625 1.047208 -49.496533 -58.598981 0.010204 0.010204 0.000658 366.857143 1.112269 1.217128 -77.495084 -71.687384 0.010204 0.010204 0.001482 366.857143 1 45 65 66 81 98
0.000000 0.000000 0.000000 1.238160 1.051181 -37.319505 -77.948905 0.010204 0.010204 0.000670 366.857143 1.112269 1.217129 -6.330084 -71.484280 0.010204 0.010204 0.001478 366.857143 1 45 65 66 86 88
0.000000 0.000000 0.000000 1.092070 1.120331 -107.748897 -61.769878 0.010204 0.010204 0.000643 366.857143 1.112269 1.217119 -71.410576 -81.598848 0.010204 0.010204 0.001483 366.857143 1 45 65 66 86 92
0.000000 0.000000 0.000000 1.664459 1.109065 -38.484364 -55.477402 0.010204 0.010204 0.000679 385.500000 1.112269 1.217280 -72.300059 -73.880491 0.010204 0.010204 0.001384 385.500000 1 45 65 66 86 97
0.000000 0.000000 0.000000 1.226938 1.062155 -14.686080 -68.020417 0.010204 0.010204 0.000650 385.500000 1.112269 1.217121 -21.416027 -65.825251 0.010204 0.010204 0.001413 385.500000 1 45 65 66 86 98
0.000000 0.000000 0.000000 1.035021 1.424742 -79.823872 -121.808051 0.010204 0.010204 0.000598 366.857143 1.112269 1.217110 -15.355899 -65.233419 0.010204 0.010204 0.001493 366.857143 1 45 65 66 87 88
0.000000 0.000000 0.000000 1.037740 1.143345 -1.925059 -59.910636 0.010204 0.010204 0.000620 366.857143 1.112269 1.217119 -5.234297 -75.264091 0.010204 0.010204 0.001487 366.857143 1 45 65 66 87 92
0.000000 0.000000 0.000000 1.040604 1.190593 -1.998316 -58.205592 0.010204 0.010204 0.000604 385.500000 1.112269 1.217112 -8.650864 -65.557704 0.010204 0.010204 0.001421 385.500000 1 45 65 66 87 97
0.000000 0.000000 0.000000 1.026963 1.071500 -6.805903 -58.939522 0.010204 0.010204 0.000627 385.500000 1.112269 1.217266 -36.952352 -69.802836 0.010204 0.010204 0.001392 385.500000 1 45 65 66 87 98
0.000000 0.000000 0.000000 5.731073 1.105439 -51.866716 -55.638832 0.010204 0.010204 0.000786 348.214286 1.112271 1.217580 -29.524533 -69.087176 0.010204 0.010204 0.001507 348.214286 1 45 65 70 77 88
0.000000 0.000000 0.000000 2.887637 1.052438 -35.943353 -54.624129 0.010204 0.010204 0.000748 348.214286 1.112271 1.217235 -20.333544 -73.330137 0.010204 0.010204 0.001544 348.214286 1 45 65 70 77 92
0.000000 0.000000 0.000000 8.161811 1.166746 -1606.961489 -69.372428 0.010204 0.010204 0.000741 366.857143 1.112271 1.217236 -5.315402 -71.570569 0.010204 0.010204 0.001470 366.857143 1 45 65 70 77 97
0.000000 0.000000 0.000000 1.096365 1.321751 -11.623714 -77.785612 0.010204 0.010204 0.000709 366.857143 1.112271 1.217227 -24.746776 -76.314294 0.010204 0.010204 0.001475 366.857143 1 45 65 70 77 98
0.000000 0.000000 0.000000 4.357724 1.072833 -572.558825 -58.067052 0.010204 0.010204 0.000826 348.214286 1.112271 1.217608 -5.949346 -73.005328 0.010204 0.010204 0.001480 348.214286 1 45 65 70 81 88
0.000000 0.000000 0.000000 4.345367 1.072505 -218.147068 -58.493054 0.010204 0.010204 0.000876 348.214286 1.112271 1.218133 -31.757378 -64.619586 0.010204 0.010204 0.001447 348.214286 1 45 65 70 81 92
0.000000 0.000000 0.000000 5.051617 1.130451 -27.843869 -43.799798 0.010204 0.010204 0.000777 366.857143 1.112271 1.217596 -10.155551 -62.345488 0.010204 0.010204 0.001417 366.857143 1 45 65 70 81 97
0.000000 0.000000 0.000000 4.351541 1.072656 -70.626015 -62.784166 0.010204 0.010204 0.000817 366.857143 1.112271 1.217611 -51.993279 -75.595013 0.010204 0.010204 0.001413 366.857143 1 45 65 70 81 98
0.000000 0.000000 0.000000 1.069860 1.087365 -15.268283 -56.797693 0.010204 0.010204 0.000693 366.857143 1.112271 1.217227 -66.180397 -74.891321 0.010204 0.010204 0.001475 366.857143 1 45 65 70 86 88
0.000000 0.000000 0.000000 1.002782 1.058456 -5.480203 -71.313357 0.010204 0.010204 0.000665 366.857143 1.112271 1.217218 -35.319352 -67.487079 0.010204 0.010204 0.001480 366.857143 1 45 65 70 86 92
0.000000 0.000000 0.000000 1.196923 1.060581 -52.261096 -59.344050 0.010204 0.010204 0.000702 385.500000 1.112271 1.217374 -9.998016 -61.337023 0.010204 0.010204 0.001381 385.500000 1 45 65 70 86 97
0.000000 0.000000 0.000000 1.025684 1.054597 -13.415426 -73.433243 0.010204 0.010204 0.000673 385.500000 1.112271 1.217220 -28.081074 -64.671186 0.010204 0.010204 0.001410 385.500000 1 45 65 70 86 98
0.000000 0.000000 0.000000 1.096239 1.071952 -13.682620 -54.704136 0.010204 0.010204 0.000722 366.857143 1.112271 1.217228 -16.817987 -73.897652 0.010204 0.010204 0.001471 366.857143 1 45 65 70 87 88
0.000000 0.000000 0.000000 5.180912 1.092512 -97.118010 -45.326472 0.010204 0.010204 0.000756 366.857143 1.112271 1.217238 -81.719716 -76.964672 0.010204 0.010204 0.001465 366.857143 1 45 65 70 87 92
0.000000 0.000000 0.000000 5.646675 1.104526 -494.390908 -70.517585 0.010204 0.010204 0.000731 385.500000 1.112271 1.217230 -142.037808 -69.559992 0.010204 0.010204 0.001401 385.500000 1 45 65 70 87 97
0.000000 0.000000 0.000000 4.855699 1.084429 -26.579273 -59.750327 0.010204 0.010204 0.000768 385.500000 1.112271 1.217389 -60.790400 -66.572805 0.010204 0.010204 0.001373 385.500000 1 45 65 70 87 98
0.000000 0.000000 0.000000 8.950587 1.179526 -259.161578 -62.660796 0.010204 0.010204 0.000759 366.857143 1.112270 1.217518 -10.656270 -70.834640 0.010204 0.010204 0.001438 366.857143 1 45 65 75 77 88
0.000000 0.000000 0.000000 2.964152 1.049062 -103.021652 -60.831992 0.010204 0.010204 0.000722 366.857143 1.112270 1.217172 -162.800473 -76.074014 0.010204 0.010204 0.001472 366.857143 1 45 65 75 77 92
0.000000 0.000000 0.000000 15.149920 1.327870 -2839.073171 -116.621214 0.010204 0.010204 0.000715 385.500000 1.112270 1.217173 -7.427053 -71.627351 0.010204 0.010204 0.001403 385.500000 1 45 65 75 77 97
0.000000 0.000000 0.000000 1.245973 1.291211 -19.864157 -92.350081 0.010204 0.010204 0.000685 385.500000 1.112270 1.217163 -38.304478 -62.039111 0.010204 0.010204 0.001408 385.500000 1 45 65 75 77 98
0.000000 0.000000 0.000000 1.076773 1.230863 -49.694578 -100.248277 0.010204 0.010204 0.000664 366.857143 1.112270 1.217162 -179.678297 -69.311315 0.010204 0.010204 0.001481 366.857143 1 45 65 75 81 88
0.000000 0.000000 0.000000 1.420388 1.294090 -13.021008 -65.013405 0.010204 0.010204 0.000693 366.857143 1.112270 1.217502 -22.268649 -75.543517 0.010204 0.010204 0.001447 366.857143 1 45 65 75 81 92
0.000000 0.000000 0.000000 1.004642 1.077438 -0.039308 -43.193276 0.010204 0.010204 0.000633 385.500000 1.112270 1.217153 -14.085777 -71.331241 0.010204 0.010204 0.001417 385.500000 1 45 65 75 81 97
0.000000 0.000000 0.000000 1.044401 1.069274 -15.311114 -61.121609 0.010204 0.010204 0.000658 385.500000 1.112270 1.217163 -21.092191 -63.883544 0.010204 0.010204 0.001412 385.500000 1 45 65 75 81 98
0.000000 0.000000 0.000000 5.555614 1.100025 -340.908572 -73.709487 0.010204 0.010204 0.000765 385.500000 1.112270 1.217336 -54.246254 -70.374865 0.010204 0.010204 0.001353 385.500000 1 45 65 75 86 88
0.000000 0.000000 0.000000 11.116344 1.318853 -125.145449 -65.892728 0.010204 0.010204 0.000729 385.500000 1.112270 1.217322 -15.003166 -65.817091 0.010204 0.010204 0.001358 385.500000 1 45 65 75 86 92
0.000000 0.000000 0.000000 5.531344 1.099447 -790.681923 -83.032061 0.010204 0.010204 0.000778 404.142857 1.112270 1.217564 -15.818438 -68.744409 0.010204 0.010204 0.001275 404.142857 1 45 65 75 86 97
0.000000 0.000000 0.000000 5.577772 1.100572 -33.566383 -59.082320 0.010204 0.010204 0.000739 404.142857 1.112270 1.217326 -80.744080 -72.156090 0.010204 0.010204 0.001299 404.142857 1 45 65 75 86 98
0.000000 0.000000 0.000000 1.036738 1.070616 -3.144386 -64.995074 0.010204 0.010204 0.000669 385.500000 1.112270 1.217155 -52.087569 -68.074371 0.010204 0.010204 0.001411 385.500000 1 45 65 75 87 88
0.000000 0.000000 0.000000 4.441750 1.095559 -55.397866 -56.041355 0.010204 0.010204 0.000699 385.500000 1.112270 1.217165 -7.025390 -77.456234 0.010204 0.010204 0.001406 385.500000 1 45 65 75 87 92
0.000000 0.000000 0.000000 2.992561 1.077985 -29.218992 -50.217702 0.010204 0.010204 0.000677 404.142857 1.112270 1.217158 -9.906043 -72.339252 0.010204 0.010204 0.001346 404.142857 1 45 65 75 87 97
0.000000 0.000000 0.000000 594.797512 15.048044 -4280.368014 -696.222149 0.010204 0.010204 0.000708 404.142857 1.112270 1.217314 -41.216689 -73.034520 0.010204 0.010204 0.001320 404.142857 1 45 65 75 87 98
0.000000 0.000000 0.000000 5.741909 1.197283 -421.983604 -71.026481 0.010204 0.010204 0.000787 366.857143 1.112311 1.219815 -12.585787 -63.813974 0.010204 0.010204 0.001375 366.857143 1 45 65 76 77 88
0.000000 0.000000 0.000000 1.035507 1.089522 -12.858901 -70.621048 0.010204 0.010204 0.000749 366.857143 1.112311 1.219473 -5.592876 -72.560010 0.010204 0.010204 0.001405 366.857143 1 45 65 76 77 92
0.000000 0.000000 0.000000 1.113058 1.118562 -2.568410 -66.065561 0.010204 0.010204 0.000741 385.500000 1.112311 1.219474 -6.684128 -64.326908 0.010204 0.010204 0.001344 385.500000 1 45 65 76 77 97
0.000000 0.000000 0.000000 1.001301 1.155029 -57.790446 -70.922753 0.010204 0.010204 0.000710 385.500000 1.112311 1.219465 -149.306569 -63.585132 0.010204 0.010204 0.001348 385.500000 1 45 65 76 77 98
0.000000 0.000000 0.000000 3.596619 1.056043 -60.352969 -78.537950 0.010204 0.010204 0.000825 366.857143 1.112312 1.219502 -55.129093 -71.237484 0.010204 0.010204 0.001397 366.857143 1 45 65 76 81 88
0.000000 0.000000 0.000000 3.587641 1.055472 -320.518537 -61.590836 0.010204 0.010204 0.000874 366.857143 1.112312 1.219853 -125.950600 -69.591373 0.010204 0.010204 0.001367 366.857143 1 45 65 76 81 92
0.000000 0.000000 0.000000 1.099926 1.063371 -189.297081 -51.009677 0.010204 0.010204 0.000777 385.500000 1.112312 1.219494 -45.332729 -65.058631 0.010204 0.010204 0.001340 385.500000 1 45 65 76 81 97
0.000000 0.000000 0.000000 3.591692 1.055642 -387.832902 -76.130318 0.010204 0.010204 0.000816 385.500000 1.112312 1.219504 -171.951031 -66.631086 0.010204 0.010204 0.001336 385.500000 1 45 65 76 81 98
0.000000 0.000000 0.000000 3.606038 1.056214 -94.133427 -52.414201 0.010204 0.010204 0.000794 385.500000 1.112311 1.219484 -15.983866 -69.431213 0.010204 0.010204 0.001338 385.500000 1 45 65 76 86 88
0.000000 0.000000 0.000000 1.053150 1.731001 -135.325205 -84.997628 0.010204 0.010204 0.000756 385.500000 1.112311 1.219475 -9.490491 -77.039830 0.010204 0.010204 0.001343 385.500000 1 45 65 76 86 92
0.000000 0.000000 0.000000 3.595895 1.055684 -355.223955 -66.290109 0.010204 0.010204 0.000807 404.142857 1.112311 1.219635 -62.107963 -76.925226 0.010204 0.010204 0.001261 404.142857 1 45 65 76 86 97
0.000000 0.000000 0.000000 3.619690 1.057382 -136.720525 -67.698663 0.010204 0.010204 0.000766 404.142857 1.112311 1.219477 -118.681691 -59.696979 0.010204 0.010204 0.001284 404.142857 1 45 65 76 86 98
0.000000 0.000000 0.000000 3.589703 1.084184 -14.871118 -54.851415 0.010204 0.010204 0.000835 385.500000 1.112317 1.220044 -10.390649 -64.487464 0.010204 0.010204 0.001295 385.500000 1 45 65 76 87 88
0.000000 0.000000 0.000000 3.578720 1.055267 -79.682979 -66.109596 0.010204 0.010204 0.000884 385.500000 1.112317 1.220060 -7.367515 -63.591084 0.010204 0.010204 0.001291 385.500000 1 45 65 76 87 92
0.000000 0.000000 0.000000 3.578840 1.055286 -188.696469 -55.028382 0.010204 0.010204 0.000849 404.142857 1.112317 1.220048 -8.541674 -76.458301 0.010204 0.010204 0.001242 404.142857 1 45 65 76 87 97
0.000000 0.000000 0.000000 3.578588 1.055259 -210.709852 -63.186301 0.010204 0.010204 0.000902 404.142857 1.112318 1.220350 -276.060487 -74.308407 0.010204 0.010204 0.001220 404.142857 1 45 65 76 87 98
0.000000 0.000000 0.000000 3.275750 1.053724 -304.482447 -70.569066 0.010204 0.010204 0.001107 348.214286 1.114077 1.222062 -11.146253 -77.118749 0.010204 0.010204 0.001375 348.214286 5 26 46 66 77 88
0.000000 0.000000 0.000000 3.347253 1.094773 -117.299244 -68.200352 0.010204 0.010204 0.001028 348.214286 1.114073 1.221404 -23.603209 -66.592843 0.010204 0.010204 0.001403 348.214286 5 26 46 66 77 92
0.000000 0.000000 0.000000 3.280849 1.055098 -26.429964 -42.426522 0.010204 0.010204 0.001015 366.857143 1.114073 1.221409 -16.907761 -64.675516 0.010204 0.010204 0.001343 366.857143 5 26 46 66 77 97
0.000000 0.000000 0.000000 1.001682 1.095193 -20.996478 -83.306439 0.010204 0.010204 0.000955 366.857143 1.114073 1.221388 -21.123361 -88.957185 0.010204 0.010204 0.001347 366.857143 5 26 46 66 77 98
0.000000 0.000000 0.000000 1.016598 1.318652 -0.530334 -68.651121 0.010204 0.010204 0.000910 348.214286 1.114052 1.220392 -6.389502 -67.356456 0.010204 0.010204 0.001460 348.214286 5 26 46 66 81 88
0.000000 0.000000 0.000000 2.388530 1.082321 -72.993603 -72.012643 0.010204 0.010204 0.000967 348.214286 1.114052 1.220740 -8.782944 -80.697389 0.010204 0.010204 0.001428 348.214286 5 26 46 66 81 92
0.000000 0.000000 0.000000 1.000161 1.060475 -0.068228 -49.547326 0.010204 0.010204 0.000854 366.857143 1.114052 1.220383 -118.796407 -69.306709 0.010204 0.010204 0.001398 366.857143 5 26 46 66 81 97
0.000000 0.000000 0.000000 1.040925 1.068914 -50.922907 -71.325227 0.010204 0.010204 0.000899 366.857143 1.114052 1.220393 -49.068122 -78.265461 0.010204 0.010204 0.001394 366.857143 5 26 46 66 81 98
0.000000 0.000000 0.000000 1.366759 1.178382 -116.214310 -70.358107 0.010204 0.010204 0.000922 366.857143 1.114052 1.220403 -100.083930 -67.728945 0.010204 0.010204 0.001390 366.857143 5 26 46 66 86 88
0.000000 0.000000 0.000000 1.000341 1.060911 -109.285678 -75.798977 0.010204 0.010204 0.000873 366.857143 1.114052 1.220393 -12.449311 -69.472617 0.010204 0.010204 0.001395 366.857143 5 26 46 66 86 92
0.000000 0.000000 0.000000 3.424765 1.059317 -46.817669 -53.867583 0.010204 0.010204 0.000939 385.500000 1.114052 1.220558 -11.194459 -82.844632 0.010204 0.010204 0.001307 385.500000 5 26 46 66 86 97
0.000000 0.000000 0.000000 1.048498 1.062791 -25.816252 -82.911321 0.010204 0.010204 0.000886 385.500000 1.114052 1.220395 -8.851167 -72.773076 0.010204 0.010204 0.001333 385.500000 5 26 46 66 86 98
0.000000 0.000000 0.000000 1.000075 1.155200 -0.036355 -59.464241 0.010204 0.010204 0.000791 366.857143 1.114051 1.220360 -15.839567 -62.361199 0.010204 0.010204 0.001403 366.857143 5 26 46 66 87 88
0.000000 0.000000 0.000000 1.000745 1.112024 -30.317725 -65.088089 0.010204 0.010204 0.000831 366.857143 1.114051 1.220370 -263.433275 -72.064742 0.010204 0.010204 0.001398 366.857143 5 26 46 66 87 92
0.000000 0.000000 0.000000 1.000244 1.056202 -200.263849 -68.748828 0.010204 0.010204 0.000802 385.500000 1.114051 1.220362 -5.382711 -66.518990 0.010204 0.010204 0.001340 385.500000 5 26 46 66 87 97
0.000000 0.000000 0.000000 1.001961 1.050685 -279.202127 -79.550287 0.010204 0.010204 0.000843 385.500000 1.114051 1.220518 -110.045600 -64.400441 0.010204 0.010204 0.001315 385.500000 5 26 46 66 87 98
0.000000 0.000000 0.000000 1.091786 1.099962 -276.127025 -76.769045 0.010204 0.010204 0.000828 348.214286 1.113929 1.217968 -18.982293 -72.106822 0.010204 0.010204 0.001506 348.214286 5 26 46 70 77 88
0.000000 0.000000 0.000000 1.027904 1.129617 -256.701188 -74.041000 0.010204 0.010204 0.000787 348.214286 1.113929 1.217623 -187.396782 -64.114000 0.010204 0.010204 0.001542 348.214286 5 26 46 70 77 92
0.000000 0.000000 0.000000 1.106766 1.288434 -57.347128 -56.896441 0.010204 0.010204 0.000779 366.857143 1.113929 1.217625 -10.797224 -62.185269 0.010204 0.010204 0.001468 366.857143 5 26 46 70 77 97
0.000000 0.000000 0.000000 1.003121 1.119360 -137.850161 -70.624122 0.010204 0.010204 0.000745 366.857143 1.113929 1.217615 -17.878180 -75.160119 0.010204 0.010204 0.001474 366.857143 5 26 46 70 77 98
0.000000 0.000000 0.000000 3.704218 1.265736 -38.248651 -60.209485 0.010204 0.010204 0.000871 348.214286 1.113930 1.217986 -41.709255 -66.720618 0.010204 0.010204 0.001478 348.214286 5 26 46 70 81 88
0.000000 0.000000 0.000000 2.417073 1.075737 -184.054773 -64.895251 0.010204 0.010204 0.000925 348.214286 1.113930 1.218509 -81.049547 -67.161461 0.010204 0.010204 0.001446 348.214286 5 26 46 70 81 92
0.000000 0.000000 0.000000 1.007733 1.436107 -0.351428 -51.109702 0.010204 0.010204 0.000818 366.857143 1.113930 1.217974 -4.819793 -71.891635 0.010204 0.010204 0.001416 366.857143 5 26 46 70 81 97
0.000000 0.000000 0.000000 4.281750 1.201755 -529.619332 -98.945499 0.010204 0.010204 0.000861 366.857143 1.113930 1.217990 -95.976778 -72.716309 0.010204 0.010204 0.001412 366.857143 5 26 46 70 81 98
0.000000 0.000000 0.000000 1.003066 1.064057 -11.939626 -70.856807 0.010204 0.010204 0.000728 366.857143 1.113929 1.217616 -94.210664 -66.868341 0.010204 0.010204 0.001473 366.857143 5 26 46 70 86 88
0.000000 0.000000 0.000000 1.000777 1.079658 -0.657009 -55.772211 0.010204 0.010204 0.000697 366.857143 1.113929 1.217606 -10.068352 -77.265451 0.010204 0.010204 0.001479 366.857143 5 26 46 70 86 92
0.000000 0.000000 0.000000 1.011718 1.139817 -208.521805 -50.090208 0.010204 0.010204 0.000737 385.500000 1.113929 1.217763 -14.663023 -77.279164 0.010204 0.010204 0.001380 385.500000 5 26 46 70 86 97
0.000000 0.000000 0.000000 1.004171 1.119960 -159.167886 -76.529855 0.010204 0.010204 0.000706 385.500000 1.113929 1.217608 -86.174499 -70.672810 0.010204 0.010204 0.001408 385.500000 5 26 46 70 86 98
0.000000 0.000000 0.000000 1.006520 1.191388 -0.439993 -67.520876 0.010204 0.010204 0.000759 366.857143 1.113929 1.217616 -9.743471 -54.672435 0.010204 0.010204 0.001469 366.857143 5 26 46 70 87 88
0.000000 0.000000 0.000000 1.566868 1.614739 -117.899582 -68.755462 0.010204 0.010204 0.000796 366.857143 1.113929 1.217626 -115.282820 -75.722682 0.010204 0.010204 0.001464 366.857143 5 26 46 70 87 92
0.000000 0.000000 0.000000 1.038573 1.068969 -3.291005 -54.403097 0.010204 0.010204 0.000769 385.500000 1.113929 1.217619 -58.070481 -65.694828 0.010204 0.010204 0.001400 385.500000 5 26 46 70 87 97
0.000000 0.000000 0.000000 1.169885 1.064115 -85.185217 -69.327305 0.010204 0.010204 0.000808 385.500000 1.113929 1.217777 -34.831054 -67.927221 0.010204 0.010204 0.001372 385.500000 5 26 46 70 87 98
0.000000 0.000000 0.000000 1.708513 1.085837 -55.836344 -54.872488 0.010204 0.010204 0.000856 366.857143 1.113931 1.218005 -4.729731 -65.569632 0.010204 0.010204 0.001427 366.857143 5 26 46 75 77 88
0.000000 0.000000 0.000000 1.061948 1.113979 -113.690238 -71.070965 0.010204 0.010204 0.000811 366.857143 1.113931 1.217658 -142.209888 -71.686158 0.010204 0.010204 0.001460 366.857143 5 26 46 75 77 92
0.000000 0.000000 0.000000 1.191549 1.122890 -19.006478 -53.849357 0.010204 0.010204 0.000803 385.500000 1.113931 1.217659 -6.514742 -66.757585 0.010204 0.010204 0.001393 385.500000 5 26 46 75 77 97
0.000000 0.000000 0.000000 1.001370 1.059129 -92.816080 -80.953274 0.010204 0.010204 0.000766 385.500000 1.113931 1.217650 -18.634849 -67.851962 0.010204 0.010204 0.001398 385.500000 5 26 46 75 77 98
0.000000 0.000000 0.000000 1.001608 1.058498 -9.821807 -52.398900 0.010204 0.010204 0.000739 366.857143 1.113931 1.217648 -8.159534 -71.759560 0.010204 0.010204 0.001470 366.857143 5 26 46 75 81 88
0.000000 0.000000 0.000000 1.014599 1.177910 -1.355132 -78.460424 0.010204 0.010204 0.000775 366.857143 1.113931 1.217989 -20.201847 -57.488746 0.010204 0.010204 0.001436 366.857143 5 26 46 75 81 92
0.000000 0.000000 0.000000 1.000368 1.054926 -89.571336 -53.699664 0.010204 0.010204 0.000702 385.500000 1.113931 1.217640 -12.301759 -66.394023 0.010204 0.010204 0.001406 385.500000 5 26 46 75 81 97
0.000000 0.000000 0.000000 1.002501 1.060709 -3.673006 -68.749587 0.010204 0.010204 0.000732 385.500000 1.113931 1.217649 -62.714462 -71.216233 0.010204 0.010204 0.001402 385.500000 5 26 46 75 81 98
0.000000 0.000000 0.000000 4.013189 1.087638 -476.548441 -72.184072 0.010204 0.010204 0.000865 385.500000 1.113931 1.217829 -14.945173 -80.035016 0.010204 0.010204 0.001344 385.500000 5 26 46 75 86 88
0.000000 0.000000 0.000000 1.002613 1.146254 -5.452351 -64.585048 0.010204 0.010204 0.000820 385.500000 1.113931 1.217815 -11.287036 -74.402682 0.010204 0.010204 0.001348 385.500000 5 26 46 75 86 92
0.000000 0.000000 0.000000 3.547858 1.070624 -229.325834 -54.929864 0.010204 0.010204 0.000881 404.142857 1.113931 1.218059 -9.783051 -70.038202 0.010204 0.010204 0.001267 404.142857 5 26 46 75 86 97
0.000000 0.000000 0.000000 15.777102 1.553416 -1700.675544 -115.855135 0.010204 0.010204 0.000832 404.142857 1.113931 1.217819 -8.494994 -62.375200 0.010204 0.010204 0.001290 404.142857 5 26 46 75 86 98
0.000000 0.000000 0.000000 1.001536 1.087581 -0.313207 -45.554707 0.010204 0.010204 0.000746 385.500000 1.113931 1.217642 -202.715387 -63.413816 0.010204 0.010204 0.001401 385.500000 5 26 46 75 87 88
0.000000 0.000000 0.000000 1.035332 1.061161 -13.237193 -52.209154 0.010204 0.010204 0.000782 385.500000 1.113931 1.217651 -34.060686 -71.232090 0.010204 0.010204 0.001396 385.500000 5 26 46 75 87 92
0.000000 0.000000 0.000000 1.030851 1.125836 -112.821224 -49.792130 0.010204 0.010204 0.000756 404.142857 1.113931 1.217644 -23.986864 -66.549305 0.010204 0.010204 0.001337 404.142857 5 26 46 75 87 97
0.000000 0.000000 0.000000 1.138123 1.058373 -17.208550 -57.279152 0.010204 0.010204 0.000794 404.142857 1.113931 1.217800 -48.770070 -75.187858 0.010204 0.010204 0.001311 404.142857 5 26 46 75 87 98
0.000000 0.000000 0.000000 1.069643 2.216767 -10.928870 -161.537257 0.010204 0.010204 0.000686 366.857143 1.113926 1.217894 -7.785940 -67.136105 0.010204 0.010204 0.001448 366.857143 5 26 46 76 77 88
0.000000 0.000000 0.000000 1.003998 1.109023 -0.137204 -68.966345 0.010204 0.010204 0.000658 366.857143 1.113926 1.217553 -112.671266 -72.053578 0.010204 0.010204 0.001483 366.857143 5 26 46 76 77 92
0.000000 0.000000 0.000000 1.003199 1.073248 -0.208445 -76.372528 0.010204 0.010204 0.000653 385.500000 1.113926 1.217555 -16.531151 -67.079163 0.010204 0.010204 0.001413 385.500000 5 26 46 76 77 97
0.000000 0.000000 0.000000 1.003080 1.181968 -146.166499 -72.052564 0.010204 0.010204 0.000629 385.500000 1.113926 1.217545 -60.657903 -71.478852 0.010204 0.010204 0.001418 385.500000 5 26 46 76 77 98
0.000000 0.000000 0.000000 1.012495 1.057510 -3.886348 -68.164438 0.010204 0.010204 0.000714 366.857143 1.113926 1.217563 -34.972749 -70.417877 0.010204 0.010204 0.001473 366.857143 5 26 46 76 81 88
0.000000 0.000000 0.000000 1.141431 1.448711 -23.233628 -68.051858 0.010204 0.010204 0.000748 366.857143 1.113926 1.217910 -44.268527 -73.023791 0.010204 0.010204 0.001439 366.857143 5 26 46 76 81 92
0.000000 0.000000 0.000000 1.004254 1.056688 -218.610268 -39.426507 0.010204 0.010204 0.000679 385.500000 1.113926 1.217555 -73.164563 -61.582119 0.010204 0.010204 0.001409 385.500000 5 26 46 76 81 97
0.000000 0.000000 0.000000 1.049233 1.192493 -4.918978 -60.342495 0.010204 0.010204 0.000707 385.500000 1.113926 1.217564 -84.603855 -75.169735 0.010204 0.010204 0.001404 385.500000 5 26 46 76 81 98
0.000000 0.000000 0.000000 1.064469 1.386859 -65.260501 -88.286037 0.010204 0.010204 0.000692 385.500000 1.113926 1.217557 -10.392997 -64.777866 0.010204 0.010204 0.001407 385.500000 5 26 46 76 86 88
0.000000 0.000000 0.000000 1.003300 1.064611 -270.309745 -70.705394 0.010204 0.010204 0.000663 385.500000 1.113926 1.217547 -91.208404 -73.389714 0.010204 0.010204 0.001412 385.500000 5 26 46 76 86 92
0.000000 0.000000 0.000000 1.019523 1.090933 -306.103723 -71.443490 0.010204 0.010204 0.000701 404.142857 1.113926 1.217705 -18.491608 -68.405152 0.010204 0.010204 0.001320 404.142857 5 26 46 76 86 97
0.000000 0.000000 0.000000 1.014265 1.101492 -32.065151 -70.032371 0.010204 0.010204 0.000671 404.142857 1.113926 1.217549 -29.275867 -75.442094 0.010204 0.010204 0.001347 404.142857 5 26 46 76 86 98
0.000000 0.000000 0.000000 1.021285 1.072620 -74.611779 -68.347180 0.010204 0.010204 0.000720 385.500000 1.113926 1.217707 -13.880612 -76.333521 0.010204 0.010204 0.001359 385.500000 5 26 46 76 87 88
0.000000 0.000000 0.000000 1.099614 1.142012 -114.397619 -55.691263 0.010204 0.010204 0.000755 385.500000 1.113926 1.217720 -83.013396 -68.442931 0.010204 0.010204 0.001354 385.500000 5 26 46 76 87 92
0.000000 0.000000 0.000000 1.172877 1.253149 -37.402847 -58.736499 0.010204 0.010204 0.000730 404.142857 1.113926 1.217710 -27.132378 -68.827411 0.010204 0.010204 0.001299 404.142857 5 26 46 76 87 97
0.000000 0.000000 0.000000 1.067733 1.093881 -158.701039 -71.668277 0.010204 0.010204 0.000766 404.142857 1.113926 1.217948 -19.186460 -64.518113 0.010204 0.010204 0.001275 404.142857 5 26 46 76 87 98
0.000000 0.000000 0.000000 2.478970 1.114328 -416.929712 -66.212794 0.010204 0.010204 0.000781 348.214286 1.113378 1.215083 -14.773864 -77.677878 0.010204 0.010204 0.001538 348.214286 5 26 50 66 77 88
0.000000 0.000000 0.000000 2.932442 1.151331 -309.481410 -57.403122 0.010204 0.010204 0.000741 348.214286 1.113378 1.214561 -143.623843 -71.005226 0.010204 0.010204 0.001574 348.214286 5 26 50 66 77 92
0.000000 0.000000 0.000000 2.676512 1.130381 -144.075048 -55.392584 0.010204 0.010204 0.000734 366.857143 1.113378 1.214564 -184.654807 -85.103730 0.010204 0.010204 0.001499 366.857143 5 26 50 66 77 97
0.000000 0.000000 0.000000 1.762825 1.113403 -39.134556 -71.628820 0.010204 0.010204 0.000702 366.857143 1.113378 1.214549 -8.429364 -64.104245 0.010204 0.010204 0.001504 366.857143 5 26 50 66 77 98
0.000000 0.000000 0.000000 1.360469 1.069826 -69.802763 -73.349441 0.010204 0.010204 0.000679 348.214286 1.113378 1.214205 -79.622058 -64.926054 0.010204 0.010204 0.001647 348.214286 5 26 50 66 81 88
0.000000 0.000000 0.000000 1.370319 1.047032 -39.098656 -59.069333 0.010204 0.010204 0.000710 348.214286 1.113378 1.214549 -35.506359 -68.041069 0.010204 0.010204 0.001606 348.214286 5 26 50 66 81 92
0.000000 0.000000 0.000000 1.069219 1.057973 -151.912375 -48.696137 0.010204 0.010204 0.000646 366.857143 1.113378 1.214196 -339.075844 -66.629414 0.010204 0.010204 0.001569 366.857143 5 26 50 66 81 97
0.000000 0.000000 0.000000 2.459315 1.230747 -125.959882 -62.596260 0.010204 0.010204 0.000673 366.857143 1.113378 1.214206 -110.730401 -67.424542 0.010204 0.010204 0.001564 366.857143 5 26 50 66 81 98
0.000000 0.000000 0.000000 2.134393 1.130220 -108.747042 -73.159395 0.010204 0.010204 0.000685 366.857143 1.113378 1.214207 -9.156803 -71.373208 0.010204 0.010204 0.001558 366.857143 5 26 50 66 86 88
0.000000 0.000000 0.000000 1.331901 1.180070 -130.661078 -61.475124 0.010204 0.010204 0.000657 366.857143 1.113378 1.214198 -8.925861 -62.924794 0.010204 0.010204 0.001565 366.857143 5 26 50 66 86 92
0.000000 0.000000 0.000000 2.200571 1.121391 -175.349415 -68.285323 0.010204 0.010204 0.000695 385.500000 1.113378 1.214358 -18.157792 -63.374839 0.010204 0.010204 0.001455 385.500000 5 26 50 66 86 97
0.000000 0.000000 0.000000 1.757069 1.097836 -80.452035 -64.272499 0.010204 0.010204 0.000665 385.500000 1.113378 1.214200 -59.183208 -71.944410 0.010204 0.010204 0.001487 385.500000 5 26 50 66 86 98
0.000000 0.000000 0.000000 1.016171 1.046547 -65.378833 -53.840902 0.010204 0.010204 0.000610 366.857143 1.113378 1.214188 -4.495613 -64.940374 0.010204 0.010204 0.001575 366.857143 5 26 50 66 87 88
0.000000 0.000000 0.000000 1.188409 1.125035 -101.934865 -48.424461 0.010204 0.010204 0.000633 366.857143 1.113378 1.214197 -258.002604 -61.958590 0.010204 0.010204 0.001569 366.857143 5 26 50 66 87 92
0.000000 0.000000 0.000000 1.068392 1.058988 -7.868911 -45.602831 0.010204 0.010204 0.000616 385.500000 1.113378 1.214190 -47.735625 -66.317319 0.010204 0.010204 0.001496 385.500000 5 26 50 66 87 97
0.000000 0.000000 0.000000 1.268886 1.117416 -3.370632 -70.365980 0.010204 0.010204 0.000641 385.500000 1.113378 1.214344 -53.506377 -67.527539 0.010204 0.010204 0.001464 385.500000 5 26 50 66 87 98
0.000000 0.000000 0.000000 2.462686 1.066382 -253.337975 -59.652020 0.010204 0.010204 0.000809 348.214286 1.113381 1.216092 -18.204088 -67.539354 0.010204 0.010204 0.001517 348.214286 5 26 50 70 77 88
0.000000 0.000000 0.000000 1.668061 1.061410 -43.535123 -62.175362 0.010204 0.010204 0.000768 348.214286 1.113381 1.215744 -55.479995 -66.193657 0.010204 0.010204 0.001553 348.214286 5 26 50 70 77 92
0.000000 0.000000 0.000000 4.569106 1.181419 -127.126128 -60.443617 0.010204 0.010204 0.000760 366.857143 1.113381 1.215746 -6.901005 -69.680772 0.010204 0.010204 0.001479 366.857143 5 26 50 70 77 97
0.000000 0.000000 0.000000 1.006843 1.069692 -130.891236 -71.248142 0.010204 0.010204 0.000727 366.857143 1.113381 1.215736 -58.571191 -61.615585 0.010204 0.010204 0.001484 366.857143 5 26 50 70 77 98
0.000000 0.000000 0.000000 26.247282 2.099840 -1425.154199 -121.016522 0.010204 0.010204 0.000851 348.214286 1.113382 1.216497 -38.457499 -65.830744 0.010204 0.010204 0.001489 348.214286 5 26 50 70 81 88
0.000000 0.000000 0.000000 22.993251 1.956923 -1062.731421 -94.189934 0.010204 0.010204 0.000906 348.214286 1.113382 1.217106 -69.447816 -72.802859 0.010204 0.010204 0.001457 348.214286 5 26 50 70 81 92
0.000000 0.000000 0.000000 1.049541 1.100807 -36.593678 -33.219492 0.010204 0.010204 0.000800 366.857143 1.113382 1.216483 -129.975976 -68.546820 0.010204 0.010204 0.001427 366.857143 5 26 50 70 81 97
0.000000 0.000000 0.000000 24.331880 2.015601 -4246.646788 -145.229203 0.010204 0.010204 0.000842 366.857143 1.113382 1.216501 -6.701243 -75.312080 0.010204 0.010204 0.001422 366.857143 5 26 50 70 81 98
0.000000 0.000000 0.000000 1.213217 1.645579 -133.810954 -154.962851 0.010204 0.010204 0.000710 366.857143 1.113381 1.215728 -163.263840 -66.236872 0.010204 0.010204 0.001484 366.857143 5 26 50 70 86 88
0.000000 0.000000 0.000000 1.004041 1.199708 -7.736227 -57.285157 0.010204 0.010204 0.000680 366.857143 1.113381 1.215719 -15.431770 -67.930279 0.010204 0.010204 0.001489 366.857143 5 26 50 70 86 92
0.000000 0.000000 0.000000 4.931222 3.565497 -1129.615538 -214.618097 0.010204 0.010204 0.000720 385.500000 1.113381 1.215876 -8.034572 -72.251162 0.010204 0.010204 0.001390 385.500000 5 26 50 70 86 97
0.000000 0.000000 0.000000 1.015317 1.081015 -5.248402 -84.244267 0.010204 0.010204 0.000689 385.500000 1.113381 1.215721 -191.365931 -75.568012 0.010204 0.010204 0.001419 385.500000 5 26 50 70 86 98
0.000000 0.000000 0.000000 1.012706 1.070411 -93.257073 -57.521566 0.010204 0.010204 0.000741 366.857143 1.113381 1.215742 -5.006545 -70.660717 0.010204 0.010204 0.001480 366.857143 5 26 50 70 87 88
0.000000 0.000000 0.000000 2.332257 1.060495 -221.754706 -53.243756 0.010204 0.010204 0.000777 366.857143 1.113381 1.215752 -8.773470 -78.035565 0.010204 0.010204 0.001474 366.857143 5 26 50 70 87 92
0.000000 0.000000 0.000000 2.722865 1.083168 -67.637270 -44.037908 0.010204 0.010204 0.000751 385.500000 1.113381 1.215744 -16.447115 -71.928007 0.010204 0.010204 0.001411 385.500000 5 26 50 70 87 97
0.000000 0.000000 0.000000 2.168043 1.051636 -97.125028 -69.308673 0.010204 0.010204 0.000789 385.500000 1.113381 1.215906 -161.801075 -75.895426 0.010204 0.010204 0.001383 385.500000 5 26 50 70 87 98
0.000000 0.000000 0.000000 1.324894 1.088110 -20.181837 -57.792931 0.010204 0.010204 0.000650 366.857143 1.113378 1.214517 -14.957498 -75.860499 0.010204 0.010204 0.001530 366.857143 5 26 50 75 77 88
0.000000 0.000000 0.000000 2.802560 1.560335 -271.800739 -78.918245 0.010204 0.010204 0.000623 366.857143 1.113378 1.214170 -124.345113 -65.912465 0.010204 0.010204 0.001568 366.857143 5 26 50 75 77 92
0.000000 0.000000 0.000000 1.223785 1.065433 -33.511853 -72.774466 0.010204 0.010204 0.000618 385.500000 1.113378 1.214171 -15.354080 -63.861245 0.010204 0.010204 0.001491 385.500000 5 26 50 75 77 97
0.000000 0.000000 0.000000 1.141015 1.070328 -78.312467 -64.987731 0.010204 0.010204 0.000596 385.500000 1.113378 1.214162 -72.846838 -68.771121 0.010204 0.010204 0.001497 385.500000 5 26 50 75 77 98
0.000000 0.000000 0.000000 2.134844 2.231831 -118.683804 -117.843740 0.010204 0.010204 0.000580 366.857143 1.113378 1.214161 -97.575456 -70.859222 0.010204 0.010204 0.001580 366.857143 5 26 50 75 81 88
0.000000 0.000000 0.000000 1.373538 1.293877 -235.764198 -74.684424 0.010204 0.010204 0.000602 366.857143 1.113378 1.214501 -9.192587 -55.819802 0.010204 0.010204 0.001541 366.857143 5 26 50 75 81 92
0.000000 0.000000 0.000000 1.027101 1.055476 -136.804945 -62.890492 0.010204 0.010204 0.000556 385.500000 1.113378 1.214152 -27.339955 -61.348340 0.010204 0.010204 0.001507 385.500000 5 26 50 75 81 97
0.000000 0.000000 0.000000 1.071289 1.067955 -8.043201 -71.409563 0.010204 0.010204 0.000576 385.500000 1.113378 1.214162 -89.065751 -67.040889 0.010204 0.010204 0.001501 385.500000 5 26 50 75 81 98
0.000000 0.000000 0.000000 3.236782 1.441819 -191.014968 -86.599007 0.010204 0.010204 0.000655 385.500000 1.113378 1.214325 -4.765928 -68.709160 0.010204 0.010204 0.001435 385.500000 5 26 50 75 86 88
0.000000 0.000000 0.000000 1.349768 1.073514 -129.716201 -47.934717 0.010204 0.010204 0.000628 385.500000 1.113378 1.214312 -12.919251 -64.844139 0.010204 0.010204 0.001440 385.500000 5 26 50 75 86 92
0.000000 0.000000 0.000000 2.530116 1.300737 -293.306105 -90.934678 0.010204 0.010204 0.000663 404.142857 1.113378 1.214553 -13.776501 -66.155529 0.010204 0.010204 0.001347 404.142857 5 26 50 75 86 97
0.000000 0.000000 0.000000 4.466703 1.687544 -104.870667 -80.510669 0.010204 0.010204 0.000635 404.142857 1.113378 1.214315 -167.115651 -73.089613 0.010204 0.010204 0.001374 404.142857 5 26 50 75 86 98
0.000000 0.000000 0.000000 1.081302 1.057217 -199.111799 -74.432826 0.010204 0.010204 0.000584 385.500000 1.113378 1.214154 -101.242778 -75.451965 0.010204 0.010204 0.001500 385.500000 5 26 50 75 87 88
0.000000 0.000000 0.000000 1.295106 1.108523 -14.543692 -58.155914 0.010204 0.010204 0.000606 385.500000 1.113378 1.214164 -19.633761 -71.172679 0.010204 0.010204 0.001494 385.500000 5 26 50 75 87 92
0.000000 0.000000 0.000000 1.209326 1.083394 -10.031257 -65.543601 0.010204 0.010204 0.000590 404.142857 1.113378 1.214156 -15.389942 -73.638428 0.010204 0.010204 0.001427 404.142857 5 26 50 75 87 97
0.000000 0.000000 0.000000 1.212242 1.069949 -53.224461 -60.616365 0.010204 0.010204 0.000613 404.142857 1.113378 1.214313 -142.653896 -63.061587 0.010204 0.010204 0.001397 404.142857 5 26 50 75 87 98
0.000000 0.000000 0.000000 1.950308 1.354083 -155.109302 -93.092534 0.010204 0.010204 0.000670 366.857143 1.113378 1.214554 -13.276420 -62.231074 0.010204 0.010204 0.001527 366.857143 5 26 50 76 77 88
0.000000 0.000000 0.000000 1.366266 1.345165 -85.065419 -82.631814 0.010204 0.010204 0.000642 366.857143 1.113378 1.214214 -4.108387 -82.158079 0.010204 0.010204 0.001565 366.857143 5 26 50 76 77 92
0.000000 0.000000 0.000000 1.206006 1.134752 -65.481590 -65.311579 0.010204 0.010204 0.000637 385.500000 1.113378 1.214215 -8.894157 -76.114623 0.010204 0.010204 0.001489 385.500000 5 26 50 76 77 97
0.000000 0.000000 0.000000 1.015073 1.059280 -1.206888 -76.661854 0.010204 0.010204 0.000613 385.500000 1.113378 1.214205 -85.266151 -74.538634 0.010204 0.010204 0.001494 385.500000 5 26 50 76 77 98
0.000000 0.000000 0.000000 2.506144 1.148796 -68.947263 -53.141760 0.010204 0.010204 0.000696 366.857143 1.113378 1.214224 -22.948455 -76.315334 0.010204 0.010204 0.001554 366.857143 5 26 50 76 81 88
0.000000 0.000000 0.000000 3.669052 1.198470 -56.571136 -51.540176 0.010204 0.010204 0.000730 366.857143 1.113378 1.214570 -10.980209 -69.335099 0.010204 0.010204 0.001517 366.857143 5 26 50 76 81 92
0.000000 0.000000 0.000000 5.320644 4.250311 -139.952752 -107.550191 0.010204 0.010204 0.000662 385.500000 1.113378 1.214215 -41.679727 -69.485958 0.010204 0.010204 0.001484 385.500000 5 26 50 76 81 97
0.000000 0.000000 0.000000 2.825136 1.154190 -90.581015 -57.771273 0.010204 0.010204 0.000690 385.500000 1.113378 1.214225 -25.975817 -76.873437 0.010204 0.010204 0.001479 385.500000 5 26 50 76 81 98
0.000000 0.000000 0.000000 1.541583 1.061444 -52.012459 -57.806727 0.010204 0.010204 0.000675 385.500000 1.113378 1.214217 -23.076378 -68.054472 0.010204 0.010204 0.001482 385.500000 5 26 50 76 86 88
0.000000 0.000000 0.000000 1.047043 1.051289 -6.631343 -56.669167 0.010204 0.010204 0.000647 385.500000 1.113378 1.214208 -7.978047 -60.466535 0.010204 0.010204 0.001487 385.500000 5 26 50 76 86 92
0.000000 0.000000 0.000000 2.082394 1.096174 -192.999658 -75.137805 0.010204 0.010204 0.000683 404.142857 1.113378 1.214366 -4.376565 -64.427353 0.010204 0.010204 0.001387 404.142857 5 26 50 76 86 97
0.000000 0.000000 0.000000 2.643257 1.237084 -111.815344 -86.708977 0.010204 0.010204 0.000655 404.142857 1.113378 1.214210 -23.051192 -73.302808 0.010204 0.010204 0.001416 404.142857 5 26 50 76 86 98
0.000000 0.000000 0.000000 1.303356 1.094766 -218.743529 -66.746894 0.010204 0.010204 0.000703 385.500000 1.113378 1.214374 -15.217683 -67.990464 0.010204 0.010204 0.001428 385.500000 5 26 50 76 87 88
0.000000 0.000000 0.000000 3.297427 1.140423 -266.353505 -61.838916 0.010204 0.010204 0.000736 385.500000 1.113378 1.214388 -5.899686 -63.104563 0.010204 0.010204 0.001423 385.500000 5 26 50 76 87 92
0.000000 0.000000 0.000000 3.554578 1.156953 -207.320692 -66.192431 0.010204 0.010204 0.000712 404.142857 1.113378 1.214378 -135.838110 -66.250656 0.010204 0.010204 0.001364 404.142857 5 26 50 76 87 97
0.000000 0.000000 0.000000 3.077757 1.126408 -60.452420 -65.530206 0.010204 0.010204 0.000748 404.142857 1.113378 1.214617 -136.360858 -73.080954 0.010204 0.010204 0.001337 404.142857 5 26 50 76 87 98
0.000000 0.000000 0.000000 11.786538 1.563242 -2958.922812 -128.462101 0.010204 0.010204 0.000842 348.214286 1.113389 1.215188 -6.923284 -64.318511 0.010204 0.010204 0.001526 348.214286 5 26 61 66 77 88
0.000000 0.000000 0.000000 1.913033 1.048990 -154.574481 -54.741216 0.010204 0.010204 0.000796 348.214286 1.113389 1.214665 -17.228370 -72.964903 0.010204 0.010204 0.001562 348.214286 5 26 61 66 77 92
0.000000 0.000000 0.000000 34.923535 2.787220 -1352.341787 -135.233231 0.010204 0.010204 0.000788 366.857143 1.113389 1.214668 -15.456356 -69.571432 0.010204 0.010204 0.001488 366.857143 5 26 61 66 77 97
0.000000 0.000000 0.000000 1.249416 1.601274 -252.269292 -92.431680 0.010204 0.010204 0.000751 366.857143 1.113389 1.214652 -73.457294 -77.795370 0.010204 0.010204 0.001493 366.857143 5 26 61 66 77 98
0.000000 0.000000 0.000000 2.415985 1.345119 -244.143055 -80.237097 0.010204 0.010204 0.000724 348.214286 1.113389 1.214301 -15.270893 -79.832559 0.010204 0.010204 0.001634 348.214286 5 26 61 66 81 88
0.000000 0.000000 0.000000 1.698176 1.068493 -97.320812 -58.421608 0.010204 0.010204 0.000760 348.214286 1.113389 1.214645 -6.824495 -71.145517 0.010204 0.010204 0.001593 348.214286 5 26 61 66 81 92
0.000000 0.000000 0.000000 1.058752 1.139146 -36.070503 -35.305279 0.010204 0.010204 0.000688 366.857143 1.113389 1.214292 -13.458486 -63.832678 0.010204 0.010204 0.001557 366.857143 5 26 61 66 81 97
0.000000 0.000000 0.000000 1.368628 1.057087 -79.321954 -61.083856 0.010204 0.010204 0.000717 366.857143 1.113389 1.214302 -17.062337 -66.124237 0.010204 0.010204 0.001552 366.857143 5 26 61 66 81 98
0.000000 0.000000 0.000000 1.669361 1.060957 -211.291720 -57.078972 0.010204 0.010204 0.000732 366.857143 1.113389 1.214303 -4.436469 -59.211714 0.010204 0.010204 0.001546 366.857143 5 26 61 66 86 88
0.000000 0.000000 0.000000 1.032535 1.053570 -5.118124 -60.084397 0.010204 0.010204 0.000700 366.857143 1.113389 1.214294 -47.328521 -67.615807 0.010204 0.010204 0.001553 366.857143 5 26 61 66 86 92
0.000000 0.000000 0.000000 3.037719 1.144305 -353.633465 -60.593063 0.010204 0.010204 0.000743 385.500000 1.113389 1.214455 -69.531736 -61.498528 0.010204 0.010204 0.001445 385.500000 5 26 61 66 86 97
0.000000 0.000000 0.000000 3.053246 1.248446 -223.670322 -85.273964 0.010204 0.010204 0.000709 385.500000 1.113389 1.214296 -9.264901 -69.591766 0.010204 0.010204 0.001476 385.500000 5 26 61 66 86 98
0.000000 0.000000 0.000000 1.032099 1.231246 -297.257143 -66.697282 0.010204 0.010204 0.000647 366.857143 1.113389 1.214284 -150.059225 -74.667055 0.010204 0.010204 0.001563 366.857143 5 26 61 66 87 88
0.000000 0.000000 0.000000 1.051144 1.060128 -2.272067 -58.535305 0.010204 0.010204 0.000673 366.857143 1.113389 1.214293 -11.952477 -60.315864 0.010204 0.010204 0.001557 366.857143 5 26 61 66 87 92
0.000000 0.000000 0.000000 1.066988 1.113134 -64.309291 -56.556646 0.010204 0.010204 0.000654 385.500000 1.113389 1.214286 -6.742687 -70.942669 0.010204 0.010204 0.001485 385.500000 5 26 61 66 87 97
0.000000 0.000000 0.000000 1.297717 1.186937 -61.713653 -59.527545 0.010204 0.010204 0.000682 385.500000 1.113389 1.214440 -6.629870 -74.031949 0.010204 0.010204 0.001453 385.500000 5 26 61 66 87 98
0.000000 0.000000 0.000000 1.227046 1.099909 -20.136670 -67.197311 0.010204 0.010204 0.000673 348.214286 1.113389 1.214582 -57.915017 -68.735954 0.010204 0.010204 0.001608 348.214286 5 26 61 70 77 88
0.000000 0.000000 0.000000 1.105612 1.060075 -8.805709 -54.368243 0.010204 0.010204 0.000645 348.214286 1.113389 1.214237 -24.418221 -77.542952 0.010204 0.010204 0.001650 348.214286 5 26 61 70 77 92
0.000000 0.000000 0.000000 1.097391 1.049543 -35.745353 -71.335021 0.010204 0.010204 0.000640 366.857143 1.113389 1.214238 -13.820223 -65.787108 0.010204 0.010204 0.001566 366.857143 5 26 61 70 77 97
0.000000 0.000000 0.000000 1.048314 1.055259 -22.693717 -65.115103 0.010204 0.010204 0.000616 366.857143 1.113389 1.214229 -87.429813 -75.574507 0.010204 0.010204 0.001572 366.857143 5 26 61 70 77 98
0.000000 0.000000 0.000000 1.636917 1.145058 -78.502808 -54.677917 0.010204 0.010204 0.000700 348.214286 1.113389 1.214586 -51.870942 -75.871957 0.010204 0.010204 0.001576 348.214286 5 26 61 70 81 88
0.000000 0.000000 0.000000 1.454135 1.101903 -58.323035 -50.701357 0.010204 0.010204 0.000735 348.214286 1.113389 1.215106 -59.240601 -79.412509 0.010204 0.010204 0.001540 348.214286 5 26 61 70 81 92
0.000000 0.000000 0.000000 1.311522 1.080020 -13.492629 -48.666688 0.010204 0.010204 0.000666 366.857143 1.113389 1.214574 -5.067602 -60.109741 0.010204 0.010204 0.001506 366.857143 5 26 61 70 81 97
0.000000 0.000000 0.000000 1.537382 1.121515 -74.295082 -70.509830 0.010204 0.010204 0.000694 366.857143 1.113389 1.214590 -7.697288 -73.370089 0.010204 0.010204 0.001501 366.857143 5 26 61 70 81 98
0.000000 0.000000 0.000000 1.037866 1.055486 -3.565985 -78.559857 0.010204 0.010204 0.000605 366.857143 1.113389 1.214230 -12.773813 -69.033840 0.010204 0.010204 0.001571 366.857143 5 26 61 70 86 88
0.000000 0.000000 0.000000 1.133520 1.448476 -91.916640 -104.911173 0.010204 0.010204 0.000583 366.857143 1.113389 1.214220 -13.496238 -67.195234 0.010204 0.010204 0.001578 366.857143 5 26 61 70 86 92
0.000000 0.000000 0.000000 1.065894 1.077656 -5.878654 -75.867699 0.010204 0.010204 0.000612 385.500000 1.113389 1.214377 -273.549985 -71.381500 0.010204 0.010204 0.001466 385.500000 5 26 61 70 86 97
0.000000 0.000000 0.000000 1.422860 1.711717 -62.281167 -151.532001 0.010204 0.010204 0.000589 385.500000 1.113389 1.214222 -145.593520 -72.998642 0.010204 0.010204 0.001498 385.500000 5 26 61 70 86 98
0.000000 0.000000 0.000000 1.150430 1.116530 -8.228036 -71.059137 0.010204 0.010204 0.000626 366.857143 1.113389 1.214230 -7.857640 -53.742085 0.010204 0.010204 0.001567 366.857143 5 26 61 70 87 88
0.000000 0.000000 0.000000 1.132134 1.049840 -71.853207 -53.226645 0.010204 0.010204 0.000651 366.857143 1.113389 1.214239 -7.053550 -65.004236 0.010204 0.010204 0.001560 366.857143 5 26 61 70 87 92
0.000000 0.000000 0.000000 1.811544 1.331319 -37.107155 -72.982305 0.010204 0.010204 0.000633 385.500000 1.113389 1.214232 -12.738112 -64.398738 0.010204 0.010204 0.001489 385.500000 5 26 61 70 87 97
0.000000 0.000000 0.000000 1.136298 1.046345 -67.122088 -55.332571 0.010204 0.010204 0.000660 385.500000 1.113389 1.214391 -113.784297 -71.437772 0.010204 0.010204 0.001457 385.500000 5 26 61 70 87 98
0.000000 0.000000 0.000000 5.526606 1.166485 -1418.336321 -78.953319 0.010204 0.010204 0.000841 366.857143 1.113393 1.215921 -338.945179 -71.547759 0.010204 0.010204 0.001438 366.857143 5 26 61 75 77 88
0.000000 0.000000 0.000000 1.824089 1.057435 -33.135684 -58.722430 0.010204 0.010204 0.000796 366.857143 1.113393 1.215572 -7.932766 -62.803481 0.010204 0.010204 0.001470 366.857143 5 26 61 75 77 92
0.000000 0.000000 0.000000 24.131583 1.901746 -737.210145 -78.979028 0.010204 0.010204 0.000787 385.500000 1.113393 1.215573 -5.283717 -66.780467 0.010204 0.010204 0.001403 385.500000 5 26 61 75 77 97
0.000000 0.000000 0.000000 1.004295 1.064895 -85.273177 -78.801313 0.010204 0.010204 0.000751 385.500000 1.113393 1.215563 -75.049551 -71.925954 0.010204 0.010204 0.001408 385.500000 5 26 61 75 77 98
0.000000 0.000000 0.000000 1.008196 1.112228 -20.910571 -60.050753 0.010204 0.010204 0.000725 366.857143 1.113393 1.215550 -128.215095 -64.163935 0.010204 0.010204 0.001480 366.857143 5 26 61 75 81 88
0.000000 0.000000 0.000000 1.050941 1.090094 -22.305813 -75.144018 0.010204 0.010204 0.000760 366.857143 1.113393 1.215891 -116.982377 -68.448862 0.010204 0.010204 0.001447 366.857143 5 26 61 75 81 92
0.000000 0.000000 0.000000 1.001814 1.176110 -0.041666 -66.484825 0.010204 0.010204 0.000689 385.500000 1.113393 1.215542 -136.295404 -72.680998 0.010204 0.010204 0.001416 385.500000 5 26 61 75 81 97
0.000000 0.000000 0.000000 1.025035 1.184272 -54.013133 -67.799554 0.010204 0.010204 0.000718 385.500000 1.113393 1.215551 -6.631589 -65.153716 0.010204 0.010204 0.001412 385.500000 5 26 61 75 81 98
0.000000 0.000000 0.000000 3.893061 1.104377 -496.587266 -73.382116 0.010204 0.010204 0.000849 385.500000 1.113394 1.215973 -201.239210 -68.793021 0.010204 0.010204 0.001354 385.500000 5 26 61 75 86 88
0.000000 0.000000 0.000000 1.014247 1.093240 -72.255031 -59.114416 0.010204 0.010204 0.000804 385.500000 1.113394 1.215957 -24.767614 -77.696852 0.010204 0.010204 0.001358 385.500000 5 26 61 75 86 92
0.000000 0.000000 0.000000 3.868606 1.103336 -77.149882 -69.522044 0.010204 0.010204 0.000865 404.142857 1.113394 1.216241 -9.882840 -71.070554 0.010204 0.010204 0.001277 404.142857 5 26 61 75 86 97
0.000000 0.000000 0.000000 3.925513 1.106085 -134.837797 -60.390898 0.010204 0.010204 0.000817 404.142857 1.113394 1.215962 -171.523598 -76.463890 0.010204 0.010204 0.001300 404.142857 5 26 61 75 86 98
0.000000 0.000000 0.000000 1.057389 3.010406 -5.438151 -277.763988 0.010204 0.010204 0.000732 385.500000 1.113393 1.215549 -14.022172 -80.791166 0.010204 0.010204 0.001411 385.500000 5 26 61 75 87 88
0.000000 0.000000 0.000000 2.027789 1.065499 -89.778447 -52.443750 0.010204 0.010204 0.000767 385.500000 1.113393 1.215558 -14.172315 -73.266992 0.010204 0.010204 0.001406 385.500000 5 26 61 75 87 92
0.000000 0.000000 0.000000 1.226262 1.060117 -8.997564 -49.725125 0.010204 0.010204 0.000741 404.142857 1.113393 1.215551 -21.424950 -71.308205 0.010204 0.010204 0.001347 404.142857 5 26 61 75 87 97
0.000000 0.000000 0.000000 19.176005 1.692455 -2344.883621 -122.317416 0.010204 0.010204 0.000779 404.142857 1.113393 1.215708 -122.491031 -66.928691 0.010204 0.010204 0.001321 404.142857 5 26 61 75 87 98
0.000000 0.000000 0.000000 10.611368 7.598530 -559.473988 -939.223681 0.010204 0.010204 0.000673 366.857143 1.113389 1.214594 -13.174048 -73.815447 0.010204 0.010204 0.001527 366.857143 5 26 61 76 77 88
0.000000 0.000000 0.000000 1.117661 1.177806 -12.326928 -56.056679 0.010204 0.010204 0.000646 366.857143 1.113389 1.214253 -167.984494 -76.817460 0.010204 0.010204 0.001565 366.857143 5 26 61 76 77 92
0.000000 0.000000 0.000000 1.130455 1.145110 -74.956714 -47.222757 0.010204 0.010204 0.000640 385.500000 1.113389 1.214254 -128.441186 -71.770184 0.010204 0.010204 0.001488 385.500000 5 26 61 76 77 97
0.000000 0.000000 0.000000 1.012721 1.065702 -13.616189 -76.364418 0.010204 0.010204 0.000617 385.500000 1.113389 1.214245 -53.742115 -64.219077 0.010204 0.010204 0.001493 385.500000 5 26 61 76 77 98
0.000000 0.000000 0.000000 1.830361 1.133594 -80.317783 -70.551273 0.010204 0.010204 0.000700 366.857143 1.113389 1.214263 -13.359386 -69.788100 0.010204 0.010204 0.001554 366.857143 5 26 61 76 81 88
0.000000 0.000000 0.000000 1.892326 1.089772 -94.434939 -60.563803 0.010204 0.010204 0.000734 366.857143 1.113389 1.214610 -61.821964 -71.672819 0.010204 0.010204 0.001516 366.857143 5 26 61 76 81 92
0.000000 0.000000 0.000000 1.052802 1.059147 -0.821432 -45.185416 0.010204 0.010204 0.000666 385.500000 1.113389 1.214255 -6.609569 -75.309034 0.010204 0.010204 0.001483 385.500000 5 26 61 76 81 97
0.000000 0.000000 0.000000 1.396099 1.049985 -127.537685 -61.077698 0.010204 0.010204 0.000694 385.500000 1.113389 1.214264 -211.154702 -71.894174 0.010204 0.010204 0.001478 385.500000 5 26 61 76 81 98
0.000000 0.000000 0.000000 4.389619 1.658918 -270.408237 -103.047849 0.010204 0.010204 0.000678 385.500000 1.113389 1.214257 -104.773517 -69.755635 0.010204 0.010204 0.001481 385.500000 5 26 61 76 86 88
0.000000 0.000000 0.000000 1.083957 1.135462 -6.249301 -60.098069 0.010204 0.010204 0.000651 385.500000 1.113389 1.214247 -18.096140 -81.462214 0.010204 0.010204 0.001487 385.500000 5 26 61 76 86 92
0.000000 0.000000 0.000000 1.542573 1.074118 -6.630685 -71.524312 0.010204 0.010204 0.000687 404.142857 1.113389 1.214405 -51.020735 -78.478066 0.010204 0.010204 0.001386 404.142857 5 26 61 76 86 97
0.000000 0.000000 0.000000 5.443667 2.151291 -670.729440 -109.297198 0.010204 0.010204 0.000658 404.142857 1.113389 1.214249 -79.937387 -64.453473 0.010204 0.010204 0.001415 404.142857 5 26 61 76 86 98
0.000000 0.000000 0.000000 1.126431 1.087721 -4.465869 -57.554408 0.010204 0.010204 0.000707 385.500000 1.113389 1.214410 -222.207123 -70.204369 0.010204 0.010204 0.001428 385.500000 5 26 61 76 87 88
0.000000 0.000000 0.000000 3.248351 1.153294 -155.126215 -60.231217 0.010204 0.010204 0.000741 385.500000 1.113389 1.214423 -25.280443 -65.680568 0.010204 0.010204 0.001423 385.500000 5 26 61 76 87 92
0.000000 0.000000 0.000000 3.950205 1.203664 -194.903714 -64.908354 0.010204 0.010204 0.000716 404.142857 1.113389 1.214413 -142.876889 -63.565184 0.010204 0.010204 0.001363 404.142857 5 26 61 76 87 97
0.000000 0.000000 0.000000 2.817857 1.122624 -148.604079 -69.212870 0.010204 0.010204 0.000752 404.142857 1.113389 1.214651 -182.516290 -73.319039 0.010204 0.010204 0.001337 404.142857 5 26 61 76 87 98
0.000000 0.000000 0.000000 3.496094 1.496038 -66.210644 -115.706792 0.010204 0.010204 0.000641 348.214286 1.113367 1.214972 -4.865973 -62.243721 0.010204 0.010204 0.001555 348.214286 5 26 65 66 77 88
0.000000 0.000000 0.000000 4.794214 1.755969 -135.537529 -110.177671 0.010204 0.010204 0.000614 348.214286 1.113367 1.214452 -36.803482 -67.791841 0.010204 0.010204 0.001592 348.214286 5 26 65 66 77 92
0.000000 0.000000 0.000000 4.108605 1.618664 -259.997416 -134.292817 0.010204 0.010204 0.000609 366.857143 1.113367 1.214455 -8.528476 -68.810310 0.010204 0.010204 0.001516 366.857143 5 26 65 66 77 97
0.000000 0.000000 0.000000 1.237958 1.047834 -12.687613 -52.048080 0.010204 0.010204 0.000587 366.857143 1.113367 1.214439 -111.661433 -65.173040 0.010204 0.010204 0.001521 366.857143 5 26 65 66 77 98
0.000000 0.000000 0.000000 1.243513 1.066259 -98.448825 -72.630299 0.010204 0.010204 0.000571 348.214286 1.113367 1.214102 -309.194631 -65.616580 0.010204 0.010204 0.001668 348.214286 5 26 65 66 81 88
0.000000 0.000000 0.000000 1.288573 1.073197 -60.213731 -53.782523 0.010204 0.010204 0.000593 348.214286 1.113367 1.214447 -7.536875 -67.922488 0.010204 0.010204 0.001625 348.214286 5 26 65 66 81 92
0.000000 0.000000 0.000000 1.505914 1.168856 -62.339825 -52.533402 0.010204 0.010204 0.000548 366.857143 1.113367 1.214094 -5.019926 -68.094854 0.010204 0.010204 0.001588 366.857143 5 26 65 66 81 97
0.000000 0.000000 0.000000 2.762056 1.465210 -219.266028 -106.262421 0.010204 0.010204 0.000567 366.857143 1.113367 1.214103 -161.739652 -73.132839 0.010204 0.010204 0.001582 366.857143 5 26 65 66 81 98
0.000000 0.000000 0.000000 3.354323 1.554754 -248.757094 -112.783166 0.010204 0.010204 0.000576 366.857143 1.113367 1.214105 -51.052510 -73.694414 0.010204 0.010204 0.001576 366.857143 5 26 65 66 86 88
0.000000 0.000000 0.000000 1.668574 1.183806 -78.106626 -71.522429 0.010204 0.010204 0.000556 366.857143 1.113367 1.214095 -4.545267 -67.057330 0.010204 0.010204 0.001583 366.857143 5 26 65 66 86 92
0.000000 0.000000 0.000000 1.495877 1.113983 -148.043970 -85.302332 0.010204 0.010204 0.000582 385.500000 1.113367 1.214256 -17.479166 -67.657095 0.010204 0.010204 0.001471 385.500000 5 26 65 66 86 97
0.000000 0.000000 0.000000 1.228076 1.054719 -4.224398 -67.483990 0.010204 0.010204 0.000561 385.500000 1.113367 1.214097 -135.600348 -81.675604 0.010204 0.010204 0.001503 385.500000 5 26 65 66 86 98
0.000000 0.000000 0.000000 1.154200 1.111151 -78.450134 -75.614793 0.010204 0.010204 0.000521 366.857143 1.113367 1.214086 -4.573737 -77.800120 0.010204 0.010204 0.001594 366.857143 5 26 65 66 87 88
0.000000 0.000000 0.000000 1.169207 1.076554 -32.894058 -45.656233 0.010204 0.010204 0.000539 366.857143 1.113367 1.214095 -19.238929 -62.608510 0.010204 0.010204 0.001587 366.857143 5 26 65 66 87 92
0.000000 0.000000 0.000000 1.144368 1.069965 -90.026033 -61.752726 0.010204 0.010204 0.000526 385.500000 1.113367 1.214088 -70.641635 -59.697694 0.010204 0.010204 0.001513 385.500000 5 26 65 66 87 97
0.000000 0.000000 0.000000 3.574056 2.051986 -295.249725 -166.840071 0.010204 0.010204 0.000544 385.500000 1.113367 1.214242 -7.999050 -75.154439 0.010204 0.010204 0.001480 385.500000 5 26 65 66 87 98
0.000000 0.000000 0.000000 1.815460 1.089268 -166.038466 -43.520024 0.010204 0.010204 0.000660 348.214286 1.113367 1.214509 -15.576364 -79.416089 0.010204 0.010204 0.001610 348.214286 5 26 65 70 77 88
0.000000 0.000000 0.000000 1.513249 1.060698 -40.775853 -46.961201 0.010204 0.010204 0.000632 348.214286 1.113367 1.214164 -16.010026 -67.782319 0.010204 0.010204 0.001651 348.214286 5 26 65 70 77 92
0.000000 0.000000 0.000000 4.513276 1.400380 -124.069468 -74.457410 0.010204 0.010204 0.000627 366.857143 1.113367 1.214165 -87.185442 -75.820452 0.010204 0.010204 0.001568 366.857143 5 26 65 70 77 97
0.000000 0.000000 0.000000 1.588461 1.109566 -202.572985 -74.657480 0.010204 0.010204 0.000604 366.857143 1.113367 1.214156 -20.844994 -71.012373 0.010204 0.010204 0.001573 366.857143 5 26 65 70 77 98
0.000000 0.000000 0.000000 2.294211 1.125078 -253.380328 -81.200664 0.010204 0.010204 0.000687 348.214286 1.113367 1.214528 -17.308794 -65.102873 0.010204 0.010204 0.001578 348.214286 5 26 65 70 81 88
0.000000 0.000000 0.000000 2.232380 1.118893 -79.398804 -46.334236 0.010204 0.010204 0.000721 348.214286 1.113367 1.215051 -252.955740 -66.202295 0.010204 0.010204 0.001542 348.214286 5 26 65 70 81 92
0.000000 0.000000 0.000000 2.641845 1.160481 -155.352400 -45.009493 0.010204 0.010204 0.000652 366.857143 1.113367 1.214515 -28.306376 -68.272957 0.010204 0.010204 0.001508 366.857143 5 26 65 70 81 97
0.000000 0.000000 0.000000 2.265789 1.122230 -98.258035 -77.770836 0.010204 0.010204 0.000680 366.857143 1.113367 1.214531 -18.427743 -71.687473 0.010204 0.010204 0.001503 366.857143 5 26 65 70 81 98
0.000000 0.000000 0.000000 2.443962 1.302462 -381.574368 -86.231745 0.010204 0.010204 0.000592 366.857143 1.113367 1.214157 -14.157656 -67.667893 0.010204 0.010204 0.001573 366.857143 5 26 65 70 86 88
0.000000 0.000000 0.000000 1.166674 1.122050 -26.571759 -56.346880 0.010204 0.010204 0.000571 366.857143 1.113367 1.214147 -106.386364 -72.930954 0.010204 0.010204 0.001579 366.857143 5 26 65 70 86 92
0.000000 0.000000 0.000000 5.732860 1.805521 -349.570688 -106.469675 0.010204 0.010204 0.000599 385.500000 1.113367 1.214304 -7.355973 -78.834429 0.010204 0.010204 0.001467 385.500000 5 26 65 70 86 97
0.000000 0.000000 0.000000 1.258286 1.063617 -222.988764 -61.619969 0.010204 0.010204 0.000577 385.500000 1.113367 1.214149 -147.716530 -70.223198 0.010204 0.010204 0.001500 385.500000 5 26 65 70 86 98
0.000000 0.000000 0.000000 4.311522 1.455544 -104.667887 -75.425866 0.010204 0.010204 0.000613 366.857143 1.113367 1.214157 -69.323544 -71.415874 0.010204 0.010204 0.001568 366.857143 5 26 65 70 87 88
0.000000 0.000000 0.000000 4.631535 1.383213 -354.289346 -68.738926 0.010204 0.010204 0.000638 366.857143 1.113367 1.214167 -8.328196 -64.329727 0.010204 0.010204 0.001562 366.857143 5 26 65 70 87 92
0.000000 0.000000 0.000000 1.450827 1.048411 -23.276727 -59.431455 0.010204 0.010204 0.000620 385.500000 1.113367 1.214159 -195.126140 -63.549269 0.010204 0.010204 0.001490 385.500000 5 26 65 70 87 97
0.000000 0.000000 0.000000 2.342235 1.138741 -50.922115 -64.287672 0.010204 0.010204 0.000646 385.500000 1.113367 1.214318 -42.342652 -75.066815 0.010204 0.010204 0.001458 385.500000 5 26 65 70 87 98
0.000000 0.000000 0.000000 1.755169 1.092021 -87.958435 -67.386433 0.010204 0.010204 0.000640 366.857143 1.113367 1.214474 -40.125024 -62.494237 0.010204 0.010204 0.001531 366.857143 5 26 65 75 77 88
0.000000 0.000000 0.000000 24.193183 3.960012 -1299.362228 -231.671140 0.010204 0.010204 0.000614 366.857143 1.113367 1.214128 -113.180806 -60.340164 0.010204 0.010204 0.001570 366.857143 5 26 65 75 77 92
0.000000 0.000000 0.000000 2.637554 1.204559 -205.156263 -59.903655 0.010204 0.010204 0.000609 385.500000 1.113367 1.214129 -20.300810 -57.666382 0.010204 0.010204 0.001493 385.500000 5 26 65 75 77 97
0.000000 0.000000 0.000000 4.323036 1.531814 -602.753252 -111.811308 0.010204 0.010204 0.000587 385.500000 1.113367 1.214119 -94.077645 -71.119498 0.010204 0.010204 0.001498 385.500000 5 26 65 75 77 98
0.000000 0.000000 0.000000 1.296673 1.086165 -192.173794 -66.486613 0.010204 0.010204 0.000571 366.857143 1.113367 1.214118 -294.251893 -71.035527 0.010204 0.010204 0.001581 366.857143 5 26 65 75 81 88
0.000000 0.000000 0.000000 1.291140 1.061867 -27.926667 -62.378367 0.010204 0.010204 0.000593 366.857143 1.113367 1.214459 -10.735953 -63.372243 0.010204 0.010204 0.001542 366.857143 5 26 65 75 81 92
0.000000 0.000000 0.000000 1.141673 1.093569 -39.637577 -58.684473 0.010204 0.010204 0.000548 385.500000 1.113367 1.214110 -81.295633 -74.351512 0.010204 0.010204 0.001508 385.500000 5 26 65 75 81 97
0.000000 0.000000 0.000000 1.197647 1.050081 -15.278443 -59.086629 0.010204 0.010204 0.000567 385.500000 1.113367 1.214119 -49.884280 -83.513140 0.010204 0.010204 0.001503 385.500000 5 26 65 75 81 98
0.000000 0.000000 0.000000 29.179375 4.127128 -1906.121451 -199.843556 0.010204 0.010204 0.000645 385.500000 1.113367 1.214288 -14.025020 -74.738857 0.010204 0.010204 0.001436 385.500000 5 26 65 75 86 88
0.000000 0.000000 0.000000 1.456794 1.051380 -119.556322 -50.353692 0.010204 0.010204 0.000618 385.500000 1.113367 1.214274 -62.700462 -69.409910 0.010204 0.010204 0.001441 385.500000 5 26 65 75 86 92
0.000000 0.000000 0.000000 16.033069 2.666274 -478.990898 -446.313636 0.010204 0.010204 0.000654 404.142857 1.113367 1.214516 -9.677733 -79.752512 0.010204 0.010204 0.001348 404.142857 5 26 65 75 86 97
0.000000 0.000000 0.000000 82.835462 10.090037 -542.880759 -763.950243 0.010204 0.010204 0.000626 404.142857 1.113367 1.214278 -289.917582 -77.447212 0.010204 0.010204 0.001375 404.142857 5 26 65 75 86 98
0.000000 0.000000 0.000000 1.603881 1.124529 -26.490021 -62.466236 0.010204 0.010204 0.000575 385.500000 1.113367 1.214112 -5.985190 -69.908439 0.010204 0.010204 0.001501 385.500000 5 26 65 75 87 88
0.000000 0.000000 0.000000 1.345101 1.047113 -177.930291 -59.139126 0.010204 0.010204 0.000597 385.500000 1.113367 1.214121 -7.437168 -73.969473 0.010204 0.010204 0.001495 385.500000 5 26 65 75 87 92
0.000000 0.000000 0.000000 1.558394 1.079011 -171.306309 -65.552446 0.010204 0.010204 0.000581 404.142857 1.113367 1.214114 -15.266317 -65.727700 0.010204 0.010204 0.001428 404.142857 5 26 65 75 87 97
0.000000 0.000000 0.000000 1.789537 1.103115 -154.346884 -60.729131 0.010204 0.010204 0.000604 404.142857 1.113367 1.214270 -114.362300 -69.284908 0.010204 0.010204 0.001399 404.142857 5 26 65 75 87 98
0.000000 0.000000 0.000000 3.092458 1.174458 -250.076870 -54.545249 0.010204 0.010204 0.000659 366.857143 1.113368 1.215720 -21.541540 -63.344702 0.010204 0.010204 0.001460 366.857143 5 26 65 76 77 88
0.000000 0.000000 0.000000 9.952710 2.404782 -456.212142 -121.617913 0.010204 0.010204 0.000632 366.857143 1.113368 1.215378 -11.675640 -77.379263 0.010204 0.010204 0.001494 366.857143 5 26 65 76 77 92
0.000000 0.000000 0.000000 2.055937 1.107149 -64.024921 -50.831277 0.010204 0.010204 0.000627 385.500000 1.113368 1.215379 -21.163895 -69.882245 0.010204 0.010204 0.001425 385.500000 5 26 65 76 77 97
0.000000 0.000000 0.000000 1.012008 1.048271 -19.883602 -62.633759 0.010204 0.010204 0.000604 385.500000 1.113368 1.215370 -81.415581 -68.648113 0.010204 0.010204 0.001429 385.500000 5 26 65 76 77 98
0.000000 0.000000 0.000000 24.496968 2.792761 -4345.397459 -186.260463 0.010204 0.010204 0.000686 366.857143 1.113368 1.215400 -245.699410 -60.574941 0.010204 0.010204 0.001484 366.857143 5 26 65 76 81 88
0.000000 0.000000 0.000000 10.922873 1.753913 -262.324007 -117.517039 0.010204 0.010204 0.000720 366.857143 1.113368 1.215749 -38.482538 -80.388730 0.010204 0.010204 0.001451 366.857143 5 26 65 76 81 92
0.000000 0.000000 0.000000 1.890704 1.077155 -83.728683 -50.320501 0.010204 0.010204 0.000652 385.500000 1.113368 1.215391 -12.898640 -66.868664 0.010204 0.010204 0.001421 385.500000 5 26 65 76 81 97
0.000000 0.000000 0.000000 15.199002 2.081026 -1874.013611 -239.193805 0.010204 0.010204 0.000680 385.500000 1.113368 1.215401 -7.913404 -57.601611 0.010204 0.010204 0.001416 385.500000 5 26 65 76 81 98
0.000000 0.000000 0.000000 1.624453 1.047894 -35.732976 -50.061156 0.010204 0.010204 0.000664 385.500000 1.113368 1.215386 -10.408037 -68.684153 0.010204 0.010204 0.001419 385.500000 5 26 65 76 86 88
0.000000 0.000000 0.000000 1.868350 1.116055 -240.540682 -56.601872 0.010204 0.010204 0.000637 385.500000 1.113368 1.215377 -38.354328 -78.335683 0.010204 0.010204 0.001424 385.500000 5 26 65 76 86 92
0.000000 0.000000 0.000000 91.217481 7.885729 -7148.925992 -1831.589349 0.010204 0.010204 0.000673 404.142857 1.113368 1.215536 -10.415342 -76.081441 0.010204 0.010204 0.001332 404.142857 5 26 65 76 86 97
0.000000 0.000000 0.000000 1.649183 1.050064 -79.632530 -63.297929 0.010204 0.010204 0.000644 404.142857 1.113368 1.215379 -9.044075 -74.088296 0.010204 0.010204 0.001359 404.142857 5 26 65 76 86 98
0.000000 0.000000 0.000000 6.003286 1.379267 -759.003228 -89.495069 0.010204 0.010204 0.000692 385.500000 1.113368 1.215780 -28.601908 -68.267254 0.010204 0.010204 0.001370 385.500000 5 26 65 76 87 88
0.000000 0.000000 0.000000 5.681867 1.353887 -174.545211 -69.304600 0.010204 0.010204 0.000726 385.500000 1.113368 1.215795 -73.427782 -79.875623 0.010204 0.010204 0.001366 385.500000 5 26 65 76 87 92
0.000000 0.000000 0.000000 5.703811 1.355570 -618.252395 -80.548146 0.010204 0.010204 0.000701 404.142857 1.113368 1.215784 -231.736690 -64.918391 0.010204 0.010204 0.001311 404.142857 5 26 65 76 87 97
0.000000 0.000000 0.000000 5.654471 1.351790 -158.740258 -87.739419 0.010204 0.010204 0.000738 404.142857 1.113368 1.216063 -41.709662 -72.787649 0.010204 0.010204 0.001287 404.142857 5 26 65 76 87 98
0.000000 0.000000 0.000000 3.513095 2.571847 -164.844010 -274.577175 0.010204 0.010204 0.001042 348.214286 1.184375 1.234748 -171.061311 -65.263435 0.010204 0.010204 0.001394 348.214286 5 30 46 66 77 88
0.000000 0.000000 0.000000 1.102192 1.094721 -95.285881 -57.706606 0.010204 0.010204 0.000973 348.214286 1.184371 1.234138 -13.102366 -70.239563 0.010204 0.010204 0.001423 348.214286 5 30 46 66 77 92
0.000000 0.000000 0.000000 1.074235 1.048120 -130.893704 -48.539878 0.010204 0.010204 0.000961 366.857143 1.184371 1.234142 -36.767515 -59.378008 0.010204 0.010204 0.001362 366.857143 5 30 46 66 77 97
0.000000 0.000000 0.000000 1.000095 1.096462 -5.471434 -77.366839 0.010204 0.010204 0.000908 366.857143 1.184371 1.234124 -132.081357 -66.557410 0.010204 0.010204 0.001366 366.857143 5 30 46 66 77 98
0.000000 0.000000 0.000000 1.001417 1.057355 -0.124987 -40.690819 0.010204 0.010204 0.000868 348.214286 1.184349 1.233378 -11.408946 -70.152819 0.010204 0.010204 0.001482 348.214286 5 30 46 66 81 88
0.000000 0.000000 0.000000 1.095314 1.138820 -10.305886 -65.852371 0.010204 0.010204 0.000919 348.214286 1.184349 1.233725 -21.539860 -73.050480 0.010204 0.010204 0.001449 348.214286 5 30 46 66 81 92
0.000000 0.000000 0.000000 1.000070 1.065723 -91.650976 -42.859286 0.010204 0.010204 0.000817 366.857143 1.184349 1.233370 -11.307129 -71.354214 0.010204 0.010204 0.001418 366.857143 5 30 46 66 81 97
0.000000 0.000000 0.000000 1.004065 1.047219 -5.307118 -75.213743 0.010204 0.010204 0.000858 366.857143 1.184349 1.233380 -58.035654 -74.041597 0.010204 0.010204 0.001414 366.857143 5 30 46 66 81 98
0.000000 0.000000 0.000000 1.022120 1.064115 -5.000611 -58.599094 0.010204 0.010204 0.000879 366.857143 1.184349 1.233386 -15.304883 -70.979708 0.010204 0.010204 0.001409 366.857143 5 30 46 66 86 88
0.000000 0.000000 0.000000 1.000085 1.065580 -0.019007 -69.410057 0.010204 0.010204 0.000834 366.857143 1.184349 1.233376 -46.843725 -76.666377 0.010204 0.010204 0.001414 366.857143 5 30 46 66 86 92
0.000000 0.000000 0.000000 1.063091 1.047520 -163.420634 -69.897169 0.010204 0.010204 0.000894 385.500000 1.184349 1.233540 -31.248016 -76.906778 0.010204 0.010204 0.001325 385.500000 5 30 46 66 86 97
0.000000 0.000000 0.000000 1.015084 1.228649 -174.156738 -76.324728 0.010204 0.010204 0.000846 385.500000 1.184349 1.233378 -16.620800 -66.230531 0.010204 0.010204 0.001351 385.500000 5 30 46 66 86 98
0.000000 0.000000 0.000000 1.000087 1.186734 -133.371630 -78.493150 0.010204 0.010204 0.000760 366.857143 1.184349 1.233352 -36.323122 -61.918800 0.010204 0.010204 0.001423 366.857143 5 30 46 66 87 88
0.000000 0.000000 0.000000 1.000873 1.208693 -0.087782 -58.890250 0.010204 0.010204 0.000796 366.857143 1.184349 1.233362 -159.454338 -70.479675 0.010204 0.010204 0.001418 366.857143 5 30 46 66 87 92
0.000000 0.000000 0.000000 1.000179 1.069225 -14.673721 -60.484438 0.010204 0.010204 0.000770 385.500000 1.184349 1.233354 -57.842359 -82.625604 0.010204 0.010204 0.001358 385.500000 5 30 46 66 87 97
0.000000 0.000000 0.000000 1.001049 1.087319 -2.854067 -73.830435 0.010204 0.010204 0.000808 385.500000 1.184349 1.233510 -58.959680 -68.064713 0.010204 0.010204 0.001332 385.500000 5 30 46 66 87 98
0.000000 0.000000 0.000000 1.034243 1.169592 -13.950790 -66.740481 0.010204 0.010204 0.000795 348.214286 1.184214 1.232144 -13.596952 -60.824362 0.010204 0.010204 0.001530 348.214286 5 30 46 70 77 88
0.000000 0.000000 0.000000 3.773173 26.376486 -295.124773 -2499.801872 0.010204 0.010204 0.000757 348.214286 1.184214 1.231800 -19.822782 -75.262998 0.010204 0.010204 0.001568 348.214286 5 30 46 70 77 92
0.000000 0.000000 0.000000 1.019951 1.138040 -60.899038 -70.892460 0.010204 0.010204 0.000749 366.857143 1.184214 1.231801 -22.089880 -71.912806 0.010204 0.010204 0.001491 366.857143 5 30 46 70 77 97
0.000000 0.000000 0.000000 1.001773 1.073962 -2.286434 -66.977535 0.010204 0.010204 0.000718 366.857143 1.184214 1.231791 -110.834013 -75.485566 0.010204 0.010204 0.001496 366.857143 5 30 46 70 77 98
0.000000 0.000000 0.000000 1.049216 1.111635 -41.877755 -69.831347 0.010204 0.010204 0.000833 348.214286 1.184215 1.232157 -29.987940 -78.104233 0.010204 0.010204 0.001501 348.214286 5 30 46 70 81 88
0.000000 0.000000 0.000000 1.029182 1.063224 -3.877115 -51.183527 0.010204 0.010204 0.000882 348.214286 1.184215 1.232678 -169.810992 -86.724439 0.010204 0.010204 0.001468 348.214286 5 30 46 70 81 92
0.000000 0.000000 0.000000 1.003197 1.095191 -34.373655 -44.509634 0.010204 0.010204 0.000785 366.857143 1.184215 1.232144 -10.668558 -62.106853 0.010204 0.010204 0.001437 366.857143 5 30 46 70 81 97
0.000000 0.000000 0.000000 1.035838 1.079091 -24.409973 -68.830030 0.010204 0.010204 0.000824 366.857143 1.184215 1.232160 -17.211966 -70.364401 0.010204 0.010204 0.001432 366.857143 5 30 46 70 81 98
0.000000 0.000000 0.000000 1.002966 1.083898 -26.214235 -49.260363 0.010204 0.010204 0.000702 366.857143 1.184214 1.231792 -23.164836 -58.940596 0.010204 0.010204 0.001496 366.857143 5 30 46 70 86 88
0.000000 0.000000 0.000000 1.001394 1.153480 -96.742764 -67.202513 0.010204 0.010204 0.000674 366.857143 1.184214 1.231783 -56.015022 -71.926656 0.010204 0.010204 0.001502 366.857143 5 30 46 70 86 92
0.000000 0.000000 0.000000 1.019865 1.372338 -105.769826 -70.911425 0.010204 0.010204 0.000711 385.500000 1.184214 1.231939 -88.418934 -73.220241 0.010204 0.010204 0.001399 385.500000 5 30 46 70 86 97
0.000000 0.000000 0.000000 1.001774 1.064352 -0.088391 -65.370423 0.010204 0.010204 0.000682 385.500000 1.184214 1.231785 -22.751257 -66.815858 0.010204 0.010204 0.001429 385.500000 5 30 46 70 86 98
0.000000 0.000000 0.000000 1.003785 1.117392 -0.225007 -57.463624 0.010204 0.010204 0.000731 366.857143 1.184214 1.231793 -160.618584 -67.579187 0.010204 0.010204 0.001492 366.857143 5 30 46 70 87 88
0.000000 0.000000 0.000000 1.076879 1.346683 -116.511677 -79.094390 0.010204 0.010204 0.000765 366.857143 1.184214 1.231802 -105.841122 -69.393693 0.010204 0.010204 0.001486 366.857143 5 30 46 70 87 92
0.000000 0.000000 0.000000 1.018729 1.104609 -36.916223 -51.907026 0.010204 0.010204 0.000740 385.500000 1.184214 1.231795 -101.233603 -78.378498 0.010204 0.010204 0.001420 385.500000 5 30 46 70 87 97
0.000000 0.000000 0.000000 1.071776 1.252892 -17.116200 -64.624612 0.010204 0.010204 0.000776 385.500000 1.184214 1.231953 -183.602223 -76.657869 0.010204 0.010204 0.001391 385.500000 5 30 46 70 87 98
0.000000 0.000000 0.000000 1.092936 1.222948 -186.277523 -104.086864 0.010204 0.010204 0.000820 366.857143 1.184216 1.232166 -49.440004 -62.829887 0.010204 0.010204 0.001448 366.857143 5 30 46 75 77 88
0.000000 0.000000 0.000000 1.148899 1.760417 -21.550321 -150.732065 0.010204 0.010204 0.000779 366.857143 1.184216 1.231819 -20.385763 -82.247843 0.010204 0.010204 0.001483 366.857143 5 30 46 75 77 92
0.000000 0.000000 0.000000 1.022650 1.078293 -2.128500 -60.185156 0.010204 0.010204 0.000771 385.500000 1.184216 1.231820 -44.931268 -74.231926 0.010204 0.010204 0.001413 385.500000 5 30 46 75 77 97
0.000000 0.000000 0.000000 1.001260 1.062140 -157.505715 -73.593404 0.010204 0.010204 0.000737 385.500000 1.184216 1.231811 -59.227312 -70.524261 0.010204 0.010204 0.001418 385.500000 5 30 46 75 77 98
0.000000 0.000000 0.000000 1.001141 1.049921 -0.746965 -68.436236 0.010204 0.010204 0.000713 366.857143 1.184216 1.231809 -13.749936 -71.304469 0.010204 0.010204 0.001493 366.857143 5 30 46 75 81 88
0.000000 0.000000 0.000000 1.002762 1.050624 -154.458309 -70.500869 0.010204 0.010204 0.000746 366.857143 1.184216 1.232150 -214.784119 -71.426425 0.010204 0.010204 0.001458 366.857143 5 30 46 75 81 92
0.000000 0.000000 0.000000 1.012588 2.970182 -0.474731 -122.288326 0.010204 0.010204 0.000678 385.500000 1.184216 1.231801 -9.977234 -76.740246 0.010204 0.010204 0.001427 385.500000 5 30 46 75 81 97
0.000000 0.000000 0.000000 1.003527 1.110690 -41.933437 -79.146970 0.010204 0.010204 0.000706 385.500000 1.184216 1.231810 -233.596470 -73.392462 0.010204 0.010204 0.001422 385.500000 5 30 46 75 81 98
0.000000 0.000000 0.000000 1.193945 1.285386 -25.956309 -92.973282 0.010204 0.010204 0.000828 385.500000 1.184217 1.231984 -155.952204 -79.114599 0.010204 0.010204 0.001362 385.500000 5 30 46 75 86 88
0.000000 0.000000 0.000000 1.003286 1.367883 -23.812441 -46.033251 0.010204 0.010204 0.000787 385.500000 1.184217 1.231970 -118.005007 -77.568139 0.010204 0.010204 0.001367 385.500000 5 30 46 75 86 92
0.000000 0.000000 0.000000 1.103652 1.149034 -4.255884 -60.912085 0.010204 0.010204 0.000842 404.142857 1.184217 1.232213 -21.703828 -65.633152 0.010204 0.010204 0.001282 404.142857 5 30 46 75 86 97
0.000000 0.000000 0.000000 1.030969 1.047543 -57.519136 -65.954324 0.010204 0.010204 0.000798 404.142857 1.184217 1.231974 -60.119301 -78.638435 0.010204 0.010204 0.001307 404.142857 5 30 46 75 86 98
0.000000 0.000000 0.000000 1.001619 1.099459 -3.788538 -69.396239 0.010204 0.010204 0.000719 385.500000 1.184216 1.231803 -105.413096 -72.556525 0.010204 0.010204 0.001421 385.500000 5 30 46 75 87 88
0.000000 0.000000 0.000000 1.009093 1.050794 -1.304254 -62.223167 0.010204 0.010204 0.000752 385.500000 1.184216 1.231813 -126.661105 -63.844587 0.010204 0.010204 0.001416 385.500000 5 30 46 75 87 92
0.000000 0.000000 0.000000 1.082334 1.673873 -43.440614 -90.397341 0.010204 0.010204 0.000728 404.142857 1.184216 1.231805 -24.276947 -68.774454 0.010204 0.010204 0.001355 404.142857 5 30 46 75 87 97
0.000000 0.000000 0.000000 1.021273 1.072659 -121.204532 -72.050357 0.010204 0.010204 0.000763 404.142857 1.184216 1.231961 -12.486116 -65.205483 0.010204 0.010204 0.001328 404.142857 5 30 46 75 87 98
0.000000 0.000000 0.000000 1.004098 1.111893 -0.621289 -63.996681 0.010204 0.010204 0.000664 366.857143 1.184211 1.232095 -8.547327 -65.622474 0.010204 0.010204 0.001470 366.857143 5 30 46 76 77 88
0.000000 0.000000 0.000000 1.001236 1.046469 -97.906230 -55.961723 0.010204 0.010204 0.000638 366.857143 1.184211 1.231755 -18.922360 -72.026938 0.010204 0.010204 0.001506 366.857143 5 30 46 76 77 92
0.000000 0.000000 0.000000 1.001862 1.061554 -41.172644 -68.538164 0.010204 0.010204 0.000633 385.500000 1.184211 1.231756 -279.668097 -64.503928 0.010204 0.010204 0.001434 385.500000 5 30 46 76 77 97
0.000000 0.000000 0.000000 1.001818 1.126490 -24.168875 -86.941871 0.010204 0.010204 0.000610 385.500000 1.184211 1.231746 -24.067199 -85.523515 0.010204 0.010204 0.001439 385.500000 5 30 46 76 77 98
0.000000 0.000000 0.000000 1.005012 1.055373 -13.764475 -48.877662 0.010204 0.010204 0.000690 366.857143 1.184211 1.231764 -79.313006 -77.407103 0.010204 0.010204 0.001495 366.857143 5 30 46 76 81 88
0.000000 0.000000 0.000000 1.007266 1.068221 -0.367169 -54.869243 0.010204 0.010204 0.000721 366.857143 1.184211 1.232111 -9.417569 -66.658952 0.010204 0.010204 0.001460 366.857143 5 30 46 76 81 92
0.000000 0.000000 0.000000 1.006239 1.118816 -0.305647 -51.325148 0.010204 0.010204 0.000657 385.500000 1.184211 1.231756 -12.414997 -67.146311 0.010204 0.010204 0.001430 385.500000 5 30 46 76 81 97
0.000000 0.000000 0.000000 1.007147 1.073395 -0.959681 -69.902230 0.010204 0.010204 0.000684 385.500000 1.184211 1.231765 -119.327126 -78.708439 0.010204 0.010204 0.001425 385.500000 5 30 46 76 81 98
0.000000 0.000000 0.000000 1.004264 1.055692 -111.367488 -71.326265 0.010204 0.010204 0.000669 385.500000 1.184211 1.231758 -15.400524 -71.604108 0.010204 0.010204 0.001427 385.500000 5 30 46 76 86 88
0.000000 0.000000 0.000000 1.015970 1.419834 -160.937609 -80.365491 0.010204 0.010204 0.000643 385.500000 1.184211 1.231748 -105.680467 -72.870213 0.010204 0.010204 0.001433 385.500000 5 30 46 76 86 92
0.000000 0.000000 0.000000 1.012782 1.147550 -101.793485 -75.898492 0.010204 0.010204 0.000677 404.142857 1.184211 1.231907 -177.527038 -77.991982 0.010204 0.010204 0.001338 404.142857 5 30 46 76 86 97
0.000000 0.000000 0.000000 1.004149 1.059254 -0.392264 -67.417936 0.010204 0.010204 0.000650 404.142857 1.184211 1.231750 -38.396821 -62.052208 0.010204 0.010204 0.001365 404.142857 5 30 46 76 86 98
0.000000 0.000000 0.000000 1.012103 1.088527 -2.656402 -68.540367 0.010204 0.010204 0.000696 385.500000 1.184211 1.231906 -27.010486 -69.968498 0.010204 0.010204 0.001377 385.500000 5 30 46 76 87 88
0.000000 0.000000 0.000000 1.024472 1.160812 -75.748950 -63.183460 0.010204 0.010204 0.000727 385.500000 1.184211 1.231920 -72.849896 -74.358344 0.010204 0.010204 0.001372 385.500000 5 30 46 76 87 92
0.000000 0.000000 0.000000 1.030248 1.199910 -6.348992 -79.634376 0.010204 0.010204 0.000704 404.142857 1.184211 1.231910 -126.294094 -70.495308 0.010204 0.010204 0.001316 404.142857 5 30 46 76 87 97
0.000000 0.000000 0.000000 1.019689 1.128512 -52.127867 -57.355422 0.010204 0.010204 0.000738 404.142857 1.184211 1.232147 -23.348534 -63.138169 0.010204 0.010204 0.001292 404.142857 5 30 46 76 87 98
0.000000 0.000000 0.000000 1.023855 1.358316 -36.264530 -126.687549 0.010204 0.010204 0.001072 348.214286 1.209050 1.242766 -23.268515 -70.318783 0.010204 0.010204 0.001384 348.214286 5 30 50 66 77 88
0.000000 0.000000 0.000000 1.001962 1.063874 -0.908827 -53.807688 0.010204 0.010204 0.001003 348.214286 1.209046 1.242241 -281.410414 -82.850332 0.010204 0.010204 0.001414 348.214286 5 30 50 66 77 92
0.000000 0.000000 0.000000 1.017587 1.323166 -40.323971 -75.210248 0.010204 0.010204 0.000991 366.857143 1.209046 1.242245 -38.605588 -78.346632 0.010204 0.010204 0.001352 366.857143 5 30 50 66 77 97
0.000000 0.000000 0.000000 1.000086 1.413188 -147.962231 -65.892204 0.010204 0.010204 0.000936 366.857143 1.209046 1.242229 -36.543030 -75.977521 0.010204 0.010204 0.001356 366.857143 5 30 50 66 77 98
0.000000 0.000000 0.000000 1.000329 1.100962 -68.820122 -76.204798 0.010204 0.010204 0.000896 348.214286 1.209019 1.241870 -32.993872 -66.034853 0.010204 0.010204 0.001473 348.214286 5 30 50 66 81 88
0.000000 0.000000 0.000000 1.000569 1.058606 -153.964241 -60.283832 0.010204 0.010204 0.000948 348.214286 1.209020 1.242215 -21.507386 -87.569460 0.010204 0.010204 0.001439 348.214286 5 30 50 66 81 92
0.000000 0.000000 0.000000 1.000066 1.113970 -205.517611 -48.178636 0.010204 0.010204 0.000843 366.857143 1.209019 1.241862 -11.182520 -66.108647 0.010204 0.010204 0.001410 366.857143 5 30 50 66 81 97
0.000000 0.000000 0.000000 1.000745 1.147330 -70.815447 -85.700742 0.010204 0.010204 0.000886 366.857143 1.209019 1.241871 -21.398629 -75.545850 0.010204 0.010204 0.001405 366.857143 5 30 50 66 81 98
0.000000 0.000000 0.000000 1.001154 1.124175 -0.332309 -54.993501 0.010204 0.010204 0.000907 366.857143 1.209020 1.241873 -143.057253 -70.480321 0.010204 0.010204 0.001400 366.857143 5 30 50 66 86 88
0.000000 0.000000 0.000000 1.000120 1.176386 -0.008814 -63.542248 0.010204 0.010204 0.000861 366.857143 1.209020 1.241863 -17.373794 -73.057538 0.010204 0.010204 0.001406 366.857143 5 30 50 66 86 92
0.000000 0.000000 0.000000 1.002219 1.122317 -0.162541 -65.265121 0.010204 0.010204 0.000923 385.500000 1.209020 1.242024 -6.054626 -70.513576 0.010204 0.010204 0.001315 385.500000 5 30 50 66 86 97
0.000000 0.000000 0.000000 1.000316 1.052871 -23.149433 -66.520445 0.010204 0.010204 0.000873 385.500000 1.209020 1.241865 -22.076439 -64.367271 0.010204 0.010204 0.001342 385.500000 5 30 50 66 86 98
0.000000 0.000000 0.000000 1.000021 1.078362 -0.005356 -62.587174 0.010204 0.010204 0.000784 366.857143 1.209019 1.241853 -35.916846 -78.231062 0.010204 0.010204 0.001414 366.857143 5 30 50 66 87 88
0.000000 0.000000 0.000000 1.000066 1.060918 -131.117731 -76.743493 0.010204 0.010204 0.000821 366.857143 1.209019 1.241862 -31.523364 -75.098933 0.010204 0.010204 0.001409 366.857143 5 30 50 66 87 92
0.000000 0.000000 0.000000 1.000093 1.112157 -39.874264 -56.754396 0.010204 0.010204 0.000794 385.500000 1.209019 1.241855 -76.858887 -74.001813 0.010204 0.010204 0.001349 385.500000 5 30 50 66 87 97
0.000000 0.000000 0.000000 1.000211 1.119955 -0.070092 -72.372440 0.010204 0.010204 0.000833 385.500000 1.209019 1.242009 -117.017778 -69.854601 0.010204 0.010204 0.001323 385.500000 5 30 50 66 87 98
0.000000 0.000000 0.000000 1.001012 1.157526 -57.356904 -56.653184 0.010204 0.010204 0.001130 348.214286 1.214965 1.246825 -130.384855 -75.989141 0.010204 0.010204 0.001368 348.214286 5 30 50 70 77 88
0.000000 0.000000 0.000000 1.000078 1.304577 -0.057942 -72.471450 0.010204 0.010204 0.001056 348.214286 1.214960 1.246475 -122.996847 -67.631446 0.010204 0.010204 0.001397 348.214286 5 30 50 70 77 92
0.000000 0.000000 0.000000 1.000084 1.066143 -0.016942 -51.326787 0.010204 0.010204 0.001042 366.857143 1.214960 1.246476 -27.727548 -67.796119 0.010204 0.010204 0.001336 366.857143 5 30 50 70 77 97
0.000000 0.000000 0.000000 1.000001 1.060417 -2.273304 -78.774937 0.010204 0.010204 0.000983 366.857143 1.214960 1.246467 -21.834849 -72.131894 0.010204 0.010204 0.001340 366.857143 5 30 50 70 77 98
0.000000 0.000000 0.000000 1.000761 1.264917 -0.135139 -76.357449 0.010204 0.010204 0.001213 348.214286 1.216004 1.247832 -28.857762 -68.325118 0.010204 0.010204 0.001345 348.214286 5 30 50 70 81 88
0.000000 0.000000 0.000000 1.216176 1.248551 -24.671827 -69.948838 0.010204 0.010204 0.001319 348.214286 1.216176 1.248551 -24.671827 -69.948838 0.010204 0.010204 0.001319 348.214286 5 30 50 70 81 92
0.000000 0.000000 0.000000 1.000003 1.095135 -30.708052 -31.880630 0.010204 0.010204 0.001116 366.857143 1.216000 1.247816 -38.002177 -66.802054 0.010204 0.010204 0.001293 366.857143 5 30 50 70 81 97
0.000000 0.000000 0.000000 1.006510 1.767226 -47.227782 -128.510012 0.010204 0.010204 0.001195 366.857143 1.216006 1.247838 -94.570860 -63.088377 0.010204 0.010204 0.001289 366.857143 5 30 50 70 81 98
0.000000 0.000000 0.000000 1.000009 1.111336 -0.029212 -46.059397 0.010204 0.010204 0.000953 366.857143 1.214936 1.246445 -55.856584 -78.242250 0.010204 0.010204 0.001340 366.857143 5 30 50 70 86 88
0.000000 0.000000 0.000000 1.000002 1.154990 -194.980753 -67.722085 0.010204 0.010204 0.000903 366.857143 1.214936 1.246435 -66.057049 -69.340927 0.010204 0.010204 0.001345 366.857143 5 30 50 70 86 92
0.000000 0.000000 0.000000 1.000011 1.050299 -0.081706 -68.198798 0.010204 0.010204 0.000969 385.500000 1.214937 1.246594 -15.181830 -74.491375 0.010204 0.010204 0.001262 385.500000 5 30 50 70 86 97
0.000000 0.000000 0.000000 1.000003 1.056075 -1.742418 -77.454338 0.010204 0.010204 0.000916 385.500000 1.214936 1.246437 -60.228918 -67.301303 0.010204 0.010204 0.001286 385.500000 5 30 50 70 86 98
0.000000 0.000000 0.000000 1.000002 1.060848 -87.790820 -58.073067 0.010204 0.010204 0.001008 366.857143 1.214975 1.246481 -20.143932 -73.898285 0.010204 0.010204 0.001337 366.857143 5 30 50 70 87 88
0.000000 0.000000 0.000000 1.000391 1.138553 -1.118187 -58.602032 0.010204 0.010204 0.001072 366.857143 1.214975 1.246491 -104.552571 -69.168345 0.010204 0.010204 0.001332 366.857143 5 30 50 70 87 92
0.000000 0.000000 0.000000 1.000086 1.060482 -0.010688 -49.327973 0.010204 0.010204 0.001025 385.500000 1.214975 1.246484 -159.996616 -74.320027 0.010204 0.010204 0.001279 385.500000 5 30 50 70 87 97
0.000000 0.000000 0.000000 1.012591 1.646910 -3.315551 -148.210831 0.010204 0.010204 0.001094 385.500000 1.214980 1.246648 -42.640695 -70.844556 0.010204 0.010204 0.001256 385.500000 5 30 50 70 87 98
0.000000 0.000000 0.000000 1.001002 1.161468 -0.326143 -69.609830 0.010204 0.010204 0.000846 366.857143 1.208890 1.242117 -22.993034 -69.365464 0.010204 0.010204 0.001378 366.857143 5 30 50 75 77 88
0.000000 0.000000 0.000000 1.000217 1.048300 -0.102762 -72.973412 0.010204 0.010204 0.000804 366.857143 1.208890 1.241771 -17.640717 -65.952541 0.010204 0.010204 0.001409 366.857143 5 30 50 75 77 92
0.000000 0.000000 0.000000 1.000603 1.116062 -2.199783 -60.140720 0.010204 0.010204 0.000796 385.500000 1.208890 1.241772 -144.599774 -63.925879 0.010204 0.010204 0.001345 385.500000 5 30 50 75 77 97
0.000000 0.000000 0.000000 1.000093 1.052706 -252.476972 -60.245738 0.010204 0.010204 0.000760 385.500000 1.208890 1.241762 -65.192742 -70.313227 0.010204 0.010204 0.001350 385.500000 5 30 50 75 77 98
0.000000 0.000000 0.000000 1.000101 1.100670 -0.096086 -48.961806 0.010204 0.010204 0.000735 366.857143 1.208889 1.241761 -34.464590 -54.977808 0.010204 0.010204 0.001418 366.857143 5 30 50 75 81 88
0.000000 0.000000 0.000000 1.000817 1.542040 -131.664431 -66.944687 0.010204 0.010204 0.000769 366.857143 1.208889 1.242101 -22.773844 -69.414549 0.010204 0.010204 0.001386 366.857143 5 30 50 75 81 92
0.000000 0.000000 0.000000 1.000084 1.170208 -2.943384 -68.760512 0.010204 0.010204 0.000699 385.500000 1.208889 1.241752 -200.114428 -83.890107 0.010204 0.010204 0.001358 385.500000 5 30 50 75 81 97
0.000000 0.000000 0.000000 1.000081 1.068626 -0.026380 -66.438301 0.010204 0.010204 0.000728 385.500000 1.208889 1.241762 -112.193170 -78.553250 0.010204 0.010204 0.001353 385.500000 5 30 50 75 81 98
0.000000 0.000000 0.000000 1.000774 1.067860 -0.134144 -65.041060 0.010204 0.010204 0.000855 385.500000 1.208897 1.241930 -29.443436 -63.382779 0.010204 0.010204 0.001299 385.500000 5 30 50 75 86 88
0.000000 0.000000 0.000000 1.000288 1.058387 -0.106756 -68.352277 0.010204 0.010204 0.000812 385.500000 1.208897 1.241916 -113.462677 -70.496285 0.010204 0.010204 0.001303 385.500000 5 30 50 75 86 92
0.000000 0.000000 0.000000 1.000620 1.053269 -0.061789 -73.662386 0.010204 0.010204 0.000869 404.142857 1.208898 1.242158 -11.619094 -67.191334 0.010204 0.010204 0.001226 404.142857 5 30 50 75 86 97
0.000000 0.000000 0.000000 1.000993 1.088716 -45.245981 -60.854195 0.010204 0.010204 0.000824 404.142857 1.208897 1.241920 -39.317649 -85.866352 0.010204 0.010204 0.001248 404.142857 5 30 50 75 86 98
0.000000 0.000000 0.000000 1.000078 1.060768 -0.001334 -50.629190 0.010204 0.010204 0.000742 385.500000 1.208890 1.241755 -16.602714 -66.742892 0.010204 0.010204 0.001353 385.500000 5 30 50 75 87 88
0.000000 0.000000 0.000000 1.000740 1.201137 -14.435414 -57.492814 0.010204 0.010204 0.000776 385.500000 1.208890 1.241764 -237.687469 -75.540780 0.010204 0.010204 0.001348 385.500000 5 30 50 75 87 92
0.000000 0.000000 0.000000 1.000262 1.082878 -50.404933 -67.066080 0.010204 0.010204 0.000751 404.142857 1.208890 1.241757 -101.224048 -67.134656 0.010204 0.010204 0.001292 404.142857 5 30 50 75 87 97
0.000000 0.000000 0.000000 1.000322 1.070489 -48.365628 -77.266523 0.010204 0.010204 0.000787 404.142857 1.208890 1.241913 -34.039502 -73.582156 0.010204 0.010204 0.001267 404.142857 5 30 50 75 87 98
0.000000 0.000000 0.000000 1.000235 1.150543 -0.051009 -68.653152 0.010204 0.010204 0.000881 366.857143 1.209101 1.242259 -102.417210 -67.764003 0.010204 0.010204 0.001375 366.857143 5 30 50 76 77 88
0.000000 0.000000 0.000000 1.000035 1.056959 -0.029272 -49.016871 0.010204 0.010204 0.000836 366.857143 1.209101 1.241919 -25.178666 -63.273052 0.010204 0.010204 0.001406 366.857143 5 30 50 76 77 92
0.000000 0.000000 0.000000 1.000051 1.058444 -0.614702 -63.024472 0.010204 0.010204 0.000828 385.500000 1.209101 1.241920 -27.644152 -79.730393 0.010204 0.010204 0.001343 385.500000 5 30 50 76 77 97
0.000000 0.000000 0.000000 1.000010 1.054491 -319.218046 -77.994003 0.010204 0.010204 0.000790 385.500000 1.209101 1.241910 -45.585972 -72.347386 0.010204 0.010204 0.001347 385.500000 5 30 50 76 77 98
0.000000 0.000000 0.000000 1.000371 1.083518 -57.814833 -65.221808 0.010204 0.010204 0.000927 366.857143 1.209103 1.241930 -14.883546 -61.969823 0.010204 0.010204 0.001397 366.857143 5 30 50 76 81 88
0.000000 0.000000 0.000000 1.001537 1.053533 -3.672976 -63.031405 0.010204 0.010204 0.000985 366.857143 1.209103 1.242276 -19.816000 -77.580238 0.010204 0.010204 0.001367 366.857143 5 30 50 76 81 92
0.000000 0.000000 0.000000 1.000023 1.058137 -0.962359 -46.982035 0.010204 0.010204 0.000870 385.500000 1.209103 1.241921 -14.239362 -73.739392 0.010204 0.010204 0.001339 385.500000 5 30 50 76 81 97
0.000000 0.000000 0.000000 1.000607 1.064063 -0.807458 -65.055197 0.010204 0.010204 0.000916 385.500000 1.209103 1.241931 -17.553170 -74.495074 0.010204 0.010204 0.001335 385.500000 5 30 50 76 81 98
0.000000 0.000000 0.000000 1.000252 1.049495 -0.032193 -55.515104 0.010204 0.010204 0.000890 385.500000 1.209102 1.241923 -44.278851 -67.314151 0.010204 0.010204 0.001337 385.500000 5 30 50 76 86 88
0.000000 0.000000 0.000000 1.000031 1.085668 -0.065623 -58.151979 0.010204 0.010204 0.000845 385.500000 1.209102 1.241913 -142.078607 -76.271834 0.010204 0.010204 0.001342 385.500000 5 30 50 76 86 92
0.000000 0.000000 0.000000 1.002105 1.163378 -31.083881 -82.149768 0.010204 0.010204 0.000905 404.142857 1.209102 1.242071 -23.405621 -80.349136 0.010204 0.010204 0.001258 404.142857 5 30 50 76 86 97
0.000000 0.000000 0.000000 1.000292 1.100737 -0.740915 -73.631427 0.010204 0.010204 0.000857 404.142857 1.209102 1.241915 -82.469815 -78.019066 0.010204 0.010204 0.001283 404.142857 5 30 50 76 86 98
0.000000 0.000000 0.000000 1.000015 1.145049 -30.813088 -56.815407 0.010204 0.010204 0.000939 385.500000 1.209132 1.242096 -188.250332 -69.594500 0.010204 0.010204 0.001294 385.500000 5 30 50 76 87 88
0.000000 0.000000 0.000000 1.005749 1.056312 -0.914312 -56.419510 0.010204 0.010204 0.000997 385.500000 1.209132 1.242109 -23.417682 -75.475491 0.010204 0.010204 0.001289 385.500000 5 30 50 76 87 92
0.000000 0.000000 0.000000 1.002121 1.105004 -240.869313 -56.557170 0.010204 0.010204 0.000955 404.142857 1.209132 1.242099 -30.460379 -67.137634 0.010204 0.010204 0.001240 404.142857 5 30 50 76 87 97
0.000000 0.000000 0.000000 1.014421 1.069310 -3.333350 -58.667085 0.010204 0.010204 0.001017 404.142857 1.209135 1.242340 -74.509991 -68.761666 0.010204 0.010204 0.001218 404.142857 5 30 50 76 87 98
0.000000 0.000000 0.000000 1.029594 1.062737 -2.830086 -58.057253 0.010204 0.010204 0.000806 348.214286 1.183734 1.232522 -22.901664 -72.796560 0.010204 0.010204 0.001471 348.214286 5 30 61 66 77 88
0.000000 0.000000 0.000000 1.031562 1.067234 -110.287728 -63.965859 0.010204 0.010204 0.000764 348.214286 1.183733 1.231998 -19.130399 -70.624041 0.010204 0.010204 0.001504 348.214286 5 30 61 66 77 92
0.000000 0.000000 0.000000 1.030609 1.065045 -11.121817 -56.858493 0.010204 0.010204 0.000757 366.857143 1.183733 1.232002 -12.398781 -77.225750 0.010204 0.010204 0.001435 366.857143 5 30 61 66 77 97
0.000000 0.000000 0.000000 1.058103 1.132478 -48.369851 -73.863346 0.010204 0.010204 0.000723 366.857143 1.183733 1.231986 -53.936163 -82.564415 0.010204 0.010204 0.001440 366.857143 5 30 61 66 77 98
0.000000 0.000000 0.000000 1.020189 1.066010 -41.737473 -54.608356 0.010204 0.010204 0.000699 348.214286 1.183733 1.231635 -78.738109 -67.517906 0.010204 0.010204 0.001571 348.214286 5 30 61 66 81 88
0.000000 0.000000 0.000000 1.042420 1.114873 -98.740229 -68.353051 0.010204 0.010204 0.000731 348.214286 1.183733 1.231980 -260.468650 -61.176259 0.010204 0.010204 0.001533 348.214286 5 30 61 66 81 92
0.000000 0.000000 0.000000 1.008700 1.074820 -0.388249 -40.786509 0.010204 0.010204 0.000665 366.857143 1.183733 1.231626 -22.200061 -77.562184 0.010204 0.010204 0.001500 366.857143 5 30 61 66 81 97
0.000000 0.000000 0.000000 1.031568 1.094102 -3.673082 -63.782637 0.010204 0.010204 0.000692 366.857143 1.183733 1.231636 -58.773098 -68.992143 0.010204 0.010204 0.001495 366.857143 5 30 61 66 81 98
0.000000 0.000000 0.000000 1.051275 1.130796 -4.611114 -82.369013 0.010204 0.010204 0.000706 366.857143 1.183733 1.231637 -25.513854 -75.207889 0.010204 0.010204 0.001490 366.857143 5 30 61 66 86 88
0.000000 0.000000 0.000000 1.186031 2.036869 -112.477626 -109.298524 0.010204 0.010204 0.000676 366.857143 1.183733 1.231628 -7.569522 -85.445921 0.010204 0.010204 0.001495 366.857143 5 30 61 66 86 92
0.000000 0.000000 0.000000 1.021882 1.053014 -136.993870 -57.820020 0.010204 0.010204 0.000715 385.500000 1.183733 1.231789 -15.495619 -70.006287 0.010204 0.010204 0.001394 385.500000 5 30 61 66 86 97
0.000000 0.000000 0.000000 1.018066 1.048280 -51.316689 -75.926281 0.010204 0.010204 0.000684 385.500000 1.183733 1.231630 -29.170721 -74.002237 0.010204 0.010204 0.001424 385.500000 5 30 61 66 86 98
0.000000 0.000000 0.000000 1.002396 1.076069 -300.002429 -71.902860 0.010204 0.010204 0.000627 366.857143 1.183733 1.231618 -10.678542 -61.774943 0.010204 0.010204 0.001505 366.857143 5 30 61 66 87 88
0.000000 0.000000 0.000000 1.016850 1.131215 -11.868834 -48.310804 0.010204 0.010204 0.000651 366.857143 1.183733 1.231627 -343.775054 -79.545644 0.010204 0.010204 0.001500 366.857143 5 30 61 66 87 92
0.000000 0.000000 0.000000 1.018845 1.183243 -48.040903 -71.458129 0.010204 0.010204 0.000633 385.500000 1.183733 1.231620 -19.422506 -59.673118 0.010204 0.010204 0.001432 385.500000 5 30 61 66 87 97
0.000000 0.000000 0.000000 1.021471 1.121763 -3.793529 -55.135395 0.010204 0.010204 0.000659 385.500000 1.183733 1.231774 -20.953820 -73.215986 0.010204 0.010204 0.001402 385.500000 5 30 61 66 87 98
0.000000 0.000000 0.000000 1.111162 1.804005 -7.134097 -83.270516 0.010204 0.010204 0.000651 348.214286 1.183731 1.231917 -8.933823 -72.220426 0.010204 0.010204 0.001547 348.214286 5 30 61 70 77 88
0.000000 0.000000 0.000000 1.007210 1.057189 -122.648905 -64.066334 0.010204 0.010204 0.000625 348.214286 1.183731 1.231572 -8.900081 -76.737525 0.010204 0.010204 0.001586 348.214286 5 30 61 70 77 92
0.000000 0.000000 0.000000 1.018878 1.143895 -1.436350 -63.178966 0.010204 0.010204 0.000620 366.857143 1.183731 1.231573 -32.092108 -72.807330 0.010204 0.010204 0.001508 366.857143 5 30 61 70 77 97
0.000000 0.000000 0.000000 1.007534 1.078044 -2.576813 -55.085729 0.010204 0.010204 0.000598 366.857143 1.183731 1.231564 -45.432009 -76.098412 0.010204 0.010204 0.001513 366.857143 5 30 61 70 77 98
0.000000 0.000000 0.000000 1.014859 1.079773 -2.287042 -58.485216 0.010204 0.010204 0.000677 348.214286 1.183731 1.231922 -256.370663 -65.729394 0.010204 0.010204 0.001518 348.214286 5 30 61 70 81 88
0.000000 0.000000 0.000000 1.013694 1.073241 -206.309375 -56.661907 0.010204 0.010204 0.000708 348.214286 1.183731 1.232442 -57.490510 -73.288684 0.010204 0.010204 0.001483 348.214286 5 30 61 70 81 92
0.000000 0.000000 0.000000 1.020129 1.109658 -119.094296 -57.733360 0.010204 0.010204 0.000644 366.857143 1.183731 1.231909 -34.911987 -65.973999 0.010204 0.010204 0.001452 366.857143 5 30 61 70 81 97
0.000000 0.000000 0.000000 1.014336 1.076836 -21.013146 -50.856825 0.010204 0.010204 0.000671 366.857143 1.183731 1.231925 -44.286290 -72.753232 0.010204 0.010204 0.001447 366.857143 5 30 61 70 81 98
0.000000 0.000000 0.000000 1.016325 1.227495 -12.591595 -69.706845 0.010204 0.010204 0.000588 366.857143 1.183731 1.231565 -13.273281 -79.365429 0.010204 0.010204 0.001513 366.857143 5 30 61 70 86 88
0.000000 0.000000 0.000000 1.019522 1.452850 -86.371991 -67.205366 0.010204 0.010204 0.000568 366.857143 1.183731 1.231556 -14.504612 -74.722409 0.010204 0.010204 0.001519 366.857143 5 30 61 70 86 92
0.000000 0.000000 0.000000 1.004139 1.051364 -158.643815 -82.943987 0.010204 0.010204 0.000594 385.500000 1.183731 1.231712 -22.893937 -62.151337 0.010204 0.010204 0.001414 385.500000 5 30 61 70 86 97
0.000000 0.000000 0.000000 1.030354 1.457014 -8.913402 -97.809854 0.010204 0.010204 0.000573 385.500000 1.183731 1.231558 -173.781054 -69.533429 0.010204 0.010204 0.001444 385.500000 5 30 61 70 86 98
0.000000 0.000000 0.000000 1.022817 1.188075 -2.932034 -72.737843 0.010204 0.010204 0.000608 366.857143 1.183731 1.231565 -16.044025 -79.732312 0.010204 0.010204 0.001509 366.857143 5 30 61 70 87 88
0.000000 0.000000 0.000000 1.008800 1.058415 -1.899931 -48.457621 0.010204 0.010204 0.000631 366.857143 1.183731 1.231575 -21.993339 -78.945150 0.010204 0.010204 0.001503 366.857143 5 30 61 70 87 92
0.000000 0.000000 0.000000 1.014864 1.101141 -2.336967 -66.717562 0.010204 0.010204 0.000614 385.500000 1.183731 1.231567 -18.166134 -75.435164 0.010204 0.010204 0.001435 385.500000 5 30 61 70 87 97
0.000000 0.000000 0.000000 1.029161 1.187146 -27.211965 -49.352819 0.010204 0.010204 0.000639 385.500000 1.183731 1.231726 -48.460461 -60.998248 0.010204 0.010204 0.001405 385.500000 5 30 61 70 87 98
0.000000 0.000000 0.000000 1.377641 1.540987 -67.177989 -83.409129 0.010204 0.010204 0.000805 366.857143 1.183778 1.233233 -142.078050 -67.951636 0.010204 0.010204 0.001388 366.857143 5 30 61 75 77 88
0.000000 0.000000 0.000000 1.034182 1.050417 -0.538580 -59.778148 0.010204 0.010204 0.000764 366.857143 1.183778 1.232883 -16.280557 -73.207654 0.010204 0.010204 0.001419 366.857143 5 30 61 75 77 92
0.000000 0.000000 0.000000 3.095120 4.031287 -235.395270 -149.373993 0.010204 0.010204 0.000756 385.500000 1.183778 1.232884 -33.111807 -59.961284 0.010204 0.010204 0.001355 385.500000 5 30 61 75 77 97
0.000000 0.000000 0.000000 1.007638 1.178212 -0.173207 -78.550270 0.010204 0.010204 0.000723 385.500000 1.183778 1.232875 -189.332485 -69.236279 0.010204 0.010204 0.001360 385.500000 5 30 61 75 77 98
0.000000 0.000000 0.000000 1.002972 1.076649 -197.799865 -60.079207 0.010204 0.010204 0.000699 366.857143 1.183778 1.232862 -11.430140 -68.304159 0.010204 0.010204 0.001428 366.857143 5 30 61 75 81 88
0.000000 0.000000 0.000000 1.067960 1.206176 -173.862658 -61.765231 0.010204 0.010204 0.000732 366.857143 1.183778 1.233203 -31.619857 -62.076153 0.010204 0.010204 0.001396 366.857143 5 30 61 75 81 92
0.000000 0.000000 0.000000 1.001590 1.514275 -0.007755 -59.993851 0.010204 0.010204 0.000665 385.500000 1.183778 1.232853 -15.560723 -66.709084 0.010204 0.010204 0.001368 385.500000 5 30 61 75 81 97
0.000000 0.000000 0.000000 1.005126 1.055454 -0.237929 -60.121057 0.010204 0.010204 0.000693 385.500000 1.183778 1.232863 -18.498653 -66.434322 0.010204 0.010204 0.001363 385.500000 5 30 61 75 81 98
0.000000 0.000000 0.000000 1.132485 1.187111 -45.626944 -97.306218 0.010204 0.010204 0.000812 385.500000 1.183784 1.233280 -16.685790 -76.248118 0.010204 0.010204 0.001309 385.500000 5 30 61 75 86 88
0.000000 0.000000 0.000000 1.651348 2.093577 -161.212281 -185.066006 0.010204 0.010204 0.000772 385.500000 1.183784 1.233265 -158.739808 -79.412469 0.010204 0.010204 0.001313 385.500000 5 30 61 75 86 92
0.000000 0.000000 0.000000 1.131194 1.185230 -37.525373 -65.124732 0.010204 0.010204 0.000827 404.142857 1.183784 1.233548 -31.030971 -73.634410 0.010204 0.010204 0.001236 404.142857 5 30 61 75 86 97
0.000000 0.000000 0.000000 1.133669 1.188853 -29.818080 -84.247935 0.010204 0.010204 0.000783 404.142857 1.183784 1.233269 -106.654958 -74.347885 0.010204 0.010204 0.001258 404.142857 5 30 61 75 86 98
0.000000 0.000000 0.000000 1.001732 1.072078 -198.347297 -68.209474 0.010204 0.010204 0.000705 385.500000 1.183778 1.232860 -189.933918 -78.928284 0.010204 0.010204 0.001363 385.500000 5 30 61 75 87 88
0.000000 0.000000 0.000000 1.041818 1.062637 -163.489568 -46.663689 0.010204 0.010204 0.000738 385.500000 1.183778 1.232870 -10.785893 -77.893108 0.010204 0.010204 0.001358 385.500000 5 30 61 75 87 92
0.000000 0.000000 0.000000 1.058348 1.091553 -5.245449 -55.806543 0.010204 0.010204 0.000714 404.142857 1.183778 1.232862 -381.430203 -82.143360 0.010204 0.010204 0.001302 404.142857 5 30 61 75 87 97
0.000000 0.000000 0.000000 1.033991 1.049432 -3.929760 -69.539533 0.010204 0.010204 0.000748 404.142857 1.183778 1.233020 -19.953247 -68.778013 0.010204 0.010204 0.001278 404.142857 5 30 61 75 87 98
0.000000 0.000000 0.000000 1.022759 1.156310 -2.698641 -71.236924 0.010204 0.010204 0.000652 366.857143 1.183732 1.231929 -16.897797 -71.400226 0.010204 0.010204 0.001471 366.857143 5 30 61 76 77 88
0.000000 0.000000 0.000000 1.005401 1.056153 -0.606263 -59.177738 0.010204 0.010204 0.000626 366.857143 1.183732 1.231588 -12.054822 -69.751370 0.010204 0.010204 0.001507 366.857143 5 30 61 76 77 92
0.000000 0.000000 0.000000 1.007766 1.067793 -0.532005 -71.470475 0.010204 0.010204 0.000621 385.500000 1.183732 1.231589 -48.654962 -66.865824 0.010204 0.010204 0.001435 385.500000 5 30 61 76 77 97
0.000000 0.000000 0.000000 1.001792 1.046212 -113.006325 -66.443380 0.010204 0.010204 0.000599 385.500000 1.183732 1.231580 -105.592731 -57.266260 0.010204 0.010204 0.001440 385.500000 5 30 61 76 77 98
0.000000 0.000000 0.000000 1.019166 1.064210 -2.881235 -59.823937 0.010204 0.010204 0.000677 366.857143 1.183732 1.231598 -118.216732 -67.630334 0.010204 0.010204 0.001496 366.857143 5 30 61 76 81 88
0.000000 0.000000 0.000000 1.021274 1.064689 -48.782098 -61.292728 0.010204 0.010204 0.000708 366.857143 1.183732 1.231945 -100.731005 -66.329476 0.010204 0.010204 0.001461 366.857143 5 30 61 76 81 92
0.000000 0.000000 0.000000 1.012377 1.069111 -90.956660 -44.743605 0.010204 0.010204 0.000645 385.500000 1.183732 1.231590 -220.223273 -72.715256 0.010204 0.010204 0.001430 385.500000 5 30 61 76 81 97
0.000000 0.000000 0.000000 1.082398 1.263598 -177.288248 -88.567148 0.010204 0.010204 0.000671 385.500000 1.183732 1.231599 -36.044868 -72.465376 0.010204 0.010204 0.001426 385.500000 5 30 61 76 81 98
0.000000 0.000000 0.000000 1.079997 1.296848 -16.619188 -75.756892 0.010204 0.010204 0.000656 385.500000 1.183732 1.231591 -15.077389 -66.638515 0.010204 0.010204 0.001428 385.500000 5 30 61 76 86 88
0.000000 0.000000 0.000000 1.009297 1.073564 -119.018996 -47.998572 0.010204 0.010204 0.000631 385.500000 1.183732 1.231582 -50.482913 -72.175728 0.010204 0.010204 0.001434 385.500000 5 30 61 76 86 92
0.000000 0.000000 0.000000 1.199029 1.677950 -50.434199 -92.511202 0.010204 0.010204 0.000665 404.142857 1.183732 1.231740 -89.489667 -76.043979 0.010204 0.010204 0.001339 404.142857 5 30 61 76 86 97
0.000000 0.000000 0.000000 1.025848 1.102879 -2.908173 -59.688540 0.010204 0.010204 0.000638 404.142857 1.183732 1.231584 -214.205814 -81.822277 0.010204 0.010204 0.001366 404.142857 5 30 61 76 86 98
0.000000 0.000000 0.000000 1.021283 1.058048 -3.183172 -49.236303 0.010204 0.010204 0.000682 385.500000 1.183732 1.231744 -17.599783 -66.958877 0.010204 0.010204 0.001378 385.500000 5 30 61 76 87 88
0.000000 0.000000 0.000000 1.162923 1.422916 -30.993562 -78.205142 0.010204 0.010204 0.000714 385.500000 1.183732 1.231758 -20.313750 -64.469048 0.010204 0.010204 0.001373 385.500000 5 30 61 76 87 92
0.000000 0.000000 0.000000 1.201104 1.523179 -8.885131 -87.716351 0.010204 0.010204 0.000691 404.142857 1.183732 1.231748 -55.536994 -68.197109 0.010204 0.010204 0.001317 404.142857 5 30 61 76 87 97
0.000000 0.000000 0.000000 1.131359 1.340103 -53.557567 -93.355464 0.010204 0.010204 0.000724 404.142857 1.183732 1.231986 -39.339125 -61.235148 0.010204 0.010204 0.001292 404.142857 5 30 61 76 87 98
0.000000 0.000000 0.000000 1.007275 1.061616 -0.549429 -51.019837 0.010204 0.010204 0.000826 348.214286 1.184660 1.232817 -42.849527 -70.986067 0.010204 0.010204 0.001469 348.214286 5 30 65 66 77 88
0.000000 0.000000 0.000000 1.009617 1.083007 -0.936130 -55.667020 0.010204 0.010204 0.000784 348.214286 1.184660 1.232297 -72.375806 -78.376562 0.010204 0.010204 0.001503 348.214286 5 30 65 66 77 92
0.000000 0.000000 0.000000 1.008362 1.071500 -261.653895 -74.812308 0.010204 0.010204 0.000776 366.857143 1.184660 1.232300 -78.249466 -71.286282 0.010204 0.010204 0.001434 366.857143 5 30 65 66 77 97
0.000000 0.000000 0.000000 1.011118 1.116320 -1.668036 -64.523201 0.010204 0.010204 0.000741 366.857143 1.184660 1.232285 -59.894339 -74.833295 0.010204 0.010204 0.001438 366.857143 5 30 65 66 77 98
0.000000 0.000000 0.000000 1.009452 1.207147 -161.852192 -86.503328 0.010204 0.010204 0.000717 348.214286 1.184660 1.231947 -18.030063 -66.543674 0.010204 0.010204 0.001570 348.214286 5 30 65 66 81 88
0.000000 0.000000 0.000000 1.009031 1.151746 -1.413027 -55.530004 0.010204 0.010204 0.000750 348.214286 1.184660 1.232292 -25.941644 -77.276727 0.010204 0.010204 0.001532 348.214286 5 30 65 66 81 92
0.000000 0.000000 0.000000 1.001752 1.077081 -0.110727 -51.359118 0.010204 0.010204 0.000682 366.857143 1.184660 1.231939 -225.769855 -68.229694 0.010204 0.010204 0.001498 366.857143 5 30 65 66 81 97
0.000000 0.000000 0.000000 1.004506 1.088021 -92.848569 -65.561543 0.010204 0.010204 0.000710 366.857143 1.184660 1.231949 -27.048349 -62.365785 0.010204 0.010204 0.001493 366.857143 5 30 65 66 81 98
0.000000 0.000000 0.000000 1.347253 6.068140 -24.298228 -491.459251 0.010204 0.010204 0.000724 366.857143 1.184660 1.231950 -18.160205 -75.385875 0.010204 0.010204 0.001488 366.857143 5 30 65 66 86 88
0.000000 0.000000 0.000000 1.003242 1.101044 -0.106049 -59.551897 0.010204 0.010204 0.000694 366.857143 1.184660 1.231940 -22.283179 -64.989621 0.010204 0.010204 0.001494 366.857143 5 30 65 66 86 92
0.000000 0.000000 0.000000 1.013355 1.174084 -1.415230 -70.369227 0.010204 0.010204 0.000734 385.500000 1.184660 1.232101 -36.102608 -64.829082 0.010204 0.010204 0.001393 385.500000 5 30 65 66 86 97
0.000000 0.000000 0.000000 1.038681 1.615047 -5.874213 -141.599565 0.010204 0.010204 0.000702 385.500000 1.184660 1.231942 -80.518258 -75.718592 0.010204 0.010204 0.001422 385.500000 5 30 65 66 86 98
0.000000 0.000000 0.000000 1.000968 1.110891 -0.096905 -72.837633 0.010204 0.010204 0.000643 366.857143 1.184660 1.231931 -23.601656 -73.958002 0.010204 0.010204 0.001504 366.857143 5 30 65 66 87 88
0.000000 0.000000 0.000000 1.001793 1.093411 -0.283261 -52.403390 0.010204 0.010204 0.000668 366.857143 1.184660 1.231940 -13.778611 -85.191831 0.010204 0.010204 0.001498 366.857143 5 30 65 66 87 92
0.000000 0.000000 0.000000 1.001199 1.071278 -9.371630 -63.504488 0.010204 0.010204 0.000650 385.500000 1.184660 1.231933 -36.084852 -72.086646 0.010204 0.010204 0.001431 385.500000 5 30 65 66 87 97
0.000000 0.000000 0.000000 1.002674 1.113018 -254.829482 -72.848936 0.010204 0.010204 0.000676 385.500000 1.184660 1.232087 -201.827895 -70.992144 0.010204 0.010204 0.001401 385.500000 5 30 65 66 87 98
0.000000 0.000000 0.000000 1.010032 1.053740 -2.591749 -52.814905 0.010204 0.010204 0.000858 348.214286 1.184669 1.232358 -48.238485 -74.481520 0.010204 0.010204 0.001518 348.214286 5 30 65 70 77 88
0.000000 0.000000 0.000000 1.023575 1.398986 -4.044568 -86.109550 0.010204 0.010204 0.000814 348.214286 1.184669 1.232014 -35.313060 -69.115269 0.010204 0.010204 0.001556 348.214286 5 30 65 70 77 92
0.000000 0.000000 0.000000 1.004988 1.051350 -90.545189 -52.892688 0.010204 0.010204 0.000806 366.857143 1.184669 1.232015 -12.360332 -70.276777 0.010204 0.010204 0.001480 366.857143 5 30 65 70 77 97
0.000000 0.000000 0.000000 1.000619 1.075530 -196.543568 -89.732649 0.010204 0.010204 0.000769 366.857143 1.184669 1.232005 -42.550691 -73.349091 0.010204 0.010204 0.001486 366.857143 5 30 65 70 77 98
0.000000 0.000000 0.000000 1.027779 1.052374 -4.638523 -50.045893 0.010204 0.010204 0.000903 348.214286 1.184670 1.232378 -23.822849 -75.860891 0.010204 0.010204 0.001490 348.214286 5 30 65 70 81 88
0.000000 0.000000 0.000000 1.032303 1.046333 -6.232727 -69.182018 0.010204 0.010204 0.000961 348.214286 1.184670 1.232901 -38.576081 -70.236127 0.010204 0.010204 0.001457 348.214286 5 30 65 70 81 92
0.000000 0.000000 0.000000 1.000761 1.233142 -0.021764 -32.762430 0.010204 0.010204 0.000847 366.857143 1.184670 1.232365 -31.374371 -74.671823 0.010204 0.010204 0.001427 366.857143 5 30 65 70 81 97
0.000000 0.000000 0.000000 1.047632 1.072766 -141.567352 -71.163372 0.010204 0.010204 0.000893 366.857143 1.184670 1.232381 -177.628595 -69.881327 0.010204 0.010204 0.001422 366.857143 5 30 65 70 81 98
0.000000 0.000000 0.000000 1.002337 1.131723 -0.340058 -66.807660 0.010204 0.010204 0.000751 366.857143 1.184669 1.232006 -24.756738 -75.677127 0.010204 0.010204 0.001485 366.857143 5 30 65 70 86 88
0.000000 0.000000 0.000000 1.000514 1.143364 -0.065451 -67.890704 0.010204 0.010204 0.000719 366.857143 1.184669 1.231996 -28.967454 -66.638790 0.010204 0.010204 0.001491 366.857143 5 30 65 70 86 92
0.000000 0.000000 0.000000 1.005640 1.181633 -55.700700 -68.613150 0.010204 0.010204 0.000761 385.500000 1.184669 1.232153 -25.581724 -72.258219 0.010204 0.010204 0.001390 385.500000 5 30 65 70 86 97
0.000000 0.000000 0.000000 1.000697 1.053923 -359.682956 -76.324215 0.010204 0.010204 0.000728 385.500000 1.184669 1.231998 -28.394941 -60.643914 0.010204 0.010204 0.001419 385.500000 5 30 65 70 86 98
0.000000 0.000000 0.000000 1.002303 1.235835 -251.135569 -64.960889 0.010204 0.010204 0.000784 366.857143 1.184669 1.232007 -49.979607 -70.209519 0.010204 0.010204 0.001481 366.857143 5 30 65 70 87 88
0.000000 0.000000 0.000000 1.160269 1.888430 -24.689487 -139.294545 0.010204 0.010204 0.000824 366.857143 1.184669 1.232016 -20.564986 -74.596514 0.010204 0.010204 0.001475 366.857143 5 30 65 70 87 92
0.000000 0.000000 0.000000 1.005813 1.051042 -0.525142 -45.652085 0.010204 0.010204 0.000795 385.500000 1.184669 1.232009 -21.922138 -72.136223 0.010204 0.010204 0.001411 385.500000 5 30 65 70 87 97
0.000000 0.000000 0.000000 1.015257 1.047442 -3.132370 -73.492105 0.010204 0.010204 0.000836 385.500000 1.184669 1.232167 -23.456546 -66.693738 0.010204 0.010204 0.001382 385.500000 5 30 65 70 87 98
0.000000 0.000000 0.000000 1.048641 1.215768 -7.407176 -80.150683 0.010204 0.010204 0.000826 366.857143 1.184664 1.232321 -45.787224 -74.499340 0.010204 0.010204 0.001448 366.857143 5 30 65 75 77 88
0.000000 0.000000 0.000000 1.007793 1.071328 -1.163963 -54.645099 0.010204 0.010204 0.000785 366.857143 1.184664 1.231975 -16.159582 -82.492646 0.010204 0.010204 0.001482 366.857143 5 30 65 75 77 92
0.000000 0.000000 0.000000 1.029097 1.188203 -0.489806 -67.237325 0.010204 0.010204 0.000777 385.500000 1.184664 1.231976 -47.588323 -63.226671 0.010204 0.010204 0.001413 385.500000 5 30 65 75 77 97
0.000000 0.000000 0.000000 1.002307 1.145087 -0.130907 -86.160497 0.010204 0.010204 0.000743 385.500000 1.184664 1.231966 -43.250625 -66.543074 0.010204 0.010204 0.001417 385.500000 5 30 65 75 77 98
0.000000 0.000000 0.000000 1.000912 1.058369 -1.284027 -73.685889 0.010204 0.010204 0.000718 366.857143 1.184664 1.231965 -29.840057 -75.794446 0.010204 0.010204 0.001492 366.857143 5 30 65 75 81 88
0.000000 0.000000 0.000000 1.035779 2.110547 -52.843256 -133.290511 0.010204 0.010204 0.000751 366.857143 1.184664 1.232305 -33.265870 -63.482433 0.010204 0.010204 0.001457 366.857143 5 30 65 75 81 92
0.000000 0.000000 0.000000 1.000264 1.051330 -12.975839 -71.541335 0.010204 0.010204 0.000683 385.500000 1.184664 1.231956 -39.416164 -74.338620 0.010204 0.010204 0.001426 385.500000 5 30 65 75 81 97
0.000000 0.000000 0.000000 1.043216 3.092949 -2.673815 -211.932095 0.010204 0.010204 0.000711 385.500000 1.184664 1.231966 -48.488466 -65.647378 0.010204 0.010204 0.001421 385.500000 5 30 65 75 81 98
0.000000 0.000000 0.000000 1.083831 1.191936 -171.908664 -72.398511 0.010204 0.010204 0.000834 385.500000 1.184664 1.232135 -21.381692 -72.792857 0.010204 0.010204 0.001361 385.500000 5 30 65 75 86 88
0.000000 0.000000 0.000000 1.000523 1.050310 -0.279898 -60.513570 0.010204 0.010204 0.000793 385.500000 1.184664 1.232121 -114.131035 -59.400038 0.010204 0.010204 0.001366 385.500000 5 30 65 75 86 92
0.000000 0.000000 0.000000 1.043461 1.095903 -15.381998 -70.967258 0.010204 0.010204 0.000848 404.142857 1.184664 1.232363 -58.525894 -73.410107 0.010204 0.010204 0.001282 404.142857 5 30 65 75 86 97
0.000000 0.000000 0.000000 1.020115 1.048901 -114.367886 -54.633292 0.010204 0.010204 0.000804 404.142857 1.184664 1.232125 -160.905492 -65.912700 0.010204 0.010204 0.001306 404.142857 5 30 65 75 86 98
0.000000 0.000000 0.000000 1.000755 1.059142 -167.711041 -57.308339 0.010204 0.010204 0.000724 385.500000 1.184664 1.231959 -13.084909 -64.177115 0.010204 0.010204 0.001420 385.500000 5 30 65 75 87 88
0.000000 0.000000 0.000000 1.004602 1.047501 -0.920223 -57.656621 0.010204 0.010204 0.000758 385.500000 1.184664 1.231968 -32.499665 -78.161642 0.010204 0.010204 0.001415 385.500000 5 30 65 75 87 92
0.000000 0.000000 0.000000 1.015017 1.214130 -1.220901 -72.351974 0.010204 0.010204 0.000734 404.142857 1.184664 1.231961 -22.926517 -75.553470 0.010204 0.010204 0.001354 404.142857 5 30 65 75 87 97
0.000000 0.000000 0.000000 1.008658 1.056898 -127.449776 -72.553776 0.010204 0.010204 0.000769 404.142857 1.184664 1.232117 -55.028280 -66.806428 0.010204 0.010204 0.001327 404.142857 5 30 65 75 87 98
0.000000 0.000000 0.000000 1.000334 1.065136 -146.076153 -59.414956 0.010204 0.010204 0.000859 366.857143 1.184852 1.233657 -16.700546 -68.601202 0.010204 0.010204 0.001384 366.857143 5 30 65 76 77 88
0.000000 0.000000 0.000000 1.000123 1.102081 -18.363673 -74.037622 0.010204 0.010204 0.000816 366.857143 1.184852 1.233315 -115.743501 -65.019671 0.010204 0.010204 0.001415 366.857143 5 30 65 76 77 92
0.000000 0.000000 0.000000 1.000286 1.145950 -0.122886 -91.024972 0.010204 0.010204 0.000807 385.500000 1.184852 1.233317 -17.433542 -59.803104 0.010204 0.010204 0.001352 385.500000 5 30 65 76 77 97
0.000000 0.000000 0.000000 1.000043 1.170607 -0.005776 -73.883141 0.010204 0.010204 0.000771 385.500000 1.184852 1.233307 -57.136478 -76.335353 0.010204 0.010204 0.001356 385.500000 5 30 65 76 77 98
0.000000 0.000000 0.000000 1.001194 1.066589 -107.838451 -55.648538 0.010204 0.010204 0.000904 366.857143 1.184853 1.233338 -18.856969 -81.286333 0.010204 0.010204 0.001406 366.857143 5 30 65 76 81 88
0.000000 0.000000 0.000000 1.067129 1.060584 -91.687885 -49.429307 0.010204 0.010204 0.000960 366.857143 1.184853 1.233687 -135.978604 -71.966183 0.010204 0.010204 0.001376 366.857143 5 30 65 76 81 92
0.000000 0.000000 0.000000 1.000036 1.063130 -0.165379 -54.620169 0.010204 0.010204 0.000849 385.500000 1.184853 1.233329 -11.838622 -84.813414 0.010204 0.010204 0.001348 385.500000 5 30 65 76 81 97
0.000000 0.000000 0.000000 1.004195 1.051845 -9.951130 -76.627443 0.010204 0.010204 0.000894 385.500000 1.184853 1.233339 -9.900118 -64.120367 0.010204 0.010204 0.001344 385.500000 5 30 65 76 81 98
0.000000 0.000000 0.000000 1.003814 1.159016 -0.778245 -46.687380 0.010204 0.010204 0.000868 385.500000 1.184852 1.233324 -73.646869 -71.858321 0.010204 0.010204 0.001346 385.500000 5 30 65 76 86 88
0.000000 0.000000 0.000000 1.000592 2.198024 -0.034761 -99.509180 0.010204 0.010204 0.000824 385.500000 1.184852 1.233314 -23.884452 -67.421236 0.010204 0.010204 0.001351 385.500000 5 30 65 76 86 92
0.000000 0.000000 0.000000 1.026209 1.090163 -213.183296 -69.167364 0.010204 0.010204 0.000882 404.142857 1.184852 1.233474 -37.258099 -71.924209 0.010204 0.010204 0.001267 404.142857 5 30 65 76 86 97
0.000000 0.000000 0.000000 1.001320 1.146998 -9.735242 -70.921755 0.010204 0.010204 0.000836 404.142857 1.184852 1.233316 -235.221184 -73.281815 0.010204 0.010204 0.001291 404.142857 5 30 65 76 86 98
0.000000 0.000000 0.000000 1.000028 1.092125 -53.551972 -73.908066 0.010204 0.010204 0.000916 385.500000 1.184876 1.233730 -21.720997 -78.070066 0.010204 0.010204 0.001302 385.500000 5 30 65 76 87 88
0.000000 0.000000 0.000000 1.290611 1.157993 -85.228343 -76.241289 0.010204 0.010204 0.000972 385.500000 1.184876 1.233746 -131.597218 -81.258884 0.010204 0.010204 0.001298 385.500000 5 30 65 76 87 92
0.000000 0.000000 0.000000 1.010055 1.055933 -0.524797 -66.795196 0.010204 0.010204 0.000931 404.142857 1.184876 1.233735 -72.561143 -79.155050 0.010204 0.010204 0.001248 404.142857 5 30 65 76 87 97
0.000000 0.000000 0.000000 1.178214 1.081940 -43.895253 -58.150301 0.010204 0.010204 0.000992 404.142857 1.184879 1.234015 -110.712686 -73.234062 0.010204 0.010204 0.001226 404.142857 5 30 65 76 87 98
0.000000 0.000000 0.000000 11.522414 1.277002 -322.568404 -67.579648 0.010204 0.010204 0.000865 348.214286 1.112064 1.216852 -158.749880 -66.850221 0.010204 0.010204 0.001458 348.214286 5 41 46 66 77 88
0.000000 0.000000 0.000000 11.558941 1.277987 -166.040625 -103.669795 0.010204 0.010204 0.000814 348.214286 1.112064 1.216242 -9.411634 -66.102986 0.010204 0.010204 0.001490 348.214286 5 41 46 66 77 92
0.000000 0.000000 0.000000 11.541671 1.277518 -90.206246 -83.475620 0.010204 0.010204 0.000805 366.857143 1.112064 1.216247 -6.329807 -65.976835 0.010204 0.010204 0.001423 366.857143 5 41 46 66 77 97
0.000000 0.000000 0.000000 11.846278 1.287596 -362.908119 -130.197653 0.010204 0.010204 0.000766 366.857143 1.112064 1.216228 -69.151662 -73.125826 0.010204 0.010204 0.001428 366.857143 5 41 46 66 77 98
0.000000 0.000000 0.000000 21.992767 1.558260 -781.847968 -116.220306 0.010204 0.010204 0.000736 348.214286 1.112063 1.215486 -99.325417 -77.322274 0.010204 0.010204 0.001554 348.214286 5 41 46 66 81 88
0.000000 0.000000 0.000000 15.531593 1.384074 -464.377442 -73.073258 0.010204 0.010204 0.000775 348.214286 1.112063 1.215833 -10.001535 -70.231535 0.010204 0.010204 0.001518 348.214286 5 41 46 66 81 92
0.000000 0.000000 0.000000 1.365775 1.099970 -98.441901 -55.404710 0.010204 0.010204 0.000698 366.857143 1.112063 1.215477 -154.144371 -78.797381 0.010204 0.010204 0.001485 366.857143 5 41 46 66 81 97
0.000000 0.000000 0.000000 18.015228 1.450867 -175.592730 -55.685913 0.010204 0.010204 0.000729 366.857143 1.112063 1.215487 -7.488504 -74.886181 0.010204 0.010204 0.001480 366.857143 5 41 46 66 81 98
0.000000 0.000000 0.000000 14.022639 1.343829 -531.564725 -68.730825 0.010204 0.010204 0.000744 366.857143 1.112063 1.215493 -5.672760 -78.703673 0.010204 0.010204 0.001475 366.857143 5 41 46 66 86 88
0.000000 0.000000 0.000000 3.726937 1.120489 -167.756508 -64.152368 0.010204 0.010204 0.000710 366.857143 1.112063 1.215484 -113.176735 -63.944689 0.010204 0.010204 0.001481 366.857143 5 41 46 66 86 92
0.000000 0.000000 0.000000 13.314637 1.324817 -1655.910991 -109.291991 0.010204 0.010204 0.000756 385.500000 1.112063 1.215647 -8.225211 -63.520848 0.010204 0.010204 0.001383 385.500000 5 41 46 66 86 97
0.000000 0.000000 0.000000 14.746070 1.363328 -2234.473852 -117.493106 0.010204 0.010204 0.000720 385.500000 1.112063 1.215486 -105.509608 -69.062819 0.010204 0.010204 0.001411 385.500000 5 41 46 66 86 98
0.000000 0.000000 0.000000 1.021203 1.202364 -3.593084 -56.219188 0.010204 0.010204 0.000654 366.857143 1.112063 1.215460 -69.931038 -68.840494 0.010204 0.010204 0.001490 366.857143 5 41 46 66 87 88
0.000000 0.000000 0.000000 3.426356 1.126999 -67.709020 -63.072313 0.010204 0.010204 0.000682 366.857143 1.112063 1.215469 -27.829470 -76.027430 0.010204 0.010204 0.001485 366.857143 5 41 46 66 87 92
0.000000 0.000000 0.000000 2.122483 1.252460 -77.513980 -59.756526 0.010204 0.010204 0.000662 385.500000 1.112063 1.215462 -9.874262 -65.551827 0.010204 0.010204 0.001420 385.500000 5 41 46 66 87 97
0.000000 0.000000 0.000000 3.237331 1.064272 -213.687400 -68.633181 0.010204 0.010204 0.000691 385.500000 1.112063 1.215617 -160.466152 -72.438765 0.010204 0.010204 0.001391 385.500000 5 41 46 66 87 98
0.000000 0.000000 0.000000 2.285567 1.047343 -41.668299 -53.785368 0.010204 0.010204 0.000682 348.214286 1.112061 1.214271 -138.512624 -72.340860 0.010204 0.010204 0.001607 348.214286 5 41 46 70 77 88
0.000000 0.000000 0.000000 2.217661 1.052012 -328.235890 -59.818307 0.010204 0.010204 0.000653 348.214286 1.112061 1.213926 -21.830652 -70.501144 0.010204 0.010204 0.001648 348.214286 5 41 46 70 77 92
0.000000 0.000000 0.000000 3.948278 1.116685 -96.303467 -58.134747 0.010204 0.010204 0.000647 366.857143 1.112061 1.213928 -16.156647 -74.661905 0.010204 0.010204 0.001565 366.857143 5 41 46 70 77 97
0.000000 0.000000 0.000000 1.486574 1.063348 -88.466184 -76.463364 0.010204 0.010204 0.000622 366.857143 1.112061 1.213918 -21.915860 -68.432254 0.010204 0.010204 0.001570 366.857143 5 41 46 70 77 98
0.000000 0.000000 0.000000 3.013692 1.063310 -122.130762 -63.834628 0.010204 0.010204 0.000711 348.214286 1.112061 1.214283 -101.033881 -68.704524 0.010204 0.010204 0.001575 348.214286 5 41 46 70 81 88
0.000000 0.000000 0.000000 2.960617 1.061501 -100.783218 -52.682745 0.010204 0.010204 0.000748 348.214286 1.112061 1.214805 -67.613291 -69.523383 0.010204 0.010204 0.001539 348.214286 5 41 46 70 81 92
0.000000 0.000000 0.000000 3.385597 1.077269 -48.113658 -43.409056 0.010204 0.010204 0.000674 366.857143 1.112061 1.214271 -6.670154 -79.107590 0.010204 0.010204 0.001505 366.857143 5 41 46 70 81 97
0.000000 0.000000 0.000000 2.988827 1.062458 -151.924249 -67.811914 0.010204 0.010204 0.000704 366.857143 1.112061 1.214286 -313.192248 -73.658134 0.010204 0.010204 0.001500 366.857143 5 41 46 70 81 98
0.000000 0.000000 0.000000 1.769016 1.103941 -23.797984 -59.863245 0.010204 0.010204 0.000610 366.857143 1.112061 1.213919 -12.726972 -66.266131 0.010204 0.010204 0.001570 366.857143 5 41 46 70 86 88
0.000000 0.000000 0.000000 1.660647 1.546790 -128.309923 -90.173258 0.010204 0.010204 0.000588 366.857143 1.112061 1.213909 -15.785944 -70.404086 0.010204 0.010204 0.001576 366.857143 5 41 46 70 86 92
0.000000 0.000000 0.000000 1.957609 1.083401 -103.404788 -57.725721 0.010204 0.010204 0.000617 385.500000 1.112061 1.214066 -80.301781 -59.994830 0.010204 0.010204 0.001465 385.500000 5 41 46 70 86 97
0.000000 0.000000 0.000000 2.072310 1.197422 -420.912141 -80.532761 0.010204 0.010204 0.000594 385.500000 1.112061 1.213911 -19.897272 -63.805506 0.010204 0.010204 0.001497 385.500000 5 41 46 70 86 98
0.000000 0.000000 0.000000 1.756266 1.052762 -148.103069 -64.241192 0.010204 0.010204 0.000633 366.857143 1.112061 1.213919 -16.544744 -64.548102 0.010204 0.010204 0.001565 366.857143 5 41 46 70 87 88
0.000000 0.000000 0.000000 3.514188 1.088228 -203.481026 -69.942114 0.010204 0.010204 0.000659 366.857143 1.112061 1.213929 -15.165504 -73.206612 0.010204 0.010204 0.001559 366.857143 5 41 46 70 87 92
0.000000 0.000000 0.000000 5.266312 1.154227 -130.213505 -61.420187 0.010204 0.010204 0.000640 385.500000 1.112061 1.213921 -84.085736 -74.124361 0.010204 0.010204 0.001488 385.500000 5 41 46 70 87 97
0.000000 0.000000 0.000000 2.698377 1.057736 -414.196909 -51.623060 0.010204 0.010204 0.000668 385.500000 1.112061 1.214080 -128.688148 -75.646254 0.010204 0.010204 0.001456 385.500000 5 41 46 70 87 98
0.000000 0.000000 0.000000 3.155072 1.065046 -71.237033 -51.155302 0.010204 0.010204 0.000701 366.857143 1.112061 1.214292 -162.420056 -72.605060 0.010204 0.010204 0.001518 366.857143 5 41 46 75 77 88
0.000000 0.000000 0.000000 4.711797 1.116464 -545.746817 -85.131353 0.010204 0.010204 0.000669 366.857143 1.112061 1.213946 -138.237376 -71.224141 0.010204 0.010204 0.001555 366.857143 5 41 46 75 77 92
0.000000 0.000000 0.000000 3.745929 1.084436 -399.649210 -68.414737 0.010204 0.010204 0.000664 385.500000 1.112061 1.213947 -231.479605 -84.384496 0.010204 0.010204 0.001480 385.500000 5 41 46 75 77 97
0.000000 0.000000 0.000000 2.541114 1.094443 -142.607731 -55.502004 0.010204 0.010204 0.000637 385.500000 1.112061 1.213937 -94.601501 -73.343363 0.010204 0.010204 0.001485 385.500000 5 41 46 75 77 98
0.000000 0.000000 0.000000 1.920033 1.148857 -43.888570 -73.182010 0.010204 0.010204 0.000618 366.857143 1.112061 1.213936 -131.293317 -68.323924 0.010204 0.010204 0.001566 366.857143 5 41 46 75 81 88
0.000000 0.000000 0.000000 16.415218 1.953906 -1672.818443 -167.292799 0.010204 0.010204 0.000644 366.857143 1.112061 1.214276 -36.103517 -72.079745 0.010204 0.010204 0.001528 366.857143 5 41 46 75 81 92
0.000000 0.000000 0.000000 1.054980 1.056913 -5.681811 -50.386834 0.010204 0.010204 0.000591 385.500000 1.112061 1.213927 -16.547351 -71.839606 0.010204 0.010204 0.001495 385.500000 5 41 46 75 81 97
0.000000 0.000000 0.000000 1.494220 1.051667 -29.001952 -74.818288 0.010204 0.010204 0.000613 385.500000 1.112061 1.213937 -29.042355 -72.014319 0.010204 0.010204 0.001489 385.500000 5 41 46 75 81 98
0.000000 0.000000 0.000000 7.796123 1.196648 -2695.730433 -81.486002 0.010204 0.010204 0.000707 385.500000 1.112061 1.214110 -113.352984 -79.505191 0.010204 0.010204 0.001424 385.500000 5 41 46 75 86 88
0.000000 0.000000 0.000000 10.964868 1.293524 -2261.520013 -86.631647 0.010204 0.010204 0.000675 385.500000 1.112061 1.214096 -136.115898 -66.976827 0.010204 0.010204 0.001429 385.500000 5 41 46 75 86 92
0.000000 0.000000 0.000000 7.635162 1.191870 -254.646294 -96.183893 0.010204 0.010204 0.000718 404.142857 1.112061 1.214339 -127.477728 -62.735190 0.010204 0.010204 0.001338 404.142857 5 41 46 75 86 97
0.000000 0.000000 0.000000 7.932533 1.200707 -109.007266 -57.172678 0.010204 0.010204 0.000684 404.142857 1.112061 1.214100 -51.077785 -69.245970 0.010204 0.010204 0.001364 404.142857 5 41 46 75 86 98
0.000000 0.000000 0.000000 1.498363 1.060685 -25.669765 -57.772049 0.010204 0.010204 0.000623 385.500000 1.112061 1.213930 -47.832095 -80.007498 0.010204 0.010204 0.001488 385.500000 5 41 46 75 87 88
0.000000 0.000000 0.000000 2.479278 1.048525 -20.269073 -50.383965 0.010204 0.010204 0.000649 385.500000 1.112061 1.213939 -98.425756 -72.869555 0.010204 0.010204 0.001483 385.500000 5 41 46 75 87 92
0.000000 0.000000 0.000000 3.157206 1.074057 -60.296742 -62.703399 0.010204 0.010204 0.000630 404.142857 1.112061 1.213932 -12.278302 -73.356715 0.010204 0.010204 0.001417 404.142857 5 41 46 75 87 97
0.000000 0.000000 0.000000 6.476241 1.172014 -153.253132 -71.067242 0.010204 0.010204 0.000657 404.142857 1.112061 1.214088 -25.599252 -78.966154 0.010204 0.010204 0.001387 404.142857 5 41 46 75 87 98
0.000000 0.000000 0.000000 1.410250 1.094313 -86.624239 -71.567106 0.010204 0.010204 0.000581 366.857143 1.112061 1.214223 -5.609641 -65.634150 0.010204 0.010204 0.001542 366.857143 5 41 46 76 77 88
0.000000 0.000000 0.000000 1.273353 1.091650 -15.003540 -50.061394 0.010204 0.010204 0.000560 366.857143 1.112061 1.213882 -9.643914 -66.902293 0.010204 0.010204 0.001581 366.857143 5 41 46 76 77 92
0.000000 0.000000 0.000000 2.221893 1.351685 -79.460518 -62.785289 0.010204 0.010204 0.000556 385.500000 1.112061 1.213883 -7.647980 -71.330756 0.010204 0.010204 0.001502 385.500000 5 41 46 76 77 97
0.000000 0.000000 0.000000 1.186542 1.132230 -91.899868 -74.704680 0.010204 0.010204 0.000538 385.500000 1.112061 1.213874 -208.984159 -76.359146 0.010204 0.010204 0.001508 385.500000 5 41 46 76 77 98
0.000000 0.000000 0.000000 2.384057 1.110979 -202.798304 -66.848946 0.010204 0.010204 0.000601 366.857143 1.112061 1.213892 -8.512842 -72.701755 0.010204 0.010204 0.001569 366.857143 5 41 46 76 81 88
0.000000 0.000000 0.000000 2.455772 1.104115 -46.315208 -68.267833 0.010204 0.010204 0.000626 366.857143 1.112061 1.214238 -188.551560 -73.484271 0.010204 0.010204 0.001531 366.857143 5 41 46 76 81 92
0.000000 0.000000 0.000000 14.170365 2.640419 -1430.378819 -107.257644 0.010204 0.010204 0.000575 385.500000 1.112061 1.213883 -28.286841 -84.553791 0.010204 0.010204 0.001498 385.500000 5 41 46 76 81 97
0.000000 0.000000 0.000000 1.686526 1.052264 -239.338105 -69.488697 0.010204 0.010204 0.000596 385.500000 1.112061 1.213893 -214.033084 -66.175425 0.010204 0.010204 0.001492 385.500000 5 41 46 76 81 98
0.000000 0.000000 0.000000 2.389356 1.132468 -63.206886 -68.648928 0.010204 0.010204 0.000585 385.500000 1.112061 1.213885 -14.927220 -68.145975 0.010204 0.010204 0.001495 385.500000 5 41 46 76 86 88
0.000000 0.000000 0.000000 1.343714 1.064314 -7.273665 -59.062243 0.010204 0.010204 0.000564 385.500000 1.112061 1.213876 -20.005053 -65.407791 0.010204 0.010204 0.001501 385.500000 5 41 46 76 86 92
0.000000 0.000000 0.000000 2.802627 1.155147 -129.602997 -101.786781 0.010204 0.010204 0.000591 404.142857 1.112061 1.214034 -114.180668 -62.420704 0.010204 0.010204 0.001398 404.142857 5 41 46 76 86 97
0.000000 0.000000 0.000000 1.679681 1.069990 -8.636738 -64.444544 0.010204 0.010204 0.000570 404.142857 1.112061 1.213878 -20.344287 -77.625297 0.010204 0.010204 0.001428 404.142857 5 41 46 76 86 98
0.000000 0.000000 0.000000 3.887928 1.164541 -48.939541 -57.510768 0.010204 0.010204 0.000605 385.500000 1.112061 1.214033 -18.334189 -81.613824 0.010204 0.010204 0.001441 385.500000 5 41 46 76 87 88
0.000000 0.000000 0.000000 2.617396 1.089132 -44.077426 -65.195170 0.010204 0.010204 0.000630 385.500000 1.112061 1.214047 -4.645240 -73.799173 0.010204 0.010204 0.001436 385.500000 5 41 46 76 87 92
0.000000 0.000000 0.000000 2.688127 1.093267 -190.074822 -52.549683 0.010204 0.010204 0.000612 404.142857 1.112061 1.214037 -10.891460 -78.398428 0.010204 0.010204 0.001375 404.142857 5 41 46 76 87 97
0.000000 0.000000 0.000000 2.532221 1.084168 -225.553585 -55.700594 0.010204 0.010204 0.000639 404.142857 1.112061 1.214274 -224.657280 -75.505637 0.010204 0.010204 0.001348 404.142857 5 41 46 76 87 98
0.000000 0.000000 0.000000 5.351694 1.223471 -66.062207 -58.430778 0.010204 0.010204 0.000652 348.214286 1.112053 1.214673 -14.403410 -71.751647 0.010204 0.010204 0.001554 348.214286 5 41 50 66 77 88
0.000000 0.000000 0.000000 5.538263 1.233211 -402.716140 -77.929734 0.010204 0.010204 0.000623 348.214286 1.112053 1.214151 -11.167729 -56.724359 0.010204 0.010204 0.001591 348.214286 5 41 50 66 77 92
0.000000 0.000000 0.000000 5.457141 1.228974 -123.945733 -86.800265 0.010204 0.010204 0.000618 366.857143 1.112053 1.214154 -143.679709 -68.093207 0.010204 0.010204 0.001515 366.857143 5 41 50 66 77 97
0.000000 0.000000 0.000000 6.180515 1.266844 -480.226132 -69.288833 0.010204 0.010204 0.000594 366.857143 1.112053 1.214139 -152.752127 -67.477879 0.010204 0.010204 0.001520 366.857143 5 41 50 66 77 98
0.000000 0.000000 0.000000 2.326725 1.075228 -294.372203 -63.982510 0.010204 0.010204 0.000577 348.214286 1.112053 1.213795 -156.998251 -64.238142 0.010204 0.010204 0.001666 348.214286 5 41 50 66 81 88
0.000000 0.000000 0.000000 1.875331 1.048338 -9.775717 -62.938557 0.010204 0.010204 0.000600 348.214286 1.112053 1.214139 -11.422507 -66.491812 0.010204 0.010204 0.001624 348.214286 5 41 50 66 81 92
0.000000 0.000000 0.000000 2.214090 1.076179 -94.000932 -65.245613 0.010204 0.010204 0.000553 366.857143 1.112053 1.213786 -24.476770 -61.116558 0.010204 0.010204 0.001587 366.857143 5 41 50 66 81 97
0.000000 0.000000 0.000000 2.086868 1.060906 -66.123817 -66.862838 0.010204 0.010204 0.000573 366.857143 1.112053 1.213796 -30.404427 -75.742210 0.010204 0.010204 0.001581 366.857143 5 41 50 66 81 98
0.000000 0.000000 0.000000 3.350100 1.126737 -62.385079 -60.608460 0.010204 0.010204 0.000582 366.857143 1.112053 1.213797 -8.262761 -67.042634 0.010204 0.010204 0.001575 366.857143 5 41 50 66 86 88
0.000000 0.000000 0.000000 2.081277 1.061840 -30.242622 -52.827535 0.010204 0.010204 0.000561 366.857143 1.112053 1.213787 -14.602480 -77.395992 0.010204 0.010204 0.001582 366.857143 5 41 50 66 86 92
0.000000 0.000000 0.000000 2.853943 1.099193 -161.788680 -91.438678 0.010204 0.010204 0.000589 385.500000 1.112053 1.213948 -3.972574 -75.802484 0.010204 0.010204 0.001470 385.500000 5 41 50 66 86 97
0.000000 0.000000 0.000000 3.905964 1.157651 -232.702856 -66.401268 0.010204 0.010204 0.000567 385.500000 1.112053 1.213790 -13.873009 -89.632539 0.010204 0.010204 0.001502 385.500000 5 41 50 66 86 98
0.000000 0.000000 0.000000 1.389975 1.049535 -69.471763 -69.464907 0.010204 0.010204 0.000525 366.857143 1.112053 1.213778 -36.854335 -63.458111 0.010204 0.010204 0.001593 366.857143 5 41 50 66 87 88
0.000000 0.000000 0.000000 1.720989 1.053404 -161.266149 -58.701583 0.010204 0.010204 0.000543 366.857143 1.112053 1.213787 -11.114586 -66.575543 0.010204 0.010204 0.001586 366.857143 5 41 50 66 87 92
0.000000 0.000000 0.000000 3.277198 1.178795 -253.838948 -62.247206 0.010204 0.010204 0.000530 385.500000 1.112053 1.213780 -45.537696 -59.272474 0.010204 0.010204 0.001512 385.500000 5 41 50 66 87 97
0.000000 0.000000 0.000000 2.013674 1.069676 -117.583266 -57.607486 0.010204 0.010204 0.000549 385.500000 1.112053 1.213934 -205.612341 -70.190026 0.010204 0.010204 0.001479 385.500000 5 41 50 66 87 98
0.000000 0.000000 0.000000 2.384249 1.058047 -117.437123 -61.236430 0.010204 0.010204 0.000671 348.214286 1.112053 1.215659 -11.351764 -64.177092 0.010204 0.010204 0.001533 348.214286 5 41 50 70 77 88
0.000000 0.000000 0.000000 2.412915 1.059335 -124.341106 -63.881082 0.010204 0.010204 0.000641 348.214286 1.112053 1.215312 -16.751002 -72.810168 0.010204 0.010204 0.001569 348.214286 5 41 50 70 77 92
0.000000 0.000000 0.000000 2.400075 1.058755 -176.418218 -80.684251 0.010204 0.010204 0.000636 366.857143 1.112053 1.215314 -9.152291 -62.141028 0.010204 0.010204 0.001494 366.857143 5 41 50 70 77 97
0.000000 0.000000 0.000000 2.539600 1.065361 -128.928573 -62.527287 0.010204 0.010204 0.000612 366.857143 1.112053 1.215304 -81.235143 -69.457388 0.010204 0.010204 0.001499 366.857143 5 41 50 70 77 98
0.000000 0.000000 0.000000 2.299044 1.054312 -312.714128 -60.398531 0.010204 0.010204 0.000700 348.214286 1.112053 1.216060 -13.215832 -67.329954 0.010204 0.010204 0.001504 348.214286 5 41 50 70 81 88
0.000000 0.000000 0.000000 2.298421 1.054284 -128.852782 -48.943922 0.010204 0.010204 0.000738 348.214286 1.112053 1.216669 -6.542269 -63.701174 0.010204 0.010204 0.001472 348.214286 5 41 50 70 81 92
0.000000 0.000000 0.000000 2.300996 1.054413 -202.372546 -83.607074 0.010204 0.010204 0.000663 366.857143 1.112053 1.216046 -6.040325 -80.519415 0.010204 0.010204 0.001441 366.857143 5 41 50 70 81 97
0.000000 0.000000 0.000000 2.298776 1.054300 -366.604837 -67.893267 0.010204 0.010204 0.000693 366.857143 1.112053 1.216065 -6.073239 -73.929608 0.010204 0.010204 0.001436 366.857143 5 41 50 70 81 98
0.000000 0.000000 0.000000 2.928624 1.082552 -10.654202 -54.003211 0.010204 0.010204 0.000599 366.857143 1.112053 1.215296 -95.970770 -71.989713 0.010204 0.010204 0.001499 366.857143 5 41 50 70 86 88
0.000000 0.000000 0.000000 1.910567 1.074013 -155.803440 -56.231835 0.010204 0.010204 0.000578 366.857143 1.112053 1.215287 -76.256893 -71.073324 0.010204 0.010204 0.001505 366.857143 5 41 50 70 86 92
0.000000 0.000000 0.000000 2.739266 1.073845 -97.113989 -64.360082 0.010204 0.010204 0.000606 385.500000 1.112053 1.215444 -243.736244 -73.379218 0.010204 0.010204 0.001404 385.500000 5 41 50 70 86 97
0.000000 0.000000 0.000000 3.140313 1.092440 -20.637948 -63.417294 0.010204 0.010204 0.000584 385.500000 1.112053 1.215289 -8.353054 -65.060287 0.010204 0.010204 0.001433 385.500000 5 41 50 70 86 98
0.000000 0.000000 0.000000 2.412938 1.059478 -134.174083 -69.445584 0.010204 0.010204 0.000621 366.857143 1.112053 1.215310 -5.540816 -71.732510 0.010204 0.010204 0.001495 366.857143 5 41 50 70 87 88
0.000000 0.000000 0.000000 2.353981 1.056722 -286.255392 -48.742040 0.010204 0.010204 0.000648 366.857143 1.112053 1.215320 -221.565945 -70.291557 0.010204 0.010204 0.001489 366.857143 5 41 50 70 87 92
0.000000 0.000000 0.000000 2.359909 1.056988 -204.576016 -63.067168 0.010204 0.010204 0.000629 385.500000 1.112053 1.215312 -9.848654 -61.279365 0.010204 0.010204 0.001425 385.500000 5 41 50 70 87 97
0.000000 0.000000 0.000000 2.346061 1.056369 -190.723173 -60.228969 0.010204 0.010204 0.000657 385.500000 1.112053 1.215473 -27.613287 -71.192070 0.010204 0.010204 0.001396 385.500000 5 41 50 70 87 98
0.000000 0.000000 0.000000 3.035184 1.166553 -103.487807 -54.458806 0.010204 0.010204 0.000556 366.857143 1.112053 1.214107 -7.097680 -76.823931 0.010204 0.010204 0.001547 366.857143 5 41 50 75 77 88
0.000000 0.000000 0.000000 1.564233 1.047256 -8.691063 -55.787410 0.010204 0.010204 0.000536 366.857143 1.112053 1.213761 -64.841298 -75.827496 0.010204 0.010204 0.001586 366.857143 5 41 50 75 77 92
0.000000 0.000000 0.000000 6.498115 1.455962 -279.648338 -87.241765 0.010204 0.010204 0.000532 385.500000 1.112053 1.213762 -19.179627 -82.642367 0.010204 0.010204 0.001507 385.500000 5 41 50 75 77 97
0.000000 0.000000 0.000000 4.556330 1.318500 -267.304923 -87.341069 0.010204 0.010204 0.000515 385.500000 1.112053 1.213752 -21.779173 -67.303231 0.010204 0.010204 0.001512 385.500000 5 41 50 75 77 98
0.000000 0.000000 0.000000 1.759688 1.105730 -134.580866 -54.997718 0.010204 0.010204 0.000503 366.857143 1.112053 1.213751 -4.555644 -60.611428 0.010204 0.010204 0.001597 366.857143 5 41 50 75 81 88
0.000000 0.000000 0.000000 4.823367 1.470191 -102.812607 -97.097835 0.010204 0.010204 0.000520 366.857143 1.112053 1.214092 -14.905388 -64.319669 0.010204 0.010204 0.001557 366.857143 5 41 50 75 81 92
0.000000 0.000000 0.000000 1.371383 1.070110 -10.803173 -63.852496 0.010204 0.010204 0.000485 385.500000 1.112053 1.213743 -62.930890 -61.409215 0.010204 0.010204 0.001523 385.500000 5 41 50 75 81 97
0.000000 0.000000 0.000000 3.799463 1.369997 -624.236364 -99.119915 0.010204 0.010204 0.000500 385.500000 1.112053 1.213752 -28.918556 -64.565390 0.010204 0.010204 0.001517 385.500000 5 41 50 75 81 98
0.000000 0.000000 0.000000 1.620088 1.046376 -74.817924 -49.285518 0.010204 0.010204 0.000560 385.500000 1.112053 1.213916 -35.946212 -64.776486 0.010204 0.010204 0.001449 385.500000 5 41 50 75 86 88
0.000000 0.000000 0.000000 1.656008 1.049269 -38.038204 -44.641255 0.010204 0.010204 0.000540 385.500000 1.112053 1.213902 -180.689561 -73.673110 0.010204 0.010204 0.001454 385.500000 5 41 50 75 86 92
0.000000 0.000000 0.000000 144.984924 11.760894 -59279.904959 -949.786462 0.010204 0.010204 0.000566 404.142857 1.112053 1.214143 -10.400020 -62.847658 0.010204 0.010204 0.001360 404.142857 5 41 50 75 86 97
0.000000 0.000000 0.000000 1.624712 1.046746 -48.647932 -56.958291 0.010204 0.010204 0.000545 404.142857 1.112053 1.213906 -18.569583 -62.894646 0.010204 0.010204 0.001387 404.142857 5 41 50 75 86 98
0.000000 0.000000 0.000000 2.591281 1.160632 -63.789883 -64.942326 0.010204 0.010204 0.000506 385.500000 1.112053 1.213745 -8.702761 -66.072305 0.010204 0.010204 0.001516 385.500000 5 41 50 75 87 88
0.000000 0.000000 0.000000 1.606377 1.053930 -19.887933 -57.206818 0.010204 0.010204 0.000523 385.500000 1.112053 1.213754 -60.643984 -72.087419 0.010204 0.010204 0.001510 385.500000 5 41 50 75 87 92
0.000000 0.000000 0.000000 1.808091 1.073016 -361.733545 -78.273727 0.010204 0.010204 0.000511 404.142857 1.112053 1.213747 -11.204172 -70.102251 0.010204 0.010204 0.001442 404.142857 5 41 50 75 87 97
0.000000 0.000000 0.000000 4.293445 1.286483 -456.624369 -58.959080 0.010204 0.010204 0.000528 404.142857 1.112053 1.213903 -97.541010 -67.246909 0.010204 0.010204 0.001411 404.142857 5 41 50 75 87 98
0.000000 0.000000 0.000000 3.292903 1.133084 -23.389132 -67.988391 0.010204 0.010204 0.000570 366.857143 1.112053 1.214144 -14.760695 -66.377748 0.010204 0.010204 0.001544 366.857143 5 41 50 76 77 88
0.000000 0.000000 0.000000 4.803330 1.249044 -119.719060 -57.812807 0.010204 0.010204 0.000550 366.857143 1.112053 1.213803 -73.076355 -66.261341 0.010204 0.010204 0.001582 366.857143 5 41 50 76 77 92
0.000000 0.000000 0.000000 2.059452 1.065571 -131.488719 -66.242079 0.010204 0.010204 0.000546 385.500000 1.112053 1.213804 -12.947461 -69.630579 0.010204 0.010204 0.001504 385.500000 5 41 50 76 77 97
0.000000 0.000000 0.000000 1.422903 1.047714 -83.231961 -56.660026 0.010204 0.010204 0.000528 385.500000 1.112053 1.213795 -41.291771 -70.130847 0.010204 0.010204 0.001510 385.500000 5 41 50 76 77 98
0.000000 0.000000 0.000000 2.120446 1.054953 -129.757321 -65.106827 0.010204 0.010204 0.000590 366.857143 1.112053 1.213813 -80.154115 -75.036839 0.010204 0.010204 0.001571 366.857143 5 41 50 76 81 88
0.000000 0.000000 0.000000 1.977118 1.047455 -94.147361 -58.233477 0.010204 0.010204 0.000615 366.857143 1.112053 1.214160 -15.468731 -81.003591 0.010204 0.010204 0.001533 366.857143 5 41 50 76 81 92
0.000000 0.000000 0.000000 3.094774 1.106899 -29.452368 -43.808815 0.010204 0.010204 0.000564 385.500000 1.112053 1.213805 -29.012774 -72.027226 0.010204 0.010204 0.001499 385.500000 5 41 50 76 81 97
0.000000 0.000000 0.000000 2.053936 1.051464 -16.443775 -56.722425 0.010204 0.010204 0.000585 385.500000 1.112053 1.213815 -56.401324 -63.171075 0.010204 0.010204 0.001494 385.500000 5 41 50 76 81 98
0.000000 0.000000 0.000000 2.868021 1.093460 -63.971502 -55.869769 0.010204 0.010204 0.000574 385.500000 1.112053 1.213807 -42.162414 -59.014365 0.010204 0.010204 0.001497 385.500000 5 41 50 76 86 88
0.000000 0.000000 0.000000 2.291228 1.070542 -392.191055 -56.485493 0.010204 0.010204 0.000553 385.500000 1.112053 1.213797 -5.784090 -69.648820 0.010204 0.010204 0.001503 385.500000 5 41 50 76 86 92
0.000000 0.000000 0.000000 2.502495 1.074417 -97.294232 -78.582301 0.010204 0.010204 0.000581 404.142857 1.112053 1.213955 -13.129406 -61.676087 0.010204 0.010204 0.001400 404.142857 5 41 50 76 86 97
0.000000 0.000000 0.000000 3.273064 1.114626 -363.910891 -85.946423 0.010204 0.010204 0.000559 404.142857 1.112053 1.213799 -47.571354 -75.437627 0.010204 0.010204 0.001430 404.142857 5 41 50 76 86 98
0.000000 0.000000 0.000000 3.458747 1.116552 -258.174642 -77.458136 0.010204 0.010204 0.000594 385.500000 1.112053 1.213964 -15.279862 -71.389970 0.010204 0.010204 0.001443 385.500000 5 41 50 76 87 88
0.000000 0.000000 0.000000 3.343744 1.110893 -917.044102 -67.972672 0.010204 0.010204 0.000619 385.500000 1.112053 1.213977 -28.365011 -60.484673 0.010204 0.010204 0.001437 385.500000 5 41 50 76 87 92
0.000000 0.000000 0.000000 3.356979 1.111540 -117.441432 -78.157837 0.010204 0.010204 0.000601 404.142857 1.112053 1.213967 -13.001040 -68.807521 0.010204 0.010204 0.001377 404.142857 5 41 50 76 87 97
0.000000 0.000000 0.000000 3.325397 1.109997 -364.128889 -81.162322 0.010204 0.010204 0.000628 404.142857 1.112053 1.214206 -50.002785 -71.804505 0.010204 0.010204 0.001350 404.142857 5 41 50 76 87 98
0.000000 0.000000 0.000000 4.345367 1.072505 -112.575006 -67.068624 0.010204 0.010204 0.000876 348.214286 1.112271 1.218133 -66.978094 -65.771638 0.010204 0.010204 0.001447 348.214286 5 41 61 66 77 88
0.000000 0.000000 0.000000 4.357724 1.072833 -99.555778 -60.530026 0.010204 0.010204 0.000826 348.214286 1.112271 1.217608 -32.841544 -69.491070 0.010204 0.010204 0.001480 348.214286 5 41 61 66 77 92
0.000000 0.000000 0.000000 4.351541 1.072656 -99.107939 -42.818115 0.010204 0.010204 0.000817 366.857143 1.112271 1.217611 -82.876356 -69.859681 0.010204 0.010204 0.001413 366.857143 5 41 61 66 77 97
0.000000 0.000000 0.000000 5.051617 1.130451 -105.649566 -55.172541 0.010204 0.010204 0.000777 366.857143 1.112271 1.217596 -15.674894 -70.341208 0.010204 0.010204 0.001417 366.857143 5 41 61 66 77 98
0.000000 0.000000 0.000000 2.887637 1.052438 -368.631161 -69.141588 0.010204 0.010204 0.000748 348.214286 1.112271 1.217235 -46.627627 -67.414771 0.010204 0.010204 0.001544 348.214286 5 41 61 66 81 88
0.000000 0.000000 0.000000 5.731073 1.105439 -31.888592 -46.317288 0.010204 0.010204 0.000786 348.214286 1.112271 1.217580 -26.177426 -66.530964 0.010204 0.010204 0.001507 348.214286 5 41 61 66 81 92
0.000000 0.000000 0.000000 1.096365 1.321751 -156.118471 -50.399494 0.010204 0.010204 0.000709 366.857143 1.112271 1.217227 -78.033009 -72.946422 0.010204 0.010204 0.001475 366.857143 5 41 61 66 81 97
0.000000 0.000000 0.000000 8.161811 1.166746 -224.955198 -60.290824 0.010204 0.010204 0.000741 366.857143 1.112271 1.217236 -316.653885 -78.657199 0.010204 0.010204 0.001470 366.857143 5 41 61 66 81 98
0.000000 0.000000 0.000000 5.180912 1.092512 -195.832940 -54.677385 0.010204 0.010204 0.000756 366.857143 1.112271 1.217238 -66.200007 -72.909359 0.010204 0.010204 0.001465 366.857143 5 41 61 66 86 88
0.000000 0.000000 0.000000 1.096239 1.071952 -16.683833 -41.341347 0.010204 0.010204 0.000722 366.857143 1.112271 1.217228 -127.803219 -74.187978 0.010204 0.010204 0.001471 366.857143 5 41 61 66 86 92
0.000000 0.000000 0.000000 4.855699 1.084429 -11.898100 -58.909850 0.010204 0.010204 0.000768 385.500000 1.112271 1.217389 -7.002268 -67.847170 0.010204 0.010204 0.001373 385.500000 5 41 61 66 86 97
0.000000 0.000000 0.000000 5.646675 1.104526 -202.346978 -77.312161 0.010204 0.010204 0.000731 385.500000 1.112271 1.217230 -12.734855 -66.031428 0.010204 0.010204 0.001401 385.500000 5 41 61 66 86 98
0.000000 0.000000 0.000000 1.002782 1.058456 -1.100359 -59.682839 0.010204 0.010204 0.000665 366.857143 1.112271 1.217218 -18.038196 -72.434081 0.010204 0.010204 0.001480 366.857143 5 41 61 66 87 88
0.000000 0.000000 0.000000 1.069860 1.087365 -1.926022 -64.477516 0.010204 0.010204 0.000693 366.857143 1.112271 1.217227 -103.012052 -71.295032 0.010204 0.010204 0.001475 366.857143 5 41 61 66 87 92
0.000000 0.000000 0.000000 1.025684 1.054597 -90.065723 -48.085839 0.010204 0.010204 0.000673 385.500000 1.112271 1.217220 -5.674991 -66.501868 0.010204 0.010204 0.001410 385.500000 5 41 61 66 87 97
0.000000 0.000000 0.000000 1.196923 1.060581 -221.219357 -66.281457 0.010204 0.010204 0.000702 385.500000 1.112271 1.217374 -12.786936 -81.522859 0.010204 0.010204 0.001381 385.500000 5 41 61 66 87 98
0.000000 0.000000 0.000000 1.846643 1.300072 -241.318168 -86.926617 0.010204 0.010204 0.000693 348.214286 1.112269 1.217471 -8.024113 -78.051579 0.010204 0.010204 0.001521 348.214286 5 41 61 70 77 88
0.000000 0.000000 0.000000 1.207471 1.137155 -25.908507 -48.165638 0.010204 0.010204 0.000663 348.214286 1.112269 1.217126 -7.033964 -65.910887 0.010204 0.010204 0.001558 348.214286 5 41 61 70 77 92
0.000000 0.000000 0.000000 1.099625 1.047208 -17.917970 -52.063012 0.010204 0.010204 0.000658 366.857143 1.112269 1.217128 -16.692116 -76.956864 0.010204 0.010204 0.001482 366.857143 5 41 61 70 77 97
0.000000 0.000000 0.000000 1.119909 1.315925 -187.546628 -83.490276 0.010204 0.010204 0.000633 366.857143 1.112269 1.217118 -85.348761 -69.281475 0.010204 0.010204 0.001488 366.857143 5 41 61 70 77 98
0.000000 0.000000 0.000000 20.177066 1.953379 -197.113782 -105.693651 0.010204 0.010204 0.000722 348.214286 1.112269 1.217478 -108.421462 -74.064913 0.010204 0.010204 0.001492 348.214286 5 41 61 70 81 88
0.000000 0.000000 0.000000 6.330324 1.254182 -688.683929 -50.217224 0.010204 0.010204 0.000759 348.214286 1.112269 1.217998 -142.512301 -62.409393 0.010204 0.010204 0.001459 348.214286 5 41 61 70 81 92
0.000000 0.000000 0.000000 1.991478 1.083662 -14.566215 -39.522150 0.010204 0.010204 0.000685 366.857143 1.112269 1.217466 -10.064403 -67.061143 0.010204 0.010204 0.001429 366.857143 5 41 61 70 81 97
0.000000 0.000000 0.000000 9.413068 1.409638 -112.907906 -80.809947 0.010204 0.010204 0.000715 366.857143 1.112269 1.217481 -8.735150 -64.640185 0.010204 0.010204 0.001424 366.857143 5 41 61 70 81 98
0.000000 0.000000 0.000000 1.037740 1.143345 -3.546445 -62.091676 0.010204 0.010204 0.000620 366.857143 1.112269 1.217119 -23.775931 -75.959504 0.010204 0.010204 0.001487 366.857143 5 41 61 70 86 88
0.000000 0.000000 0.000000 1.035021 1.424742 -90.865816 -80.075093 0.010204 0.010204 0.000598 366.857143 1.112269 1.217110 -20.276355 -64.728940 0.010204 0.010204 0.001493 366.857143 5 41 61 70 86 92
0.000000 0.000000 0.000000 1.026963 1.071500 -41.720982 -72.035613 0.010204 0.010204 0.000627 385.500000 1.112269 1.217266 -12.297274 -63.591660 0.010204 0.010204 0.001392 385.500000 5 41 61 70 86 97
0.000000 0.000000 0.000000 1.040604 1.190593 -1.707396 -69.352336 0.010204 0.010204 0.000604 385.500000 1.112269 1.217112 -30.114581 -66.229479 0.010204 0.010204 0.001421 385.500000 5 41 61 70 86 98
0.000000 0.000000 0.000000 1.092070 1.120331 -13.754541 -72.719640 0.010204 0.010204 0.000643 366.857143 1.112269 1.217119 -366.125057 -74.787638 0.010204 0.010204 0.001483 366.857143 5 41 61 70 87 88
0.000000 0.000000 0.000000 1.238160 1.051181 -7.556762 -56.500396 0.010204 0.010204 0.000670 366.857143 1.112269 1.217129 -280.010293 -78.863907 0.010204 0.010204 0.001478 366.857143 5 41 61 70 87 92
0.000000 0.000000 0.000000 1.226938 1.062155 -8.353559 -54.009935 0.010204 0.010204 0.000650 385.500000 1.112269 1.217121 -9.236695 -64.318390 0.010204 0.010204 0.001413 385.500000 5 41 61 70 87 97
0.000000 0.000000 0.000000 1.664459 1.109065 -62.847111 -85.134021 0.010204 0.010204 0.000679 385.500000 1.112269 1.217280 -122.550419 -66.723874 0.010204 0.010204 0.001384 385.500000 5 41 61 70 87 98
0.000000 0.000000 0.000000 3.587641 1.055472 -36.909852 -70.289939 0.010204 0.010204 0.000874 366.857143 1.112312 1.219853 -22.570918 -72.794083 0.010204 0.010204 0.001367 366.857143 5 41 61 75 77 88
0.000000 0.000000 0.000000 3.596619 1.056043 -364.700142 -69.598865 0.010204 0.010204 0.000825 366.857143 1.112312 1.219502 -189.105372 -73.297078 0.010204 0.010204 0.001397 366.857143 5 41 61 75 77 92
0.000000 0.000000 0.000000 3.591692 1.055642 -142.744317 -67.064131 0.010204 0.010204 0.000816 385.500000 1.112312 1.219504 -88.467665 -72.772868 0.010204 0.010204 0.001336 385.500000 5 41 61 75 77 97
0.000000 0.000000 0.000000 1.099926 1.063371 -70.594050 -73.568983 0.010204 0.010204 0.000777 385.500000 1.112312 1.219494 -96.823291 -68.080207 0.010204 0.010204 0.001340 385.500000 5 41 61 75 77 98
0.000000 0.000000 0.000000 1.035507 1.089522 -159.085744 -62.133106 0.010204 0.010204 0.000749 366.857143 1.112311 1.219473 -104.421701 -71.662332 0.010204 0.010204 0.001405 366.857143 5 41 61 75 81 88
0.000000 0.000000 0.000000 5.741909 1.197283 -257.531502 -56.899844 0.010204 0.010204 0.000787 366.857143 1.112311 1.219815 -70.271070 -70.065520 0.010204 0.010204 0.001375 366.857143 5 41 61 75 81 92
0.000000 0.000000 0.000000 1.001301 1.155029 -38.949833 -56.453338 0.010204 0.010204 0.000710 385.500000 1.112311 1.219465 -9.550343 -76.545215 0.010204 0.010204 0.001348 385.500000 5 41 61 75 81 97
0.000000 0.000000 0.000000 1.113058 1.118562 -52.716722 -69.842630 0.010204 0.010204 0.000741 385.500000 1.112311 1.219474 -41.237054 -65.598915 0.010204 0.010204 0.001344 385.500000 5 41 61 75 81 98
0.000000 0.000000 0.000000 3.578720 1.055267 -89.226441 -57.294991 0.010204 0.010204 0.000884 385.500000 1.112317 1.220060 -13.426667 -67.129482 0.010204 0.010204 0.001291 385.500000 5 41 61 75 86 88
0.000000 0.000000 0.000000 3.589703 1.084184 -19.798385 -66.117759 0.010204 0.010204 0.000835 385.500000 1.112317 1.220044 -23.183643 -71.451456 0.010204 0.010204 0.001295 385.500000 5 41 61 75 86 92
0.000000 0.000000 0.000000 3.578588 1.055259 -437.348039 -84.550451 0.010204 0.010204 0.000902 404.142857 1.112318 1.220350 -66.337806 -59.708081 0.010204 0.010204 0.001220 404.142857 5 41 61 75 86 97
0.000000 0.000000 0.000000 3.578840 1.055286 -242.230241 -57.077746 0.010204 0.010204 0.000849 404.142857 1.112317 1.220048 -13.040480 -75.328188 0.010204 0.010204 0.001242 404.142857 5 41 61 75 86 98
0.000000 0.000000 0.000000 1.053150 1.731001 -3.095061 -83.275535 0.010204 0.010204 0.000756 385.500000 1.112311 1.219475 -17.617403 -68.917190 0.010204 0.010204 0.001343 385.500000 5 41 61 75 87 88
0.000000 0.000000 0.000000 3.606038 1.056214 -132.957467 -59.087636 0.010204 0.010204 0.000794 385.500000 1.112311 1.219484 -10.395022 -72.502944 0.010204 0.010204 0.001338 385.500000 5 41 61 75 87 92
0.000000 0.000000 0.000000 3.619690 1.057382 -219.853163 -60.953524 0.010204 0.010204 0.000766 404.142857 1.112311 1.219477 -180.285316 -62.159686 0.010204 0.010204 0.001284 404.142857 5 41 61 75 87 97
0.000000 0.000000 0.000000 3.595895 1.055684 -347.095737 -72.452252 0.010204 0.010204 0.000807 404.142857 1.112311 1.219635 -91.859858 -62.819932 0.010204 0.010204 0.001261 404.142857 5 41 61 75 87 98
0.000000 0.000000 0.000000 1.420388 1.294090 -64.402206 -57.354259 0.010204 0.010204 0.000693 366.857143 1.112270 1.217502 -17.584506 -74.890723 0.010204 0.010204 0.001447 366.857143 5 41 61 76 77 88
0.000000 0.000000 0.000000 1.076773 1.230863 -197.929540 -77.508455 0.010204 0.010204 0.000664 366.857143 1.112270 1.217162 -6.329433 -68.115739 0.010204 0.010204 0.001481 366.857143 5 41 61 76 77 92
0.000000 0.000000 0.000000 1.044401 1.069274 -1.561717 -63.124046 0.010204 0.010204 0.000658 385.500000 1.112270 1.217163 -4.491726 -69.138822 0.010204 0.010204 0.001412 385.500000 5 41 61 76 77 97
0.000000 0.000000 0.000000 1.004642 1.077438 -32.235189 -81.974854 0.010204 0.010204 0.000633 385.500000 1.112270 1.217153 -36.717190 -66.860498 0.010204 0.010204 0.001417 385.500000 5 41 61 76 77 98
0.000000 0.000000 0.000000 2.964152 1.049062 -19.971023 -57.366800 0.010204 0.010204 0.000722 366.857143 1.112270 1.217172 -103.800315 -64.123078 0.010204 0.010204 0.001472 366.857143 5 41 61 76 81 88
0.000000 0.000000 0.000000 8.950587 1.179526 -560.192629 -47.850684 0.010204 0.010204 0.000759 366.857143 1.112270 1.217518 -91.135096 -70.937844 0.010204 0.010204 0.001438 366.857143 5 41 61 76 81 92
0.000000 0.000000 0.000000 1.245973 1.291211 -14.552522 -53.829729 0.010204 0.010204 0.000685 385.500000 1.112270 1.217163 -76.971519 -67.903218 0.010204 0.010204 0.001408 385.500000 5 41 61 76 81 97
0.000000 0.000000 0.000000 15.149920 1.327870 -2019.429306 -83.714327 0.010204 0.010204 0.000715 385.500000 1.112270 1.217173 -103.938443 -73.007555 0.010204 0.010204 0.001403 385.500000 5 41 61 76 81 98
0.000000 0.000000 0.000000 4.441750 1.095559 -91.116197 -64.535181 0.010204 0.010204 0.000699 385.500000 1.112270 1.217165 -7.399814 -66.232150 0.010204 0.010204 0.001406 385.500000 5 41 61 76 86 88
0.000000 0.000000 0.000000 1.036738 1.070616 -164.156962 -65.125805 0.010204 0.010204 0.000669 385.500000 1.112270 1.217155 -222.427584 -68.480447 0.010204 0.010204 0.001411 385.500000 5 41 61 76 86 92
0.000000 0.000000 0.000000 594.797512 15.048044 -25293.240271 -541.981748 0.010204 0.010204 0.000708 404.142857 1.112270 1.217314 -116.086436 -82.476709 0.010204 0.010204 0.001320 404.142857 5 41 61 76 86 97
0.000000 0.000000 0.000000 2.992561 1.077985 -154.679424 -58.804000 0.010204 0.010204 0.000677 404.142857 1.112270 1.217158 -6.415355 -71.335687 0.010204 0.010204 0.001346 404.142857 5 41 61 76 86 98
0.000000 0.000000 0.000000 11.116344 1.318853 -1805.011471 -95.159237 0.010204 0.010204 0.000729 385.500000 1.112270 1.217322 -10.124866 -70.670509 0.010204 0.010204 0.001358 385.500000 5 41 61 76 87 88
0.000000 0.000000 0.000000 5.555614 1.100025 -820.538045 -66.380063 0.010204 0.010204 0.000765 385.500000 1.112270 1.217336 -10.108131 -63.443684 0.010204 0.010204 0.001353 385.500000 5 41 61 76 87 92
0.000000 0.000000 0.000000 5.577772 1.100572 -220.370933 -71.106758 0.010204 0.010204 0.000739 404.142857 1.112270 1.217326 -34.352871 -72.026311 0.010204 0.010204 0.001299 404.142857 5 41 61 76 87 97
0.000000 0.000000 0.000000 5.531344 1.099447 -469.085081 -61.080469 0.010204 0.010204 0.000778 404.142857 1.112270 1.217564 -8.452797 -78.851421 0.010204 0.010204 0.001275 404.142857 5 41 61 76 87 98
0.000000 0.000000 0.000000 5.773240 1.285661 -86.377341 -65.797425 0.010204 0.010204 0.000659 348.214286 1.112057 1.214700 -7.812400 -67.889293 0.010204 0.010204 0.001553 348.214286 5 41 65 66 77 88
0.000000 0.000000 0.000000 7.250982 1.375579 -441.256931 -107.521926 0.010204 0.010204 0.000631 348.214286 1.112057 1.214180 -7.028195 -78.040275 0.010204 0.010204 0.001590 348.214286 5 41 65 66 77 92
0.000000 0.000000 0.000000 6.508490 1.330381 -101.535820 -89.680898 0.010204 0.010204 0.000625 366.857143 1.112057 1.214183 -14.388187 -73.333257 0.010204 0.010204 0.001514 366.857143 5 41 65 66 77 97
0.000000 0.000000 0.000000 1.760839 1.046495 -23.556068 -67.595973 0.010204 0.010204 0.000602 366.857143 1.112057 1.214167 -59.406119 -58.456031 0.010204 0.010204 0.001519 366.857143 5 41 65 66 77 98
0.000000 0.000000 0.000000 2.472997 1.139711 -142.006407 -57.137038 0.010204 0.010204 0.000585 348.214286 1.112057 1.213830 -3.958443 -76.822737 0.010204 0.010204 0.001665 348.214286 5 41 65 66 81 88
0.000000 0.000000 0.000000 1.933183 1.078256 -70.818572 -46.038302 0.010204 0.010204 0.000608 348.214286 1.112057 1.214175 -24.549570 -76.600576 0.010204 0.010204 0.001622 348.214286 5 41 65 66 81 92
0.000000 0.000000 0.000000 1.458883 1.064755 -96.747967 -51.899160 0.010204 0.010204 0.000560 366.857143 1.112057 1.213822 -9.807148 -61.729285 0.010204 0.010204 0.001586 366.857143 5 41 65 66 81 97
0.000000 0.000000 0.000000 1.580485 1.052149 -58.539763 -61.549213 0.010204 0.010204 0.000580 366.857143 1.112057 1.213831 -17.048132 -68.579476 0.010204 0.010204 0.001580 366.857143 5 41 65 66 81 98
0.000000 0.000000 0.000000 9.343525 1.631931 -410.175477 -106.384059 0.010204 0.010204 0.000590 366.857143 1.112057 1.213833 -94.089223 -61.626391 0.010204 0.010204 0.001574 366.857143 5 41 65 66 86 88
0.000000 0.000000 0.000000 2.193252 1.121962 -92.440447 -57.445466 0.010204 0.010204 0.000569 366.857143 1.112057 1.213823 -7.366129 -65.988436 0.010204 0.010204 0.001581 366.857143 5 41 65 66 86 92
0.000000 0.000000 0.000000 2.308896 1.095164 -64.253187 -67.876456 0.010204 0.010204 0.000597 385.500000 1.112057 1.213984 -63.538384 -55.397401 0.010204 0.010204 0.001469 385.500000 5 41 65 66 86 97
0.000000 0.000000 0.000000 1.786967 1.061479 -79.062268 -65.371270 0.010204 0.010204 0.000574 385.500000 1.112057 1.213825 -56.823655 -73.660720 0.010204 0.010204 0.001501 385.500000 5 41 65 66 86 98
0.000000 0.000000 0.000000 1.327887 1.146499 -15.744163 -68.953951 0.010204 0.010204 0.000533 366.857143 1.112057 1.213813 -8.431920 -68.541254 0.010204 0.010204 0.001592 366.857143 5 41 65 66 87 88
0.000000 0.000000 0.000000 1.306013 1.064078 -67.425900 -71.058533 0.010204 0.010204 0.000551 366.857143 1.112057 1.213823 -66.584340 -58.916032 0.010204 0.010204 0.001585 366.857143 5 41 65 66 87 92
0.000000 0.000000 0.000000 1.470645 1.110781 -4.939938 -66.271449 0.010204 0.010204 0.000538 385.500000 1.112057 1.213815 -8.001546 -64.853774 0.010204 0.010204 0.001511 385.500000 5 41 65 66 87 97
0.000000 0.000000 0.000000 1.392212 1.068964 -45.349703 -56.233418 0.010204 0.010204 0.000556 385.500000 1.112057 1.213970 -87.662891 -59.853760 0.010204 0.010204 0.001478 385.500000 5 41 65 66 87 98
0.000000 0.000000 0.000000 2.601793 1.056895 -503.129703 -62.559819 0.010204 0.010204 0.000679 348.214286 1.112057 1.214238 -80.333087 -66.625285 0.010204 0.010204 0.001607 348.214286 5 41 65 70 77 88
0.000000 0.000000 0.000000 5.736573 1.179705 -73.925653 -42.050016 0.010204 0.010204 0.000650 348.214286 1.112057 1.213893 -17.111584 -76.878483 0.010204 0.010204 0.001649 348.214286 5 41 65 70 77 92
0.000000 0.000000 0.000000 3.447874 1.089824 -216.830249 -49.865910 0.010204 0.010204 0.000644 366.857143 1.112057 1.213894 -232.199085 -66.695572 0.010204 0.010204 0.001565 366.857143 5 41 65 70 77 97
0.000000 0.000000 0.000000 1.929856 1.068719 -43.175836 -68.880555 0.010204 0.010204 0.000619 366.857143 1.112057 1.213885 -15.610476 -69.527261 0.010204 0.010204 0.001571 366.857143 5 41 65 70 77 98
0.000000 0.000000 0.000000 2.660114 1.054455 -57.671887 -44.857910 0.010204 0.010204 0.000708 348.214286 1.112057 1.214257 -4.226077 -72.505034 0.010204 0.010204 0.001576 348.214286 5 41 65 70 81 88
0.000000 0.000000 0.000000 2.638779 1.053695 -484.844935 -63.387617 0.010204 0.010204 0.000745 348.214286 1.112057 1.214780 -6.630262 -69.190664 0.010204 0.010204 0.001539 348.214286 5 41 65 70 81 92
0.000000 0.000000 0.000000 2.769228 1.058794 -38.737866 -49.456017 0.010204 0.010204 0.000671 366.857143 1.112057 1.214244 -7.732181 -70.467223 0.010204 0.010204 0.001506 366.857143 5 41 65 70 81 97
0.000000 0.000000 0.000000 2.650374 1.054106 -82.372710 -60.172499 0.010204 0.010204 0.000701 366.857143 1.112057 1.214260 -83.893764 -66.959978 0.010204 0.010204 0.001501 366.857143 5 41 65 70 81 98
0.000000 0.000000 0.000000 2.575066 1.121441 -322.603822 -63.639754 0.010204 0.010204 0.000607 366.857143 1.112057 1.213885 -215.255703 -78.431316 0.010204 0.010204 0.001571 366.857143 5 41 65 70 86 88
0.000000 0.000000 0.000000 1.092278 1.048970 -29.207406 -53.976425 0.010204 0.010204 0.000585 366.857143 1.112057 1.213876 -12.835906 -62.306355 0.010204 0.010204 0.001577 366.857143 5 41 65 70 86 92
0.000000 0.000000 0.000000 2.509956 1.084420 -86.357629 -69.072811 0.010204 0.010204 0.000614 385.500000 1.112057 1.214033 -5.189102 -74.632215 0.010204 0.010204 0.001465 385.500000 5 41 65 70 86 97
0.000000 0.000000 0.000000 1.744167 1.075259 -213.211302 -64.958857 0.010204 0.010204 0.000591 385.500000 1.112057 1.213878 -4.535392 -60.058298 0.010204 0.010204 0.001498 385.500000 5 41 65 70 86 98
0.000000 0.000000 0.000000 3.660155 1.125485 -245.549741 -71.558921 0.010204 0.010204 0.000630 366.857143 1.112057 1.213886 -92.450966 -71.264479 0.010204 0.010204 0.001566 366.857143 5 41 65 70 87 88
0.000000 0.000000 0.000000 10.024409 1.312834 -286.856042 -69.323939 0.010204 0.010204 0.000656 366.857143 1.112057 1.213896 -128.853609 -69.794406 0.010204 0.010204 0.001560 366.857143 5 41 65 70 87 92
0.000000 0.000000 0.000000 33.330486 2.135665 -1367.502055 -95.118716 0.010204 0.010204 0.000637 385.500000 1.112057 1.213888 -217.144055 -86.636831 0.010204 0.010204 0.001488 385.500000 5 41 65 70 87 97
0.000000 0.000000 0.000000 5.815412 1.164495 -297.865499 -63.491882 0.010204 0.010204 0.000665 385.500000 1.112057 1.214047 -5.301861 -78.399829 0.010204 0.010204 0.001456 385.500000 5 41 65 70 87 98
0.000000 0.000000 0.000000 7.128500 1.233835 -36.926604 -62.331748 0.010204 0.010204 0.000658 366.857143 1.112057 1.214203 -13.822191 -60.337499 0.010204 0.010204 0.001529 366.857143 5 41 65 75 77 88
0.000000 0.000000 0.000000 2.455860 1.058053 -36.256531 -63.483245 0.010204 0.010204 0.000630 366.857143 1.112057 1.213856 -127.462324 -64.590689 0.010204 0.010204 0.001567 366.857143 5 41 65 75 77 92
0.000000 0.000000 0.000000 2.186127 1.046297 -110.775694 -57.961718 0.010204 0.010204 0.000625 385.500000 1.112057 1.213857 -4.978870 -66.288509 0.010204 0.010204 0.001491 385.500000 5 41 65 75 77 97
0.000000 0.000000 0.000000 2.147841 1.063346 -88.370233 -56.292229 0.010204 0.010204 0.000601 385.500000 1.112057 1.213848 -20.510671 -73.324744 0.010204 0.010204 0.001496 385.500000 5 41 65 75 77 98
0.000000 0.000000 0.000000 2.077503 1.134169 -55.971863 -60.649077 0.010204 0.010204 0.000585 366.857143 1.112057 1.213846 -158.342590 -70.514899 0.010204 0.010204 0.001579 366.857143 5 41 65 75 81 88
0.000000 0.000000 0.000000 2.481634 1.108631 -149.799615 -69.532166 0.010204 0.010204 0.000608 366.857143 1.112057 1.214187 -230.324717 -76.728049 0.010204 0.010204 0.001540 366.857143 5 41 65 75 81 92
0.000000 0.000000 0.000000 1.103565 1.046757 -14.295276 -57.337336 0.010204 0.010204 0.000561 385.500000 1.112057 1.213838 -7.070899 -61.190419 0.010204 0.010204 0.001506 385.500000 5 41 65 75 81 97
0.000000 0.000000 0.000000 4.241476 1.318988 -356.906648 -87.965460 0.010204 0.010204 0.000580 385.500000 1.112057 1.213847 -11.302244 -65.359145 0.010204 0.010204 0.001500 385.500000 5 41 65 75 81 98
0.000000 0.000000 0.000000 10.434140 1.335798 -149.544500 -91.540111 0.010204 0.010204 0.000663 385.500000 1.112057 1.214016 -136.942627 -66.532447 0.010204 0.010204 0.001434 385.500000 5 41 65 75 86 88
0.000000 0.000000 0.000000 23.500486 1.810463 -1007.864614 -86.871857 0.010204 0.010204 0.000635 385.500000 1.112057 1.214002 -154.775800 -70.652405 0.010204 0.010204 0.001439 385.500000 5 41 65 75 86 92
0.000000 0.000000 0.000000 9.868443 1.315378 -2895.459552 -97.234563 0.010204 0.010204 0.000672 404.142857 1.112057 1.214244 -5.471450 -65.192795 0.010204 0.010204 0.001347 404.142857 5 41 65 75 86 97
0.000000 0.000000 0.000000 10.922598 1.353446 -1033.976654 -75.299513 0.010204 0.010204 0.000643 404.142857 1.112057 1.214006 -8.318668 -76.336248 0.010204 0.010204 0.001373 404.142857 5 41 65 75 86 98
0.000000 0.000000 0.000000 1.670181 1.054597 -66.323510 -68.657691 0.010204 0.010204 0.000589 385.500000 1.112057 1.213840 -20.751147 -68.336069 0.010204 0.010204 0.001499 385.500000 5 41 65 75 87 88
0.000000 0.000000 0.000000 17.828268 1.712862 -2890.249246 -123.297951 0.010204 0.010204 0.000612 385.500000 1.112057 1.213850 -6.394391 -75.610257 0.010204 0.010204 0.001493 385.500000 5 41 65 75 87 92
0.000000 0.000000 0.000000 2.469660 1.064866 -134.800368 -69.520307 0.010204 0.010204 0.000595 404.142857 1.112057 1.213842 -159.094164 -61.483749 0.010204 0.010204 0.001427 404.142857 5 41 65 75 87 97
0.000000 0.000000 0.000000 3.465475 1.099761 -213.065694 -58.196939 0.010204 0.010204 0.000619 404.142857 1.112057 1.213998 -45.253903 -70.539450 0.010204 0.010204 0.001397 404.142857 5 41 65 75 87 98
0.000000 0.000000 0.000000 276.772974 9.417819 -8978.309544 -929.895310 0.010204 0.010204 0.000679 366.857143 1.112058 1.215466 -12.677334 -64.258471 0.010204 0.010204 0.001458 366.857143 5 41 65 76 77 88
0.000000 0.000000 0.000000 3.504176 1.149181 -312.075371 -58.446447 0.010204 0.010204 0.000650 366.857143 1.112058 1.215125 -7.865517 -65.870614 0.010204 0.010204 0.001492 366.857143 5 41 65 76 77 92
0.000000 0.000000 0.000000 3.524292 1.089427 -114.274952 -55.992835 0.010204 0.010204 0.000644 385.500000 1.112058 1.215126 -84.750459 -75.609397 0.010204 0.010204 0.001423 385.500000 5 41 65 76 77 97
0.000000 0.000000 0.000000 1.064717 1.278128 -19.145077 -74.081077 0.010204 0.010204 0.000620 385.500000 1.112058 1.215116 -59.888497 -65.161124 0.010204 0.010204 0.001428 385.500000 5 41 65 76 77 98
0.000000 0.000000 0.000000 6.206763 1.152852 -802.619339 -72.577302 0.010204 0.010204 0.000707 366.857143 1.112058 1.215146 -7.503837 -63.119649 0.010204 0.010204 0.001482 366.857143 5 41 65 76 81 88
0.000000 0.000000 0.000000 5.965752 1.145504 -443.501422 -86.460183 0.010204 0.010204 0.000744 366.857143 1.112058 1.215496 -218.400254 -85.990541 0.010204 0.010204 0.001449 366.857143 5 41 65 76 81 92
0.000000 0.000000 0.000000 11.779703 1.334906 -1010.742148 -72.982361 0.010204 0.010204 0.000671 385.500000 1.112058 1.215138 -118.321915 -69.173554 0.010204 0.010204 0.001419 385.500000 5 41 65 76 81 97
0.000000 0.000000 0.000000 6.088423 1.149228 -199.108191 -72.966752 0.010204 0.010204 0.000701 385.500000 1.112058 1.215148 -85.421196 -74.507099 0.010204 0.010204 0.001414 385.500000 5 41 65 76 81 98
0.000000 0.000000 0.000000 6.649160 1.166167 -479.153681 -68.217486 0.010204 0.010204 0.000684 385.500000 1.112058 1.215133 -8.540568 -68.874107 0.010204 0.010204 0.001417 385.500000 5 41 65 76 86 88
0.000000 0.000000 0.000000 4.228422 1.160178 -587.154570 -83.311630 0.010204 0.010204 0.000655 385.500000 1.112058 1.215123 -20.196337 -69.443589 0.010204 0.010204 0.001422 385.500000 5 41 65 76 86 92
0.000000 0.000000 0.000000 6.347497 1.156980 -368.535128 -89.400716 0.010204 0.010204 0.000693 404.142857 1.112058 1.215283 -53.311436 -64.376003 0.010204 0.010204 0.001331 404.142857 5 41 65 76 86 97
0.000000 0.000000 0.000000 6.955856 1.175585 -590.385381 -73.901590 0.010204 0.010204 0.000663 404.142857 1.112058 1.215125 -54.435010 -69.547380 0.010204 0.010204 0.001357 404.142857 5 41 65 76 86 98
0.000000 0.000000 0.000000 5.604876 1.135312 -233.048831 -65.036926 0.010204 0.010204 0.000714 385.500000 1.112059 1.215529 -76.712742 -73.230808 0.010204 0.010204 0.001369 385.500000 5 41 65 76 87 88
0.000000 0.000000 0.000000 5.559172 1.133314 -783.910664 -62.169513 0.010204 0.010204 0.000750 385.500000 1.112059 1.215545 -201.286146 -75.235017 0.010204 0.010204 0.001364 385.500000 5 41 65 76 87 92
0.000000 0.000000 0.000000 5.562459 1.133415 -42.083388 -64.801648 0.010204 0.010204 0.000724 404.142857 1.112059 1.215534 -7.657217 -71.160218 0.010204 0.010204 0.001310 404.142857 5 41 65 76 87 97
0.000000 0.000000 0.000000 5.555032 1.133189 -1232.850373 -88.199038 0.010204 0.010204 0.000763 404.142857 1.112059 1.215813 -297.665581 -66.549745 0.010204 0.010204 0.001286 404.142857 5 41 65 76 87 98
0.000000 0.000000 0.000000 1.514349 1.054977 -114.463194 -53.381286 0.010204 0.010204 0.000821 348.214286 1.114598 1.217327 -63.378834 -68.017077 0.010204 0.010204 0.001461 348.214286 5 45 46 66 77 88
0.000000 0.000000 0.000000 1.515811 1.055152 -66.776767 -50.804291 0.010204 0.010204 0.000776 348.214286 1.114598 1.216718 -49.643257 -75.385975 0.010204 0.010204 0.001493 348.214286 5 45 46 66 77 92
0.000000 0.000000 0.000000 1.515124 1.055068 -133.269871 -60.944229 0.010204 0.010204 0.000768 366.857143 1.114598 1.216722 -52.400595 -62.085679 0.010204 0.010204 0.001426 366.857143 5 45 46 66 77 97
0.000000 0.000000 0.000000 1.526308 1.057863 -40.249327 -59.308310 0.010204 0.010204 0.000732 366.857143 1.114598 1.216704 -20.051312 -69.987537 0.010204 0.010204 0.001431 366.857143 5 45 46 66 77 98
0.000000 0.000000 0.000000 1.855438 1.094898 -163.830214 -72.617960 0.010204 0.010204 0.000706 348.214286 1.114597 1.215970 -122.705145 -70.439466 0.010204 0.010204 0.001557 348.214286 5 45 46 66 81 88
0.000000 0.000000 0.000000 1.666623 1.072340 -75.297452 -64.186935 0.010204 0.010204 0.000741 348.214286 1.114597 1.216317 -89.800409 -61.181778 0.010204 0.010204 0.001521 348.214286 5 45 46 66 81 92
0.000000 0.000000 0.000000 1.105841 1.061453 -5.533812 -46.673564 0.010204 0.010204 0.000671 366.857143 1.114597 1.215961 -161.333312 -64.118742 0.010204 0.010204 0.001488 366.857143 5 45 46 66 81 97
0.000000 0.000000 0.000000 1.746193 1.081730 -31.587991 -58.052200 0.010204 0.010204 0.000700 366.857143 1.114597 1.215971 -9.378660 -53.898846 0.010204 0.010204 0.001483 366.857143 5 45 46 66 81 98
0.000000 0.000000 0.000000 1.611587 1.066104 -67.471806 -58.642220 0.010204 0.010204 0.000714 366.857143 1.114597 1.215977 -102.960065 -71.847608 0.010204 0.010204 0.001479 366.857143 5 45 46 66 86 88
0.000000 0.000000 0.000000 1.768799 1.142508 -21.559480 -64.041884 0.010204 0.010204 0.000683 366.857143 1.114597 1.215968 -5.754354 -75.509811 0.010204 0.010204 0.001484 366.857143 5 45 46 66 86 92
0.000000 0.000000 0.000000 1.585697 1.063074 -62.444805 -68.860852 0.010204 0.010204 0.000724 385.500000 1.114597 1.216131 -201.365745 -60.943296 0.010204 0.010204 0.001386 385.500000 5 45 46 66 86 97
0.000000 0.000000 0.000000 1.636872 1.069118 -102.820906 -61.423658 0.010204 0.010204 0.000691 385.500000 1.114597 1.215970 -21.831185 -54.684215 0.010204 0.010204 0.001414 385.500000 5 45 46 66 86 98
0.000000 0.000000 0.000000 1.172735 3.040599 -7.214547 -164.184246 0.010204 0.010204 0.000631 366.857143 1.114597 1.215944 -72.109022 -70.886878 0.010204 0.010204 0.001494 366.857143 5 45 46 66 87 88
0.000000 0.000000 0.000000 1.473702 1.104670 -6.602626 -58.017854 0.010204 0.010204 0.000657 366.857143 1.114597 1.215954 -7.982297 -72.722809 0.010204 0.010204 0.001488 366.857143 5 45 46 66 87 92
0.000000 0.000000 0.000000 1.127810 1.058032 -11.681763 -40.414887 0.010204 0.010204 0.000638 385.500000 1.114597 1.215946 -201.484359 -73.805124 0.010204 0.010204 0.001423 385.500000 5 45 46 66 87 97
0.000000 0.000000 0.000000 1.876483 1.114075 -100.301597 -74.865314 0.010204 0.010204 0.000665 385.500000 1.114597 1.216101 -55.922410 -66.961158 0.010204 0.010204 0.001394 385.500000 5 45 46 66 87 98
0.000000 0.000000 0.000000 2.008596 1.209654 -35.167739 -81.687146 0.010204 0.010204 0.000657 348.214286 1.114595 1.214796 -35.248367 -59.422539 0.010204 0.010204 0.001611 348.214286 5 45 46 70 77 88
0.000000 0.000000 0.000000 3.401725 1.557239 -145.132874 -104.416624 0.010204 0.010204 0.000630 348.214286 1.114595 1.214452 -103.466522 -59.943283 0.010204 0.010204 0.001652 348.214286 5 45 46 70 77 92
0.000000 0.000000 0.000000 1.361190 1.079623 -12.538916 -62.828246 0.010204 0.010204 0.000625 366.857143 1.114595 1.214453 -81.537100 -55.710017 0.010204 0.010204 0.001568 366.857143 5 45 46 70 77 97
0.000000 0.000000 0.000000 1.125930 1.047587 -7.097532 -70.534305 0.010204 0.010204 0.000602 366.857143 1.114595 1.214443 -12.516753 -68.924394 0.010204 0.010204 0.001574 366.857143 5 45 46 70 77 98
0.000000 0.000000 0.000000 1.872222 1.147891 -109.127839 -63.939164 0.010204 0.010204 0.000683 348.214286 1.114595 1.214808 -15.376709 -53.362561 0.010204 0.010204 0.001579 348.214286 5 45 46 70 81 88
0.000000 0.000000 0.000000 1.791089 1.133726 -133.587471 -73.061490 0.010204 0.010204 0.000717 348.214286 1.114595 1.215330 -9.421459 -65.043372 0.010204 0.010204 0.001542 348.214286 5 45 46 70 81 92
0.000000 0.000000 0.000000 2.532152 1.264580 -152.292100 -59.621433 0.010204 0.010204 0.000650 366.857143 1.114595 1.214796 -26.407334 -60.815576 0.010204 0.010204 0.001509 366.857143 5 45 46 70 81 97
0.000000 0.000000 0.000000 1.833963 1.141202 -116.390418 -75.505253 0.010204 0.010204 0.000677 366.857143 1.114595 1.214811 -134.688988 -74.042032 0.010204 0.010204 0.001503 366.857143 5 45 46 70 81 98
0.000000 0.000000 0.000000 1.282218 1.125531 -17.416551 -59.691486 0.010204 0.010204 0.000591 366.857143 1.114595 1.214444 -9.967109 -64.920610 0.010204 0.010204 0.001574 366.857143 5 45 46 70 86 88
0.000000 0.000000 0.000000 1.475174 1.582049 -53.263243 -104.366772 0.010204 0.010204 0.000570 366.857143 1.114595 1.214435 -7.463027 -61.231136 0.010204 0.010204 0.001580 366.857143 5 45 46 70 86 92
0.000000 0.000000 0.000000 1.258935 1.094211 -194.882849 -70.834273 0.010204 0.010204 0.000597 385.500000 1.114595 1.214591 -60.645411 -69.963229 0.010204 0.010204 0.001468 385.500000 5 45 46 70 86 97
0.000000 0.000000 0.000000 1.100425 1.051593 -23.338840 -57.713877 0.010204 0.010204 0.000576 385.500000 1.114595 1.214437 -37.283124 -72.469602 0.010204 0.010204 0.001501 385.500000 5 45 46 70 86 98
0.000000 0.000000 0.000000 1.524803 1.144890 -69.177149 -75.247694 0.010204 0.010204 0.000611 366.857143 1.114595 1.214445 -120.091135 -68.609914 0.010204 0.010204 0.001569 366.857143 5 45 46 70 87 88
0.000000 0.000000 0.000000 2.252134 1.245637 -32.457449 -107.601710 0.010204 0.010204 0.000636 366.857143 1.114595 1.214454 -10.323558 -66.183269 0.010204 0.010204 0.001563 366.857143 5 45 46 70 87 92
0.000000 0.000000 0.000000 1.248957 1.050164 -26.646232 -67.239085 0.010204 0.010204 0.000618 385.500000 1.114595 1.214447 -9.266178 -70.034611 0.010204 0.010204 0.001491 385.500000 5 45 46 70 87 97
0.000000 0.000000 0.000000 1.448738 1.085201 -51.008397 -61.265537 0.010204 0.010204 0.000644 385.500000 1.114595 1.214605 -14.513065 -74.576831 0.010204 0.010204 0.001459 385.500000 5 45 46 70 87 98
0.000000 0.000000 0.000000 8.515291 2.168787 -278.471117 -144.817651 0.010204 0.010204 0.000674 366.857143 1.114595 1.214817 -3.174029 -71.218054 0.010204 0.010204 0.001522 366.857143 5 45 46 75 77 88
0.000000 0.000000 0.000000 1.606869 1.099822 -91.238576 -67.089261 0.010204 0.010204 0.000645 366.857143 1.114595 1.214471 -84.805918 -71.571705 0.010204 0.010204 0.001559 366.857143 5 45 46 75 77 92
0.000000 0.000000 0.000000 1.397781 1.063676 -75.912203 -59.281159 0.010204 0.010204 0.000640 385.500000 1.114595 1.214472 -250.882533 -68.211446 0.010204 0.010204 0.001483 385.500000 5 45 46 75 77 97
0.000000 0.000000 0.000000 1.249745 1.060478 -21.036187 -75.829827 0.010204 0.010204 0.000615 385.500000 1.114595 1.214462 -59.690703 -67.506141 0.010204 0.010204 0.001488 385.500000 5 45 46 75 77 98
0.000000 0.000000 0.000000 1.402913 1.183323 -11.789212 -66.450059 0.010204 0.010204 0.000598 366.857143 1.114595 1.214460 -13.303363 -73.387969 0.010204 0.010204 0.001570 366.857143 5 45 46 75 81 88
0.000000 0.000000 0.000000 1.457587 1.132228 -71.305709 -62.417778 0.010204 0.010204 0.000622 366.857143 1.114595 1.214801 -13.959363 -77.360410 0.010204 0.010204 0.001532 366.857143 5 45 46 75 81 92
0.000000 0.000000 0.000000 1.032715 1.046469 -79.895973 -55.709575 0.010204 0.010204 0.000573 385.500000 1.114595 1.214452 -6.293625 -62.431177 0.010204 0.010204 0.001498 385.500000 5 45 46 75 81 97
0.000000 0.000000 0.000000 3.642158 1.983094 -516.609553 -168.184703 0.010204 0.010204 0.000594 385.500000 1.114595 1.214461 -123.185664 -68.023880 0.010204 0.010204 0.001493 385.500000 5 45 46 75 81 98
0.000000 0.000000 0.000000 2.062604 1.151599 -249.420212 -80.858678 0.010204 0.010204 0.000680 385.500000 1.114595 1.214634 -6.380944 -72.922077 0.010204 0.010204 0.001427 385.500000 5 45 46 75 86 88
0.000000 0.000000 0.000000 2.865214 1.271542 -592.920253 -80.981921 0.010204 0.010204 0.000650 385.500000 1.114595 1.214621 -16.619024 -76.474097 0.010204 0.010204 0.001432 385.500000 5 45 46 75 86 92
0.000000 0.000000 0.000000 2.018004 1.145051 -188.517755 -79.698743 0.010204 0.010204 0.000689 404.142857 1.114595 1.214863 -186.675268 -59.244162 0.010204 0.010204 0.001341 404.142857 5 45 46 75 86 97
0.000000 0.000000 0.000000 2.100234 1.157136 -257.210472 -57.490999 0.010204 0.010204 0.000658 404.142857 1.114595 1.214625 -211.070391 -73.762109 0.010204 0.010204 0.001367 404.142857 5 45 46 75 86 98
0.000000 0.000000 0.000000 1.236064 1.081610 -27.997674 -64.622241 0.010204 0.010204 0.000602 385.500000 1.114595 1.214454 -5.157067 -65.074703 0.010204 0.010204 0.001492 385.500000 5 45 46 75 87 88
0.000000 0.000000 0.000000 1.493577 1.086694 -102.075583 -57.618552 0.010204 0.010204 0.000626 385.500000 1.114595 1.214464 -88.806200 -67.943716 0.010204 0.010204 0.001486 385.500000 5 45 46 75 87 92
0.000000 0.000000 0.000000 3.286114 1.420974 -262.753446 -69.781887 0.010204 0.010204 0.000609 404.142857 1.114595 1.214456 -9.098315 -66.046311 0.010204 0.010204 0.001420 404.142857 5 45 46 75 87 97
0.000000 0.000000 0.000000 4.065356 1.510055 -268.234284 -152.905833 0.010204 0.010204 0.000634 404.142857 1.114595 1.214613 -8.986154 -70.692624 0.010204 0.010204 0.001390 404.142857 5 45 46 75 87 98
0.000000 0.000000 0.000000 1.206606 1.140590 -231.301519 -72.003487 0.010204 0.010204 0.000563 366.857143 1.114595 1.214749 -14.748921 -65.443446 0.010204 0.010204 0.001545 366.857143 5 45 46 76 77 88
0.000000 0.000000 0.000000 1.074739 1.061123 -7.114119 -64.958731 0.010204 0.010204 0.000544 366.857143 1.114595 1.214408 -19.167658 -67.915634 0.010204 0.010204 0.001585 366.857143 5 45 46 76 77 92
0.000000 0.000000 0.000000 1.075616 1.057330 -11.419702 -68.515084 0.010204 0.010204 0.000540 385.500000 1.114595 1.214409 -5.340433 -72.570147 0.010204 0.010204 0.001506 385.500000 5 45 46 76 77 97
0.000000 0.000000 0.000000 1.171319 1.211529 -13.561204 -71.431011 0.010204 0.010204 0.000523 385.500000 1.114595 1.214400 -66.742093 -65.868746 0.010204 0.010204 0.001511 385.500000 5 45 46 76 77 98
0.000000 0.000000 0.000000 1.142847 1.055399 -42.701427 -59.345347 0.010204 0.010204 0.000582 366.857143 1.114595 1.214418 -8.724809 -66.787226 0.010204 0.010204 0.001573 366.857143 5 45 46 76 81 88
0.000000 0.000000 0.000000 1.258432 1.095350 -76.317581 -52.413529 0.010204 0.010204 0.000605 366.857143 1.114595 1.214764 -40.395660 -71.037262 0.010204 0.010204 0.001535 366.857143 5 45 46 76 81 92
0.000000 0.000000 0.000000 4.313744 2.503121 -214.830854 -144.774577 0.010204 0.010204 0.000558 385.500000 1.114595 1.214409 -16.719748 -78.801356 0.010204 0.010204 0.001501 385.500000 5 45 46 76 81 97
0.000000 0.000000 0.000000 2.058071 1.401547 -92.765192 -109.706501 0.010204 0.010204 0.000578 385.500000 1.114595 1.214419 -17.896156 -69.564649 0.010204 0.010204 0.001496 385.500000 5 45 46 76 81 98
0.000000 0.000000 0.000000 3.965391 2.266200 -136.480696 -241.200177 0.010204 0.010204 0.000567 385.500000 1.114595 1.214411 -48.760552 -73.751826 0.010204 0.010204 0.001499 385.500000 5 45 46 76 86 88
0.000000 0.000000 0.000000 1.093327 1.051738 -6.663779 -46.375123 0.010204 0.010204 0.000547 385.500000 1.114595 1.214402 -50.733365 -76.909570 0.010204 0.010204 0.001505 385.500000 5 45 46 76 86 92
0.000000 0.000000 0.000000 1.181654 1.074201 -49.466609 -76.154712 0.010204 0.010204 0.000573 404.142857 1.114595 1.214560 -12.494037 -61.783571 0.010204 0.010204 0.001401 404.142857 5 45 46 76 86 97
0.000000 0.000000 0.000000 1.175283 1.077273 -42.468475 -47.006698 0.010204 0.010204 0.000553 404.142857 1.114595 1.214404 -22.505740 -65.823225 0.010204 0.010204 0.001431 404.142857 5 45 46 76 86 98
0.000000 0.000000 0.000000 1.537514 1.171313 -93.474625 -76.295096 0.010204 0.010204 0.000586 385.500000 1.114595 1.214559 -11.644976 -55.222142 0.010204 0.010204 0.001444 385.500000 5 45 46 76 87 88
0.000000 0.000000 0.000000 1.365825 1.115209 -91.238700 -52.872422 0.010204 0.010204 0.000609 385.500000 1.114595 1.214573 -260.640686 -76.385157 0.010204 0.010204 0.001439 385.500000 5 45 46 76 87 92
0.000000 0.000000 0.000000 1.380519 1.119986 -18.329148 -64.114123 0.010204 0.010204 0.000592 404.142857 1.114595 1.214563 -62.007767 -69.602471 0.010204 0.010204 0.001378 404.142857 5 45 46 76 87 97
0.000000 0.000000 0.000000 1.346956 1.109084 -59.124267 -63.763984 0.010204 0.010204 0.000617 404.142857 1.114595 1.214800 -50.807641 -73.448939 0.010204 0.010204 0.001351 404.142857 5 45 46 76 87 98
0.000000 0.000000 0.000000 1.429213 1.048938 -178.602061 -56.135707 0.010204 0.010204 0.000837 348.214286 1.114630 1.215469 -13.665571 -83.488562 0.010204 0.010204 0.001527 348.214286 5 45 50 66 77 88
0.000000 0.000000 0.000000 1.607999 1.072789 -295.984001 -61.590470 0.010204 0.010204 0.000792 348.214286 1.114630 1.214948 -214.608339 -67.266472 0.010204 0.010204 0.001563 348.214286 5 45 50 66 77 92
0.000000 0.000000 0.000000 1.494212 1.057424 -51.092206 -52.498483 0.010204 0.010204 0.000784 366.857143 1.114630 1.214951 -12.510416 -69.536508 0.010204 0.010204 0.001489 366.857143 5 45 50 66 77 97
0.000000 0.000000 0.000000 1.030415 1.067156 -126.885010 -70.199093 0.010204 0.010204 0.000748 366.857143 1.114630 1.214935 -5.309879 -79.568255 0.010204 0.010204 0.001494 366.857143 5 45 50 66 77 98
0.000000 0.000000 0.000000 1.262813 1.157493 -38.717356 -69.251705 0.010204 0.010204 0.000721 348.214286 1.114630 1.214591 -9.443822 -69.883200 0.010204 0.010204 0.001635 348.214286 5 45 50 66 81 88
0.000000 0.000000 0.000000 1.165892 1.047439 -79.598415 -52.703956 0.010204 0.010204 0.000756 348.214286 1.114630 1.214936 -15.681648 -67.286328 0.010204 0.010204 0.001594 348.214286 5 45 50 66 81 92
0.000000 0.000000 0.000000 1.073558 1.247558 -7.391864 -48.055548 0.010204 0.010204 0.000686 366.857143 1.114630 1.214583 -83.978101 -66.021615 0.010204 0.010204 0.001558 366.857143 5 45 50 66 81 97
0.000000 0.000000 0.000000 1.128711 1.055046 -26.410347 -64.286696 0.010204 0.010204 0.000715 366.857143 1.114630 1.214592 -21.854704 -73.353358 0.010204 0.010204 0.001553 366.857143 5 45 50 66 81 98
0.000000 0.000000 0.000000 1.258143 1.066433 -37.081978 -44.862044 0.010204 0.010204 0.000729 366.857143 1.114630 1.214593 -127.568304 -62.372962 0.010204 0.010204 0.001547 366.857143 5 45 50 66 86 88
0.000000 0.000000 0.000000 1.019376 1.046903 -47.271154 -62.680202 0.010204 0.010204 0.000698 366.857143 1.114630 1.214584 -11.107359 -89.120741 0.010204 0.010204 0.001553 366.857143 5 45 50 66 86 92
0.000000 0.000000 0.000000 1.290028 1.055793 -34.473993 -60.043398 0.010204 0.010204 0.000739 385.500000 1.114630 1.214745 -80.719457 -64.117040 0.010204 0.010204 0.001445 385.500000 5 45 50 66 86 97
0.000000 0.000000 0.000000 1.151025 1.050295 -339.955309 -72.342257 0.010204 0.010204 0.000706 385.500000 1.114630 1.214586 -90.508938 -74.528192 0.010204 0.010204 0.001477 385.500000 5 45 50 66 86 98
0.000000 0.000000 0.000000 1.006654 1.062942 -50.146451 -66.301226 0.010204 0.010204 0.000645 366.857143 1.114630 1.214574 -17.589250 -75.639050 0.010204 0.010204 0.001564 366.857143 5 45 50 66 87 88
0.000000 0.000000 0.000000 1.042114 1.091559 -2.702542 -62.210058 0.010204 0.010204 0.000671 366.857143 1.114630 1.214583 -150.939917 -67.121414 0.010204 0.010204 0.001558 366.857143 5 45 50 66 87 92
0.000000 0.000000 0.000000 1.029775 1.085352 -3.974374 -43.980891 0.010204 0.010204 0.000652 385.500000 1.114630 1.214576 -5.272137 -84.979084 0.010204 0.010204 0.001486 385.500000 5 45 50 66 87 97
0.000000 0.000000 0.000000 1.109091 1.148867 -67.103301 -58.462694 0.010204 0.010204 0.000679 385.500000 1.114630 1.214731 -14.100993 -72.402197 0.010204 0.010204 0.001454 385.500000 5 45 50 66 87 98
0.000000 0.000000 0.000000 14.910804 1.831062 -515.446559 -157.403815 0.010204 0.010204 0.000870 348.214286 1.114638 1.216499 -5.274895 -66.760863 0.010204 0.010204 0.001506 348.214286 5 45 50 70 77 88
0.000000 0.000000 0.000000 1.030275 1.053891 -2.421241 -59.808690 0.010204 0.010204 0.000823 348.214286 1.114638 1.216152 -9.636693 -69.311311 0.010204 0.010204 0.001542 348.214286 5 45 50 70 77 92
0.000000 0.000000 0.000000 1.116402 1.049217 -14.940521 -45.705022 0.010204 0.010204 0.000814 366.857143 1.114638 1.216153 -26.671783 -74.213079 0.010204 0.010204 0.001469 366.857143 5 45 50 70 77 97
0.000000 0.000000 0.000000 1.000959 1.064042 -76.387898 -75.712739 0.010204 0.010204 0.000777 366.857143 1.114638 1.216144 -26.945062 -64.051727 0.010204 0.010204 0.001474 366.857143 5 45 50 70 77 98
0.000000 0.000000 0.000000 4.628411 1.170768 -952.179811 -89.313989 0.010204 0.010204 0.000919 348.214286 1.114639 1.216909 -55.617734 -75.746574 0.010204 0.010204 0.001479 348.214286 5 45 50 70 81 88
0.000000 0.000000 0.000000 4.153359 1.142989 -196.461455 -65.490973 0.010204 0.010204 0.000981 348.214286 1.114640 1.217519 -9.497341 -76.105940 0.010204 0.010204 0.001448 348.214286 5 45 50 70 81 92
0.000000 0.000000 0.000000 1.002902 1.096214 -0.418344 -35.463534 0.010204 0.010204 0.000860 366.857143 1.114639 1.216895 -43.472133 -61.315432 0.010204 0.010204 0.001418 366.857143 5 45 50 70 81 97
0.000000 0.000000 0.000000 4.265463 1.148809 -273.260208 -62.087074 0.010204 0.010204 0.000908 366.857143 1.114639 1.216914 -191.317874 -71.140552 0.010204 0.010204 0.001413 366.857143 5 45 50 70 81 98
0.000000 0.000000 0.000000 1.009403 1.167369 -121.389268 -53.643422 0.010204 0.010204 0.000757 366.857143 1.114638 1.216136 -73.150658 -72.506941 0.010204 0.010204 0.001474 366.857143 5 45 50 70 86 88
0.000000 0.000000 0.000000 1.000947 1.174938 -237.105879 -63.298803 0.010204 0.010204 0.000724 366.857143 1.114638 1.216126 -38.165276 -71.944909 0.010204 0.010204 0.001479 366.857143 5 45 50 70 86 92
0.000000 0.000000 0.000000 1.014107 1.074236 -95.429288 -52.675954 0.010204 0.010204 0.000768 385.500000 1.114638 1.216283 -7.352931 -68.557618 0.010204 0.010204 0.001382 385.500000 5 45 50 70 86 97
0.000000 0.000000 0.000000 1.002203 1.064725 -216.308750 -72.447838 0.010204 0.010204 0.000733 385.500000 1.114638 1.216128 -23.613839 -69.013427 0.010204 0.010204 0.001410 385.500000 5 45 50 70 86 98
0.000000 0.000000 0.000000 1.001343 1.064167 -42.047636 -68.943124 0.010204 0.010204 0.000792 366.857143 1.114638 1.216150 -14.637553 -74.139602 0.010204 0.010204 0.001470 366.857143 5 45 50 70 87 88
0.000000 0.000000 0.000000 2.073347 1.088874 -171.850224 -59.537842 0.010204 0.010204 0.000833 366.857143 1.114638 1.216160 -8.496651 -67.872088 0.010204 0.010204 0.001464 366.857143 5 45 50 70 87 92
0.000000 0.000000 0.000000 1.569477 1.302721 -353.158674 -62.949180 0.010204 0.010204 0.000803 385.500000 1.114638 1.216152 -122.470162 -75.276761 0.010204 0.010204 0.001402 385.500000 5 45 50 70 87 97
0.000000 0.000000 0.000000 2.002378 1.048418 -132.021236 -65.132670 0.010204 0.010204 0.000847 385.500000 1.114638 1.216313 -253.963818 -65.864330 0.010204 0.010204 0.001374 385.500000 5 45 50 70 87 98
0.000000 0.000000 0.000000 1.265747 1.162416 -31.291065 -63.211550 0.010204 0.010204 0.000689 366.857143 1.114630 1.214903 -20.025637 -60.954823 0.010204 0.010204 0.001520 366.857143 5 45 50 75 77 88
0.000000 0.000000 0.000000 1.294162 1.219809 -31.545895 -63.998581 0.010204 0.010204 0.000660 366.857143 1.114630 1.214556 -22.685458 -78.361885 0.010204 0.010204 0.001557 366.857143 5 45 50 75 77 92
0.000000 0.000000 0.000000 1.543670 1.371100 -109.122613 -67.291238 0.010204 0.010204 0.000654 385.500000 1.114630 1.214557 -64.138833 -70.992171 0.010204 0.010204 0.001481 385.500000 5 45 50 75 77 97
0.000000 0.000000 0.000000 1.448316 1.651331 -109.352214 -135.218007 0.010204 0.010204 0.000629 385.500000 1.114630 1.214548 -9.756703 -72.672026 0.010204 0.010204 0.001487 385.500000 5 45 50 75 77 98
0.000000 0.000000 0.000000 1.038945 1.117397 -25.573144 -76.221771 0.010204 0.010204 0.000612 366.857143 1.114630 1.214546 -18.194279 -65.953387 0.010204 0.010204 0.001568 366.857143 5 45 50 75 81 88
0.000000 0.000000 0.000000 1.149328 1.313882 -36.931967 -100.578805 0.010204 0.010204 0.000636 366.857143 1.114630 1.214887 -178.978332 -81.213253 0.010204 0.010204 0.001530 366.857143 5 45 50 75 81 92
0.000000 0.000000 0.000000 1.023161 1.137206 -0.462195 -62.185140 0.010204 0.010204 0.000586 385.500000 1.114630 1.214538 -209.452361 -82.534675 0.010204 0.010204 0.001496 385.500000 5 45 50 75 81 97
0.000000 0.000000 0.000000 1.061886 1.161543 -5.482900 -78.579874 0.010204 0.010204 0.000607 385.500000 1.114630 1.214547 -127.683314 -69.177388 0.010204 0.010204 0.001491 385.500000 5 45 50 75 81 98
0.000000 0.000000 0.000000 1.664699 1.265387 -74.207137 -69.637710 0.010204 0.010204 0.000694 385.500000 1.114630 1.214711 -4.677418 -78.513466 0.010204 0.010204 0.001425 385.500000 5 45 50 75 86 88
0.000000 0.000000 0.000000 1.523513 1.244705 -34.163992 -61.107613 0.010204 0.010204 0.000665 385.500000 1.114630 1.214698 -142.367724 -78.005354 0.010204 0.010204 0.001430 385.500000 5 45 50 75 86 92
0.000000 0.000000 0.000000 1.460150 1.182161 -225.729345 -63.999469 0.010204 0.010204 0.000704 404.142857 1.114630 1.214939 -47.218246 -71.570918 0.010204 0.010204 0.001339 404.142857 5 45 50 75 86 97
0.000000 0.000000 0.000000 2.034808 1.416218 -115.046215 -67.651312 0.010204 0.010204 0.000673 404.142857 1.114630 1.214701 -73.985679 -67.789964 0.010204 0.010204 0.001365 404.142857 5 45 50 75 86 98
0.000000 0.000000 0.000000 1.040140 1.083209 -22.518643 -81.635321 0.010204 0.010204 0.000616 385.500000 1.114630 1.214540 -50.634781 -75.589333 0.010204 0.010204 0.001490 385.500000 5 45 50 75 87 88
0.000000 0.000000 0.000000 1.489239 1.443411 -178.215233 -101.070909 0.010204 0.010204 0.000641 385.500000 1.114630 1.214550 -100.904819 -77.507261 0.010204 0.010204 0.001484 385.500000 5 45 50 75 87 92
0.000000 0.000000 0.000000 1.048227 1.048679 -105.401142 -64.036859 0.010204 0.010204 0.000623 404.142857 1.114630 1.214542 -9.111562 -75.845801 0.010204 0.010204 0.001418 404.142857 5 45 50 75 87 97
0.000000 0.000000 0.000000 1.078716 1.061426 -121.071656 -62.482073 0.010204 0.010204 0.000648 404.142857 1.114630 1.214698 -24.970762 -69.077143 0.010204 0.010204 0.001388 404.142857 5 45 50 75 87 98
0.000000 0.000000 0.000000 1.042524 1.055708 -16.802601 -58.263559 0.010204 0.010204 0.000711 366.857143 1.114630 1.214941 -232.562112 -82.346466 0.010204 0.010204 0.001517 366.857143 5 45 50 76 77 88
0.000000 0.000000 0.000000 1.027566 1.095452 -11.613083 -84.499045 0.010204 0.010204 0.000681 366.857143 1.114630 1.214600 -10.818699 -67.190482 0.010204 0.010204 0.001554 366.857143 5 45 50 76 77 92
0.000000 0.000000 0.000000 1.153782 1.369706 -100.152396 -77.591501 0.010204 0.010204 0.000675 385.500000 1.114630 1.214601 -10.305101 -75.039020 0.010204 0.010204 0.001478 385.500000 5 45 50 76 77 97
0.000000 0.000000 0.000000 1.012144 1.163704 -0.228596 -86.724135 0.010204 0.010204 0.000649 385.500000 1.114630 1.214592 -80.060275 -69.898272 0.010204 0.010204 0.001484 385.500000 5 45 50 76 77 98
0.000000 0.000000 0.000000 1.162455 1.046884 -204.980281 -50.304271 0.010204 0.010204 0.000742 366.857143 1.114630 1.214610 -121.975067 -71.437786 0.010204 0.010204 0.001543 366.857143 5 45 50 76 81 88
0.000000 0.000000 0.000000 17.529535 3.058766 -1179.483724 -214.612138 0.010204 0.010204 0.000780 366.857143 1.114630 1.214957 -17.464302 -68.656842 0.010204 0.010204 0.001507 366.857143 5 45 50 76 81 92
0.000000 0.000000 0.000000 1.172728 1.677048 -44.160613 -46.325445 0.010204 0.010204 0.000703 385.500000 1.114630 1.214602 -87.140880 -60.899629 0.010204 0.010204 0.001474 385.500000 5 45 50 76 81 97
0.000000 0.000000 0.000000 1.462030 1.085462 -12.538457 -74.573504 0.010204 0.010204 0.000735 385.500000 1.114630 1.214611 -169.583975 -77.995603 0.010204 0.010204 0.001469 385.500000 5 45 50 76 81 98
0.000000 0.000000 0.000000 1.144950 1.046915 -7.548830 -47.000992 0.010204 0.010204 0.000717 385.500000 1.114630 1.214604 -20.221156 -74.881855 0.010204 0.010204 0.001472 385.500000 5 45 50 76 86 88
0.000000 0.000000 0.000000 1.011654 1.057276 -2.062296 -65.975690 0.010204 0.010204 0.000687 385.500000 1.114630 1.214594 -10.020204 -62.035264 0.010204 0.010204 0.001477 385.500000 5 45 50 76 86 92
0.000000 0.000000 0.000000 1.334625 1.061129 -20.535085 -69.518352 0.010204 0.010204 0.000727 404.142857 1.114630 1.214752 -40.769226 -69.564943 0.010204 0.010204 0.001378 404.142857 5 45 50 76 86 97
0.000000 0.000000 0.000000 5.971949 3.548659 -438.797040 -351.304394 0.010204 0.010204 0.000695 404.142857 1.114630 1.214596 -12.184882 -73.716001 0.010204 0.010204 0.001407 404.142857 5 45 50 76 86 98
0.000000 0.000000 0.000000 1.032911 1.256330 -5.924755 -58.004421 0.010204 0.010204 0.000749 385.500000 1.114630 1.214761 -263.617419 -76.753256 0.010204 0.010204 0.001419 385.500000 5 45 50 76 87 88
0.000000 0.000000 0.000000 53.369173 5.140839 -5767.910616 -548.355473 0.010204 0.010204 0.000787 385.500000 1.114630 1.214774 -266.269732 -66.254329 0.010204 0.010204 0.001414 385.500000 5 45 50 76 87 92
0.000000 0.000000 0.000000 1.661584 1.054170 -143.201515 -41.956186 0.010204 0.010204 0.000759 404.142857 1.114630 1.214765 -7.682021 -69.798360 0.010204 0.010204 0.001355 404.142857 5 45 50 76 87 97
0.000000 0.000000 0.000000 6.199003 1.403905 -347.543435 -88.805487 0.010204 0.010204 0.000800 404.142857 1.114630 1.215004 -20.694831 -76.835364 0.010204 0.010204 0.001329 404.142857 5 45 50 76 87 98
0.000000 0.000000 0.000000 1.597288 1.054813 -94.817979 -53.479594 0.010204 0.010204 0.000832 348.214286 1.114613 1.215441 -25.374353 -72.605002 0.010204 0.010204 0.001528 348.214286 5 45 61 66 77 88
0.000000 0.000000 0.000000 1.713647 1.067024 -106.123660 -62.390958 0.010204 0.010204 0.000787 348.214286 1.114613 1.214918 -132.730558 -69.305938 0.010204 0.010204 0.001564 348.214286 5 45 61 66 77 92
0.000000 0.000000 0.000000 1.645796 1.059800 -207.449357 -54.680263 0.010204 0.010204 0.000779 366.857143 1.114613 1.214921 -9.150283 -72.456686 0.010204 0.010204 0.001490 366.857143 5 45 61 66 77 97
0.000000 0.000000 0.000000 1.043454 1.053576 -8.906875 -81.431121 0.010204 0.010204 0.000743 366.857143 1.114613 1.214905 -16.735613 -56.738620 0.010204 0.010204 0.001495 366.857143 5 45 61 66 77 98
0.000000 0.000000 0.000000 1.399198 1.131013 -385.471330 -56.858300 0.010204 0.010204 0.000717 348.214286 1.114613 1.214554 -9.360204 -72.656119 0.010204 0.010204 0.001636 348.214286 5 45 61 66 81 88
0.000000 0.000000 0.000000 2.580675 1.258041 -193.666718 -78.115287 0.010204 0.010204 0.000752 348.214286 1.114613 1.214899 -7.787148 -77.797913 0.010204 0.010204 0.001595 348.214286 5 45 61 66 81 92
0.000000 0.000000 0.000000 1.022776 1.055321 -1.845741 -51.040063 0.010204 0.010204 0.000682 366.857143 1.114613 1.214546 -67.802868 -74.931988 0.010204 0.010204 0.001559 366.857143 5 45 61 66 81 97
0.000000 0.000000 0.000000 1.303213 1.070446 -28.043779 -63.105936 0.010204 0.010204 0.000711 366.857143 1.114613 1.214555 -49.340700 -78.782513 0.010204 0.010204 0.001553 366.857143 5 45 61 66 81 98
0.000000 0.000000 0.000000 1.842616 1.127498 -116.599152 -46.923051 0.010204 0.010204 0.000725 366.857143 1.114613 1.214557 -16.379592 -74.612044 0.010204 0.010204 0.001548 366.857143 5 45 61 66 86 88
0.000000 0.000000 0.000000 1.084378 1.146444 -4.756979 -65.270956 0.010204 0.010204 0.000694 366.857143 1.114613 1.214547 -19.364131 -75.787793 0.010204 0.010204 0.001554 366.857143 5 45 61 66 86 92
0.000000 0.000000 0.000000 1.459900 1.056760 -54.791335 -68.084373 0.010204 0.010204 0.000735 385.500000 1.114613 1.214708 -60.706451 -69.417737 0.010204 0.010204 0.001446 385.500000 5 45 61 66 86 97
0.000000 0.000000 0.000000 12.572353 3.169715 -458.444901 -219.339317 0.010204 0.010204 0.000702 385.500000 1.114613 1.214549 -9.103619 -66.587161 0.010204 0.010204 0.001477 385.500000 5 45 61 66 86 98
0.000000 0.000000 0.000000 1.007384 1.054393 -85.043300 -62.619219 0.010204 0.010204 0.000641 366.857143 1.114613 1.214537 -6.102162 -71.860220 0.010204 0.010204 0.001565 366.857143 5 45 61 66 87 88
0.000000 0.000000 0.000000 1.046564 1.061759 -14.878453 -50.500386 0.010204 0.010204 0.000667 366.857143 1.114613 1.214546 -166.827488 -71.957588 0.010204 0.010204 0.001559 366.857143 5 45 61 66 87 92
0.000000 0.000000 0.000000 1.043600 1.080462 -209.239045 -50.930166 0.010204 0.010204 0.000648 385.500000 1.114613 1.214539 -98.138896 -72.819783 0.010204 0.010204 0.001487 385.500000 5 45 61 66 87 97
0.000000 0.000000 0.000000 1.072885 1.055433 -93.466887 -58.944654 0.010204 0.010204 0.000675 385.500000 1.114613 1.214694 -29.206110 -69.361654 0.010204 0.010204 0.001455 385.500000 5 45 61 66 87 98
0.000000 0.000000 0.000000 1.225684 1.135595 -53.742736 -48.951305 0.010204 0.010204 0.000667 348.214286 1.114613 1.214836 -35.424124 -62.687712 0.010204 0.010204 0.001610 348.214286 5 45 61 70 77 88
0.000000 0.000000 0.000000 2.880622 2.386518 -215.532266 -241.297667 0.010204 0.010204 0.000640 348.214286 1.114613 1.214491 -25.355242 -62.954540 0.010204 0.010204 0.001651 348.214286 5 45 61 70 77 92
0.000000 0.000000 0.000000 3.845787 2.919150 -218.271828 -112.524912 0.010204 0.010204 0.000635 366.857143 1.114613 1.214492 -7.991459 -76.600352 0.010204 0.010204 0.001567 366.857143 5 45 61 70 77 97
0.000000 0.000000 0.000000 1.035378 1.046411 -3.454203 -74.677998 0.010204 0.010204 0.000611 366.857143 1.114613 1.214483 -8.358827 -67.772542 0.010204 0.010204 0.001573 366.857143 5 45 61 70 77 98
0.000000 0.000000 0.000000 1.291486 1.102082 -12.559039 -67.577740 0.010204 0.010204 0.000694 348.214286 1.114613 1.214840 -87.347859 -73.623933 0.010204 0.010204 0.001578 348.214286 5 45 61 70 81 88
0.000000 0.000000 0.000000 1.235852 1.081707 -130.198381 -59.922314 0.010204 0.010204 0.000728 348.214286 1.114613 1.215360 -139.162233 -62.136794 0.010204 0.010204 0.001541 348.214286 5 45 61 70 81 92
0.000000 0.000000 0.000000 1.128106 1.048251 -41.066596 -39.746982 0.010204 0.010204 0.000660 366.857143 1.114613 1.214828 -52.046249 -61.069973 0.010204 0.010204 0.001507 366.857143 5 45 61 70 81 97
0.000000 0.000000 0.000000 1.263416 1.091780 -82.989581 -50.603346 0.010204 0.010204 0.000688 366.857143 1.114613 1.214844 -13.216490 -68.897044 0.010204 0.010204 0.001502 366.857143 5 45 61 70 81 98
0.000000 0.000000 0.000000 1.028136 1.047878 -0.816538 -70.055550 0.010204 0.010204 0.000600 366.857143 1.114613 1.214484 -9.612027 -68.883537 0.010204 0.010204 0.001573 366.857143 5 45 61 70 86 88
0.000000 0.000000 0.000000 1.013439 1.048499 -17.030107 -60.171605 0.010204 0.010204 0.000579 366.857143 1.114613 1.214474 -61.198807 -64.991236 0.010204 0.010204 0.001579 366.857143 5 45 61 70 86 92
0.000000 0.000000 0.000000 1.068622 1.096514 -35.261069 -73.221637 0.010204 0.010204 0.000607 385.500000 1.114613 1.214631 -8.541784 -73.858011 0.010204 0.010204 0.001467 385.500000 5 45 61 70 86 97
0.000000 0.000000 0.000000 1.077012 1.148161 -8.986749 -74.025860 0.010204 0.010204 0.000585 385.500000 1.114613 1.214476 -47.714497 -62.322290 0.010204 0.010204 0.001500 385.500000 5 45 61 70 86 98
0.000000 0.000000 0.000000 1.246507 1.227383 -4.049250 -69.711103 0.010204 0.010204 0.000621 366.857143 1.114613 1.214484 -93.786099 -78.563708 0.010204 0.010204 0.001568 366.857143 5 45 61 70 87 88
0.000000 0.000000 0.000000 1.134561 1.070815 -2.567659 -71.169121 0.010204 0.010204 0.000646 366.857143 1.114613 1.214494 -8.145966 -66.514069 0.010204 0.010204 0.001562 366.857143 5 45 61 70 87 92
0.000000 0.000000 0.000000 6.369317 4.003263 -190.508584 -116.265493 0.010204 0.010204 0.000628 385.500000 1.114613 1.214486 -16.117478 -68.740905 0.010204 0.010204 0.001490 385.500000 5 45 61 70 87 97
0.000000 0.000000 0.000000 1.172394 1.083723 -35.097463 -69.456640 0.010204 0.010204 0.000654 385.500000 1.114613 1.214645 -155.989031 -77.370991 0.010204 0.010204 0.001458 385.500000 5 45 61 70 87 98
0.000000 0.000000 0.000000 19.400235 2.078278 -717.018862 -140.453664 0.010204 0.010204 0.000831 366.857143 1.114618 1.216158 -111.804557 -70.581133 0.010204 0.010204 0.001439 366.857143 5 45 61 75 77 88
0.000000 0.000000 0.000000 2.109269 1.121893 -117.139947 -56.406148 0.010204 0.010204 0.000787 366.857143 1.114618 1.215808 -210.782355 -67.593428 0.010204 0.010204 0.001472 366.857143 5 45 61 75 77 92
0.000000 0.000000 0.000000 2.070219 1.069117 -173.741687 -70.266165 0.010204 0.010204 0.000779 385.500000 1.114618 1.215810 -27.225528 -61.303136 0.010204 0.010204 0.001404 385.500000 5 45 61 75 77 97
0.000000 0.000000 0.000000 1.003645 1.067521 -11.975511 -78.748895 0.010204 0.010204 0.000744 385.500000 1.114618 1.215800 -29.618894 -67.005072 0.010204 0.010204 0.001409 385.500000 5 45 61 75 77 98
0.000000 0.000000 0.000000 1.009323 1.134397 -123.226617 -61.850781 0.010204 0.010204 0.000718 366.857143 1.114618 1.215787 -135.718781 -67.541566 0.010204 0.010204 0.001481 366.857143 5 45 61 75 81 88
0.000000 0.000000 0.000000 1.071684 1.149686 -12.604449 -53.034517 0.010204 0.010204 0.000752 366.857143 1.114618 1.216128 -11.077104 -62.284441 0.010204 0.010204 0.001448 366.857143 5 45 61 75 81 92
0.000000 0.000000 0.000000 1.001967 1.192100 -0.372850 -66.601966 0.010204 0.010204 0.000682 385.500000 1.114618 1.215778 -7.315548 -69.836669 0.010204 0.010204 0.001418 385.500000 5 45 61 75 81 97
0.000000 0.000000 0.000000 1.037702 1.295769 -80.463934 -93.986834 0.010204 0.010204 0.000711 385.500000 1.114618 1.215788 -218.689244 -69.120821 0.010204 0.010204 0.001413 385.500000 5 45 61 75 81 98
0.000000 0.000000 0.000000 3.863776 1.163061 -146.430978 -54.117044 0.010204 0.010204 0.000839 385.500000 1.114618 1.216207 -49.065707 -67.137995 0.010204 0.010204 0.001355 385.500000 5 45 61 75 86 88
0.000000 0.000000 0.000000 1.009625 1.093977 -152.474343 -71.680279 0.010204 0.010204 0.000795 385.500000 1.114618 1.216191 -21.529956 -61.866820 0.010204 0.010204 0.001359 385.500000 5 45 61 75 86 92
0.000000 0.000000 0.000000 3.807378 1.159610 -353.865138 -70.256314 0.010204 0.010204 0.000855 404.142857 1.114618 1.216475 -79.366512 -73.467851 0.010204 0.010204 0.001277 404.142857 5 45 61 75 86 97
0.000000 0.000000 0.000000 3.940614 1.168118 -432.527598 -68.188759 0.010204 0.010204 0.000807 404.142857 1.114618 1.216196 -70.535883 -56.722419 0.010204 0.010204 0.001301 404.142857 5 45 61 75 86 98
0.000000 0.000000 0.000000 1.001790 1.046276 -1.566028 -50.008251 0.010204 0.010204 0.000724 385.500000 1.114618 1.215785 -138.406073 -73.678003 0.010204 0.010204 0.001412 385.500000 5 45 61 75 87 88
0.000000 0.000000 0.000000 3.606736 1.267077 -398.359383 -72.206966 0.010204 0.010204 0.000759 385.500000 1.114618 1.215795 -26.281833 -73.101821 0.010204 0.010204 0.001407 385.500000 5 45 61 75 87 92
0.000000 0.000000 0.000000 1.268544 1.102946 -11.228176 -38.847652 0.010204 0.010204 0.000734 404.142857 1.114618 1.215787 -14.208408 -58.363021 0.010204 0.010204 0.001348 404.142857 5 45 61 75 87 97
0.000000 0.000000 0.000000 2.073801 1.066547 -294.560520 -63.342609 0.010204 0.010204 0.000770 404.142857 1.114618 1.215945 -13.658078 -73.470982 0.010204 0.010204 0.001322 404.142857 5 45 61 75 87 98
0.000000 0.000000 0.000000 1.186043 1.155716 -51.063625 -75.302778 0.010204 0.010204 0.000667 366.857143 1.114613 1.214848 -10.597833 -72.711765 0.010204 0.010204 0.001528 366.857143 5 45 61 76 77 88
0.000000 0.000000 0.000000 1.170854 1.287372 -112.505160 -73.151799 0.010204 0.010204 0.000640 366.857143 1.114613 1.214507 -20.353570 -70.616549 0.010204 0.010204 0.001566 366.857143 5 45 61 76 77 92
0.000000 0.000000 0.000000 2.315089 2.679103 -121.931845 -244.814025 0.010204 0.010204 0.000635 385.500000 1.114613 1.214508 -5.959234 -81.013144 0.010204 0.010204 0.001489 385.500000 5 45 61 76 77 97
0.000000 0.000000 0.000000 1.050823 1.271764 -14.587006 -62.083804 0.010204 0.010204 0.000612 385.500000 1.114613 1.214499 -102.504992 -77.322556 0.010204 0.010204 0.001495 385.500000 5 45 61 76 77 98
0.000000 0.000000 0.000000 1.242407 1.058665 -89.081258 -60.222573 0.010204 0.010204 0.000694 366.857143 1.114613 1.214517 -11.612236 -59.501375 0.010204 0.010204 0.001555 366.857143 5 45 61 76 81 88
0.000000 0.000000 0.000000 1.569548 1.096988 -34.227708 -65.579861 0.010204 0.010204 0.000727 366.857143 1.114613 1.214864 -52.330908 -65.438984 0.010204 0.010204 0.001518 366.857143 5 45 61 76 81 92
0.000000 0.000000 0.000000 1.043727 1.051767 -1.023811 -36.960588 0.010204 0.010204 0.000660 385.500000 1.114613 1.214509 -11.176591 -71.302542 0.010204 0.010204 0.001485 385.500000 5 45 61 76 81 97
0.000000 0.000000 0.000000 3.391814 1.484681 -32.520761 -113.660165 0.010204 0.010204 0.000688 385.500000 1.114613 1.214518 -22.620225 -61.427670 0.010204 0.010204 0.001479 385.500000 5 45 61 76 81 98
0.000000 0.000000 0.000000 1.310704 1.088888 -139.656121 -51.189082 0.010204 0.010204 0.000672 385.500000 1.114613 1.214510 -61.412833 -65.189936 0.010204 0.010204 0.001482 385.500000 5 45 61 76 86 88
0.000000 0.000000 0.000000 1.051808 1.088131 -8.732999 -57.370997 0.010204 0.010204 0.000645 385.500000 1.114613 1.214501 -28.796249 -76.720710 0.010204 0.010204 0.001488 385.500000 5 45 61 76 86 92
0.000000 0.000000 0.000000 1.289899 1.063463 -93.437262 -70.885548 0.010204 0.010204 0.000681 404.142857 1.114613 1.214659 -4.037155 -66.314516 0.010204 0.010204 0.001387 404.142857 5 45 61 76 86 97
0.000000 0.000000 0.000000 1.162360 1.057835 -21.111685 -65.453712 0.010204 0.010204 0.000653 404.142857 1.114613 1.214503 -114.718813 -71.742047 0.010204 0.010204 0.001416 404.142857 5 45 61 76 86 98
0.000000 0.000000 0.000000 1.104503 1.053275 -16.254661 -56.498837 0.010204 0.010204 0.000700 385.500000 1.114613 1.214663 -20.690772 -63.908185 0.010204 0.010204 0.001429 385.500000 5 45 61 76 87 88
0.000000 0.000000 0.000000 2.274107 1.154232 -63.202037 -70.119327 0.010204 0.010204 0.000733 385.500000 1.114613 1.214677 -65.783774 -65.690399 0.010204 0.010204 0.001424 385.500000 5 45 61 76 87 92
0.000000 0.000000 0.000000 2.625741 1.198746 -111.441565 -69.132197 0.010204 0.010204 0.000709 404.142857 1.114613 1.214667 -12.799866 -61.960762 0.010204 0.010204 0.001364 404.142857 5 45 61 76 87 97
0.000000 0.000000 0.000000 2.037569 1.124464 -183.730326 -73.737786 0.010204 0.010204 0.000744 404.142857 1.114613 1.214905 -17.799589 -72.499572 0.010204 0.010204 0.001338 404.142857 5 45 61 76 87 98
0.000000 0.000000 0.000000 1.136386 1.462067 -1.514037 -114.467412 0.010204 0.010204 0.000852 348.214286 1.115481 1.218851 -12.926913 -63.943733 0.010204 0.010204 0.001449 348.214286 5 45 65 66 77 88
0.000000 0.000000 0.000000 1.017358 1.061040 -7.966680 -64.807011 0.010204 0.010204 0.000807 348.214286 1.115481 1.218331 -35.414075 -66.948740 0.010204 0.010204 0.001481 348.214286 5 45 65 66 77 92
0.000000 0.000000 0.000000 1.014405 1.049418 -9.002153 -55.239432 0.010204 0.010204 0.000799 366.857143 1.115481 1.218334 -123.357475 -72.125931 0.010204 0.010204 0.001414 366.857143 5 45 65 66 77 97
0.000000 0.000000 0.000000 1.016745 1.129166 -2.847539 -78.195867 0.010204 0.010204 0.000762 366.857143 1.115481 1.218318 -4.486622 -62.993101 0.010204 0.010204 0.001419 366.857143 5 45 65 66 77 98
0.000000 0.000000 0.000000 1.003770 1.055923 -0.115117 -56.296439 0.010204 0.010204 0.000736 348.214286 1.115481 1.217979 -5.056699 -72.117125 0.010204 0.010204 0.001546 348.214286 5 45 65 66 81 88
0.000000 0.000000 0.000000 1.004912 1.048815 -1.009018 -64.401646 0.010204 0.010204 0.000771 348.214286 1.115481 1.218323 -9.717896 -65.681801 0.010204 0.010204 0.001509 348.214286 5 45 65 66 81 92
0.000000 0.000000 0.000000 1.004030 1.151780 -56.819348 -44.886745 0.010204 0.010204 0.000699 366.857143 1.115481 1.217970 -197.060224 -71.500104 0.010204 0.010204 0.001477 366.857143 5 45 65 66 81 97
0.000000 0.000000 0.000000 1.006745 1.084394 -67.611044 -66.359544 0.010204 0.010204 0.000729 366.857143 1.115481 1.217980 -38.010053 -73.329538 0.010204 0.010204 0.001472 366.857143 5 45 65 66 81 98
0.000000 0.000000 0.000000 1.005864 1.048557 -131.481864 -61.641091 0.010204 0.010204 0.000744 366.857143 1.115481 1.217981 -6.586745 -70.595252 0.010204 0.010204 0.001467 366.857143 5 45 65 66 86 88
0.000000 0.000000 0.000000 1.002749 1.071245 -75.155515 -50.410818 0.010204 0.010204 0.000712 366.857143 1.115481 1.217972 -13.538793 -59.246695 0.010204 0.010204 0.001472 366.857143 5 45 65 66 86 92
0.000000 0.000000 0.000000 1.008808 1.060289 -53.612677 -75.721996 0.010204 0.010204 0.000754 385.500000 1.115481 1.218132 -15.000345 -64.429364 0.010204 0.010204 0.001374 385.500000 5 45 65 66 86 97
0.000000 0.000000 0.000000 1.007972 1.076146 -1.818972 -57.816267 0.010204 0.010204 0.000720 385.500000 1.115481 1.217974 -133.829696 -67.688602 0.010204 0.010204 0.001403 385.500000 5 45 65 66 86 98
0.000000 0.000000 0.000000 1.002755 1.287631 -0.145750 -68.245649 0.010204 0.010204 0.000658 366.857143 1.115481 1.217962 -58.994163 -77.598585 0.010204 0.010204 0.001482 366.857143 5 45 65 66 87 88
0.000000 0.000000 0.000000 1.002382 1.100207 -167.506530 -83.949294 0.010204 0.010204 0.000684 366.857143 1.115481 1.217971 -15.759470 -70.704499 0.010204 0.010204 0.001476 366.857143 5 45 65 66 87 92
0.000000 0.000000 0.000000 1.002620 1.129135 -0.252931 -60.379513 0.010204 0.010204 0.000665 385.500000 1.115481 1.217964 -8.576104 -77.183207 0.010204 0.010204 0.001411 385.500000 5 45 65 66 87 97
0.000000 0.000000 0.000000 1.001688 1.054901 -80.837322 -60.494956 0.010204 0.010204 0.000693 385.500000 1.115481 1.218119 -11.612217 -64.468727 0.010204 0.010204 0.001382 385.500000 5 45 65 66 87 98
0.000000 0.000000 0.000000 1.024686 1.047909 -1.942223 -53.300894 0.010204 0.010204 0.000887 348.214286 1.115488 1.218434 -4.218807 -69.238628 0.010204 0.010204 0.001496 348.214286 5 45 65 70 77 88
0.000000 0.000000 0.000000 1.012423 1.160745 -2.831147 -72.573943 0.010204 0.010204 0.000840 348.214286 1.115488 1.218089 -118.243338 -70.399512 0.010204 0.010204 0.001532 348.214286 5 45 65 70 77 92
0.000000 0.000000 0.000000 1.579702 4.992347 -60.174368 -280.012611 0.010204 0.010204 0.000831 366.857143 1.115488 1.218091 -58.365504 -64.602280 0.010204 0.010204 0.001459 366.857143 5 45 65 70 77 97
0.000000 0.000000 0.000000 1.001872 1.224971 -0.619051 -83.339311 0.010204 0.010204 0.000792 366.857143 1.115488 1.218081 -50.312603 -62.506618 0.010204 0.010204 0.001464 366.857143 5 45 65 70 77 98
0.000000 0.000000 0.000000 1.125063 1.075883 -23.522501 -58.275155 0.010204 0.010204 0.000936 348.214286 1.115490 1.218463 -12.474538 -56.437644 0.010204 0.010204 0.001469 348.214286 5 45 65 70 81 88
0.000000 0.000000 0.000000 2.301598 1.076978 -94.976830 -64.168134 0.010204 0.010204 0.000998 348.214286 1.115490 1.218988 -12.897963 -79.972357 0.010204 0.010204 0.001437 348.214286 5 45 65 70 81 92
0.000000 0.000000 0.000000 1.000696 1.159486 -124.335490 -38.616329 0.010204 0.010204 0.000876 366.857143 1.115490 1.218451 -126.178934 -87.127461 0.010204 0.010204 0.001408 366.857143 5 45 65 70 81 97
0.000000 0.000000 0.000000 2.021499 1.095385 -41.745907 -64.384943 0.010204 0.010204 0.000925 366.857143 1.115490 1.218466 -27.203748 -69.576392 0.010204 0.010204 0.001403 366.857143 5 45 65 70 81 98
0.000000 0.000000 0.000000 1.001342 1.066460 -0.130097 -73.659273 0.010204 0.010204 0.000773 366.857143 1.115488 1.218081 -245.220171 -81.326823 0.010204 0.010204 0.001464 366.857143 5 45 65 70 86 88
0.000000 0.000000 0.000000 1.000209 1.056766 -0.036116 -63.770374 0.010204 0.010204 0.000739 366.857143 1.115488 1.218072 -6.731391 -78.463570 0.010204 0.010204 0.001470 366.857143 5 45 65 70 86 92
0.000000 0.000000 0.000000 1.009351 1.244177 -57.698699 -55.624159 0.010204 0.010204 0.000784 385.500000 1.115488 1.218229 -15.805390 -70.716451 0.010204 0.010204 0.001372 385.500000 5 45 65 70 86 97
0.000000 0.000000 0.000000 1.000686 1.048140 -0.334318 -73.253832 0.010204 0.010204 0.000748 385.500000 1.115488 1.218074 -10.445849 -65.625580 0.010204 0.010204 0.001400 385.500000 5 45 65 70 86 98
0.000000 0.000000 0.000000 1.000620 1.061040 -10.755269 -41.741345 0.010204 0.010204 0.000808 366.857143 1.115488 1.218082 -16.590806 -67.086114 0.010204 0.010204 0.001460 366.857143 5 45 65 70 87 88
0.000000 0.000000 0.000000 1.048705 1.124088 -4.572081 -69.524066 0.010204 0.010204 0.000850 366.857143 1.115488 1.218092 -8.090601 -70.144296 0.010204 0.010204 0.001455 366.857143 5 45 65 70 87 92
0.000000 0.000000 0.000000 1.010167 1.050461 -0.279899 -49.087168 0.010204 0.010204 0.000820 385.500000 1.115488 1.218085 -7.289877 -69.062209 0.010204 0.010204 0.001392 385.500000 5 45 65 70 87 97
0.000000 0.000000 0.000000 1.658370 1.474841 -30.587850 -77.891339 0.010204 0.010204 0.000864 385.500000 1.115488 1.218243 -15.292463 -78.828334 0.010204 0.010204 0.001364 385.500000 5 45 65 70 87 98
0.000000 0.000000 0.000000 1.069714 1.090034 -75.450834 -64.346896 0.010204 0.010204 0.000852 366.857143 1.115484 1.218372 -7.762821 -72.093916 0.010204 0.010204 0.001428 366.857143 5 45 65 75 77 88
0.000000 0.000000 0.000000 1.014234 1.078606 -16.413640 -71.327242 0.010204 0.010204 0.000808 366.857143 1.115484 1.218025 -39.344221 -78.111173 0.010204 0.010204 0.001461 366.857143 5 45 65 75 77 92
0.000000 0.000000 0.000000 1.030253 1.090042 -2.296151 -45.184048 0.010204 0.010204 0.000800 385.500000 1.115484 1.218026 -4.863056 -78.571299 0.010204 0.010204 0.001394 385.500000 5 45 65 75 77 97
0.000000 0.000000 0.000000 1.002469 1.153855 -7.928942 -73.822416 0.010204 0.010204 0.000763 385.500000 1.115484 1.218016 -105.895740 -61.400524 0.010204 0.010204 0.001398 385.500000 5 45 65 75 77 98
0.000000 0.000000 0.000000 1.002603 1.147548 -1.107017 -71.017332 0.010204 0.010204 0.000737 366.857143 1.115484 1.218015 -199.673885 -73.782423 0.010204 0.010204 0.001471 366.857143 5 45 65 75 81 88
0.000000 0.000000 0.000000 1.003889 1.094481 -119.809885 -54.961064 0.010204 0.010204 0.000772 366.857143 1.115484 1.218355 -203.537175 -75.642073 0.010204 0.010204 0.001437 366.857143 5 45 65 75 81 92
0.000000 0.000000 0.000000 1.000392 1.073429 -0.888497 -58.158786 0.010204 0.010204 0.000700 385.500000 1.115484 1.218006 -27.013494 -59.094616 0.010204 0.010204 0.001407 385.500000 5 45 65 75 81 97
0.000000 0.000000 0.000000 1.001317 1.054284 -205.270276 -78.676154 0.010204 0.010204 0.000730 385.500000 1.115484 1.218016 -15.401058 -70.839007 0.010204 0.010204 0.001402 385.500000 5 45 65 75 81 98
0.000000 0.000000 0.000000 1.217015 1.049371 -49.105655 -50.597026 0.010204 0.010204 0.000861 385.500000 1.115485 1.218189 -18.149810 -73.487222 0.010204 0.010204 0.001344 385.500000 5 45 65 75 86 88
0.000000 0.000000 0.000000 1.002023 1.318217 -0.213005 -93.869083 0.010204 0.010204 0.000817 385.500000 1.115485 1.218175 -22.359439 -74.771296 0.010204 0.010204 0.001349 385.500000 5 45 65 75 86 92
0.000000 0.000000 0.000000 1.339837 1.062976 -32.199058 -65.426580 0.010204 0.010204 0.000876 404.142857 1.115485 1.218418 -84.079263 -61.439543 0.010204 0.010204 0.001267 404.142857 5 45 65 75 86 97
0.000000 0.000000 0.000000 1.312316 1.129036 -48.353164 -71.246461 0.010204 0.010204 0.000829 404.142857 1.115485 1.218179 -61.457303 -67.174146 0.010204 0.010204 0.001291 404.142857 5 45 65 75 86 98
0.000000 0.000000 0.000000 1.000805 1.060727 -0.102822 -64.644226 0.010204 0.010204 0.000744 385.500000 1.115484 1.218009 -6.659465 -67.910218 0.010204 0.010204 0.001401 385.500000 5 45 65 75 87 88
0.000000 0.000000 0.000000 1.147646 1.931122 -18.491354 -98.803145 0.010204 0.010204 0.000779 385.500000 1.115484 1.218018 -183.848352 -67.908618 0.010204 0.010204 0.001396 385.500000 5 45 65 75 87 92
0.000000 0.000000 0.000000 1.011084 1.110145 -59.913691 -62.393403 0.010204 0.010204 0.000754 404.142857 1.115484 1.218011 -15.105542 -78.756738 0.010204 0.010204 0.001337 404.142857 5 45 65 75 87 97
0.000000 0.000000 0.000000 1.027698 1.075802 -2.090990 -66.931473 0.010204 0.010204 0.000791 404.142857 1.115484 1.218167 -11.348417 -69.747037 0.010204 0.010204 0.001311 404.142857 5 45 65 75 87 98
0.000000 0.000000 0.000000 1.000475 1.051007 -75.992777 -66.955566 0.010204 0.010204 0.000888 366.857143 1.115655 1.220712 -13.751418 -70.887130 0.010204 0.010204 0.001366 366.857143 5 45 65 76 77 88
0.000000 0.000000 0.000000 1.000121 1.087085 -0.887455 -74.236024 0.010204 0.010204 0.000841 366.857143 1.115655 1.220371 -22.058528 -66.975323 0.010204 0.010204 0.001396 366.857143 5 45 65 76 77 92
0.000000 0.000000 0.000000 1.000260 1.110246 -0.051260 -61.103190 0.010204 0.010204 0.000833 385.500000 1.115655 1.220372 -70.440107 -64.746044 0.010204 0.010204 0.001335 385.500000 5 45 65 76 77 97
0.000000 0.000000 0.000000 1.000039 1.154248 -15.265669 -74.344689 0.010204 0.010204 0.000794 385.500000 1.115655 1.220362 -29.325212 -67.924724 0.010204 0.010204 0.001339 385.500000 5 45 65 76 77 98
0.000000 0.000000 0.000000 1.006118 1.052044 -27.099496 -42.850485 0.010204 0.010204 0.000937 366.857143 1.115656 1.220401 -51.945870 -70.650426 0.010204 0.010204 0.001387 366.857143 5 45 65 76 81 88
0.000000 0.000000 0.000000 2.654017 1.076939 -129.380249 -80.915100 0.010204 0.010204 0.000998 366.857143 1.115656 1.220752 -12.889475 -75.262085 0.010204 0.010204 0.001358 366.857143 5 45 65 76 81 92
0.000000 0.000000 0.000000 1.000076 1.060759 -93.734732 -41.816400 0.010204 0.010204 0.000877 385.500000 1.115656 1.220392 -142.591185 -75.153125 0.010204 0.010204 0.001331 385.500000 5 45 65 76 81 97
0.000000 0.000000 0.000000 1.036681 1.139961 -146.099054 -86.155855 0.010204 0.010204 0.000926 385.500000 1.115656 1.220402 -4.718623 -69.844406 0.010204 0.010204 0.001327 385.500000 5 45 65 76 81 98
0.000000 0.000000 0.000000 1.008411 1.077999 -1.249957 -59.688740 0.010204 0.010204 0.000898 385.500000 1.115656 1.220382 -12.362543 -67.710913 0.010204 0.010204 0.001329 385.500000 5 45 65 76 86 88
0.000000 0.000000 0.000000 1.000358 1.686570 -59.078811 -79.782871 0.010204 0.010204 0.000851 385.500000 1.115656 1.220373 -18.067812 -67.022773 0.010204 0.010204 0.001334 385.500000 5 45 65 76 86 92
0.000000 0.000000 0.000000 1.106736 1.049578 -113.383530 -49.205958 0.010204 0.010204 0.000914 404.142857 1.115656 1.220533 -13.278806 -69.275626 0.010204 0.010204 0.001253 404.142857 5 45 65 76 86 97
0.000000 0.000000 0.000000 1.002779 1.095727 -126.196585 -89.964306 0.010204 0.010204 0.000864 404.142857 1.115656 1.220375 -13.586864 -71.637961 0.010204 0.010204 0.001276 404.142857 5 45 65 76 86 98
0.000000 0.000000 0.000000 1.000278 1.091563 -4.376756 -57.051702 0.010204 0.010204 0.000950 385.500000 1.115678 1.220948 -90.845605 -78.134751 0.010204 0.010204 0.001287 385.500000 5 45 65 76 87 88
0.000000 0.000000 0.000000 4.994858 1.125912 -133.359101 -74.540638 0.010204 0.010204 0.001011 385.500000 1.115678 1.220965 -61.278875 -75.756933 0.010204 0.010204 0.001283 385.500000 5 45 65 76 87 92
0.000000 0.000000 0.000000 1.663779 18.303783 -4.761428 -323.360820 0.010204 0.010204 0.000966 404.142857 1.115678 1.220953 -34.387328 -69.018809 0.010204 0.010204 0.001234 404.142857 5 45 65 76 87 97
0.000000 0.000000 0.000000 4.788570 1.100704 -530.163097 -75.039385 0.010204 0.010204 0.001034 404.142857 1.115681 1.221256 -109.706069 -75.390207 0.010204 0.010204 0.001213 404.142857 5 45 65 76 87 98
0.000000 0.000000 0.000000 3.275750 1.053724 -230.888072 -55.851086 0.010204 0.010204 0.001107 348.214286 1.114077 1.222062 -16.255672 -64.184654 0.010204 0.010204 0.001375 348.214286 21 26 46 66 77 88
0.000000 0.000000 0.000000 3.347253 1.094773 -108.434529 -66.152628 0.010204 0.010204 0.001028 348.214286 1.114073 1.221404 -25.410748 -76.405604 0.010204 0.010204 0.001403 348.214286 21 26 46 66 77 92
0.000000 0.000000 0.000000 3.280849 1.055098 -52.629458 -44.363656 0.010204 0.010204 0.001015 366.857143 1.114073 1.221409 -17.533014 -64.710148 0.010204 0.010204 0.001343 366.857143 21 26 46 66 77 97
0.000000 0.000000 0.000000 1.001682 1.095193 -112.679555 -78.325653 0.010204 0.010204 0.000955 366.857143 1.114073 1.221388 -20.425693 -74.436332 0.010204 0.010204 0.001347 366.857143 21 26 46 66 77 98
0.000000 0.000000 0.000000 1.016598 1.318652 -1.294698 -69.669858 0.010204 0.010204 0.000910 348.214286 1.114052 1.220392 -8.031290 -70.744422 0.010204 0.010204 0.001460 348.214286 21 26 46 66 81 88
0.000000 0.000000 0.000000 2.388530 1.082321 -227.320185 -53.024073 0.010204 0.010204 0.000967 348.214286 1.114052 1.220740 -140.946899 -85.654958 0.010204 0.010204 0.001428 348.214286 21 26 46 66 81 92
0.000000 0.000000 0.000000 1.000161 1.060475 -0.065686 -70.599398 0.010204 0.010204 0.000854 366.857143 1.114052 1.220383 -69.023762 -64.710693 0.010204 0.010204 0.001398 366.857143 21 26 46 66 81 97
0.000000 0.000000 0.000000 1.040925 1.068914 -39.754264 -72.389477 0.010204 0.010204 0.000899 366.857143 1.114052 1.220393 -111.739568 -73.631070 0.010204 0.010204 0.001394 366.857143 21 26 46 66 81 98
0.000000 0.000000 0.000000 1.366759 1.178382 -189.949814 -92.381522 0.010204 0.010204 0.000922 366.857143 1.114052 1.220403 -132.399569 -62.963782 0.010204 0.010204 0.001390 366.857143 21 26 46 66 86 88
0.000000 0.000000 0.000000 1.000341 1.060911 -46.484534 -67.873946 0.010204 0.010204 0.000873 366.857143 1.114052 1.220393 -12.706143 -74.145830 0.010204 0.010204 0.001395 366.857143 21 26 46 66 86 92
0.000000 0.000000 0.000000 3.424765 1.059317 -175.799674 -51.393937 0.010204 0.010204 0.000939 385.500000 1.114052 1.220558 -24.235044 -72.246783 0.010204 0.010204 0.001307 385.500000 21 26 46 66 86 97
0.000000 0.000000 0.000000 1.048498 1.062791 -50.004738 -71.312005 0.010204 0.010204 0.000886 385.500000 1.114052 1.220395 -117.196850 -67.698635 0.010204 0.010204 0.001333 385.500000 21 26 46 66 86 98
0.000000 0.000000 0.000000 1.000075 1.155200 -251.354691 -62.988964 0.010204 0.010204 0.000791 366.857143 1.114051 1.220360 -17.426926 -76.729193 0.010204 0.010204 0.001403 366.857143 21 26 46 66 87 88
0.000000 0.000000 0.000000 1.000745 1.112024 -2.452908 -48.604626 0.010204 0.010204 0.000831 366.857143 1.114051 1.220370 -29.691144 -72.087522 0.010204 0.010204 0.001398 366.857143 21 26 46 66 87 92
0.000000 0.000000 0.000000 1.000244 1.056202 -7.549782 -52.972376 0.010204 0.010204 0.000802 385.500000 1.114051 1.220362 -32.066891 -64.950516 0.010204 0.010204 0.001340 385.500000 21 26 46 66 87 97
0.000000 0.000000 0.000000 1.001961 1.050685 -35.325148 -72.398522 0.010204 0.010204 0.000843 385.500000 1.114051 1.220518 -26.365332 -73.111505 0.010204 0.010204 0.001315 385.500000 21 26 46 66 87 98
0.000000 0.000000 0.000000 1.091786 1.099962 -125.627491 -77.516229 0.010204 0.010204 0.000828 348.214286 1.113929 1.217968 -9.637954 -69.117805 0.010204 0.010204 0.001506 348.214286 21 26 46 70 77 88
0.000000 0.000000 0.000000 1.027904 1.129617 -1.870569 -57.043256 0.010204 0.010204 0.000787 348.214286 1.113929 1.217623 -46.416011 -61.751315 0.010204 0.010204 0.001542 348.214286 21 26 46 70 77 92
0.000000 0.000000 0.000000 1.106766 1.288434 -4.975619 -63.318491 0.010204 0.010204 0.000779 366.857143 1.113929 1.217625 -19.028739 -71.325852 0.010204 0.010204 0.001468 366.857143 21 26 46 70 77 97
0.000000 0.000000 0.000000 1.003121 1.119360 -27.319472 -76.748442 0.010204 0.010204 0.000745 366.857143 1.113929 1.217615 -11.099150 -60.396749 0.010204 0.010204 0.001474 366.857143 21 26 46 70 77 98
0.000000 0.000000 0.000000 3.704218 1.265736 -155.721134 -75.940001 0.010204 0.010204 0.000871 348.214286 1.113930 1.217986 -24.436509 -68.448923 0.010204 0.010204 0.001478 348.214286 21 26 46 70 81 88
0.000000 0.000000 0.000000 2.417073 1.075737 -214.230803 -61.158234 0.010204 0.010204 0.000925 348.214286 1.113930 1.218509 -9.349600 -77.673540 0.010204 0.010204 0.001446 348.214286 21 26 46 70 81 92
0.000000 0.000000 0.000000 1.007733 1.436107 -0.255714 -57.626257 0.010204 0.010204 0.000818 366.857143 1.113930 1.217974 -5.528995 -59.080922 0.010204 0.010204 0.001416 366.857143 21 26 46 70 81 97
0.000000 0.000000 0.000000 4.281750 1.201755 -353.468609 -63.043459 0.010204 0.010204 0.000861 366.857143 1.113930 1.217990 -74.374501 -67.567018 0.010204 0.010204 0.001412 366.857143 21 26 46 70 81 98
0.000000 0.000000 0.000000 1.003066 1.064057 -145.684180 -52.734628 0.010204 0.010204 0.000728 366.857143 1.113929 1.217616 -135.842990 -68.449202 0.010204 0.010204 0.001473 366.857143 21 26 46 70 86 88
0.000000 0.000000 0.000000 1.000777 1.079658 -0.341214 -66.938122 0.010204 0.010204 0.000697 366.857143 1.113929 1.217606 -192.909341 -68.694533 0.010204 0.010204 0.001479 366.857143 21 26 46 70 86 92
0.000000 0.000000 0.000000 1.011718 1.139817 -197.874064 -91.407425 0.010204 0.010204 0.000737 385.500000 1.113929 1.217763 -43.308777 -64.145897 0.010204 0.010204 0.001380 385.500000 21 26 46 70 86 97
0.000000 0.000000 0.000000 1.004171 1.119960 -91.179722 -80.746896 0.010204 0.010204 0.000706 385.500000 1.113929 1.217608 -31.856352 -65.785874 0.010204 0.010204 0.001408 385.500000 21 26 46 70 86 98
0.000000 0.000000 0.000000 1.006520 1.191388 -0.746383 -67.586515 0.010204 0.010204 0.000759 366.857143 1.113929 1.217616 -5.995106 -65.053506 0.010204 0.010204 0.001469 366.857143 21 26 46 70 87 88
0.000000 0.000000 0.000000 1.566868 1.614739 -150.406429 -109.250813 0.010204 0.010204 0.000796 366.857143 1.113929 1.217626 -13.578692 -67.556753 0.010204 0.010204 0.001464 366.857143 21 26 46 70 87 92
0.000000 0.000000 0.000000 1.038573 1.068969 -11.842849 -45.722911 0.010204 0.010204 0.000769 385.500000 1.113929 1.217619 -10.149916 -60.889369 0.010204 0.010204 0.001400 385.500000 21 26 46 70 87 97
0.000000 0.000000 0.000000 1.169885 1.064115 -19.344613 -67.238426 0.010204 0.010204 0.000808 385.500000 1.113929 1.217777 -208.331524 -73.243138 0.010204 0.010204 0.001372 385.500000 21 26 46 70 87 98
0.000000 0.000000 0.000000 1.708513 1.085837 -30.400821 -51.399334 0.010204 0.010204 0.000856 366.857143 1.113931 1.218005 -4.535781 -75.825347 0.010204 0.010204 0.001427 366.857143 21 26 46 75 77 88
0.000000 0.000000 0.000000 1.061948 1.113979 -68.182855 -60.768522 0.010204 0.010204 0.000811 366.857143 1.113931 1.217658 -60.938658 -75.324819 0.010204 0.010204 0.001460 366.857143 21 26 46 75 77 92
0.000000 0.000000 0.000000 1.191549 1.122890 -5.690788 -46.779467 0.010204 0.010204 0.000803 385.500000 1.113931 1.217659 -5.981547 -64.147961 0.010204 0.010204 0.001393 385.500000 21 26 46 75 77 97
0.000000 0.000000 0.000000 1.001370 1.059129 -3.156048 -74.172450 0.010204 0.010204 0.000766 385.500000 1.113931 1.217650 -20.804549 -63.010239 0.010204 0.010204 0.001398 385.500000 21 26 46 75 77 98
0.000000 0.000000 0.000000 1.001608 1.058498 -1.168137 -40.490629 0.010204 0.010204 0.000739 366.857143 1.113931 1.217648 -26.567720 -75.730703 0.010204 0.010204 0.001470 366.857143 21 26 46 75 81 88
0.000000 0.000000 0.000000 1.014599 1.177910 -0.676683 -60.778908 0.010204 0.010204 0.000775 366.857143 1.113931 1.217989 -8.736440 -77.862553 0.010204 0.010204 0.001436 366.857143 21 26 46 75 81 92
0.000000 0.000000 0.000000 1.000368 1.054926 -0.336771 -52.340896 0.010204 0.010204 0.000702 385.500000 1.113931 1.217640 -13.096776 -66.807291 0.010204 0.010204 0.001406 385.500000 21 26 46 75 81 97
0.000000 0.000000 0.000000 1.002501 1.060709 -2.441389 -75.577749 0.010204 0.010204 0.000732 385.500000 1.113931 1.217649 -68.457088 -66.755642 0.010204 0.010204 0.001402 385.500000 21 26 46 75 81 98
0.000000 0.000000 0.000000 4.013189 1.087638 -413.406392 -51.722482 0.010204 0.010204 0.000865 385.500000 1.113931 1.217829 -161.793361 -73.041904 0.010204 0.010204 0.001344 385.500000 21 26 46 75 86 88
0.000000 0.000000 0.000000 1.002613 1.146254 -118.230012 -66.251722 0.010204 0.010204 0.000820 385.500000 1.113931 1.217815 -7.473003 -74.056058 0.010204 0.010204 0.001348 385.500000 21 26 46 75 86 92
0.000000 0.000000 0.000000 3.547858 1.070624 -152.502415 -64.768124 0.010204 0.010204 0.000881 404.142857 1.113931 1.218059 -36.155235 -68.613316 0.010204 0.010204 0.001267 404.142857 21 26 46 75 86 97
0.000000 0.000000 0.000000 15.777102 1.553416 -2275.565375 -136.944762 0.010204 0.010204 0.000832 404.142857 1.113931 1.217819 -36.576248 -64.470703 0.010204 0.010204 0.001290 404.142857 21 26 46 75 86 98
0.000000 0.000000 0.000000 1.001536 1.087581 -84.131724 -58.173250 0.010204 0.010204 0.000746 385.500000 1.113931 1.217642 -5.549623 -64.100868 0.010204 0.010204 0.001401 385.500000 21 26 46 75 87 88
0.000000 0.000000 0.000000 1.035332 1.061161 -3.640122 -60.472164 0.010204 0.010204 0.000782 385.500000 1.113931 1.217651 -78.091169 -63.303022 0.010204 0.010204 0.001396 385.500000 21 26 46 75 87 92
0.000000 0.000000 0.000000 1.030851 1.125836 -85.000958 -51.329184 0.010204 0.010204 0.000756 404.142857 1.113931 1.217644 -77.945744 -70.322162 0.010204 0.010204 0.001337 404.142857 21 26 46 75 87 97
0.000000 0.000000 0.000000 1.138123 1.058373 -101.716137 -80.407999 0.010204 0.010204 0.000794 404.142857 1.113931 1.217800 -46.358231 -78.479897 0.010204 0.010204 0.001311 404.142857 21 26 46 75 87 98
0.000000 0.000000 0.000000 1.069643 2.216767 -11.505742 -131.644996 0.010204 0.010204 0.000686 366.857143 1.113926 1.217894 -30.633083 -76.363293 0.010204 0.010204 0.001448 366.857143 21 26 46 76 77 88
0.000000 0.000000 0.000000 1.003998 1.109023 -0.205142 -55.308540 0.010204 0.010204 0.000658 366.857143 1.113926 1.217553 -41.518449 -80.103314 0.010204 0.010204 0.001483 366.857143 21 26 46 76 77 92
0.000000 0.000000 0.000000 1.003199 1.073248 -0.459757 -66.788388 0.010204 0.010204 0.000653 385.500000 1.113926 1.217555 -21.102209 -74.986096 0.010204 0.010204 0.001413 385.500000 21 26 46 76 77 97
0.000000 0.000000 0.000000 1.003080 1.181968 -256.956627 -78.622275 0.010204 0.010204 0.000629 385.500000 1.113926 1.217545 -10.401027 -68.115294 0.010204 0.010204 0.001418 385.500000 21 26 46 76 77 98
0.000000 0.000000 0.000000 1.012495 1.057510 -110.804563 -61.566601 0.010204 0.010204 0.000714 366.857143 1.113926 1.217563 -10.194642 -62.377272 0.010204 0.010204 0.001473 366.857143 21 26 46 76 81 88
0.000000 0.000000 0.000000 1.141431 1.448711 -270.653951 -71.903897 0.010204 0.010204 0.000748 366.857143 1.113926 1.217910 -19.177217 -66.943528 0.010204 0.010204 0.001439 366.857143 21 26 46 76 81 92
0.000000 0.000000 0.000000 1.004254 1.056688 -195.374905 -44.534819 0.010204 0.010204 0.000679 385.500000 1.113926 1.217555 -4.909339 -75.151410 0.010204 0.010204 0.001409 385.500000 21 26 46 76 81 97
0.000000 0.000000 0.000000 1.049233 1.192493 -156.666322 -73.187456 0.010204 0.010204 0.000707 385.500000 1.113926 1.217564 -51.334099 -74.383571 0.010204 0.010204 0.001404 385.500000 21 26 46 76 81 98
0.000000 0.000000 0.000000 1.064469 1.386859 -81.860020 -85.409883 0.010204 0.010204 0.000692 385.500000 1.113926 1.217557 -46.569472 -80.050356 0.010204 0.010204 0.001407 385.500000 21 26 46 76 86 88
0.000000 0.000000 0.000000 1.003300 1.064611 -0.477891 -56.894923 0.010204 0.010204 0.000663 385.500000 1.113926 1.217547 -31.904966 -75.895004 0.010204 0.010204 0.001412 385.500000 21 26 46 76 86 92
0.000000 0.000000 0.000000 1.019523 1.090933 -14.124138 -84.453609 0.010204 0.010204 0.000701 404.142857 1.113926 1.217705 -93.132540 -61.363918 0.010204 0.010204 0.001320 404.142857 21 26 46 76 86 97
0.000000 0.000000 0.000000 1.014265 1.101492 -21.932125 -61.012583 0.010204 0.010204 0.000671 404.142857 1.113926 1.217549 -15.231546 -77.475665 0.010204 0.010204 0.001347 404.142857 21 26 46 76 86 98
0.000000 0.000000 0.000000 1.021285 1.072620 -75.612521 -52.671120 0.010204 0.010204 0.000720 385.500000 1.113926 1.217707 -29.201874 -73.976734 0.010204 0.010204 0.001359 385.500000 21 26 46 76 87 88
0.000000 0.000000 0.000000 1.099614 1.142012 -15.637295 -50.088668 0.010204 0.010204 0.000755 385.500000 1.113926 1.217720 -11.032051 -66.395077 0.010204 0.010204 0.001354 385.500000 21 26 46 76 87 92
0.000000 0.000000 0.000000 1.172877 1.253149 -167.610901 -60.847845 0.010204 0.010204 0.000730 404.142857 1.113926 1.217710 -192.298260 -74.819553 0.010204 0.010204 0.001299 404.142857 21 26 46 76 87 97
0.000000 0.000000 0.000000 1.067733 1.093881 -36.317117 -70.001327 0.010204 0.010204 0.000766 404.142857 1.113926 1.217948 -23.486032 -70.968151 0.010204 0.010204 0.001275 404.142857 21 26 46 76 87 98
0.000000 0.000000 0.000000 2.478970 1.114328 -277.319473 -50.930020 0.010204 0.010204 0.000781 348.214286 1.113378 1.215083 -189.018946 -59.830667 0.010204 0.010204 0.001538 348.214286 21 26 50 66 77 88
0.000000 0.000000 0.000000 2.932442 1.151331 -91.929481 -55.003987 0.010204 0.010204 0.000741 348.214286 1.113378 1.214561 -36.119027 -67.758430 0.010204 0.010204 0.001574 348.214286 21 26 50 66 77 92
0.000000 0.000000 0.000000 2.676512 1.130381 -195.395551 -52.389289 0.010204 0.010204 0.000734 366.857143 1.113378 1.214564 -71.629896 -67.010593 0.010204 0.010204 0.001499 366.857143 21 26 50 66 77 97
0.000000 0.000000 0.000000 1.762825 1.113403 -114.505780 -71.561423 0.010204 0.010204 0.000702 366.857143 1.113378 1.214549 -63.005610 -84.593328 0.010204 0.010204 0.001504 366.857143 21 26 50 66 77 98
0.000000 0.000000 0.000000 1.360469 1.069826 -23.575640 -76.017186 0.010204 0.010204 0.000679 348.214286 1.113378 1.214205 -7.545099 -54.289799 0.010204 0.010204 0.001647 348.214286 21 26 50 66 81 88
0.000000 0.000000 0.000000 1.370319 1.047032 -65.549189 -46.095337 0.010204 0.010204 0.000710 348.214286 1.113378 1.214549 -5.496302 -68.908650 0.010204 0.010204 0.001606 348.214286 21 26 50 66 81 92
0.000000 0.000000 0.000000 1.069219 1.057973 -161.821146 -36.112756 0.010204 0.010204 0.000646 366.857143 1.113378 1.214196 -11.075048 -62.384116 0.010204 0.010204 0.001569 366.857143 21 26 50 66 81 97
0.000000 0.000000 0.000000 2.459315 1.230747 -108.969587 -74.030307 0.010204 0.010204 0.000673 366.857143 1.113378 1.214206 -197.717951 -69.865554 0.010204 0.010204 0.001564 366.857143 21 26 50 66 81 98
0.000000 0.000000 0.000000 2.134393 1.130220 -156.100141 -53.596206 0.010204 0.010204 0.000685 366.857143 1.113378 1.214207 -32.337917 -73.003296 0.010204 0.010204 0.001558 366.857143 21 26 50 66 86 88
0.000000 0.000000 0.000000 1.331901 1.180070 -246.892736 -70.080995 0.010204 0.010204 0.000657 366.857143 1.113378 1.214198 -38.529079 -70.061414 0.010204 0.010204 0.001565 366.857143 21 26 50 66 86 92
0.000000 0.000000 0.000000 2.200571 1.121391 -201.190253 -59.384265 0.010204 0.010204 0.000695 385.500000 1.113378 1.214358 -25.362673 -68.927860 0.010204 0.010204 0.001455 385.500000 21 26 50 66 86 97
0.000000 0.000000 0.000000 1.757069 1.097836 -82.593357 -65.050340 0.010204 0.010204 0.000665 385.500000 1.113378 1.214200 -14.939264 -68.168548 0.010204 0.010204 0.001487 385.500000 21 26 50 66 86 98
0.000000 0.000000 0.000000 1.016171 1.046547 -17.194689 -65.134287 0.010204 0.010204 0.000610 366.857143 1.113378 1.214188 -115.486375 -66.109880 0.010204 0.010204 0.001575 366.857143 21 26 50 66 87 88
0.000000 0.000000 0.000000 1.188409 1.125035 -34.576101 -49.261299 0.010204 0.010204 0.000633 366.857143 1.113378 1.214197 -17.911714 -70.365421 0.010204 0.010204 0.001569 366.857143 21 26 50 66 87 92
0.000000 0.000000 0.000000 1.068392 1.058988 -66.607434 -65.460875 0.010204 0.010204 0.000616 385.500000 1.113378 1.214190 -14.716833 -72.888523 0.010204 0.010204 0.001496 385.500000 21 26 50 66 87 97
0.000000 0.000000 0.000000 1.268886 1.117416 -51.871668 -60.015036 0.010204 0.010204 0.000641 385.500000 1.113378 1.214344 -6.569515 -68.906257 0.010204 0.010204 0.001464 385.500000 21 26 50 66 87 98
0.000000 0.000000 0.000000 2.462686 1.066382 -71.330393 -58.450821 0.010204 0.010204 0.000809 348.214286 1.113381 1.216092 -26.573084 -74.527846 0.010204 0.010204 0.001517 348.214286 21 26 50 70 77 88
0.000000 0.000000 0.000000 1.668061 1.061410 -79.383980 -49.744324 0.010204 0.010204 0.000768 348.214286 1.113381 1.215744 -84.628450 -70.917274 0.010204 0.010204 0.001553 348.214286 21 26 50 70 77 92
0.000000 0.000000 0.000000 4.569106 1.181419 -324.576135 -67.760391 0.010204 0.010204 0.000760 366.857143 1.113381 1.215746 -45.360808 -62.156860 0.010204 0.010204 0.001479 366.857143 21 26 50 70 77 97
0.000000 0.000000 0.000000 1.006843 1.069692 -400.939145 -75.776400 0.010204 0.010204 0.000727 366.857143 1.113381 1.215736 -31.902703 -67.059450 0.010204 0.010204 0.001484 366.857143 21 26 50 70 77 98
0.000000 0.000000 0.000000 26.247282 2.099840 -829.761587 -113.595568 0.010204 0.010204 0.000851 348.214286 1.113382 1.216497 -17.735316 -72.858480 0.010204 0.010204 0.001489 348.214286 21 26 50 70 81 88
0.000000 0.000000 0.000000 22.993251 1.956923 -1192.959580 -93.268643 0.010204 0.010204 0.000906 348.214286 1.113382 1.217106 -108.630041 -75.271771 0.010204 0.010204 0.001457 348.214286 21 26 50 70 81 92
0.000000 0.000000 0.000000 1.049541 1.100807 -41.354388 -41.079625 0.010204 0.010204 0.000800 366.857143 1.113382 1.216483 -7.881970 -74.237205 0.010204 0.010204 0.001427 366.857143 21 26 50 70 81 97
0.000000 0.000000 0.000000 24.331880 2.015601 -242.542301 -95.981464 0.010204 0.010204 0.000842 366.857143 1.113382 1.216501 -166.525778 -73.881116 0.010204 0.010204 0.001422 366.857143 21 26 50 70 81 98
0.000000 0.000000 0.000000 1.213217 1.645579 -3.241449 -65.811893 0.010204 0.010204 0.000710 366.857143 1.113381 1.215728 -11.700633 -65.737955 0.010204 0.010204 0.001484 366.857143 21 26 50 70 86 88
0.000000 0.000000 0.000000 1.004041 1.199708 -1.383936 -84.408216 0.010204 0.010204 0.000680 366.857143 1.113381 1.215719 -7.923817 -68.138113 0.010204 0.010204 0.001489 366.857143 21 26 50 70 86 92
0.000000 0.000000 0.000000 4.931222 3.565497 -76.851673 -278.747698 0.010204 0.010204 0.000720 385.500000 1.113381 1.215876 -8.812387 -60.539107 0.010204 0.010204 0.001390 385.500000 21 26 50 70 86 97
0.000000 0.000000 0.000000 1.015317 1.081015 -8.823383 -61.535573 0.010204 0.010204 0.000689 385.500000 1.113381 1.215721 -222.285226 -77.967257 0.010204 0.010204 0.001419 385.500000 21 26 50 70 86 98
0.000000 0.000000 0.000000 1.012706 1.070411 -1.410817 -65.434414 0.010204 0.010204 0.000741 366.857143 1.113381 1.215742 -203.582919 -73.469075 0.010204 0.010204 0.001480 366.857143 21 26 50 70 87 88
0.000000 0.000000 0.000000 2.332257 1.060495 -10.546959 -62.198295 0.010204 0.010204 0.000777 366.857143 1.113381 1.215752 -53.011635 -69.916553 0.010204 0.010204 0.001474 366.857143 21 26 50 70 87 92
0.000000 0.000000 0.000000 2.722865 1.083168 -39.137460 -59.025000 0.010204 0.010204 0.000751 385.500000 1.113381 1.215744 -63.601033 -67.591408 0.010204 0.010204 0.001411 385.500000 21 26 50 70 87 97
0.000000 0.000000 0.000000 2.168043 1.051636 -18.459871 -72.282360 0.010204 0.010204 0.000789 385.500000 1.113381 1.215906 -40.807224 -76.843924 0.010204 0.010204 0.001383 385.500000 21 26 50 70 87 98
0.000000 0.000000 0.000000 1.324894 1.088110 -192.383730 -61.753413 0.010204 0.010204 0.000650 366.857143 1.113378 1.214517 -32.402310 -74.004798 0.010204 0.010204 0.001530 366.857143 21 26 50 75 77 88
0.000000 0.000000 0.000000 2.802560 1.560335 -207.863978 -74.624389 0.010204 0.010204 0.000623 366.857143 1.113378 1.214170 -96.793981 -71.765032 0.010204 0.010204 0.001568 366.857143 21 26 50 75 77 92
0.000000 0.000000 0.000000 1.223785 1.065433 -218.668590 -59.138799 0.010204 0.010204 0.000618 385.500000 1.113378 1.214171 -7.627005 -72.232387 0.010204 0.010204 0.001491 385.500000 21 26 50 75 77 97
0.000000 0.000000 0.000000 1.141015 1.070328 -18.806830 -70.748129 0.010204 0.010204 0.000596 385.500000 1.113378 1.214162 -28.412843 -73.985565 0.010204 0.010204 0.001497 385.500000 21 26 50 75 77 98
0.000000 0.000000 0.000000 2.134844 2.231831 -164.177613 -161.557302 0.010204 0.010204 0.000580 366.857143 1.113378 1.214161 -10.004840 -69.525591 0.010204 0.010204 0.001580 366.857143 21 26 50 75 81 88
0.000000 0.000000 0.000000 1.373538 1.293877 -16.264034 -73.457318 0.010204 0.010204 0.000602 366.857143 1.113378 1.214501 -69.901117 -62.093576 0.010204 0.010204 0.001541 366.857143 21 26 50 75 81 92
0.000000 0.000000 0.000000 1.027101 1.055476 -0.965601 -55.658845 0.010204 0.010204 0.000556 385.500000 1.113378 1.214152 -16.871208 -79.073917 0.010204 0.010204 0.001507 385.500000 21 26 50 75 81 97
0.000000 0.000000 0.000000 1.071289 1.067955 -127.210656 -57.112816 0.010204 0.010204 0.000576 385.500000 1.113378 1.214162 -129.901772 -80.051733 0.010204 0.010204 0.001501 385.500000 21 26 50 75 81 98
0.000000 0.000000 0.000000 3.236782 1.441819 -432.406939 -64.035088 0.010204 0.010204 0.000655 385.500000 1.113378 1.214325 -56.885630 -73.784955 0.010204 0.010204 0.001435 385.500000 21 26 50 75 86 88
0.000000 0.000000 0.000000 1.349768 1.073514 -39.987328 -67.680292 0.010204 0.010204 0.000628 385.500000 1.113378 1.214312 -5.781797 -65.492510 0.010204 0.010204 0.001440 385.500000 21 26 50 75 86 92
0.000000 0.000000 0.000000 2.530116 1.300737 -297.554017 -110.084451 0.010204 0.010204 0.000663 404.142857 1.113378 1.214553 -15.770542 -77.790227 0.010204 0.010204 0.001347 404.142857 21 26 50 75 86 97
0.000000 0.000000 0.000000 4.466703 1.687544 -380.938383 -75.419896 0.010204 0.010204 0.000635 404.142857 1.113378 1.214315 -274.146430 -62.617427 0.010204 0.010204 0.001374 404.142857 21 26 50 75 86 98
0.000000 0.000000 0.000000 1.081302 1.057217 -8.093135 -58.038036 0.010204 0.010204 0.000584 385.500000 1.113378 1.214154 -5.639003 -72.334869 0.010204 0.010204 0.001500 385.500000 21 26 50 75 87 88
0.000000 0.000000 0.000000 1.295106 1.108523 -187.129917 -60.658995 0.010204 0.010204 0.000606 385.500000 1.113378 1.214164 -74.033775 -71.293145 0.010204 0.010204 0.001494 385.500000 21 26 50 75 87 92
0.000000 0.000000 0.000000 1.209326 1.083394 -122.300228 -51.631919 0.010204 0.010204 0.000590 404.142857 1.113378 1.214156 -82.067151 -70.759084 0.010204 0.010204 0.001427 404.142857 21 26 50 75 87 97
0.000000 0.000000 0.000000 1.212242 1.069949 -40.441781 -61.682606 0.010204 0.010204 0.000613 404.142857 1.113378 1.214313 -232.686271 -58.697762 0.010204 0.010204 0.001397 404.142857 21 26 50 75 87 98
0.000000 0.000000 0.000000 1.950308 1.354083 -127.956171 -110.225142 0.010204 0.010204 0.000670 366.857143 1.113378 1.214554 -4.190367 -73.341925 0.010204 0.010204 0.001527 366.857143 21 26 50 76 77 88
0.000000 0.000000 0.000000 1.366266 1.345165 -59.321602 -88.772981 0.010204 0.010204 0.000642 366.857143 1.113378 1.214214 -14.642751 -71.139740 0.010204 0.010204 0.001565 366.857143 21 26 50 76 77 92
0.000000 0.000000 0.000000 1.206006 1.134752 -52.725053 -55.710077 0.010204 0.010204 0.000637 385.500000 1.113378 1.214215 -9.760773 -67.586332 0.010204 0.010204 0.001489 385.500000 21 26 50 76 77 97
0.000000 0.000000 0.000000 1.015073 1.059280 -2.234368 -84.812893 0.010204 0.010204 0.000613 385.500000 1.113378 1.214205 -94.844593 -71.711122 0.010204 0.010204 0.001494 385.500000 21 26 50 76 77 98
0.000000 0.000000 0.000000 2.506144 1.148796 -145.082798 -56.896890 0.010204 0.010204 0.000696 366.857143 1.113378 1.214224 -166.856656 -66.308108 0.010204 0.010204 0.001554 366.857143 21 26 50 76 81 88
0.000000 0.000000 0.000000 3.669052 1.198470 -155.620156 -64.521822 0.010204 0.010204 0.000730 366.857143 1.113378 1.214570 -10.795221 -66.382704 0.010204 0.010204 0.001517 366.857143 21 26 50 76 81 92
0.000000 0.000000 0.000000 5.320644 4.250311 -212.695274 -234.911077 0.010204 0.010204 0.000662 385.500000 1.113378 1.214215 -14.743552 -64.205552 0.010204 0.010204 0.001484 385.500000 21 26 50 76 81 97
0.000000 0.000000 0.000000 2.825136 1.154190 -231.300676 -67.166974 0.010204 0.010204 0.000690 385.500000 1.113378 1.214225 -26.301998 -78.273718 0.010204 0.010204 0.001479 385.500000 21 26 50 76 81 98
0.000000 0.000000 0.000000 1.541583 1.061444 -45.480431 -49.889857 0.010204 0.010204 0.000675 385.500000 1.113378 1.214217 -19.556628 -63.902972 0.010204 0.010204 0.001482 385.500000 21 26 50 76 86 88
0.000000 0.000000 0.000000 1.047043 1.051289 -103.819645 -62.560105 0.010204 0.010204 0.000647 385.500000 1.113378 1.214208 -25.677452 -66.786919 0.010204 0.010204 0.001487 385.500000 21 26 50 76 86 92
0.000000 0.000000 0.000000 2.082394 1.096174 -255.237300 -41.609022 0.010204 0.010204 0.000683 404.142857 1.113378 1.214366 -64.673107 -76.185350 0.010204 0.010204 0.001387 404.142857 21 26 50 76 86 97
0.000000 0.000000 0.000000 2.643257 1.237084 -159.265817 -75.866458 0.010204 0.010204 0.000655 404.142857 1.113378 1.214210 -316.658356 -66.751703 0.010204 0.010204 0.001416 404.142857 21 26 50 76 86 98
0.000000 0.000000 0.000000 1.303356 1.094766 -9.205170 -60.104328 0.010204 0.010204 0.000703 385.500000 1.113378 1.214374 -182.306343 -70.219985 0.010204 0.010204 0.001428 385.500000 21 26 50 76 87 88
0.000000 0.000000 0.000000 3.297427 1.140423 -56.112502 -71.941704 0.010204 0.010204 0.000736 385.500000 1.113378 1.214388 -7.281255 -66.447168 0.010204 0.010204 0.001423 385.500000 21 26 50 76 87 92
0.000000 0.000000 0.000000 3.554578 1.156953 -34.357188 -62.376001 0.010204 0.010204 0.000712 404.142857 1.113378 1.214378 -46.085719 -79.478101 0.010204 0.010204 0.001364 404.142857 21 26 50 76 87 97
0.000000 0.000000 0.000000 3.077757 1.126408 -136.769301 -72.315712 0.010204 0.010204 0.000748 404.142857 1.113378 1.214617 -143.550354 -81.210300 0.010204 0.010204 0.001337 404.142857 21 26 50 76 87 98
0.000000 0.000000 0.000000 11.786538 1.563242 -1795.115650 -124.187847 0.010204 0.010204 0.000842 348.214286 1.113389 1.215188 -7.769861 -63.681047 0.010204 0.010204 0.001526 348.214286 21 26 61 66 77 88
0.000000 0.000000 0.000000 1.913033 1.048990 -52.850046 -47.907783 0.010204 0.010204 0.000796 348.214286 1.113389 1.214665 -84.725100 -64.664155 0.010204 0.010204 0.001562 348.214286 21 26 61 66 77 92
0.000000 0.000000 0.000000 34.923535 2.787220 -573.115418 -173.243834 0.010204 0.010204 0.000788 366.857143 1.113389 1.214668 -14.185421 -80.891484 0.010204 0.010204 0.001488 366.857143 21 26 61 66 77 97
0.000000 0.000000 0.000000 1.249416 1.601274 -22.367450 -101.599352 0.010204 0.010204 0.000751 366.857143 1.113389 1.214652 -12.380847 -71.404371 0.010204 0.010204 0.001493 366.857143 21 26 61 66 77 98
0.000000 0.000000 0.000000 2.415985 1.345119 -145.508131 -81.475608 0.010204 0.010204 0.000724 348.214286 1.113389 1.214301 -134.576203 -87.137588 0.010204 0.010204 0.001634 348.214286 21 26 61 66 81 88
0.000000 0.000000 0.000000 1.698176 1.068493 -100.688263 -68.568645 0.010204 0.010204 0.000760 348.214286 1.113389 1.214645 -40.697006 -66.855359 0.010204 0.010204 0.001593 348.214286 21 26 61 66 81 92
0.000000 0.000000 0.000000 1.058752 1.139146 -2.651663 -37.130248 0.010204 0.010204 0.000688 366.857143 1.113389 1.214292 -157.780552 -78.614913 0.010204 0.010204 0.001557 366.857143 21 26 61 66 81 97
0.000000 0.000000 0.000000 1.368628 1.057087 -72.183462 -67.153823 0.010204 0.010204 0.000717 366.857143 1.113389 1.214302 -36.970702 -65.968452 0.010204 0.010204 0.001552 366.857143 21 26 61 66 81 98
0.000000 0.000000 0.000000 1.669361 1.060957 -107.326185 -61.794032 0.010204 0.010204 0.000732 366.857143 1.113389 1.214303 -7.242302 -67.201123 0.010204 0.010204 0.001546 366.857143 21 26 61 66 86 88
0.000000 0.000000 0.000000 1.032535 1.053570 -5.224302 -56.038746 0.010204 0.010204 0.000700 366.857143 1.113389 1.214294 -7.759918 -63.823908 0.010204 0.010204 0.001553 366.857143 21 26 61 66 86 92
0.000000 0.000000 0.000000 3.037719 1.144305 -195.854328 -69.290728 0.010204 0.010204 0.000743 385.500000 1.113389 1.214455 -17.416080 -70.601740 0.010204 0.010204 0.001445 385.500000 21 26 61 66 86 97
0.000000 0.000000 0.000000 3.053246 1.248446 -165.653275 -78.146588 0.010204 0.010204 0.000709 385.500000 1.113389 1.214296 -30.079966 -77.747864 0.010204 0.010204 0.001476 385.500000 21 26 61 66 86 98
0.000000 0.000000 0.000000 1.032099 1.231246 -0.538324 -88.235789 0.010204 0.010204 0.000647 366.857143 1.113389 1.214284 -6.006366 -65.332803 0.010204 0.010204 0.001563 366.857143 21 26 61 66 87 88
0.000000 0.000000 0.000000 1.051144 1.060128 -8.852751 -70.797893 0.010204 0.010204 0.000673 366.857143 1.113389 1.214293 -65.019729 -59.432032 0.010204 0.010204 0.001557 366.857143 21 26 61 66 87 92
0.000000 0.000000 0.000000 1.066988 1.113134 -108.638237 -79.116474 0.010204 0.010204 0.000654 385.500000 1.113389 1.214286 -207.840218 -75.961547 0.010204 0.010204 0.001485 385.500000 21 26 61 66 87 97
0.000000 0.000000 0.000000 1.297717 1.186937 -1.942095 -60.037360 0.010204 0.010204 0.000682 385.500000 1.113389 1.214440 -36.149630 -59.424168 0.010204 0.010204 0.001453 385.500000 21 26 61 66 87 98
0.000000 0.000000 0.000000 1.227046 1.099909 -65.205773 -64.093353 0.010204 0.010204 0.000673 348.214286 1.113389 1.214582 -74.088535 -82.542990 0.010204 0.010204 0.001608 348.214286 21 26 61 70 77 88
0.000000 0.000000 0.000000 1.105612 1.060075 -9.210216 -60.731454 0.010204 0.010204 0.000645 348.214286 1.113389 1.214237 -18.703733 -71.178159 0.010204 0.010204 0.001650 348.214286 21 26 61 70 77 92
0.000000 0.000000 0.000000 1.097391 1.049543 -94.908640 -62.856380 0.010204 0.010204 0.000640 366.857143 1.113389 1.214238 -15.059512 -77.562925 0.010204 0.010204 0.001566 366.857143 21 26 61 70 77 97
0.000000 0.000000 0.000000 1.048314 1.055259 -96.034955 -64.695839 0.010204 0.010204 0.000616 366.857143 1.113389 1.214229 -175.616211 -75.969572 0.010204 0.010204 0.001572 366.857143 21 26 61 70 77 98
0.000000 0.000000 0.000000 1.636917 1.145058 -14.696434 -79.923752 0.010204 0.010204 0.000700 348.214286 1.113389 1.214586 -31.410338 -62.016236 0.010204 0.010204 0.001576 348.214286 21 26 61 70 81 88
0.000000 0.000000 0.000000 1.454135 1.101903 -80.860970 -67.258411 0.010204 0.010204 0.000735 348.214286 1.113389 1.215106 -31.378019 -67.767022 0.010204 0.010204 0.001540 348.214286 21 26 61 70 81 92
0.000000 0.000000 0.000000 1.311522 1.080020 -56.334181 -44.624933 0.010204 0.010204 0.000666 366.857143 1.113389 1.214574 -12.446945 -67.413867 0.010204 0.010204 0.001506 366.857143 21 26 61 70 81 97
0.000000 0.000000 0.000000 1.537382 1.121515 -35.854295 -60.101195 0.010204 0.010204 0.000694 366.857143 1.113389 1.214590 -165.286153 -74.519626 0.010204 0.010204 0.001501 366.857143 21 26 61 70 81 98
0.000000 0.000000 0.000000 1.037866 1.055486 -5.154098 -64.343292 0.010204 0.010204 0.000605 366.857143 1.113389 1.214230 -67.742394 -67.897520 0.010204 0.010204 0.001571 366.857143 21 26 61 70 86 88
0.000000 0.000000 0.000000 1.133520 1.448476 -24.707478 -96.223921 0.010204 0.010204 0.000583 366.857143 1.113389 1.214220 -21.788287 -61.213058 0.010204 0.010204 0.001578 366.857143 21 26 61 70 86 92
0.000000 0.000000 0.000000 1.065894 1.077656 -92.115367 -75.822693 0.010204 0.010204 0.000612 385.500000 1.113389 1.214377 -44.372565 -61.614536 0.010204 0.010204 0.001466 385.500000 21 26 61 70 86 97
0.000000 0.000000 0.000000 1.422860 1.711717 -25.731515 -127.183240 0.010204 0.010204 0.000589 385.500000 1.113389 1.214222 -29.603130 -69.292156 0.010204 0.010204 0.001498 385.500000 21 26 61 70 86 98
0.000000 0.000000 0.000000 1.150430 1.116530 -32.217980 -62.331366 0.010204 0.010204 0.000626 366.857143 1.113389 1.214230 -29.007150 -68.907630 0.010204 0.010204 0.001567 366.857143 21 26 61 70 87 88
0.000000 0.000000 0.000000 1.132134 1.049840 -6.956697 -52.968391 0.010204 0.010204 0.000651 366.857143 1.113389 1.214239 -7.409880 -66.114406 0.010204 0.010204 0.001560 366.857143 21 26 61 70 87 92
0.000000 0.000000 0.000000 1.811544 1.331319 -218.069302 -68.555272 0.010204 0.010204 0.000633 385.500000 1.113389 1.214232 -7.145494 -70.380938 0.010204 0.010204 0.001489 385.500000 21 26 61 70 87 97
0.000000 0.000000 0.000000 1.136298 1.046345 -53.341122 -71.292640 0.010204 0.010204 0.000660 385.500000 1.113389 1.214391 -10.261034 -70.367256 0.010204 0.010204 0.001457 385.500000 21 26 61 70 87 98
0.000000 0.000000 0.000000 5.526606 1.166485 -171.139703 -70.235587 0.010204 0.010204 0.000841 366.857143 1.113393 1.215921 -20.531518 -78.947588 0.010204 0.010204 0.001438 366.857143 21 26 61 75 77 88
0.000000 0.000000 0.000000 1.824089 1.057435 -23.133653 -49.266309 0.010204 0.010204 0.000796 366.857143 1.113393 1.215572 -23.884745 -67.390660 0.010204 0.010204 0.001470 366.857143 21 26 61 75 77 92
0.000000 0.000000 0.000000 24.131583 1.901746 -2840.081650 -113.295036 0.010204 0.010204 0.000787 385.500000 1.113393 1.215573 -12.129824 -65.034546 0.010204 0.010204 0.001403 385.500000 21 26 61 75 77 97
0.000000 0.000000 0.000000 1.004295 1.064895 -63.586914 -78.037919 0.010204 0.010204 0.000751 385.500000 1.113393 1.215563 -115.927409 -67.109962 0.010204 0.010204 0.001408 385.500000 21 26 61 75 77 98
0.000000 0.000000 0.000000 1.008196 1.112228 -5.270020 -43.498697 0.010204 0.010204 0.000725 366.857143 1.113393 1.215550 -201.981910 -67.720537 0.010204 0.010204 0.001480 366.857143 21 26 61 75 81 88
0.000000 0.000000 0.000000 1.050941 1.090094 -191.103607 -55.550750 0.010204 0.010204 0.000760 366.857143 1.113393 1.215891 -54.361326 -65.143391 0.010204 0.010204 0.001447 366.857143 21 26 61 75 81 92
0.000000 0.000000 0.000000 1.001814 1.176110 -0.123423 -58.266706 0.010204 0.010204 0.000689 385.500000 1.113393 1.215542 -6.835923 -63.614151 0.010204 0.010204 0.001416 385.500000 21 26 61 75 81 97
0.000000 0.000000 0.000000 1.025035 1.184272 -67.358685 -77.833148 0.010204 0.010204 0.000718 385.500000 1.113393 1.215551 -36.604285 -67.265797 0.010204 0.010204 0.001412 385.500000 21 26 61 75 81 98
0.000000 0.000000 0.000000 3.893061 1.104377 -63.192813 -47.810544 0.010204 0.010204 0.000849 385.500000 1.113394 1.215973 -12.379700 -66.289148 0.010204 0.010204 0.001354 385.500000 21 26 61 75 86 88
0.000000 0.000000 0.000000 1.014247 1.093240 -103.978562 -74.401910 0.010204 0.010204 0.000804 385.500000 1.113394 1.215957 -12.360887 -64.495643 0.010204 0.010204 0.001358 385.500000 21 26 61 75 86 92
0.000000 0.000000 0.000000 3.868606 1.103336 -409.666818 -67.787813 0.010204 0.010204 0.000865 404.142857 1.113394 1.216241 -8.455310 -55.672240 0.010204 0.010204 0.001277 404.142857 21 26 61 75 86 97
0.000000 0.000000 0.000000 3.925513 1.106085 -64.869076 -56.113292 0.010204 0.010204 0.000817 404.142857 1.113394 1.215962 -11.649844 -70.957411 0.010204 0.010204 0.001300 404.142857 21 26 61 75 86 98
0.000000 0.000000 0.000000 1.057389 3.010406 -5.091297 -112.933803 0.010204 0.010204 0.000732 385.500000 1.113393 1.215549 -5.349553 -70.715768 0.010204 0.010204 0.001411 385.500000 21 26 61 75 87 88
0.000000 0.000000 0.000000 2.027789 1.065499 -43.156055 -62.786391 0.010204 0.010204 0.000767 385.500000 1.113393 1.215558 -12.972531 -74.152893 0.010204 0.010204 0.001406 385.500000 21 26 61 75 87 92
0.000000 0.000000 0.000000 1.226262 1.060117 -31.714310 -49.101959 0.010204 0.010204 0.000741 404.142857 1.113393 1.215551 -253.838087 -68.804851 0.010204 0.010204 0.001347 404.142857 21 26 61 75 87 97
0.000000 0.000000 0.000000 19.176005 1.692455 -5694.285151 -177.221774 0.010204 0.010204 0.000779 404.142857 1.113393 1.215708 -12.108670 -59.857951 0.010204 0.010204 0.001321 404.142857 21 26 61 75 87 98
0.000000 0.000000 0.000000 10.611368 7.598530 -915.912895 -223.565089 0.010204 0.010204 0.000673 366.857143 1.113389 1.214594 -12.799450 -80.351673 0.010204 0.010204 0.001527 366.857143 21 26 61 76 77 88
0.000000 0.000000 0.000000 1.117661 1.177806 -2.879936 -67.119131 0.010204 0.010204 0.000646 366.857143 1.113389 1.214253 -111.647405 -71.684791 0.010204 0.010204 0.001565 366.857143 21 26 61 76 77 92
0.000000 0.000000 0.000000 1.130455 1.145110 -17.607674 -76.527112 0.010204 0.010204 0.000640 385.500000 1.113389 1.214254 -8.438936 -58.767631 0.010204 0.010204 0.001488 385.500000 21 26 61 76 77 97
0.000000 0.000000 0.000000 1.012721 1.065702 -23.284894 -70.578185 0.010204 0.010204 0.000617 385.500000 1.113389 1.214245 -78.685959 -71.799989 0.010204 0.010204 0.001493 385.500000 21 26 61 76 77 98
0.000000 0.000000 0.000000 1.830361 1.133594 -107.589144 -83.717256 0.010204 0.010204 0.000700 366.857143 1.113389 1.214263 -136.687823 -76.591922 0.010204 0.010204 0.001554 366.857143 21 26 61 76 81 88
0.000000 0.000000 0.000000 1.892326 1.089772 -268.826516 -56.642798 0.010204 0.010204 0.000734 366.857143 1.113389 1.214610 -35.107859 -57.248092 0.010204 0.010204 0.001516 366.857143 21 26 61 76 81 92
0.000000 0.000000 0.000000 1.052802 1.059147 -2.413103 -60.727181 0.010204 0.010204 0.000666 385.500000 1.113389 1.214255 -8.473358 -64.230196 0.010204 0.010204 0.001483 385.500000 21 26 61 76 81 97
0.000000 0.000000 0.000000 1.396099 1.049985 -258.622895 -58.350510 0.010204 0.010204 0.000694 385.500000 1.113389 1.214264 -61.489317 -65.943045 0.010204 0.010204 0.001478 385.500000 21 26 61 76 81 98
0.000000 0.000000 0.000000 4.389619 1.658918 -62.672432 -107.703357 0.010204 0.010204 0.000678 385.500000 1.113389 1.214257 -9.598794 -68.566279 0.010204 0.010204 0.001481 385.500000 21 26 61 76 86 88
0.000000 0.000000 0.000000 1.083957 1.135462 -185.957241 -49.934719 0.010204 0.010204 0.000651 385.500000 1.113389 1.214247 -179.423401 -72.149096 0.010204 0.010204 0.001487 385.500000 21 26 61 76 86 92
0.000000 0.000000 0.000000 1.542573 1.074118 -155.730551 -59.332042 0.010204 0.010204 0.000687 404.142857 1.113389 1.214405 -36.292332 -66.026507 0.010204 0.010204 0.001386 404.142857 21 26 61 76 86 97
0.000000 0.000000 0.000000 5.443667 2.151291 -115.997517 -152.336944 0.010204 0.010204 0.000658 404.142857 1.113389 1.214249 -99.848929 -61.335493 0.010204 0.010204 0.001415 404.142857 21 26 61 76 86 98
0.000000 0.000000 0.000000 1.126431 1.087721 -43.670285 -74.088617 0.010204 0.010204 0.000707 385.500000 1.113389 1.214410 -80.418113 -65.624262 0.010204 0.010204 0.001428 385.500000 21 26 61 76 87 88
0.000000 0.000000 0.000000 3.248351 1.153294 -99.683286 -62.991306 0.010204 0.010204 0.000741 385.500000 1.113389 1.214423 -8.530267 -66.986266 0.010204 0.010204 0.001423 385.500000 21 26 61 76 87 92
0.000000 0.000000 0.000000 3.950205 1.203664 -64.569071 -55.448479 0.010204 0.010204 0.000716 404.142857 1.113389 1.214413 -67.258669 -74.897201 0.010204 0.010204 0.001363 404.142857 21 26 61 76 87 97
0.000000 0.000000 0.000000 2.817857 1.122624 -73.112183 -46.517459 0.010204 0.010204 0.000752 404.142857 1.113389 1.214651 -33.558999 -74.585451 0.010204 0.010204 0.001337 404.142857 21 26 61 76 87 98
0.000000 0.000000 0.000000 3.496094 1.496038 -144.796142 -64.013233 0.010204 0.010204 0.000641 348.214286 1.113367 1.214972 -20.609935 -67.117560 0.010204 0.010204 0.001555 348.214286 21 26 65 66 77 88
0.000000 0.000000 0.000000 4.794214 1.755969 -468.256246 -89.863393 0.010204 0.010204 0.000614 348.214286 1.113367 1.214452 -145.755659 -70.823346 0.010204 0.010204 0.001592 348.214286 21 26 65 66 77 92
0.000000 0.000000 0.000000 4.108605 1.618664 -581.913496 -149.052991 0.010204 0.010204 0.000609 366.857143 1.113367 1.214455 -256.461566 -67.628731 0.010204 0.010204 0.001516 366.857143 21 26 65 66 77 97
0.000000 0.000000 0.000000 1.237958 1.047834 -79.776382 -52.376749 0.010204 0.010204 0.000587 366.857143 1.113367 1.214439 -133.068058 -64.220661 0.010204 0.010204 0.001521 366.857143 21 26 65 66 77 98
0.000000 0.000000 0.000000 1.243513 1.066259 -26.397729 -46.828364 0.010204 0.010204 0.000571 348.214286 1.113367 1.214102 -11.615764 -69.853604 0.010204 0.010204 0.001668 348.214286 21 26 65 66 81 88
0.000000 0.000000 0.000000 1.288573 1.073197 -215.484336 -61.479346 0.010204 0.010204 0.000593 348.214286 1.113367 1.214447 -242.573167 -68.485809 0.010204 0.010204 0.001625 348.214286 21 26 65 66 81 92
0.000000 0.000000 0.000000 1.505914 1.168856 -61.132617 -50.629256 0.010204 0.010204 0.000548 366.857143 1.113367 1.214094 -203.710704 -69.264860 0.010204 0.010204 0.001588 366.857143 21 26 65 66 81 97
0.000000 0.000000 0.000000 2.762056 1.465210 -135.311923 -88.135729 0.010204 0.010204 0.000567 366.857143 1.113367 1.214103 -32.450524 -72.873947 0.010204 0.010204 0.001582 366.857143 21 26 65 66 81 98
0.000000 0.000000 0.000000 3.354323 1.554754 -73.022953 -105.952889 0.010204 0.010204 0.000576 366.857143 1.113367 1.214105 -7.444503 -72.472394 0.010204 0.010204 0.001576 366.857143 21 26 65 66 86 88
0.000000 0.000000 0.000000 1.668574 1.183806 -149.734619 -62.312621 0.010204 0.010204 0.000556 366.857143 1.113367 1.214095 -13.137064 -61.332229 0.010204 0.010204 0.001583 366.857143 21 26 65 66 86 92
0.000000 0.000000 0.000000 1.495877 1.113983 -58.905104 -59.519224 0.010204 0.010204 0.000582 385.500000 1.113367 1.214256 -4.768535 -70.689015 0.010204 0.010204 0.001471 385.500000 21 26 65 66 86 97
0.000000 0.000000 0.000000 1.228076 1.054719 -24.235465 -63.489224 0.010204 0.010204 0.000561 385.500000 1.113367 1.214097 -274.569105 -61.995954 0.010204 0.010204 0.001503 385.500000 21 26 65 66 86 98
0.000000 0.000000 0.000000 1.154200 1.111151 -24.944461 -75.913656 0.010204 0.010204 0.000521 366.857143 1.113367 1.214086 -8.852578 -63.450977 0.010204 0.010204 0.001594 366.857143 21 26 65 66 87 88
0.000000 0.000000 0.000000 1.169207 1.076554 -29.903665 -59.751190 0.010204 0.010204 0.000539 366.857143 1.113367 1.214095 -13.096611 -74.216980 0.010204 0.010204 0.001587 366.857143 21 26 65 66 87 92
0.000000 0.000000 0.000000 1.144368 1.069965 -19.067969 -60.388616 0.010204 0.010204 0.000526 385.500000 1.113367 1.214088 -13.511926 -64.568519 0.010204 0.010204 0.001513 385.500000 21 26 65 66 87 97
0.000000 0.000000 0.000000 3.574056 2.051986 -327.020713 -140.552819 0.010204 0.010204 0.000544 385.500000 1.113367 1.214242 -12.471679 -72.477714 0.010204 0.010204 0.001480 385.500000 21 26 65 66 87 98
0.000000 0.000000 0.000000 1.815460 1.089268 -109.777505 -63.269789 0.010204 0.010204 0.000660 348.214286 1.113367 1.214509 -16.210036 -73.858600 0.010204 0.010204 0.001610 348.214286 21 26 65 70 77 88
0.000000 0.000000 0.000000 1.513249 1.060698 -150.649429 -55.581661 0.010204 0.010204 0.000632 348.214286 1.113367 1.214164 -119.632138 -68.832487 0.010204 0.010204 0.001651 348.214286 21 26 65 70 77 92
0.000000 0.000000 0.000000 4.513276 1.400380 -164.834159 -92.684913 0.010204 0.010204 0.000627 366.857143 1.113367 1.214165 -16.170332 -58.938344 0.010204 0.010204 0.001568 366.857143 21 26 65 70 77 97
0.000000 0.000000 0.000000 1.588461 1.109566 -104.851483 -64.112497 0.010204 0.010204 0.000604 366.857143 1.113367 1.214156 -162.553241 -77.865210 0.010204 0.010204 0.001573 366.857143 21 26 65 70 77 98
0.000000 0.000000 0.000000 2.294211 1.125078 -103.748229 -75.750930 0.010204 0.010204 0.000687 348.214286 1.113367 1.214528 -130.621333 -76.202312 0.010204 0.010204 0.001578 348.214286 21 26 65 70 81 88
0.000000 0.000000 0.000000 2.232380 1.118893 -162.369761 -64.905512 0.010204 0.010204 0.000721 348.214286 1.113367 1.215051 -64.093246 -64.592591 0.010204 0.010204 0.001542 348.214286 21 26 65 70 81 92
0.000000 0.000000 0.000000 2.641845 1.160481 -25.665561 -48.936031 0.010204 0.010204 0.000652 366.857143 1.113367 1.214515 -14.323191 -75.728637 0.010204 0.010204 0.001508 366.857143 21 26 65 70 81 97
0.000000 0.000000 0.000000 2.265789 1.122230 -69.918573 -53.477816 0.010204 0.010204 0.000680 366.857143 1.113367 1.214531 -123.446560 -72.580415 0.010204 0.010204 0.001503 366.857143 21 26 65 70 81 98
0.000000 0.000000 0.000000 2.443962 1.302462 -25.277018 -96.287227 0.010204 0.010204 0.000592 366.857143 1.113367 1.214157 -17.855254 -69.346840 0.010204 0.010204 0.001573 366.857143 21 26 65 70 86 88
0.000000 0.000000 0.000000 1.166674 1.122050 -147.477218 -69.122097 0.010204 0.010204 0.000571 366.857143 1.113367 1.214147 -17.111858 -72.469540 0.010204 0.010204 0.001579 366.857143 21 26 65 70 86 92
0.000000 0.000000 0.000000 5.732860 1.805521 -254.381895 -132.600102 0.010204 0.010204 0.000599 385.500000 1.113367 1.214304 -163.954543 -70.821241 0.010204 0.010204 0.001467 385.500000 21 26 65 70 86 97
0.000000 0.000000 0.000000 1.258286 1.063617 -42.378722 -56.539075 0.010204 0.010204 0.000577 385.500000 1.113367 1.214149 -42.733040 -62.563904 0.010204 0.010204 0.001500 385.500000 21 26 65 70 86 98
0.000000 0.000000 0.000000 4.311522 1.455544 -404.979649 -69.010836 0.010204 0.010204 0.000613 366.857143 1.113367 1.214157 -21.535843 -63.086634 0.010204 0.010204 0.001568 366.857143 21 26 65 70 87 88
0.000000 0.000000 0.000000 4.631535 1.383213 -283.478112 -82.239516 0.010204 0.010204 0.000638 366.857143 1.113367 1.214167 -30.172345 -75.276061 0.010204 0.010204 0.001562 366.857143 21 26 65 70 87 92
0.000000 0.000000 0.000000 1.450827 1.048411 -108.876757 -50.162608 0.010204 0.010204 0.000620 385.500000 1.113367 1.214159 -83.042096 -69.003622 0.010204 0.010204 0.001490 385.500000 21 26 65 70 87 97
0.000000 0.000000 0.000000 2.342235 1.138741 -151.291471 -53.243813 0.010204 0.010204 0.000646 385.500000 1.113367 1.214318 -146.517356 -79.264837 0.010204 0.010204 0.001458 385.500000 21 26 65 70 87 98
0.000000 0.000000 0.000000 1.755169 1.092021 -33.407896 -60.881927 0.010204 0.010204 0.000640 366.857143 1.113367 1.214474 -38.544340 -76.467040 0.010204 0.010204 0.001531 366.857143 21 26 65 75 77 88
0.000000 0.000000 0.000000 24.193183 3.960012 -4199.111154 -337.111025 0.010204 0.010204 0.000614 366.857143 1.113367 1.214128 -9.910666 -65.277227 0.010204 0.010204 0.001570 366.857143 21 26 65 75 77 92
0.000000 0.000000 0.000000 2.637554 1.204559 -91.504524 -73.236244 0.010204 0.010204 0.000609 385.500000 1.113367 1.214129 -11.584892 -75.019262 0.010204 0.010204 0.001493 385.500000 21 26 65 75 77 97
0.000000 0.000000 0.000000 4.323036 1.531814 -93.954869 -121.881189 0.010204 0.010204 0.000587 385.500000 1.113367 1.214119 -263.109295 -73.319261 0.010204 0.010204 0.001498 385.500000 21 26 65 75 77 98
0.000000 0.000000 0.000000 1.296673 1.086165 -34.628361 -63.429320 0.010204 0.010204 0.000571 366.857143 1.113367 1.214118 -10.736785 -70.418464 0.010204 0.010204 0.001581 366.857143 21 26 65 75 81 88
0.000000 0.000000 0.000000 1.291140 1.061867 -43.543434 -47.029366 0.010204 0.010204 0.000593 366.857143 1.113367 1.214459 -186.816959 -73.510302 0.010204 0.010204 0.001542 366.857143 21 26 65 75 81 92
0.000000 0.000000 0.000000 1.141673 1.093569 -4.691048 -53.245651 0.010204 0.010204 0.000548 385.500000 1.113367 1.214110 -235.366996 -66.103277 0.010204 0.010204 0.001508 385.500000 21 26 65 75 81 97
0.000000 0.000000 0.000000 1.197647 1.050081 -32.697630 -71.582286 0.010204 0.010204 0.000567 385.500000 1.113367 1.214119 -27.468713 -70.835337 0.010204 0.010204 0.001503 385.500000 21 26 65 75 81 98
0.000000 0.000000 0.000000 29.179375 4.127128 -2225.484820 -396.565879 0.010204 0.010204 0.000645 385.500000 1.113367 1.214288 -27.982531 -71.362358 0.010204 0.010204 0.001436 385.500000 21 26 65 75 86 88
0.000000 0.000000 0.000000 1.456794 1.051380 -112.939433 -53.057181 0.010204 0.010204 0.000618 385.500000 1.113367 1.214274 -7.449197 -63.461053 0.010204 0.010204 0.001441 385.500000 21 26 65 75 86 92
0.000000 0.000000 0.000000 16.033069 2.666274 -2375.244232 -161.698992 0.010204 0.010204 0.000654 404.142857 1.113367 1.214516 -20.295061 -73.475745 0.010204 0.010204 0.001348 404.142857 21 26 65 75 86 97
0.000000 0.000000 0.000000 82.835462 10.090037 -7349.896282 -518.890206 0.010204 0.010204 0.000626 404.142857 1.113367 1.214278 -327.761789 -72.550685 0.010204 0.010204 0.001375 404.142857 21 26 65 75 86 98
0.000000 0.000000 0.000000 1.603881 1.124529 -145.291573 -68.401473 0.010204 0.010204 0.000575 385.500000 1.113367 1.214112 -7.907677 -64.264201 0.010204 0.010204 0.001501 385.500000 21 26 65 75 87 88
0.000000 0.000000 0.000000 1.345101 1.047113 -10.282594 -54.576172 0.010204 0.010204 0.000597 385.500000 1.113367 1.214121 -12.987807 -73.804813 0.010204 0.010204 0.001495 385.500000 21 26 65 75 87 92
0.000000 0.000000 0.000000 1.558394 1.079011 -50.154898 -60.003809 0.010204 0.010204 0.000581 404.142857 1.113367 1.214114 -190.212241 -61.826982 0.010204 0.010204 0.001428 404.142857 21 26 65 75 87 97
0.000000 0.000000 0.000000 1.789537 1.103115 -52.078998 -65.147513 0.010204 0.010204 0.000604 404.142857 1.113367 1.214270 -209.360171 -74.492367 0.010204 0.010204 0.001399 404.142857 21 26 65 75 87 98
0.000000 0.000000 0.000000 3.092458 1.174458 -287.874702 -76.016028 0.010204 0.010204 0.000659 366.857143 1.113368 1.215720 -15.584589 -63.719416 0.010204 0.010204 0.001460 366.857143 21 26 65 76 77 88
0.000000 0.000000 0.000000 9.952710 2.404782 -825.922416 -132.373509 0.010204 0.010204 0.000632 366.857143 1.113368 1.215378 -104.786800 -71.048400 0.010204 0.010204 0.001494 366.857143 21 26 65 76 77 92
0.000000 0.000000 0.000000 2.055937 1.107149 -208.839568 -62.813890 0.010204 0.010204 0.000627 385.500000 1.113368 1.215379 -78.811264 -73.704520 0.010204 0.010204 0.001425 385.500000 21 26 65 76 77 97
0.000000 0.000000 0.000000 1.012008 1.048271 -319.145175 -71.691581 0.010204 0.010204 0.000604 385.500000 1.113368 1.215370 -283.218952 -63.256998 0.010204 0.010204 0.001429 385.500000 21 26 65 76 77 98
0.000000 0.000000 0.000000 24.496968 2.792761 -1275.766931 -121.134088 0.010204 0.010204 0.000686 366.857143 1.113368 1.215400 -96.115899 -69.942219 0.010204 0.010204 0.001484 366.857143 21 26 65 76 81 88
0.000000 0.000000 0.000000 10.922873 1.753913 -104.735378 -182.417824 0.010204 0.010204 0.000720 366.857143 1.113368 1.215749 -85.372311 -66.210136 0.010204 0.010204 0.001451 366.857143 21 26 65 76 81 92
0.000000 0.000000 0.000000 1.890704 1.077155 -12.632331 -50.390385 0.010204 0.010204 0.000652 385.500000 1.113368 1.215391 -8.292679 -61.126257 0.010204 0.010204 0.001421 385.500000 21 26 65 76 81 97
0.000000 0.000000 0.000000 15.199002 2.081026 -1397.366143 -117.233021 0.010204 0.010204 0.000680 385.500000 1.113368 1.215401 -61.976262 -65.187013 0.010204 0.010204 0.001416 385.500000 21 26 65 76 81 98
0.000000 0.000000 0.000000 1.624453 1.047894 -13.589652 -74.158799 0.010204 0.010204 0.000664 385.500000 1.113368 1.215386 -23.297162 -72.637871 0.010204 0.010204 0.001419 385.500000 21 26 65 76 86 88
0.000000 0.000000 0.000000 1.868350 1.116055 -178.373493 -60.945447 0.010204 0.010204 0.000637 385.500000 1.113368 1.215377 -22.702369 -71.444955 0.010204 0.010204 0.001424 385.500000 21 26 65 76 86 92
0.000000 0.000000 0.000000 91.217481 7.885729 -9770.741322 -213.015541 0.010204 0.010204 0.000673 404.142857 1.113368 1.215536 -5.094801 -69.080634 0.010204 0.010204 0.001332 404.142857 21 26 65 76 86 97
0.000000 0.000000 0.000000 1.649183 1.050064 -55.432570 -45.150357 0.010204 0.010204 0.000644 404.142857 1.113368 1.215379 -29.207369 -71.422686 0.010204 0.010204 0.001359 404.142857 21 26 65 76 86 98
0.000000 0.000000 0.000000 6.003286 1.379267 -177.066908 -87.465658 0.010204 0.010204 0.000692 385.500000 1.113368 1.215780 -4.961636 -75.949805 0.010204 0.010204 0.001370 385.500000 21 26 65 76 87 88
0.000000 0.000000 0.000000 5.681867 1.353887 -657.539647 -70.262570 0.010204 0.010204 0.000726 385.500000 1.113368 1.215795 -14.476951 -65.942604 0.010204 0.010204 0.001366 385.500000 21 26 65 76 87 92
0.000000 0.000000 0.000000 5.703811 1.355570 -237.210406 -83.167240 0.010204 0.010204 0.000701 404.142857 1.113368 1.215784 -5.827666 -60.453215 0.010204 0.010204 0.001311 404.142857 21 26 65 76 87 97
0.000000 0.000000 0.000000 5.654471 1.351790 -795.824022 -67.852337 0.010204 0.010204 0.000738 404.142857 1.113368 1.216063 -42.951133 -69.768535 0.010204 0.010204 0.001287 404.142857 21 26 65 76 87 98
0.000000 0.000000 0.000000 2.745727 1.047762 -184.339353 -61.694762 0.010204 0.010204 0.000807 348.214286 1.111882 1.216718 -200.204641 -68.036136 0.010204 0.010204 0.001465 348.214286 21 30 46 66 77 88
0.000000 0.000000 0.000000 2.746324 1.047780 -148.580347 -61.507842 0.010204 0.010204 0.000762 348.214286 1.111882 1.216109 -217.767433 -69.590452 0.010204 0.010204 0.001497 348.214286 21 30 46 66 77 92
0.000000 0.000000 0.000000 2.746060 1.047772 -96.180716 -75.615204 0.010204 0.010204 0.000754 366.857143 1.111882 1.216113 -3.364570 -70.073891 0.010204 0.010204 0.001430 366.857143 21 30 46 66 77 97
0.000000 0.000000 0.000000 2.748645 1.047943 -127.282512 -63.947348 0.010204 0.010204 0.000719 366.857143 1.111882 1.216094 -190.961778 -74.421563 0.010204 0.010204 0.001434 366.857143 21 30 46 66 77 98
0.000000 0.000000 0.000000 2.842110 1.050607 -435.873618 -50.571413 0.010204 0.010204 0.000693 348.214286 1.111882 1.215356 -8.556089 -62.608905 0.010204 0.010204 0.001561 348.214286 21 30 46 66 81 88
0.000000 0.000000 0.000000 2.812300 1.049696 -323.701896 -51.077678 0.010204 0.010204 0.000727 348.214286 1.111882 1.215703 -22.738797 -66.663472 0.010204 0.010204 0.001525 348.214286 21 30 46 66 81 92
0.000000 0.000000 0.000000 3.066571 1.059485 -61.844778 -46.647669 0.010204 0.010204 0.000658 366.857143 1.111882 1.215348 -14.597803 -68.130460 0.010204 0.010204 0.001492 366.857143 21 30 46 66 81 97
0.000000 0.000000 0.000000 2.828132 1.050173 -61.390472 -53.467013 0.010204 0.010204 0.000686 366.857143 1.111882 1.215357 -154.635835 -71.844037 0.010204 0.010204 0.001487 366.857143 21 30 46 66 81 98
0.000000 0.000000 0.000000 2.789866 1.049047 -101.240056 -52.017785 0.010204 0.010204 0.000700 366.857143 1.111882 1.215364 -20.635648 -69.573787 0.010204 0.010204 0.001482 366.857143 21 30 46 66 86 88
0.000000 0.000000 0.000000 2.870867 1.052123 -223.445498 -65.905390 0.010204 0.010204 0.000670 366.857143 1.111882 1.215354 -61.397610 -63.468668 0.010204 0.010204 0.001488 366.857143 21 30 46 66 86 92
0.000000 0.000000 0.000000 2.782193 1.048818 -324.325876 -87.302126 0.010204 0.010204 0.000710 385.500000 1.111882 1.215517 -88.939448 -64.907038 0.010204 0.010204 0.001389 385.500000 21 30 46 66 86 97
0.000000 0.000000 0.000000 2.795953 1.049232 -57.666555 -52.329682 0.010204 0.010204 0.000678 385.500000 1.111882 1.215356 -48.468660 -76.582712 0.010204 0.010204 0.001418 385.500000 21 30 46 66 86 98
0.000000 0.000000 0.000000 1.634856 1.742198 -217.302120 -78.340062 0.010204 0.010204 0.000619 366.857143 1.111882 1.215330 -4.181278 -74.459501 0.010204 0.010204 0.001497 366.857143 21 30 46 66 87 88
0.000000 0.000000 0.000000 3.393651 1.068057 -68.014444 -59.277609 0.010204 0.010204 0.000644 366.857143 1.111882 1.215340 -81.622762 -75.365355 0.010204 0.010204 0.001492 366.857143 21 30 46 66 87 92
0.000000 0.000000 0.000000 3.844432 1.083778 -446.440412 -75.042095 0.010204 0.010204 0.000626 385.500000 1.111882 1.215332 -63.411547 -70.172722 0.010204 0.010204 0.001426 385.500000 21 30 46 66 87 97
0.000000 0.000000 0.000000 3.125904 1.059156 -432.745701 -63.083884 0.010204 0.010204 0.000652 385.500000 1.111882 1.215488 -38.068614 -86.058668 0.010204 0.010204 0.001397 385.500000 21 30 46 66 87 98
0.000000 0.000000 0.000000 3.256630 1.076686 -822.739544 -64.523301 0.010204 0.010204 0.000645 348.214286 1.111881 1.214162 -10.687855 -75.594411 0.010204 0.010204 0.001615 348.214286 21 30 46 70 77 88
0.000000 0.000000 0.000000 7.743681 1.239415 -385.192435 -57.221903 0.010204 0.010204 0.000618 348.214286 1.111881 1.213817 -209.296969 -70.519790 0.010204 0.010204 0.001657 348.214286 21 30 46 70 77 92
0.000000 0.000000 0.000000 4.548599 1.123393 -422.022925 -59.727353 0.010204 0.010204 0.000613 366.857143 1.111881 1.213818 -20.937074 -72.402002 0.010204 0.010204 0.001572 366.857143 21 30 46 70 77 97
0.000000 0.000000 0.000000 3.992970 1.139222 -568.191792 -78.840147 0.010204 0.010204 0.000591 366.857143 1.111881 1.213809 -9.416226 -72.686570 0.010204 0.010204 0.001578 366.857143 21 30 46 70 77 98
0.000000 0.000000 0.000000 3.116999 1.066589 -26.665827 -56.713557 0.010204 0.010204 0.000671 348.214286 1.111881 1.214174 -10.271087 -67.842163 0.010204 0.010204 0.001583 348.214286 21 30 46 70 81 88
0.000000 0.000000 0.000000 3.088496 1.065635 -204.469533 -66.985968 0.010204 0.010204 0.000704 348.214286 1.111881 1.214696 -9.064777 -74.932036 0.010204 0.010204 0.001546 348.214286 21 30 46 70 81 92
0.000000 0.000000 0.000000 3.225928 1.070347 -31.855364 -54.777597 0.010204 0.010204 0.000638 366.857143 1.111881 1.214161 -7.109433 -69.128938 0.010204 0.010204 0.001512 366.857143 21 30 46 70 81 97
0.000000 0.000000 0.000000 3.104407 1.066166 -15.017593 -58.137940 0.010204 0.010204 0.000665 366.857143 1.111881 1.214177 -16.929552 -64.055177 0.010204 0.010204 0.001507 366.857143 21 30 46 70 81 98
0.000000 0.000000 0.000000 2.813709 1.104322 -133.380878 -56.441054 0.010204 0.010204 0.000580 366.857143 1.111881 1.213810 -19.469506 -74.075834 0.010204 0.010204 0.001578 366.857143 21 30 46 70 86 88
0.000000 0.000000 0.000000 1.216227 1.046508 -89.503831 -67.084423 0.010204 0.010204 0.000560 366.857143 1.111881 1.213800 -7.130578 -63.587307 0.010204 0.010204 0.001584 366.857143 21 30 46 70 86 92
0.000000 0.000000 0.000000 2.101787 1.052870 -117.399083 -64.239608 0.010204 0.010204 0.000586 385.500000 1.111881 1.213957 -9.713546 -64.271086 0.010204 0.010204 0.001471 385.500000 21 30 46 70 86 97
0.000000 0.000000 0.000000 3.150021 1.144108 -408.531201 -94.611994 0.010204 0.010204 0.000565 385.500000 1.111881 1.213802 -21.099765 -61.865971 0.010204 0.010204 0.001504 385.500000 21 30 46 70 86 98
0.000000 0.000000 0.000000 162.335082 7.077181 -4367.708932 -302.350278 0.010204 0.010204 0.000600 366.857143 1.111881 1.213810 -62.786377 -73.020174 0.010204 0.010204 0.001573 366.857143 21 30 46 70 87 88
0.000000 0.000000 0.000000 2.402251 1.046466 -128.631871 -61.488333 0.010204 0.010204 0.000624 366.857143 1.111881 1.213820 -198.897267 -74.037817 0.010204 0.010204 0.001567 366.857143 21 30 46 70 87 92
0.000000 0.000000 0.000000 2.542690 1.051591 -42.524938 -72.656912 0.010204 0.010204 0.000606 385.500000 1.111881 1.213812 -70.723819 -65.393806 0.010204 0.010204 0.001495 385.500000 21 30 46 70 87 97
0.000000 0.000000 0.000000 14.996893 1.458664 -439.942876 -93.149129 0.010204 0.010204 0.000632 385.500000 1.111881 1.213971 -9.761282 -68.709784 0.010204 0.010204 0.001462 385.500000 21 30 46 70 87 98
0.000000 0.000000 0.000000 3.161038 1.065445 -324.284049 -60.364558 0.010204 0.010204 0.000662 366.857143 1.111881 1.214183 -6.606952 -73.251911 0.010204 0.010204 0.001525 366.857143 21 30 46 75 77 88
0.000000 0.000000 0.000000 3.633305 1.080760 -29.094016 -49.575142 0.010204 0.010204 0.000633 366.857143 1.111881 1.213836 -103.088514 -77.690047 0.010204 0.010204 0.001563 366.857143 21 30 46 75 77 92
0.000000 0.000000 0.000000 3.397407 1.073087 -208.109287 -53.594911 0.010204 0.010204 0.000628 385.500000 1.111881 1.213837 -92.355251 -70.670981 0.010204 0.010204 0.001487 385.500000 21 30 46 75 77 97
0.000000 0.000000 0.000000 534.860190 18.770728 -17630.245519 -1646.432888 0.010204 0.010204 0.000604 385.500000 1.111881 1.213828 -123.554971 -72.268224 0.010204 0.010204 0.001492 385.500000 21 30 46 75 77 98
0.000000 0.000000 0.000000 1.906620 1.047919 -178.152783 -58.373035 0.010204 0.010204 0.000587 366.857143 1.111881 1.213826 -54.892993 -71.355125 0.010204 0.010204 0.001574 366.857143 21 30 46 75 81 88
0.000000 0.000000 0.000000 16.365355 1.593363 -1569.664983 -120.896268 0.010204 0.010204 0.000611 366.857143 1.111881 1.214167 -36.891003 -69.081873 0.010204 0.010204 0.001536 366.857143 21 30 46 75 81 92
0.000000 0.000000 0.000000 2.283524 1.293879 -44.876892 -56.251544 0.010204 0.010204 0.000562 385.500000 1.111881 1.213818 -41.474861 -58.943809 0.010204 0.010204 0.001502 385.500000 21 30 46 75 81 97
0.000000 0.000000 0.000000 2.037866 1.046782 -97.980707 -56.539298 0.010204 0.010204 0.000582 385.500000 1.111881 1.213827 -19.268714 -71.619721 0.010204 0.010204 0.001497 385.500000 21 30 46 75 81 98
0.000000 0.000000 0.000000 23.069515 1.652943 -747.503049 -102.733683 0.010204 0.010204 0.000667 385.500000 1.111881 1.214000 -14.843431 -66.764829 0.010204 0.010204 0.001431 385.500000 21 30 46 75 86 88
0.000000 0.000000 0.000000 32.918706 1.946941 -347.765865 -97.649672 0.010204 0.010204 0.000638 385.500000 1.111881 1.213987 -22.146792 -59.731929 0.010204 0.010204 0.001436 385.500000 21 30 46 75 86 92
0.000000 0.000000 0.000000 22.200776 1.627072 -1449.920364 -104.753636 0.010204 0.010204 0.000676 404.142857 1.111881 1.214229 -4.976959 -60.415564 0.010204 0.010204 0.001344 404.142857 21 30 46 75 86 97
0.000000 0.000000 0.000000 23.766476 1.673707 -2786.456454 -156.762220 0.010204 0.010204 0.000646 404.142857 1.111881 1.213990 -146.812311 -62.246512 0.010204 0.010204 0.001370 404.142857 21 30 46 75 86 98
0.000000 0.000000 0.000000 2.331167 1.052024 -36.866679 -64.494751 0.010204 0.010204 0.000591 385.500000 1.111881 1.213820 -114.282322 -70.959097 0.010204 0.010204 0.001495 385.500000 21 30 46 75 87 88
0.000000 0.000000 0.000000 5.946970 1.154818 -137.038431 -47.697868 0.010204 0.010204 0.000615 385.500000 1.111881 1.213830 -118.396436 -83.938026 0.010204 0.010204 0.001490 385.500000 21 30 46 75 87 92
0.000000 0.000000 0.000000 8.515354 1.237991 -45.573758 -75.183933 0.010204 0.010204 0.000598 404.142857 1.111881 1.213822 -14.911591 -67.425858 0.010204 0.010204 0.001423 404.142857 21 30 46 75 87 97
0.000000 0.000000 0.000000 4.465690 1.107002 -144.936677 -63.620925 0.010204 0.010204 0.000622 404.142857 1.111881 1.213978 -113.815605 -72.438597 0.010204 0.010204 0.001394 404.142857 21 30 46 75 87 98
0.000000 0.000000 0.000000 1.659234 1.071812 -195.023570 -64.625952 0.010204 0.010204 0.000553 366.857143 1.111881 1.214114 -102.785513 -73.740851 0.010204 0.010204 0.001549 366.857143 21 30 46 76 77 88
0.000000 0.000000 0.000000 1.385278 1.054876 -50.765229 -45.109576 0.010204 0.010204 0.000534 366.857143 1.111881 1.213773 -79.834036 -67.021424 0.010204 0.010204 0.001589 366.857143 21 30 46 76 77 92
0.000000 0.000000 0.000000 30.744491 4.789243 -723.293868 -149.100790 0.010204 0.010204 0.000530 385.500000 1.111881 1.213774 -64.337346 -62.940226 0.010204 0.010204 0.001510 385.500000 21 30 46 76 77 97
0.000000 0.000000 0.000000 1.367516 1.096930 -39.033024 -68.372778 0.010204 0.010204 0.000514 385.500000 1.111881 1.213765 -27.096360 -66.042828 0.010204 0.010204 0.001515 385.500000 21 30 46 76 77 98
0.000000 0.000000 0.000000 2.302051 1.071522 -164.332487 -65.587381 0.010204 0.010204 0.000571 366.857143 1.111881 1.213783 -62.420900 -68.625467 0.010204 0.010204 0.001577 366.857143 21 30 46 76 81 88
0.000000 0.000000 0.000000 6.240630 1.274047 -1419.684073 -95.176047 0.010204 0.010204 0.000594 366.857143 1.111881 1.214129 -34.805117 -73.192429 0.010204 0.010204 0.001539 366.857143 21 30 46 76 81 92
0.000000 0.000000 0.000000 9.977871 1.588487 -270.329029 -50.083407 0.010204 0.010204 0.000548 385.500000 1.111881 1.213774 -149.555315 -74.303707 0.010204 0.010204 0.001505 385.500000 21 30 46 76 81 97
0.000000 0.000000 0.000000 1.975811 1.052446 -85.111392 -50.737281 0.010204 0.010204 0.000567 385.500000 1.111881 1.213784 -13.499922 -64.305014 0.010204 0.010204 0.001499 385.500000 21 30 46 76 81 98
0.000000 0.000000 0.000000 3.611454 1.158496 -124.826863 -70.344346 0.010204 0.010204 0.000556 385.500000 1.111881 1.213776 -73.076763 -69.507385 0.010204 0.010204 0.001502 385.500000 21 30 46 76 86 88
0.000000 0.000000 0.000000 2.774267 1.149451 -117.327402 -64.458436 0.010204 0.010204 0.000537 385.500000 1.111881 1.213767 -14.860035 -71.972175 0.010204 0.010204 0.001508 385.500000 21 30 46 76 86 92
0.000000 0.000000 0.000000 1.995026 1.057566 -77.949013 -71.630470 0.010204 0.010204 0.000563 404.142857 1.111881 1.213925 -14.879037 -69.559092 0.010204 0.010204 0.001405 404.142857 21 30 46 76 86 97
0.000000 0.000000 0.000000 1.776248 1.048835 -11.799029 -62.785971 0.010204 0.010204 0.000543 404.142857 1.111881 1.213769 -304.922975 -66.538137 0.010204 0.010204 0.001435 404.142857 21 30 46 76 86 98
0.000000 0.000000 0.000000 35.301066 2.577853 -1405.330125 -126.397965 0.010204 0.010204 0.000575 385.500000 1.111881 1.213924 -311.918782 -75.966888 0.010204 0.010204 0.001447 385.500000 21 30 46 76 87 88
0.000000 0.000000 0.000000 9.801479 1.400881 -189.587290 -63.034962 0.010204 0.010204 0.000598 385.500000 1.111881 1.213938 -15.792697 -72.985514 0.010204 0.010204 0.001442 385.500000 21 30 46 76 87 92
0.000000 0.000000 0.000000 10.630938 1.439100 -379.695475 -97.817857 0.010204 0.010204 0.000582 404.142857 1.111881 1.213928 -8.153302 -55.835470 0.010204 0.010204 0.001381 404.142857 21 30 46 76 87 97
0.000000 0.000000 0.000000 8.859719 1.357508 -1913.869008 -73.211623 0.010204 0.010204 0.000606 404.142857 1.111881 1.214165 -74.959168 -76.548102 0.010204 0.010204 0.001354 404.142857 21 30 46 76 87 98
0.000000 0.000000 0.000000 3.215217 1.047577 -31.726502 -45.926584 0.010204 0.010204 0.000819 348.214286 1.112049 1.218009 -16.347819 -86.400985 0.010204 0.010204 0.001453 348.214286 21 30 50 66 77 88
0.000000 0.000000 0.000000 3.219203 1.047679 -64.743445 -71.310513 0.010204 0.010204 0.000775 348.214286 1.112049 1.217487 -17.317509 -63.394380 0.010204 0.010204 0.001486 348.214286 21 30 50 66 77 92
0.000000 0.000000 0.000000 3.217340 1.047629 -189.789512 -53.700102 0.010204 0.010204 0.000767 366.857143 1.112049 1.217490 -14.209115 -72.240116 0.010204 0.010204 0.001419 366.857143 21 30 50 66 77 97
0.000000 0.000000 0.000000 3.245983 1.049589 -56.227602 -56.585497 0.010204 0.010204 0.000732 366.857143 1.112049 1.217474 -125.359627 -73.498601 0.010204 0.010204 0.001423 366.857143 21 30 50 66 77 98
0.000000 0.000000 0.000000 4.449823 1.079552 -43.091783 -62.558051 0.010204 0.010204 0.000706 348.214286 1.112049 1.217124 -213.276657 -63.762189 0.010204 0.010204 0.001551 348.214286 21 30 50 66 81 88
0.000000 0.000000 0.000000 3.697509 1.059229 -90.743283 -70.542709 0.010204 0.010204 0.000741 348.214286 1.112049 1.217468 -85.917492 -72.570421 0.010204 0.010204 0.001514 348.214286 21 30 50 66 81 92
0.000000 0.000000 0.000000 1.680291 1.345732 -170.731077 -53.685635 0.010204 0.010204 0.000671 366.857143 1.112049 1.217115 -5.688620 -65.406662 0.010204 0.010204 0.001481 366.857143 21 30 50 66 81 97
0.000000 0.000000 0.000000 3.990398 1.066944 -67.213850 -56.598846 0.010204 0.010204 0.000700 366.857143 1.112049 1.217125 -90.499819 -67.846645 0.010204 0.010204 0.001476 366.857143 21 30 50 66 81 98
0.000000 0.000000 0.000000 3.507438 1.054651 -465.177869 -77.380741 0.010204 0.010204 0.000714 366.857143 1.112049 1.217126 -16.456152 -74.431228 0.010204 0.010204 0.001471 366.857143 21 30 50 66 86 88
0.000000 0.000000 0.000000 2.534282 1.117971 -95.039995 -62.570411 0.010204 0.010204 0.000683 366.857143 1.112049 1.217117 -15.720652 -72.582667 0.010204 0.010204 0.001477 366.857143 21 30 50 66 86 92
0.000000 0.000000 0.000000 3.427140 1.052603 -19.636832 -58.488683 0.010204 0.010204 0.000724 385.500000 1.112049 1.217278 -104.353781 -65.964270 0.010204 0.010204 0.001378 385.500000 21 30 50 66 86 97
0.000000 0.000000 0.000000 3.587835 1.056790 -21.020023 -62.224752 0.010204 0.010204 0.000692 385.500000 1.112049 1.217119 -11.294706 -72.313348 0.010204 0.010204 0.001407 385.500000 21 30 50 66 86 98
0.000000 0.000000 0.000000 1.012133 1.087587 -2.841587 -53.598177 0.010204 0.010204 0.000632 366.857143 1.112049 1.217107 -68.001974 -68.854021 0.010204 0.010204 0.001486 366.857143 21 30 50 66 87 88
0.000000 0.000000 0.000000 1.385437 1.152935 -13.975275 -59.779577 0.010204 0.010204 0.000657 366.857143 1.112049 1.217116 -59.213337 -75.159905 0.010204 0.010204 0.001481 366.857143 21 30 50 66 87 92
0.000000 0.000000 0.000000 1.386053 1.330071 -81.532428 -66.988225 0.010204 0.010204 0.000639 385.500000 1.112049 1.217109 -224.617978 -65.546707 0.010204 0.010204 0.001415 385.500000 21 30 50 66 87 97
0.000000 0.000000 0.000000 3.337840 1.244177 -457.467155 -62.919736 0.010204 0.010204 0.000665 385.500000 1.112049 1.217263 -38.145139 -69.236897 0.010204 0.010204 0.001386 385.500000 21 30 50 66 87 98
0.000000 0.000000 0.000000 12.795806 1.250179 -2176.997894 -79.437737 0.010204 0.010204 0.000852 348.214286 1.112086 1.220211 -56.271132 -74.604008 0.010204 0.010204 0.001435 348.214286 21 30 50 70 77 88
0.000000 0.000000 0.000000 12.930298 1.253329 -54.301021 -61.605503 0.010204 0.010204 0.000806 348.214286 1.112086 1.219862 -9.419454 -66.684379 0.010204 0.010204 0.001467 348.214286 21 30 50 70 77 92
0.000000 0.000000 0.000000 12.859994 1.251628 -790.554588 -64.837036 0.010204 0.010204 0.000797 366.857143 1.112086 1.219864 -6.935012 -67.946234 0.010204 0.010204 0.001401 366.857143 21 30 50 70 77 97
0.000000 0.000000 0.000000 1.378155 1.069928 -103.052148 -78.755548 0.010204 0.010204 0.000760 366.857143 1.112086 1.219854 -43.802649 -72.982600 0.010204 0.010204 0.001405 366.857143 21 30 50 70 77 98
0.000000 0.000000 0.000000 12.626961 1.246541 -157.746539 -82.331653 0.010204 0.010204 0.000900 348.214286 1.112092 1.220868 -17.056556 -64.880563 0.010204 0.010204 0.001410 348.214286 21 30 50 70 81 88
0.000000 0.000000 0.000000 12.624904 1.246492 -539.222906 -71.487010 0.010204 0.010204 0.000962 348.214286 1.112093 1.221526 -10.010252 -77.937611 0.010204 0.010204 0.001381 348.214286 21 30 50 70 81 92
0.000000 0.000000 0.000000 12.641446 1.248275 -34.127070 -42.643638 0.010204 0.010204 0.000842 366.857143 1.112092 1.220853 -56.738679 -65.709389 0.010204 0.010204 0.001354 366.857143 21 30 50 70 81 97
0.000000 0.000000 0.000000 12.625996 1.246516 -145.591364 -60.369942 0.010204 0.010204 0.000889 366.857143 1.112092 1.220873 -247.981961 -68.358405 0.010204 0.010204 0.001350 366.857143 21 30 50 70 81 98
0.000000 0.000000 0.000000 55.185154 2.315869 -2294.183381 -215.712902 0.010204 0.010204 0.000741 366.857143 1.112086 1.219840 -117.621080 -69.822628 0.010204 0.010204 0.001405 366.857143 21 30 50 70 86 88
0.000000 0.000000 0.000000 1.006910 1.156686 -1.721493 -85.475024 0.010204 0.010204 0.000709 366.857143 1.112086 1.219831 -18.117732 -80.495639 0.010204 0.010204 0.001410 366.857143 21 30 50 70 86 92
0.000000 0.000000 0.000000 14.216886 1.282910 -1021.712496 -71.043652 0.010204 0.010204 0.000752 385.500000 1.112086 1.219988 -6.157586 -76.213078 0.010204 0.010204 0.001321 385.500000 21 30 50 70 86 97
0.000000 0.000000 0.000000 1.396796 1.067898 -102.472144 -70.322274 0.010204 0.010204 0.000718 385.500000 1.112086 1.219833 -202.950962 -72.104745 0.010204 0.010204 0.001347 385.500000 21 30 50 70 86 98
0.000000 0.000000 0.000000 14.880145 1.324210 -341.601535 -121.185265 0.010204 0.010204 0.000775 366.857143 1.112086 1.219864 -8.005153 -72.469400 0.010204 0.010204 0.001401 366.857143 21 30 50 70 87 88
0.000000 0.000000 0.000000 12.742744 1.249045 -3103.208034 -93.612057 0.010204 0.010204 0.000816 366.857143 1.112086 1.219873 -23.322810 -64.474618 0.010204 0.010204 0.001397 366.857143 21 30 50 70 87 92
0.000000 0.000000 0.000000 12.768137 1.249632 -547.131871 -51.801089 0.010204 0.010204 0.000786 385.500000 1.112086 1.219866 -6.469947 -59.111591 0.010204 0.010204 0.001339 385.500000 21 30 50 70 87 97
0.000000 0.000000 0.000000 12.714742 1.248426 -474.152286 -56.652679 0.010204 0.010204 0.000830 385.500000 1.112086 1.220029 -70.185987 -63.873900 0.010204 0.010204 0.001314 385.500000 21 30 50 70 87 98
0.000000 0.000000 0.000000 2.858774 1.072638 -57.677958 -65.784858 0.010204 0.010204 0.000675 366.857143 1.112048 1.217411 -16.701664 -78.231456 0.010204 0.010204 0.001446 366.857143 21 30 50 75 77 88
0.000000 0.000000 0.000000 5.840783 1.292009 -452.819530 -57.784036 0.010204 0.010204 0.000646 366.857143 1.112048 1.217064 -172.142253 -73.445915 0.010204 0.010204 0.001480 366.857143 21 30 50 75 77 92
0.000000 0.000000 0.000000 2.106312 1.053239 -196.078453 -54.808097 0.010204 0.010204 0.000641 385.500000 1.112048 1.217065 -10.480507 -64.567032 0.010204 0.010204 0.001411 385.500000 21 30 50 75 77 97
0.000000 0.000000 0.000000 1.530914 1.196805 -70.985535 -75.305641 0.010204 0.010204 0.000616 385.500000 1.112048 1.217056 -11.282554 -80.647123 0.010204 0.010204 0.001416 385.500000 21 30 50 75 77 98
0.000000 0.000000 0.000000 1.086298 1.194302 -2.566468 -67.683137 0.010204 0.010204 0.000599 366.857143 1.112048 1.217054 -10.302909 -67.925166 0.010204 0.010204 0.001490 366.857143 21 30 50 75 81 88
0.000000 0.000000 0.000000 1.060301 1.065801 -318.494387 -64.251431 0.010204 0.010204 0.000623 366.857143 1.112048 1.217395 -100.368304 -67.048866 0.010204 0.010204 0.001456 366.857143 21 30 50 75 81 92
0.000000 0.000000 0.000000 1.039636 1.263237 -3.410857 -63.656924 0.010204 0.010204 0.000574 385.500000 1.112048 1.217046 -13.842266 -70.347682 0.010204 0.010204 0.001425 385.500000 21 30 50 75 81 97
0.000000 0.000000 0.000000 1.068220 1.116852 -3.888673 -60.782112 0.010204 0.010204 0.000595 385.500000 1.112048 1.217055 -175.797599 -64.793833 0.010204 0.010204 0.001420 385.500000 21 30 50 75 81 98
0.000000 0.000000 0.000000 4.328471 1.084383 -173.090623 -53.675432 0.010204 0.010204 0.000680 385.500000 1.112048 1.217221 -12.044145 -71.723106 0.010204 0.010204 0.001360 385.500000 21 30 50 75 86 88
0.000000 0.000000 0.000000 5.837932 1.130462 -246.480150 -49.120934 0.010204 0.010204 0.000651 385.500000 1.112048 1.217207 -21.838923 -66.780915 0.010204 0.010204 0.001365 385.500000 21 30 50 75 86 92
0.000000 0.000000 0.000000 4.252077 1.082199 -337.466311 -62.429258 0.010204 0.010204 0.000690 404.142857 1.112048 1.217449 -171.158756 -71.608596 0.010204 0.010204 0.001281 404.142857 21 30 50 75 86 97
0.000000 0.000000 0.000000 4.393289 1.086249 -456.707568 -55.833503 0.010204 0.010204 0.000659 404.142857 1.112048 1.217211 -11.440563 -64.673731 0.010204 0.010204 0.001306 404.142857 21 30 50 75 86 98
0.000000 0.000000 0.000000 1.132812 1.117996 -15.544304 -71.452533 0.010204 0.010204 0.000604 385.500000 1.112048 1.217048 -15.313909 -81.207411 0.010204 0.010204 0.001419 385.500000 21 30 50 75 87 88
0.000000 0.000000 0.000000 1.837944 1.091746 -223.994729 -69.294699 0.010204 0.010204 0.000627 385.500000 1.112048 1.217058 -80.208879 -81.777522 0.010204 0.010204 0.001414 385.500000 21 30 50 75 87 92
0.000000 0.000000 0.000000 2.329520 1.205421 -163.801287 -58.545252 0.010204 0.010204 0.000610 404.142857 1.112048 1.217050 -9.404260 -61.616448 0.010204 0.010204 0.001353 404.142857 21 30 50 75 87 97
0.000000 0.000000 0.000000 4.337797 1.244006 -234.227248 -72.427279 0.010204 0.010204 0.000635 404.142857 1.112048 1.217206 -10.607096 -71.244109 0.010204 0.010204 0.001327 404.142857 21 30 50 75 87 98
0.000000 0.000000 0.000000 3.408301 1.085129 -596.843261 -74.972563 0.010204 0.010204 0.000697 366.857143 1.112049 1.217488 -184.228697 -79.058565 0.010204 0.010204 0.001444 366.857143 21 30 50 76 77 88
0.000000 0.000000 0.000000 1.177357 1.087201 -11.678344 -51.051328 0.010204 0.010204 0.000667 366.857143 1.112049 1.217148 -31.151625 -68.915433 0.010204 0.010204 0.001478 366.857143 21 30 50 76 77 92
0.000000 0.000000 0.000000 1.880326 1.186795 -88.950100 -83.429877 0.010204 0.010204 0.000661 385.500000 1.112049 1.217149 -6.078969 -64.577325 0.010204 0.010204 0.001409 385.500000 21 30 50 76 77 97
0.000000 0.000000 0.000000 1.007720 1.057637 -30.862258 -78.677479 0.010204 0.010204 0.000636 385.500000 1.112049 1.217139 -51.575966 -57.891106 0.010204 0.010204 0.001413 385.500000 21 30 50 76 77 98
0.000000 0.000000 0.000000 148.969531 4.178678 -5853.679710 -236.199890 0.010204 0.010204 0.000726 366.857143 1.112049 1.217158 -21.816607 -67.819730 0.010204 0.010204 0.001468 366.857143 21 30 50 76 81 88
0.000000 0.000000 0.000000 58.339755 2.227439 -6212.093356 -148.654290 0.010204 0.010204 0.000763 366.857143 1.112049 1.217505 -5.199566 -57.275848 0.010204 0.010204 0.001435 366.857143 21 30 50 76 81 92
0.000000 0.000000 0.000000 2.419939 1.066889 -34.006472 -41.219542 0.010204 0.010204 0.000689 385.500000 1.112049 1.217150 -66.269701 -68.141025 0.010204 0.010204 0.001405 385.500000 21 30 50 76 81 97
0.000000 0.000000 0.000000 83.453390 2.767900 -352.920683 -68.881331 0.010204 0.010204 0.000719 385.500000 1.112049 1.217159 -40.088832 -68.400835 0.010204 0.010204 0.001400 385.500000 21 30 50 76 81 98
0.000000 0.000000 0.000000 3.192485 1.047480 -59.714948 -65.135153 0.010204 0.010204 0.000702 385.500000 1.112049 1.217151 -6.781542 -73.214224 0.010204 0.010204 0.001403 385.500000 21 30 50 76 86 88
0.000000 0.000000 0.000000 1.452118 1.152545 -28.716836 -69.237084 0.010204 0.010204 0.000672 385.500000 1.112049 1.217142 -79.223816 -78.360388 0.010204 0.010204 0.001408 385.500000 21 30 50 76 86 92
0.000000 0.000000 0.000000 348.929044 8.473982 -4606.705095 -172.061702 0.010204 0.010204 0.000712 404.142857 1.112049 1.217300 -9.261396 -78.482673 0.010204 0.010204 0.001317 404.142857 21 30 50 76 86 97
0.000000 0.000000 0.000000 3.261395 1.049504 -32.540073 -64.903514 0.010204 0.010204 0.000680 404.142857 1.112049 1.217144 -51.075907 -69.229339 0.010204 0.010204 0.001343 404.142857 21 30 50 76 86 98
0.000000 0.000000 0.000000 33.462139 1.694896 -1831.437129 -90.953307 0.010204 0.010204 0.000733 385.500000 1.112049 1.217315 -93.732016 -66.941762 0.010204 0.010204 0.001355 385.500000 21 30 50 76 87 88
0.000000 0.000000 0.000000 30.923442 1.638460 -1221.623374 -78.505543 0.010204 0.010204 0.000770 385.500000 1.112049 1.217329 -26.462685 -78.203159 0.010204 0.010204 0.001350 385.500000 21 30 50 76 87 92
0.000000 0.000000 0.000000 31.058723 1.641376 -89.869397 -66.551202 0.010204 0.010204 0.000743 404.142857 1.112049 1.217319 -9.493024 -64.370514 0.010204 0.010204 0.001296 404.142857 21 30 50 76 87 97
0.000000 0.000000 0.000000 30.759844 1.634939 -3911.403193 -109.708687 0.010204 0.010204 0.000783 404.142857 1.112049 1.217559 -7.418172 -72.982078 0.010204 0.010204 0.001272 404.142857 21 30 50 76 87 98
0.000000 0.000000 0.000000 2.326176 1.054542 -161.813388 -59.858489 0.010204 0.010204 0.000656 348.214286 1.111878 1.214666 -12.423865 -70.351993 0.010204 0.010204 0.001550 348.214286 21 30 61 66 77 88
0.000000 0.000000 0.000000 2.332552 1.054820 -199.681990 -52.705660 0.010204 0.010204 0.000626 348.214286 1.111878 1.214142 -4.273912 -66.583226 0.010204 0.010204 0.001587 348.214286 21 30 61 66 77 92
0.000000 0.000000 0.000000 2.329865 1.054703 -93.040490 -71.467422 0.010204 0.010204 0.000621 366.857143 1.111878 1.214146 -4.639745 -64.641874 0.010204 0.010204 0.001511 366.857143 21 30 61 66 77 97
0.000000 0.000000 0.000000 2.350223 1.055599 -132.626102 -60.948620 0.010204 0.010204 0.000597 366.857143 1.111878 1.214130 -27.449181 -70.502647 0.010204 0.010204 0.001516 366.857143 21 30 61 66 77 98
0.000000 0.000000 0.000000 11.526770 1.452411 -936.276689 -120.952755 0.010204 0.010204 0.000580 348.214286 1.111878 1.213779 -163.795319 -83.766341 0.010204 0.010204 0.001661 348.214286 21 30 61 66 81 88
0.000000 0.000000 0.000000 5.603016 1.195626 -163.686747 -58.408687 0.010204 0.010204 0.000604 348.214286 1.111878 1.214124 -12.123906 -69.633361 0.010204 0.010204 0.001619 348.214286 21 30 61 66 81 92
0.000000 0.000000 0.000000 2.574767 1.070572 -118.014977 -55.902078 0.010204 0.010204 0.000555 366.857143 1.111878 1.213771 -10.945724 -62.689081 0.010204 0.010204 0.001582 366.857143 21 30 61 66 81 97
0.000000 0.000000 0.000000 7.793466 1.290524 -283.422076 -104.340476 0.010204 0.010204 0.000575 366.857143 1.111878 1.213780 -18.789017 -79.248896 0.010204 0.010204 0.001576 366.857143 21 30 61 66 81 98
0.000000 0.000000 0.000000 3.506863 1.105380 -139.907166 -59.924835 0.010204 0.010204 0.000585 366.857143 1.111878 1.213782 -148.213098 -68.384228 0.010204 0.010204 0.001571 366.857143 21 30 61 66 86 88
0.000000 0.000000 0.000000 6.876815 1.252884 -562.601745 -56.488201 0.010204 0.010204 0.000563 366.857143 1.111878 1.213772 -150.192014 -61.812998 0.010204 0.010204 0.001577 366.857143 21 30 61 66 86 92
0.000000 0.000000 0.000000 3.279978 1.095525 -198.766270 -66.339757 0.010204 0.010204 0.000592 385.500000 1.111878 1.213933 -125.521040 -72.326512 0.010204 0.010204 0.001466 385.500000 21 30 61 66 86 97
0.000000 0.000000 0.000000 3.696986 1.113654 -808.944927 -62.204239 0.010204 0.010204 0.000569 385.500000 1.111878 1.213774 -245.545722 -64.280928 0.010204 0.010204 0.001498 385.500000 21 30 61 66 86 98
0.000000 0.000000 0.000000 2.770784 1.121978 -98.610126 -65.697339 0.010204 0.010204 0.000527 366.857143 1.111878 1.213762 -81.347929 -73.006216 0.010204 0.010204 0.001588 366.857143 21 30 61 66 87 88
0.000000 0.000000 0.000000 4.912037 1.191253 -422.280922 -83.669025 0.010204 0.010204 0.000545 366.857143 1.111878 1.213771 -15.449420 -68.706127 0.010204 0.010204 0.001582 366.857143 21 30 61 66 87 92
0.000000 0.000000 0.000000 1.960911 1.048415 -5.310448 -62.899212 0.010204 0.010204 0.000532 385.500000 1.111878 1.213764 -52.935338 -74.132664 0.010204 0.010204 0.001508 385.500000 21 30 61 66 87 97
0.000000 0.000000 0.000000 2.535854 1.072372 -52.791464 -57.160560 0.010204 0.010204 0.000551 385.500000 1.111878 1.213919 -13.505461 -61.974306 0.010204 0.010204 0.001475 385.500000 21 30 61 66 87 98
0.000000 0.000000 0.000000 1.840346 1.057153 -14.658400 -52.153215 0.010204 0.010204 0.000547 348.214286 1.111878 1.214062 -9.889719 -65.754589 0.010204 0.010204 0.001634 348.214286 21 30 61 70 77 88
0.000000 0.000000 0.000000 2.691219 1.118442 -113.938057 -66.828436 0.010204 0.010204 0.000527 348.214286 1.111878 1.213717 -198.523732 -72.892346 0.010204 0.010204 0.001677 348.214286 21 30 61 70 77 92
0.000000 0.000000 0.000000 2.194781 1.082643 -55.462679 -51.546139 0.010204 0.010204 0.000523 366.857143 1.111878 1.213718 -19.836324 -58.521199 0.010204 0.010204 0.001591 366.857143 21 30 61 70 77 97
0.000000 0.000000 0.000000 2.614506 1.122651 -114.193176 -61.536684 0.010204 0.010204 0.000507 366.857143 1.111878 1.213709 -8.000768 -73.869017 0.010204 0.010204 0.001597 366.857143 21 30 61 70 77 98
0.000000 0.000000 0.000000 6.528344 1.332615 -214.138071 -55.852613 0.010204 0.010204 0.000565 348.214286 1.111878 1.214066 -11.894061 -62.533331 0.010204 0.010204 0.001601 348.214286 21 30 61 70 81 88
0.000000 0.000000 0.000000 6.075055 1.305062 -195.750611 -63.730467 0.010204 0.010204 0.000588 348.214286 1.111878 1.214586 -11.666102 -65.826491 0.010204 0.010204 0.001564 348.214286 21 30 61 70 81 92
0.000000 0.000000 0.000000 8.094049 1.427903 -112.291576 -115.706164 0.010204 0.010204 0.000541 366.857143 1.111878 1.214054 -233.060056 -85.707680 0.010204 0.010204 0.001529 366.857143 21 30 61 70 81 97
0.000000 0.000000 0.000000 6.331728 1.320661 -881.849660 -70.022532 0.010204 0.010204 0.000560 366.857143 1.111878 1.214069 -11.127381 -75.935849 0.010204 0.010204 0.001524 366.857143 21 30 61 70 81 98
0.000000 0.000000 0.000000 222.615915 22.242566 -18539.528147 -1708.951290 0.010204 0.010204 0.000499 366.857143 1.111878 1.213710 -40.367156 -74.525168 0.010204 0.010204 0.001596 366.857143 21 30 61 70 86 88
0.000000 0.000000 0.000000 2.147937 1.147989 -162.927267 -52.960548 0.010204 0.010204 0.000484 366.857143 1.111878 1.213700 -19.881407 -65.583346 0.010204 0.010204 0.001603 366.857143 21 30 61 70 86 92
0.000000 0.000000 0.000000 1.659263 1.059607 -43.346134 -87.262179 0.010204 0.010204 0.000504 385.500000 1.111878 1.213857 -149.833775 -65.688340 0.010204 0.010204 0.001488 385.500000 21 30 61 70 86 97
0.000000 0.000000 0.000000 2.039510 1.103775 -31.716500 -62.636649 0.010204 0.010204 0.000488 385.500000 1.111878 1.213702 -103.007330 -87.627391 0.010204 0.010204 0.001521 385.500000 21 30 61 70 86 98
0.000000 0.000000 0.000000 1.726459 1.050076 -125.444385 -63.789325 0.010204 0.010204 0.000514 366.857143 1.111878 1.213710 -14.888807 -67.266338 0.010204 0.010204 0.001592 366.857143 21 30 61 70 87 88
0.000000 0.000000 0.000000 2.165232 1.076043 -206.028742 -51.754538 0.010204 0.010204 0.000531 366.857143 1.111878 1.213719 -49.060766 -74.828791 0.010204 0.010204 0.001585 366.857143 21 30 61 70 87 92
0.000000 0.000000 0.000000 2.381431 1.090780 -61.410314 -61.969674 0.010204 0.010204 0.000519 385.500000 1.111878 1.213712 -5.519930 -60.491644 0.010204 0.010204 0.001511 385.500000 21 30 61 70 87 97
0.000000 0.000000 0.000000 1.946469 1.061162 -144.333773 -51.818040 0.010204 0.010204 0.000537 385.500000 1.111878 1.213871 -37.865191 -68.851494 0.010204 0.010204 0.001478 385.500000 21 30 61 70 87 98
0.000000 0.000000 0.000000 2.794235 1.066964 -93.771060 -55.803785 0.010204 0.010204 0.000654 366.857143 1.111878 1.215364 -26.300530 -55.600261 0.010204 0.010204 0.001459 366.857143 21 30 61 75 77 88
0.000000 0.000000 0.000000 2.807517 1.067486 -351.288263 -75.449518 0.010204 0.010204 0.000625 366.857143 1.111878 1.215014 -42.515039 -68.671302 0.010204 0.010204 0.001492 366.857143 21 30 61 75 77 92
0.000000 0.000000 0.000000 2.801804 1.067261 -176.635340 -61.129642 0.010204 0.010204 0.000620 385.500000 1.111878 1.215015 -47.771401 -60.514991 0.010204 0.010204 0.001423 385.500000 21 30 61 75 77 97
0.000000 0.000000 0.000000 2.849781 1.069184 -499.349409 -68.884426 0.010204 0.010204 0.000596 385.500000 1.111878 1.215006 -7.220552 -61.069363 0.010204 0.010204 0.001428 385.500000 21 30 61 75 77 98
0.000000 0.000000 0.000000 3.406650 1.091136 -86.271544 -47.175732 0.010204 0.010204 0.000579 366.857143 1.111878 1.214993 -55.299584 -68.763892 0.010204 0.010204 0.001502 366.857143 21 30 61 75 81 88
0.000000 0.000000 0.000000 3.166375 1.081490 -230.918755 -55.255593 0.010204 0.010204 0.000603 366.857143 1.111878 1.215334 -20.601651 -67.060176 0.010204 0.010204 0.001468 366.857143 21 30 61 75 81 92
0.000000 0.000000 0.000000 9.459583 1.346869 -305.460884 -53.608214 0.010204 0.010204 0.000555 385.500000 1.111878 1.214984 -12.514761 -71.920479 0.010204 0.010204 0.001437 385.500000 21 30 61 75 81 97
0.000000 0.000000 0.000000 3.289335 1.086401 -241.218176 -69.456333 0.010204 0.010204 0.000575 385.500000 1.111878 1.214994 -35.413056 -70.955678 0.010204 0.010204 0.001432 385.500000 21 30 61 75 81 98
0.000000 0.000000 0.000000 2.740986 1.064906 -55.762688 -76.910514 0.010204 0.010204 0.000659 385.500000 1.111878 1.215410 -8.668186 -63.928238 0.010204 0.010204 0.001373 385.500000 21 30 61 75 86 88
0.000000 0.000000 0.000000 2.742962 1.064987 -210.989538 -48.013142 0.010204 0.010204 0.000630 385.500000 1.111878 1.215394 -116.877794 -68.550460 0.010204 0.010204 0.001377 385.500000 21 30 61 75 86 92
0.000000 0.000000 0.000000 2.740635 1.064892 -179.548780 -67.340393 0.010204 0.010204 0.000669 404.142857 1.111878 1.215677 -304.178131 -73.769239 0.010204 0.010204 0.001293 404.142857 21 30 61 75 86 97
0.000000 0.000000 0.000000 2.741234 1.064916 -186.249254 -57.113670 0.010204 0.010204 0.000638 404.142857 1.111878 1.215399 -11.120447 -64.983302 0.010204 0.010204 0.001318 404.142857 21 30 61 75 86 98
0.000000 0.000000 0.000000 2.947833 1.073083 -60.896051 -58.530231 0.010204 0.010204 0.000583 385.500000 1.111878 1.214991 -10.246946 -68.711489 0.010204 0.010204 0.001431 385.500000 21 30 61 75 87 88
0.000000 0.000000 0.000000 2.848136 1.069061 -157.268139 -73.463673 0.010204 0.010204 0.000607 385.500000 1.111878 1.215001 -17.005104 -74.164267 0.010204 0.010204 0.001426 385.500000 21 30 61 75 87 92
0.000000 0.000000 0.000000 2.858707 1.069478 -130.618788 -76.289654 0.010204 0.010204 0.000590 404.142857 1.111878 1.214993 -7.962739 -70.372152 0.010204 0.010204 0.001365 404.142857 21 30 61 75 87 97
0.000000 0.000000 0.000000 2.833860 1.068499 -246.984897 -50.738163 0.010204 0.010204 0.000614 404.142857 1.111878 1.215151 -13.031707 -65.376507 0.010204 0.010204 0.001339 404.142857 21 30 61 75 87 98
0.000000 0.000000 0.000000 2.236824 1.066293 -144.975456 -75.161938 0.010204 0.010204 0.000546 366.857143 1.111878 1.214073 -111.407802 -67.908710 0.010204 0.010204 0.001550 366.857143 21 30 61 76 77 88
0.000000 0.000000 0.000000 2.056090 1.061690 -44.167809 -49.179148 0.010204 0.010204 0.000527 366.857143 1.111878 1.213733 -108.789070 -76.042722 0.010204 0.010204 0.001590 366.857143 21 30 61 76 77 92
0.000000 0.000000 0.000000 6.061624 1.284482 -907.631749 -80.929216 0.010204 0.010204 0.000523 385.500000 1.111878 1.213734 -59.572429 -65.912232 0.010204 0.010204 0.001511 385.500000 21 30 61 76 77 97
0.000000 0.000000 0.000000 1.694248 1.055726 -170.443051 -60.092814 0.010204 0.010204 0.000507 385.500000 1.111878 1.213724 -24.681354 -61.654081 0.010204 0.010204 0.001516 385.500000 21 30 61 76 77 98
0.000000 0.000000 0.000000 3.823782 1.128406 -101.003224 -58.505086 0.010204 0.010204 0.000564 366.857143 1.111878 1.213743 -13.087510 -72.108392 0.010204 0.010204 0.001578 366.857143 21 30 61 76 81 88
0.000000 0.000000 0.000000 3.150438 1.096931 -299.350015 -53.300479 0.010204 0.010204 0.000587 366.857143 1.111878 1.214089 -12.348395 -64.284956 0.010204 0.010204 0.001540 366.857143 21 30 61 76 81 92
0.000000 0.000000 0.000000 23.437037 2.050605 -736.502125 -83.981696 0.010204 0.010204 0.000540 385.500000 1.111878 1.213734 -46.888789 -65.933009 0.010204 0.010204 0.001506 385.500000 21 30 61 76 81 97
0.000000 0.000000 0.000000 3.494449 1.112997 -348.143313 -64.982458 0.010204 0.010204 0.000560 385.500000 1.111878 1.213744 -14.384577 -64.523162 0.010204 0.010204 0.001501 385.500000 21 30 61 76 81 98
0.000000 0.000000 0.000000 674.482088 32.282193 -259983.685460 -4148.986074 0.010204 0.010204 0.000549 385.500000 1.111878 1.213736 -15.851737 -75.942668 0.010204 0.010204 0.001503 385.500000 21 30 61 76 86 88
0.000000 0.000000 0.000000 4.228085 1.159592 -102.268161 -59.918653 0.010204 0.010204 0.000530 385.500000 1.111878 1.213726 -83.701146 -66.603797 0.010204 0.010204 0.001509 385.500000 21 30 61 76 86 92
0.000000 0.000000 0.000000 10.046408 1.416441 -1284.585852 -127.187873 0.010204 0.010204 0.000555 404.142857 1.111878 1.213885 -51.678189 -68.969000 0.010204 0.010204 0.001406 404.142857 21 30 61 76 86 97
0.000000 0.000000 0.000000 2.084521 1.050712 -87.086821 -48.688231 0.010204 0.010204 0.000535 404.142857 1.111878 1.213729 -67.915523 -71.230158 0.010204 0.010204 0.001436 404.142857 21 30 61 76 86 98
0.000000 0.000000 0.000000 41.631961 2.781953 -1830.031742 -175.621260 0.010204 0.010204 0.000568 385.500000 1.111878 1.213889 -32.452856 -71.078486 0.010204 0.010204 0.001448 385.500000 21 30 61 76 87 88
0.000000 0.000000 0.000000 25.539713 2.074602 -768.698373 -114.532245 0.010204 0.010204 0.000591 385.500000 1.111878 1.213902 -15.206067 -72.275200 0.010204 0.010204 0.001443 385.500000 21 30 61 76 87 92
0.000000 0.000000 0.000000 26.870422 2.133072 -3385.718401 -111.799258 0.010204 0.010204 0.000574 404.142857 1.111878 1.213892 -9.867342 -67.747653 0.010204 0.010204 0.001382 404.142857 21 30 61 76 87 97
0.000000 0.000000 0.000000 23.849077 2.000328 -622.508936 -70.872092 0.010204 0.010204 0.000598 404.142857 1.111878 1.214130 -7.929603 -67.668289 0.010204 0.010204 0.001355 404.142857 21 30 61 76 87 98
0.000000 0.000000 0.000000 17.800248 1.695105 -2611.232936 -132.726014 0.010204 0.010204 0.000666 348.214286 1.111884 1.214717 -33.020451 -63.855842 0.010204 0.010204 0.001548 348.214286 21 30 65 66 77 88
0.000000 0.000000 0.000000 31.816686 2.279441 -1173.153972 -119.874848 0.010204 0.010204 0.000637 348.214286 1.111884 1.214197 -4.976892 -72.823312 0.010204 0.010204 0.001585 348.214286 21 30 65 66 77 92
0.000000 0.000000 0.000000 23.583148 1.936147 -886.986998 -77.624772 0.010204 0.010204 0.000631 366.857143 1.111884 1.214200 -19.289039 -74.343651 0.010204 0.010204 0.001509 366.857143 21 30 65 66 77 97
0.000000 0.000000 0.000000 2.193542 1.050316 -141.672668 -65.654225 0.010204 0.010204 0.000607 366.857143 1.111884 1.214185 -23.525694 -76.332008 0.010204 0.010204 0.001514 366.857143 21 30 65 66 77 98
0.000000 0.000000 0.000000 12.171169 1.730556 -496.489717 -114.018256 0.010204 0.010204 0.000590 348.214286 1.111884 1.213848 -9.888365 -77.771917 0.010204 0.010204 0.001659 348.214286 21 30 65 66 81 88
0.000000 0.000000 0.000000 4.441580 1.197100 -525.313690 -59.532909 0.010204 0.010204 0.000614 348.214286 1.111884 1.214192 -9.531104 -66.636531 0.010204 0.010204 0.001617 348.214286 21 30 65 66 81 92
0.000000 0.000000 0.000000 2.141862 1.118730 -89.099235 -43.884257 0.010204 0.010204 0.000565 366.857143 1.111884 1.213839 -16.082177 -75.936390 0.010204 0.010204 0.001580 366.857143 21 30 65 66 81 97
0.000000 0.000000 0.000000 2.336272 1.082345 -192.305863 -90.877900 0.010204 0.010204 0.000585 366.857143 1.111884 1.213849 -176.940400 -72.347284 0.010204 0.010204 0.001575 366.857143 21 30 65 66 81 98
0.000000 0.000000 0.000000 2.791072 1.092442 -344.550102 -78.022462 0.010204 0.010204 0.000595 366.857143 1.111884 1.213850 -16.685983 -68.274252 0.010204 0.010204 0.001569 366.857143 21 30 65 66 86 88
0.000000 0.000000 0.000000 1.655150 1.046762 -47.056863 -66.220064 0.010204 0.010204 0.000573 366.857143 1.111884 1.213840 -37.203812 -69.839815 0.010204 0.010204 0.001575 366.857143 21 30 65 66 86 92
0.000000 0.000000 0.000000 2.043320 1.051710 -73.764935 -66.924214 0.010204 0.010204 0.000602 385.500000 1.111884 1.214001 -121.120201 -63.072701 0.010204 0.010204 0.001464 385.500000 21 30 65 66 86 97
0.000000 0.000000 0.000000 4.826700 1.203806 -339.895578 -71.325425 0.010204 0.010204 0.000579 385.500000 1.111884 1.213842 -104.450611 -72.311390 0.010204 0.010204 0.001496 385.500000 21 30 65 66 86 98
0.000000 0.000000 0.000000 1.174956 1.071385 -40.156433 -44.763996 0.010204 0.010204 0.000537 366.857143 1.111884 1.213831 -57.316571 -72.569817 0.010204 0.010204 0.001586 366.857143 21 30 65 66 87 88
0.000000 0.000000 0.000000 1.467365 1.077302 -55.137236 -38.612894 0.010204 0.010204 0.000555 366.857143 1.111884 1.213840 -116.675266 -73.025965 0.010204 0.010204 0.001580 366.857143 21 30 65 66 87 92
0.000000 0.000000 0.000000 2.083287 1.206496 -112.366505 -60.002195 0.010204 0.010204 0.000542 385.500000 1.111884 1.213833 -8.726104 -59.020509 0.010204 0.010204 0.001506 385.500000 21 30 65 66 87 97
0.000000 0.000000 0.000000 1.524928 1.070270 -54.058908 -60.327485 0.010204 0.010204 0.000561 385.500000 1.111884 1.213987 -44.922155 -71.472944 0.010204 0.010204 0.001473 385.500000 21 30 65 66 87 98
0.000000 0.000000 0.000000 5.855534 1.135450 -607.316762 -67.808820 0.010204 0.010204 0.000686 348.214286 1.111884 1.214256 -185.680868 -69.753679 0.010204 0.010204 0.001602 348.214286 21 30 65 70 77 88
0.000000 0.000000 0.000000 23.715310 1.655407 -1060.636373 -173.469240 0.010204 0.010204 0.000656 348.214286 1.111884 1.213911 -150.350019 -70.775605 0.010204 0.010204 0.001643 348.214286 21 30 65 70 77 92
0.000000 0.000000 0.000000 9.266441 1.234498 -310.372715 -64.024698 0.010204 0.010204 0.000650 366.857143 1.111884 1.213912 -67.111407 -66.023318 0.010204 0.010204 0.001560 366.857143 21 30 65 70 77 97
0.000000 0.000000 0.000000 38.283025 2.628351 -6514.598227 -240.901010 0.010204 0.010204 0.000625 366.857143 1.111884 1.213903 -26.930029 -75.506157 0.010204 0.010204 0.001566 366.857143 21 30 65 70 77 98
0.000000 0.000000 0.000000 2.858783 1.049657 -97.334258 -67.064641 0.010204 0.010204 0.000716 348.214286 1.111884 1.214275 -10.881618 -74.320318 0.010204 0.010204 0.001571 348.214286 21 30 65 70 81 88
0.000000 0.000000 0.000000 2.847507 1.049329 -130.593744 -67.429857 0.010204 0.010204 0.000754 348.214286 1.111884 1.214798 -32.336942 -66.653670 0.010204 0.010204 0.001535 348.214286 21 30 65 70 81 92
0.000000 0.000000 0.000000 2.908241 1.051316 -73.537939 -44.163999 0.010204 0.010204 0.000678 366.857143 1.111884 1.214263 -14.170370 -67.315928 0.010204 0.010204 0.001501 366.857143 21 30 65 70 81 97
0.000000 0.000000 0.000000 2.853716 1.049509 -95.013571 -50.358381 0.010204 0.010204 0.000709 366.857143 1.111884 1.214278 -8.708853 -65.789828 0.010204 0.010204 0.001496 366.857143 21 30 65 70 81 98
0.000000 0.000000 0.000000 5.260323 1.206619 -179.679238 -67.951000 0.010204 0.010204 0.000613 366.857143 1.111884 1.213903 -8.048141 -64.295502 0.010204 0.010204 0.001566 366.857143 21 30 65 70 86 88
0.000000 0.000000 0.000000 1.293671 1.129970 -231.916082 -52.880977 0.010204 0.010204 0.000590 366.857143 1.111884 1.213894 -89.622836 -67.051888 0.010204 0.010204 0.001572 366.857143 21 30 65 70 86 92
0.000000 0.000000 0.000000 2.590039 1.059308 -122.099795 -79.760815 0.010204 0.010204 0.000620 385.500000 1.111884 1.214051 -239.320902 -72.478814 0.010204 0.010204 0.001461 385.500000 21 30 65 70 86 97
0.000000 0.000000 0.000000 1.938419 1.059230 -130.510692 -69.789165 0.010204 0.010204 0.000597 385.500000 1.111884 1.213896 -43.805669 -70.006174 0.010204 0.010204 0.001493 385.500000 21 30 65 70 86 98
0.000000 0.000000 0.000000 3.174114 1.069767 -351.715912 -56.507006 0.010204 0.010204 0.000636 366.857143 1.111884 1.213904 -35.499152 -71.490207 0.010204 0.010204 0.001561 366.857143 21 30 65 70 87 88
0.000000 0.000000 0.000000 4.168182 1.087170 -693.638296 -48.958707 0.010204 0.010204 0.000663 366.857143 1.111884 1.213914 -118.092404 -66.951341 0.010204 0.010204 0.001555 366.857143 21 30 65 70 87 92
0.000000 0.000000 0.000000 4.543888 1.098156 -103.250647 -57.903764 0.010204 0.010204 0.000643 385.500000 1.111884 1.213906 -5.246451 -66.578646 0.010204 0.010204 0.001484 385.500000 21 30 65 70 87 97
0.000000 0.000000 0.000000 3.800748 1.076488 -77.018575 -50.842135 0.010204 0.010204 0.000671 385.500000 1.111884 1.214065 -38.860099 -74.287626 0.010204 0.010204 0.001452 385.500000 21 30 65 70 87 98
0.000000 0.000000 0.000000 5.645658 1.135776 -736.893593 -76.287203 0.010204 0.010204 0.000665 366.857143 1.111884 1.214220 -9.227126 -66.324516 0.010204 0.010204 0.001525 366.857143 21 30 65 75 77 88
0.000000 0.000000 0.000000 13.691858 1.380401 -98.092201 -67.167270 0.010204 0.010204 0.000636 366.857143 1.111884 1.213874 -112.379831 -69.816296 0.010204 0.010204 0.001562 366.857143 21 30 65 75 77 92
0.000000 0.000000 0.000000 8.063381 1.209144 -382.178504 -60.300835 0.010204 0.010204 0.000631 385.500000 1.111884 1.213875 -121.652723 -76.383044 0.010204 0.010204 0.001486 385.500000 21 30 65 75 77 97
0.000000 0.000000 0.000000 2.392469 1.051217 -176.518365 -48.314239 0.010204 0.010204 0.000607 385.500000 1.111884 1.213865 -122.981062 -71.664182 0.010204 0.010204 0.001491 385.500000 21 30 65 75 77 98
0.000000 0.000000 0.000000 6.969257 1.501612 -318.446787 -102.590088 0.010204 0.010204 0.000590 366.857143 1.111884 1.213864 -21.824743 -71.116536 0.010204 0.010204 0.001573 366.857143 21 30 65 75 81 88
0.000000 0.000000 0.000000 2.400464 1.067510 -87.874476 -54.988243 0.010204 0.010204 0.000613 366.857143 1.111884 1.214204 -7.817749 -71.953415 0.010204 0.010204 0.001535 366.857143 21 30 65 75 81 92
0.000000 0.000000 0.000000 1.197380 1.075794 -91.849872 -58.259601 0.010204 0.010204 0.000565 385.500000 1.111884 1.213855 -8.975499 -65.720347 0.010204 0.010204 0.001501 385.500000 21 30 65 75 81 97
0.000000 0.000000 0.000000 1.975529 1.063021 -235.411247 -64.797064 0.010204 0.010204 0.000585 385.500000 1.111884 1.213865 -172.454077 -69.331738 0.010204 0.010204 0.001496 385.500000 21 30 65 75 81 98
0.000000 0.000000 0.000000 2.818366 1.051007 -186.460559 -66.667565 0.010204 0.010204 0.000670 385.500000 1.111884 1.214034 -5.281687 -67.158050 0.010204 0.010204 0.001430 385.500000 21 30 65 75 86 88
0.000000 0.000000 0.000000 2.909498 1.054008 -359.280809 -48.126997 0.010204 0.010204 0.000641 385.500000 1.111884 1.214020 -37.676161 -75.930493 0.010204 0.010204 0.001435 385.500000 21 30 65 75 86 92
0.000000 0.000000 0.000000 2.807866 1.050688 -165.159092 -85.735115 0.010204 0.010204 0.000679 404.142857 1.111884 1.214262 -17.109699 -75.413279 0.010204 0.010204 0.001343 404.142857 21 30 65 75 86 97
0.000000 0.000000 0.000000 2.826415 1.051254 -405.821989 -65.707209 0.010204 0.010204 0.000649 404.142857 1.111884 1.214024 -49.227099 -70.422428 0.010204 0.010204 0.001370 404.142857 21 30 65 75 86 98
0.000000 0.000000 0.000000 2.137133 1.058392 -220.527358 -58.452385 0.010204 0.010204 0.000594 385.500000 1.111884 1.213858 -5.583363 -71.960844 0.010204 0.010204 0.001495 385.500000 21 30 65 75 87 88
0.000000 0.000000 0.000000 3.251654 1.070154 -110.840594 -46.353783 0.010204 0.010204 0.000618 385.500000 1.111884 1.213867 -19.517100 -62.535560 0.010204 0.010204 0.001489 385.500000 21 30 65 75 87 92
0.000000 0.000000 0.000000 4.203832 1.102376 -393.278441 -65.979059 0.010204 0.010204 0.000600 404.142857 1.111884 1.213860 -12.244568 -67.557140 0.010204 0.010204 0.001422 404.142857 21 30 65 75 87 97
0.000000 0.000000 0.000000 2.656483 1.050192 -45.413134 -55.209854 0.010204 0.010204 0.000625 404.142857 1.111884 1.214016 -5.764533 -67.141588 0.010204 0.010204 0.001393 404.142857 21 30 65 75 87 98
0.000000 0.000000 0.000000 10.006165 1.229628 -904.010918 -89.761663 0.010204 0.010204 0.000686 366.857143 1.111886 1.215501 -9.111717 -67.783129 0.010204 0.010204 0.001454 366.857143 21 30 65 76 77 88
0.000000 0.000000 0.000000 3.003285 1.060901 -75.739750 -65.233275 0.010204 0.010204 0.000656 366.857143 1.111886 1.215159 -16.080898 -66.729650 0.010204 0.010204 0.001488 366.857143 21 30 65 76 77 92
0.000000 0.000000 0.000000 22.692897 1.569142 -1586.795623 -73.600667 0.010204 0.010204 0.000650 385.500000 1.111886 1.215161 -5.010681 -58.858571 0.010204 0.010204 0.001419 385.500000 21 30 65 76 77 97
0.000000 0.000000 0.000000 1.086053 1.241272 -68.627780 -86.315511 0.010204 0.010204 0.000626 385.500000 1.111886 1.215151 -14.589393 -75.103561 0.010204 0.010204 0.001424 385.500000 21 30 65 76 77 98
0.000000 0.000000 0.000000 6.538413 1.139022 -127.104108 -80.275863 0.010204 0.010204 0.000715 366.857143 1.111886 1.215181 -3.009049 -68.506631 0.010204 0.010204 0.001478 366.857143 21 30 65 76 81 88
0.000000 0.000000 0.000000 6.432261 1.136251 -721.252500 -68.255939 0.010204 0.010204 0.000752 366.857143 1.111886 1.215531 -5.525231 -75.180936 0.010204 0.010204 0.001445 366.857143 21 30 65 76 81 92
0.000000 0.000000 0.000000 7.403082 1.163814 -399.089289 -56.218821 0.010204 0.010204 0.000678 385.500000 1.111886 1.215173 -10.057073 -68.018769 0.010204 0.010204 0.001415 385.500000 21 30 65 76 81 97
0.000000 0.000000 0.000000 6.488316 1.137708 -1235.457594 -71.585874 0.010204 0.010204 0.000708 385.500000 1.111886 1.215183 -17.341317 -62.278416 0.010204 0.010204 0.001410 385.500000 21 30 65 76 81 98
0.000000 0.000000 0.000000 6.740982 1.144238 -539.723676 -73.171288 0.010204 0.010204 0.000691 385.500000 1.111886 1.215168 -11.013092 -66.303617 0.010204 0.010204 0.001413 385.500000 21 30 65 76 86 88
0.000000 0.000000 0.000000 12.381426 1.305244 -740.466588 -78.773596 0.010204 0.010204 0.000661 385.500000 1.111886 1.215158 -12.266739 -65.308318 0.010204 0.010204 0.001418 385.500000 21 30 65 76 86 92
0.000000 0.000000 0.000000 6.619907 1.141080 -801.265650 -91.832913 0.010204 0.010204 0.000701 404.142857 1.111886 1.215318 -53.703606 -65.661406 0.010204 0.010204 0.001327 404.142857 21 30 65 76 86 97
0.000000 0.000000 0.000000 6.849766 1.147104 -151.815760 -57.903827 0.010204 0.010204 0.000670 404.142857 1.111886 1.215160 -14.044667 -74.129934 0.010204 0.010204 0.001353 404.142857 21 30 65 76 86 98
0.000000 0.000000 0.000000 6.229287 1.131309 -146.835863 -67.264396 0.010204 0.010204 0.000722 385.500000 1.111886 1.215567 -8.880532 -62.591624 0.010204 0.010204 0.001365 385.500000 21 30 65 76 87 88
0.000000 0.000000 0.000000 6.209325 1.130528 -507.658615 -58.144606 0.010204 0.010204 0.000759 385.500000 1.111886 1.215582 -29.277612 -61.802785 0.010204 0.010204 0.001361 385.500000 21 30 65 76 87 92
0.000000 0.000000 0.000000 6.211009 1.130572 -26.930861 -59.503412 0.010204 0.010204 0.000732 404.142857 1.111886 1.215571 -123.021110 -72.567197 0.010204 0.010204 0.001306 404.142857 21 30 65 76 87 97
0.000000 0.000000 0.000000 6.207146 1.130471 -289.159076 -48.738086 0.010204 0.010204 0.000772 404.142857 1.111886 1.215851 -19.406257 -69.181561 0.010204 0.010204 0.001282 404.142857 21 30 65 76 87 98
0.000000 0.000000 0.000000 1.528051 1.067687 -24.982765 -77.693466 0.010204 0.010204 0.001056 348.214286 1.125666 1.220346 -34.104713 -72.922704 0.010204 0.010204 0.001427 348.214286 21 41 46 66 77 88
0.000000 0.000000 0.000000 1.163404 1.688840 -21.582719 -123.031743 0.010204 0.010204 0.000985 348.214286 1.125666 1.219736 -36.281650 -64.237219 0.010204 0.010204 0.001458 348.214286 21 41 46 66 77 92
0.000000 0.000000 0.000000 1.612717 1.085004 -37.009630 -51.647788 0.010204 0.010204 0.000973 366.857143 1.125666 1.219740 -29.308524 -67.995684 0.010204 0.010204 0.001394 366.857143 21 41 46 66 77 97
0.000000 0.000000 0.000000 1.000157 1.095836 -22.707591 -73.450949 0.010204 0.010204 0.000918 366.857143 1.125665 1.219721 -96.516491 -69.962327 0.010204 0.010204 0.001398 366.857143 21 41 46 66 77 98
0.000000 0.000000 0.000000 1.002052 1.046659 -0.213464 -54.833463 0.010204 0.010204 0.000877 348.214286 1.125660 1.218977 -235.464128 -75.608654 0.010204 0.010204 0.001519 348.214286 21 41 46 66 81 88
0.000000 0.000000 0.000000 1.085233 1.066832 -188.480115 -57.439817 0.010204 0.010204 0.000929 348.214286 1.125660 1.219324 -26.684813 -72.119187 0.010204 0.010204 0.001484 348.214286 21 41 46 66 81 92
0.000000 0.000000 0.000000 1.000143 1.063346 -0.035242 -46.123621 0.010204 0.010204 0.000825 366.857143 1.125660 1.218969 -80.935783 -79.425391 0.010204 0.010204 0.001453 366.857143 21 41 46 66 81 97
0.000000 0.000000 0.000000 1.014761 1.130091 -142.720657 -71.320308 0.010204 0.010204 0.000868 366.857143 1.125660 1.218978 -29.250846 -78.667114 0.010204 0.010204 0.001448 366.857143 21 41 46 66 81 98
0.000000 0.000000 0.000000 1.029062 1.062855 -187.612224 -59.424839 0.010204 0.010204 0.000889 366.857143 1.125660 1.218985 -25.931575 -66.818228 0.010204 0.010204 0.001444 366.857143 21 41 46 66 86 88
0.000000 0.000000 0.000000 1.000164 1.063427 -0.094186 -70.910901 0.010204 0.010204 0.000843 366.857143 1.125660 1.218975 -64.527265 -70.012659 0.010204 0.010204 0.001449 366.857143 21 41 46 66 86 92
0.000000 0.000000 0.000000 1.262286 1.049985 -51.951087 -54.547240 0.010204 0.010204 0.000904 385.500000 1.125660 1.219139 -10.821866 -75.960100 0.010204 0.010204 0.001355 385.500000 21 41 46 66 86 97
0.000000 0.000000 0.000000 1.010000 1.091785 -1.576232 -69.927035 0.010204 0.010204 0.000855 385.500000 1.125660 1.218977 -239.151348 -78.513795 0.010204 0.010204 0.001382 385.500000 21 41 46 66 86 98
0.000000 0.000000 0.000000 1.000184 1.172348 -102.397840 -53.081901 0.010204 0.010204 0.000767 366.857143 1.125660 1.218951 -131.374135 -71.308586 0.010204 0.010204 0.001458 366.857143 21 41 46 66 87 88
0.000000 0.000000 0.000000 1.001330 1.151710 -0.286048 -61.901569 0.010204 0.010204 0.000804 366.857143 1.125660 1.218961 -16.422653 -63.054627 0.010204 0.010204 0.001453 366.857143 21 41 46 66 87 92
0.000000 0.000000 0.000000 1.000348 1.062968 -35.221787 -61.356254 0.010204 0.010204 0.000777 385.500000 1.125660 1.218953 -32.244392 -71.518557 0.010204 0.010204 0.001390 385.500000 21 41 46 66 87 97
0.000000 0.000000 0.000000 1.001574 1.065864 -18.102464 -63.760692 0.010204 0.010204 0.000816 385.500000 1.125660 1.219108 -26.197421 -74.664992 0.010204 0.010204 0.001363 385.500000 21 41 46 66 87 98
0.000000 0.000000 0.000000 1.038923 1.062850 -239.546245 -59.100733 0.010204 0.010204 0.000802 348.214286 1.125624 1.217752 -66.279028 -63.083159 0.010204 0.010204 0.001570 348.214286 21 41 46 70 77 88
0.000000 0.000000 0.000000 1.067899 1.240045 -10.435899 -53.428098 0.010204 0.010204 0.000763 348.214286 1.125624 1.217407 -9.964804 -63.638904 0.010204 0.010204 0.001609 348.214286 21 41 46 70 77 92
0.000000 0.000000 0.000000 1.295648 1.739813 -58.060156 -122.117194 0.010204 0.010204 0.000756 366.857143 1.125624 1.217409 -10.961581 -67.838912 0.010204 0.010204 0.001529 366.857143 21 41 46 70 77 97
0.000000 0.000000 0.000000 1.006724 1.123965 -34.542929 -86.347207 0.010204 0.010204 0.000724 366.857143 1.125624 1.217399 -15.894155 -73.318248 0.010204 0.010204 0.001535 366.857143 21 41 46 70 77 98
0.000000 0.000000 0.000000 1.127402 1.076101 -158.831279 -63.200043 0.010204 0.010204 0.000842 348.214286 1.125625 1.217764 -23.457858 -58.508543 0.010204 0.010204 0.001539 348.214286 21 41 46 70 81 88
0.000000 0.000000 0.000000 1.545847 1.296266 -89.389481 -62.529405 0.010204 0.010204 0.000891 348.214286 1.125625 1.218286 -21.282552 -71.743916 0.010204 0.010204 0.001505 348.214286 21 41 46 70 81 92
0.000000 0.000000 0.000000 1.002825 1.055217 -115.447316 -39.042023 0.010204 0.010204 0.000793 366.857143 1.125625 1.217752 -11.938205 -69.986366 0.010204 0.010204 0.001472 366.857143 21 41 46 70 81 97
0.000000 0.000000 0.000000 1.087334 1.049023 -44.400561 -61.072484 0.010204 0.010204 0.000832 366.857143 1.125625 1.217767 -256.524848 -73.090195 0.010204 0.010204 0.001467 366.857143 21 41 46 70 81 98
0.000000 0.000000 0.000000 1.004883 1.055533 -56.548999 -61.272649 0.010204 0.010204 0.000708 366.857143 1.125624 1.217400 -20.680685 -71.010521 0.010204 0.010204 0.001534 366.857143 21 41 46 70 86 88
0.000000 0.000000 0.000000 1.001210 1.055868 -0.035240 -48.793310 0.010204 0.010204 0.000679 366.857143 1.125624 1.217390 -26.901426 -58.587493 0.010204 0.010204 0.001541 366.857143 21 41 46 70 86 92
0.000000 0.000000 0.000000 1.008032 1.058432 -107.182512 -58.542360 0.010204 0.010204 0.000717 385.500000 1.125624 1.217547 -18.213824 -72.734775 0.010204 0.010204 0.001433 385.500000 21 41 46 70 86 97
0.000000 0.000000 0.000000 1.003908 1.057844 -1.210814 -69.020457 0.010204 0.010204 0.000687 385.500000 1.125624 1.217392 -26.556819 -67.327626 0.010204 0.010204 0.001464 385.500000 21 41 46 70 86 98
0.000000 0.000000 0.000000 1.015385 1.219891 -1.296419 -76.075254 0.010204 0.010204 0.000737 366.857143 1.125624 1.217400 -49.206173 -69.031170 0.010204 0.010204 0.001530 366.857143 21 41 46 70 87 88
0.000000 0.000000 0.000000 1.051841 1.077494 -12.879591 -65.221833 0.010204 0.010204 0.000772 366.857143 1.125624 1.217410 -13.838088 -68.517107 0.010204 0.010204 0.001524 366.857143 21 41 46 70 87 92
0.000000 0.000000 0.000000 1.060449 1.121564 -1.528597 -43.357584 0.010204 0.010204 0.000747 385.500000 1.125624 1.217402 -14.613920 -61.523174 0.010204 0.010204 0.001455 385.500000 21 41 46 70 87 97
0.000000 0.000000 0.000000 1.120781 1.126495 -10.894816 -53.666448 0.010204 0.010204 0.000783 385.500000 1.125624 1.217561 -297.356190 -78.788508 0.010204 0.010204 0.001425 385.500000 21 41 46 70 87 98
0.000000 0.000000 0.000000 1.118378 1.081372 -82.989524 -57.791270 0.010204 0.010204 0.000828 366.857143 1.125625 1.217774 -110.555530 -68.139140 0.010204 0.010204 0.001485 366.857143 21 41 46 75 77 88
0.000000 0.000000 0.000000 1.052626 1.108290 -12.354455 -66.011069 0.010204 0.010204 0.000786 366.857143 1.125625 1.217427 -143.799266 -78.440207 0.010204 0.010204 0.001520 366.857143 21 41 46 75 77 92
0.000000 0.000000 0.000000 1.044455 1.053376 -3.687345 -60.150881 0.010204 0.010204 0.000778 385.500000 1.125625 1.217428 -27.548815 -74.762341 0.010204 0.010204 0.001448 385.500000 21 41 46 75 77 97
0.000000 0.000000 0.000000 1.009588 1.226640 -1.172571 -73.046862 0.010204 0.010204 0.000744 385.500000 1.125625 1.217419 -152.148830 -67.724531 0.010204 0.010204 0.001453 385.500000 21 41 46 75 77 98
0.000000 0.000000 0.000000 1.003655 1.067747 -0.719645 -70.944232 0.010204 0.010204 0.000719 366.857143 1.125625 1.217417 -154.697667 -70.049180 0.010204 0.010204 0.001531 366.857143 21 41 46 75 81 88
0.000000 0.000000 0.000000 1.022911 1.170386 -6.045241 -63.726571 0.010204 0.010204 0.000752 366.857143 1.125625 1.217758 -8.428054 -79.459412 0.010204 0.010204 0.001494 366.857143 21 41 46 75 81 92
0.000000 0.000000 0.000000 1.002038 1.135888 -0.072670 -55.893604 0.010204 0.010204 0.000684 385.500000 1.125625 1.217409 -52.124243 -68.369314 0.010204 0.010204 0.001462 385.500000 21 41 46 75 81 97
0.000000 0.000000 0.000000 1.009267 1.121866 -4.620717 -60.623291 0.010204 0.010204 0.000712 385.500000 1.125625 1.217418 -8.907950 -67.877768 0.010204 0.010204 0.001457 385.500000 21 41 46 75 81 98
0.000000 0.000000 0.000000 1.167301 1.058050 -38.374755 -53.852772 0.010204 0.010204 0.000836 385.500000 1.125625 1.217591 -11.620597 -73.497487 0.010204 0.010204 0.001394 385.500000 21 41 46 75 86 88
0.000000 0.000000 0.000000 1.003074 1.207225 -116.560408 -59.268330 0.010204 0.010204 0.000794 385.500000 1.125625 1.217578 -19.358751 -84.750242 0.010204 0.010204 0.001399 385.500000 21 41 46 75 86 92
0.000000 0.000000 0.000000 2.818790 1.599314 -160.483911 -124.705078 0.010204 0.010204 0.000851 404.142857 1.125625 1.217820 -11.286356 -68.083710 0.010204 0.010204 0.001311 404.142857 21 41 46 75 86 97
0.000000 0.000000 0.000000 1.340624 1.131426 -74.205914 -66.367292 0.010204 0.010204 0.000806 404.142857 1.125625 1.217581 -14.557823 -70.180613 0.010204 0.010204 0.001337 404.142857 21 41 46 75 86 98
0.000000 0.000000 0.000000 1.001754 1.049008 -104.623955 -48.202347 0.010204 0.010204 0.000725 385.500000 1.125625 1.217411 -11.403834 -88.095321 0.010204 0.010204 0.001456 385.500000 21 41 46 75 87 88
0.000000 0.000000 0.000000 1.060242 1.128658 -5.335140 -57.967367 0.010204 0.010204 0.000759 385.500000 1.125625 1.217420 -20.925657 -75.946852 0.010204 0.010204 0.001451 385.500000 21 41 46 75 87 92
0.000000 0.000000 0.000000 1.014631 1.049314 -193.472791 -51.124104 0.010204 0.010204 0.000734 404.142857 1.125625 1.217413 -19.500335 -66.401728 0.010204 0.010204 0.001387 404.142857 21 41 46 75 87 97
0.000000 0.000000 0.000000 1.198890 1.218650 -49.345693 -64.731515 0.010204 0.010204 0.000770 404.142857 1.125625 1.217569 -140.849109 -69.752385 0.010204 0.010204 0.001359 404.142857 21 41 46 75 87 98
0.000000 0.000000 0.000000 1.008742 1.087838 -144.849258 -81.521789 0.010204 0.010204 0.000669 366.857143 1.125624 1.217703 -112.977584 -72.830007 0.010204 0.010204 0.001507 366.857143 21 41 46 76 77 88
0.000000 0.000000 0.000000 1.004744 1.067826 -121.761064 -64.269680 0.010204 0.010204 0.000642 366.857143 1.125624 1.217363 -74.283041 -76.166740 0.010204 0.010204 0.001545 366.857143 21 41 46 76 77 92
0.000000 0.000000 0.000000 1.006133 1.076181 -0.344536 -71.983704 0.010204 0.010204 0.000637 385.500000 1.125624 1.217364 -32.331063 -73.679434 0.010204 0.010204 0.001469 385.500000 21 41 46 76 77 97
0.000000 0.000000 0.000000 1.003402 1.093960 -68.763763 -77.266973 0.010204 0.010204 0.000614 385.500000 1.125624 1.217354 -60.773031 -67.694130 0.010204 0.010204 0.001475 385.500000 21 41 46 76 77 98
0.000000 0.000000 0.000000 1.097567 1.363952 -78.358464 -64.733064 0.010204 0.010204 0.000695 366.857143 1.125624 1.217372 -7.908744 -68.580671 0.010204 0.010204 0.001534 366.857143 21 41 46 76 81 88
0.000000 0.000000 0.000000 1.040627 1.123005 -141.136994 -69.689584 0.010204 0.010204 0.000727 366.857143 1.125624 1.217719 -164.587993 -73.349812 0.010204 0.010204 0.001497 366.857143 21 41 46 76 81 92
0.000000 0.000000 0.000000 1.011429 1.083966 -0.782059 -52.272384 0.010204 0.010204 0.000662 385.500000 1.125624 1.217364 -4.766836 -83.102049 0.010204 0.010204 0.001465 385.500000 21 41 46 76 81 97
0.000000 0.000000 0.000000 1.118320 1.401783 -119.460026 -137.469684 0.010204 0.010204 0.000689 385.500000 1.125624 1.217374 -51.987514 -69.648699 0.010204 0.010204 0.001460 385.500000 21 41 46 76 81 98
0.000000 0.000000 0.000000 1.011636 1.052195 -217.054773 -68.642606 0.010204 0.010204 0.000674 385.500000 1.125624 1.217366 -6.215235 -68.106885 0.010204 0.010204 0.001463 385.500000 21 41 46 76 86 88
0.000000 0.000000 0.000000 1.004764 1.048860 -1.349541 -46.848753 0.010204 0.010204 0.000648 385.500000 1.125624 1.217356 -105.981890 -74.466730 0.010204 0.010204 0.001468 385.500000 21 41 46 76 86 92
0.000000 0.000000 0.000000 1.018797 1.072431 -0.368439 -56.927764 0.010204 0.010204 0.000683 404.142857 1.125624 1.217515 -119.363143 -74.599122 0.010204 0.010204 0.001369 404.142857 21 41 46 76 86 97
0.000000 0.000000 0.000000 1.014483 1.072451 -132.337679 -73.636211 0.010204 0.010204 0.000655 404.142857 1.125624 1.217358 -174.902620 -70.540661 0.010204 0.010204 0.001398 404.142857 21 41 46 76 86 98
0.000000 0.000000 0.000000 1.037461 1.090231 -162.997291 -55.869572 0.010204 0.010204 0.000701 385.500000 1.125624 1.217514 -167.212150 -67.876130 0.010204 0.010204 0.001410 385.500000 21 41 46 76 87 88
0.000000 0.000000 0.000000 1.031584 1.062171 -4.907799 -64.669580 0.010204 0.010204 0.000733 385.500000 1.125624 1.217528 -13.949298 -71.609743 0.010204 0.010204 0.001405 385.500000 21 41 46 76 87 92
0.000000 0.000000 0.000000 1.035215 1.069899 -50.728017 -51.959492 0.010204 0.010204 0.000710 404.142857 1.125624 1.217518 -42.441505 -71.445996 0.010204 0.010204 0.001347 404.142857 21 41 46 76 87 97
0.000000 0.000000 0.000000 1.028014 1.054627 -18.359048 -67.638264 0.010204 0.010204 0.000744 404.142857 1.125624 1.217755 -33.282378 -70.611752 0.010204 0.010204 0.001321 404.142857 21 41 46 76 87 98
0.000000 0.000000 0.000000 1.079861 1.052436 -95.994915 -70.849265 0.010204 0.010204 0.000757 348.214286 1.125471 1.218114 -79.649007 -72.803984 0.010204 0.010204 0.001519 348.214286 21 41 50 66 77 88
0.000000 0.000000 0.000000 1.084573 1.055788 -126.963596 -58.886686 0.010204 0.010204 0.000720 348.214286 1.125471 1.217592 -25.211701 -59.681480 0.010204 0.010204 0.001555 348.214286 21 41 50 66 77 92
0.000000 0.000000 0.000000 1.082364 1.054210 -28.864338 -67.317099 0.010204 0.010204 0.000713 366.857143 1.125471 1.217595 -89.799751 -65.113162 0.010204 0.010204 0.001481 366.857143 21 41 50 66 77 97
0.000000 0.000000 0.000000 1.118583 1.081261 -83.906958 -61.525274 0.010204 0.010204 0.000683 366.857143 1.125471 1.217580 -27.864437 -77.293346 0.010204 0.010204 0.001486 366.857143 21 41 50 66 77 98
0.000000 0.000000 0.000000 1.127186 1.126945 -107.269078 -50.253996 0.010204 0.010204 0.000661 348.214286 1.125471 1.217236 -175.261254 -65.256707 0.010204 0.010204 0.001626 348.214286 21 41 50 66 81 88
0.000000 0.000000 0.000000 1.057483 1.049280 -49.069805 -64.199458 0.010204 0.010204 0.000691 348.214286 1.125471 1.217580 -20.875193 -67.604143 0.010204 0.010204 0.001586 348.214286 21 41 50 66 81 92
0.000000 0.000000 0.000000 1.026157 1.049660 -64.226687 -50.301518 0.010204 0.010204 0.000631 366.857143 1.125471 1.217227 -19.860670 -68.273123 0.010204 0.010204 0.001550 366.857143 21 41 50 66 81 97
0.000000 0.000000 0.000000 1.648550 1.602906 -63.753267 -130.125546 0.010204 0.010204 0.000656 366.857143 1.125471 1.217237 -167.460105 -64.076835 0.010204 0.010204 0.001545 366.857143 21 41 50 66 81 98
0.000000 0.000000 0.000000 1.585043 1.467953 -50.853351 -79.912866 0.010204 0.010204 0.000668 366.857143 1.125471 1.217238 -35.703917 -66.643255 0.010204 0.010204 0.001539 366.857143 21 41 50 66 86 88
0.000000 0.000000 0.000000 1.034888 1.046227 -176.967611 -56.820854 0.010204 0.010204 0.000641 366.857143 1.125471 1.217228 -23.074773 -66.741118 0.010204 0.010204 0.001545 366.857143 21 41 50 66 86 92
0.000000 0.000000 0.000000 1.103298 1.078869 -44.424600 -55.058894 0.010204 0.010204 0.000676 385.500000 1.125471 1.217389 -11.556632 -69.477141 0.010204 0.010204 0.001438 385.500000 21 41 50 66 86 97
0.000000 0.000000 0.000000 1.079426 1.066043 -2.912260 -58.624896 0.010204 0.010204 0.000648 385.500000 1.125471 1.217230 -86.757104 -59.848575 0.010204 0.010204 0.001469 385.500000 21 41 50 66 86 98
0.000000 0.000000 0.000000 1.009885 1.060332 -211.750938 -58.987567 0.010204 0.010204 0.000596 366.857143 1.125471 1.217219 -39.395429 -68.622138 0.010204 0.010204 0.001556 366.857143 21 41 50 66 87 88
0.000000 0.000000 0.000000 1.129757 1.272402 -96.198219 -64.493552 0.010204 0.010204 0.000619 366.857143 1.125471 1.217228 -16.067651 -69.110366 0.010204 0.010204 0.001550 366.857143 21 41 50 66 87 92
0.000000 0.000000 0.000000 1.042586 1.105022 -6.475695 -68.938501 0.010204 0.010204 0.000602 385.500000 1.125471 1.217221 -49.809299 -70.250573 0.010204 0.010204 0.001479 385.500000 21 41 50 66 87 97
0.000000 0.000000 0.000000 1.041163 1.068549 -79.129069 -60.603777 0.010204 0.010204 0.000626 385.500000 1.125471 1.217375 -56.057765 -74.439555 0.010204 0.010204 0.001447 385.500000 21 41 50 66 87 98
0.000000 0.000000 0.000000 1.632467 1.239148 -71.182605 -52.285643 0.010204 0.010204 0.000783 348.214286 1.125480 1.219103 -110.324978 -67.537310 0.010204 0.010204 0.001499 348.214286 21 41 50 70 77 88
0.000000 0.000000 0.000000 1.137871 1.055974 -45.975184 -47.673879 0.010204 0.010204 0.000745 348.214286 1.125480 1.218756 -177.178734 -73.769239 0.010204 0.010204 0.001534 348.214286 21 41 50 70 77 92
0.000000 0.000000 0.000000 3.514459 1.972682 -315.648922 -88.971364 0.010204 0.010204 0.000738 366.857143 1.125480 1.218757 -45.734356 -72.982114 0.010204 0.010204 0.001462 366.857143 21 41 50 70 77 97
0.000000 0.000000 0.000000 1.016101 1.155049 -44.210165 -61.231282 0.010204 0.010204 0.000707 366.857143 1.125480 1.218747 -198.381954 -74.521116 0.010204 0.010204 0.001467 366.857143 21 41 50 70 77 98
0.000000 0.000000 0.000000 1.257496 1.094828 -127.535298 -52.059422 0.010204 0.010204 0.000822 348.214286 1.125481 1.219504 -144.952600 -61.757624 0.010204 0.010204 0.001472 348.214286 21 41 50 70 81 88
0.000000 0.000000 0.000000 1.255230 1.093926 -147.643830 -58.682514 0.010204 0.010204 0.000873 348.214286 1.125482 1.220113 -120.620688 -76.838784 0.010204 0.010204 0.001440 348.214286 21 41 50 70 81 92
0.000000 0.000000 0.000000 1.307618 1.126892 -102.139778 -45.300451 0.010204 0.010204 0.000774 366.857143 1.125481 1.219490 -13.399296 -75.368441 0.010204 0.010204 0.001411 366.857143 21 41 50 70 81 97
0.000000 0.000000 0.000000 1.256378 1.094374 -79.248838 -58.995085 0.010204 0.010204 0.000814 366.857143 1.125481 1.219509 -17.467289 -65.298601 0.010204 0.010204 0.001406 366.857143 21 41 50 70 81 98
0.000000 0.000000 0.000000 1.039222 1.085476 -2.522886 -61.542712 0.010204 0.010204 0.000691 366.857143 1.125480 1.218739 -12.953036 -75.082045 0.010204 0.010204 0.001466 366.857143 21 41 50 70 86 88
0.000000 0.000000 0.000000 1.008303 1.605319 -58.357936 -111.684528 0.010204 0.010204 0.000663 366.857143 1.125480 1.218730 -69.437256 -66.112841 0.010204 0.010204 0.001472 366.857143 21 41 50 70 86 92
0.000000 0.000000 0.000000 1.269514 1.177373 -224.139771 -57.252374 0.010204 0.010204 0.000700 385.500000 1.125480 1.218887 -21.075133 -72.476980 0.010204 0.010204 0.001375 385.500000 21 41 50 70 86 97
0.000000 0.000000 0.000000 1.013256 1.063893 -36.191683 -77.562244 0.010204 0.010204 0.000671 385.500000 1.125480 1.218732 -13.582221 -70.123295 0.010204 0.010204 0.001403 385.500000 21 41 50 70 86 98
0.000000 0.000000 0.000000 1.076974 1.328513 -2.918533 -57.270766 0.010204 0.010204 0.000719 366.857143 1.125480 1.218754 -19.971136 -68.549176 0.010204 0.010204 0.001463 366.857143 21 41 50 70 87 88
0.000000 0.000000 0.000000 1.446658 1.167851 -216.415197 -71.136106 0.010204 0.010204 0.000753 366.857143 1.125480 1.218763 -13.578652 -74.431043 0.010204 0.010204 0.001457 366.857143 21 41 50 70 87 92
0.000000 0.000000 0.000000 1.571630 1.217008 -98.212258 -63.564961 0.010204 0.010204 0.000729 385.500000 1.125480 1.218756 -32.422959 -58.520186 0.010204 0.010204 0.001395 385.500000 21 41 50 70 87 97
0.000000 0.000000 0.000000 1.367765 1.137073 -157.294121 -72.025024 0.010204 0.010204 0.000765 385.500000 1.125480 1.218917 -22.843059 -67.425298 0.010204 0.010204 0.001367 385.500000 21 41 50 70 87 98
0.000000 0.000000 0.000000 1.033054 1.051648 -2.637895 -65.287080 0.010204 0.010204 0.000634 366.857143 1.125471 1.217548 -44.612894 -73.058822 0.010204 0.010204 0.001512 366.857143 21 41 50 75 77 88
0.000000 0.000000 0.000000 1.240213 1.397854 -89.266657 -82.354397 0.010204 0.010204 0.000609 366.857143 1.125471 1.217201 -160.343571 -72.600214 0.010204 0.010204 0.001549 366.857143 21 41 50 75 77 92
0.000000 0.000000 0.000000 1.066334 1.107111 -24.990200 -70.690232 0.010204 0.010204 0.000604 385.500000 1.125471 1.217203 -59.339590 -76.256188 0.010204 0.010204 0.001474 385.500000 21 41 50 75 77 97
0.000000 0.000000 0.000000 1.023394 1.046632 -37.175601 -76.608555 0.010204 0.010204 0.000583 385.500000 1.125471 1.217193 -329.538250 -73.694267 0.010204 0.010204 0.001479 385.500000 21 41 50 75 77 98
0.000000 0.000000 0.000000 1.013325 1.048656 -5.416278 -47.243420 0.010204 0.010204 0.000568 366.857143 1.125471 1.217192 -13.781590 -65.439609 0.010204 0.010204 0.001560 366.857143 21 41 50 75 81 88
0.000000 0.000000 0.000000 1.021065 1.063276 -128.118950 -66.310824 0.010204 0.010204 0.000589 366.857143 1.125471 1.217532 -14.240924 -67.737929 0.010204 0.010204 0.001522 366.857143 21 41 50 75 81 92
0.000000 0.000000 0.000000 1.204836 2.148132 -14.840166 -105.250152 0.010204 0.010204 0.000545 385.500000 1.125471 1.217184 -175.621005 -77.922914 0.010204 0.010204 0.001489 385.500000 21 41 50 75 81 97
0.000000 0.000000 0.000000 1.178403 1.601267 -32.835949 -64.382752 0.010204 0.010204 0.000564 385.500000 1.125471 1.217193 -33.914645 -69.694068 0.010204 0.010204 0.001484 385.500000 21 41 50 75 81 98
0.000000 0.000000 0.000000 1.214089 1.280331 -14.519549 -56.867917 0.010204 0.010204 0.000639 385.500000 1.125471 1.217357 -74.972054 -60.136528 0.010204 0.010204 0.001418 385.500000 21 41 50 75 86 88
0.000000 0.000000 0.000000 4.666329 5.874328 -252.510785 -360.007102 0.010204 0.010204 0.000614 385.500000 1.125471 1.217343 -36.963392 -71.567776 0.010204 0.010204 0.001423 385.500000 21 41 50 75 86 92
0.000000 0.000000 0.000000 1.185635 1.242585 -23.207995 -91.461994 0.010204 0.010204 0.000647 404.142857 1.125471 1.217584 -8.768423 -58.768055 0.010204 0.010204 0.001333 404.142857 21 41 50 75 86 97
0.000000 0.000000 0.000000 1.240526 1.315426 -115.944904 -73.697301 0.010204 0.010204 0.000621 404.142857 1.125471 1.217347 -41.923942 -66.610710 0.010204 0.010204 0.001359 404.142857 21 41 50 75 86 98
0.000000 0.000000 0.000000 1.036794 1.091089 -3.348857 -64.647760 0.010204 0.010204 0.000572 385.500000 1.125471 1.217186 -11.993966 -69.077877 0.010204 0.010204 0.001482 385.500000 21 41 50 75 87 88
0.000000 0.000000 0.000000 1.199442 1.366542 -14.665208 -67.342000 0.010204 0.010204 0.000593 385.500000 1.125471 1.217195 -13.852337 -76.019317 0.010204 0.010204 0.001477 385.500000 21 41 50 75 87 92
0.000000 0.000000 0.000000 1.038278 1.072965 -45.103892 -79.516080 0.010204 0.010204 0.000577 404.142857 1.125471 1.217188 -228.198728 -70.581438 0.010204 0.010204 0.001411 404.142857 21 41 50 75 87 97
0.000000 0.000000 0.000000 1.032287 1.056408 -194.939291 -63.628214 0.010204 0.010204 0.000599 404.142857 1.125471 1.217344 -107.905779 -70.020750 0.010204 0.010204 0.001382 404.142857 21 41 50 75 87 98
0.000000 0.000000 0.000000 1.036501 1.049228 -160.622583 -65.507890 0.010204 0.010204 0.000653 366.857143 1.125472 1.217585 -17.833377 -64.724627 0.010204 0.010204 0.001509 366.857143 21 41 50 76 77 88
0.000000 0.000000 0.000000 1.022280 1.051454 -156.894141 -59.319585 0.010204 0.010204 0.000627 366.857143 1.125472 1.217244 -17.682912 -67.950887 0.010204 0.010204 0.001546 366.857143 21 41 50 76 77 92
0.000000 0.000000 0.000000 1.632124 2.159372 -116.994305 -110.906461 0.010204 0.010204 0.000622 385.500000 1.125472 1.217245 -165.776090 -70.735094 0.010204 0.010204 0.001471 385.500000 21 41 50 76 77 97
0.000000 0.000000 0.000000 1.011607 1.086639 -56.852960 -62.215845 0.010204 0.010204 0.000600 385.500000 1.125472 1.217236 -75.417190 -72.541261 0.010204 0.010204 0.001476 385.500000 21 41 50 76 77 98
0.000000 0.000000 0.000000 1.072604 1.047989 -41.563461 -54.666094 0.010204 0.010204 0.000678 366.857143 1.125472 1.217254 -13.748972 -70.366151 0.010204 0.010204 0.001536 366.857143 21 41 50 76 81 88
0.000000 0.000000 0.000000 1.094968 1.057312 -15.178043 -46.761761 0.010204 0.010204 0.000710 366.857143 1.125472 1.217601 -69.855891 -75.086209 0.010204 0.010204 0.001499 366.857143 21 41 50 76 81 92
0.000000 0.000000 0.000000 1.066698 1.084924 -30.593901 -59.061609 0.010204 0.010204 0.000646 385.500000 1.125472 1.217246 -29.193995 -71.377134 0.010204 0.010204 0.001467 385.500000 21 41 50 76 81 97
0.000000 0.000000 0.000000 1.213007 1.134582 -45.424173 -68.575001 0.010204 0.010204 0.000672 385.500000 1.125472 1.217256 -51.883472 -74.306327 0.010204 0.010204 0.001462 385.500000 21 41 50 76 81 98
0.000000 0.000000 0.000000 1.086976 1.062677 -215.276704 -56.805522 0.010204 0.010204 0.000658 385.500000 1.125472 1.217248 -10.209823 -65.188063 0.010204 0.010204 0.001464 385.500000 21 41 50 76 86 88
0.000000 0.000000 0.000000 1.046006 1.088357 -193.639996 -46.723553 0.010204 0.010204 0.000632 385.500000 1.125472 1.217238 -32.447973 -58.986360 0.010204 0.010204 0.001470 385.500000 21 41 50 76 86 92
0.000000 0.000000 0.000000 1.129931 1.086108 -226.094062 -63.436858 0.010204 0.010204 0.000666 404.142857 1.125472 1.217396 -70.152685 -71.709892 0.010204 0.010204 0.001371 404.142857 21 41 50 76 86 97
0.000000 0.000000 0.000000 1.674226 1.523367 -39.654562 -95.989184 0.010204 0.010204 0.000639 404.142857 1.125472 1.217240 -39.017874 -73.316508 0.010204 0.010204 0.001400 404.142857 21 41 50 76 86 98
0.000000 0.000000 0.000000 1.359436 1.202454 -127.798399 -79.230731 0.010204 0.010204 0.000684 385.500000 1.125472 1.217405 -53.092181 -74.676069 0.010204 0.010204 0.001412 385.500000 21 41 50 76 87 88
0.000000 0.000000 0.000000 1.170061 1.091000 -28.259982 -52.315635 0.010204 0.010204 0.000716 385.500000 1.125472 1.217418 -77.661738 -65.883406 0.010204 0.010204 0.001407 385.500000 21 41 50 76 87 92
0.000000 0.000000 0.000000 1.175894 1.094294 -139.907436 -72.288694 0.010204 0.010204 0.000693 404.142857 1.125472 1.217408 -25.521338 -79.140507 0.010204 0.010204 0.001349 404.142857 21 41 50 76 87 97
0.000000 0.000000 0.000000 1.163365 1.087237 -34.801525 -73.166474 0.010204 0.010204 0.000727 404.142857 1.125472 1.217647 -97.653349 -66.016000 0.010204 0.010204 0.001323 404.142857 21 41 50 76 87 98
0.000000 0.000000 0.000000 1.083781 1.094816 -8.983549 -66.989326 0.010204 0.010204 0.001078 348.214286 1.129439 1.222656 -16.365420 -68.036940 0.010204 0.010204 0.001417 348.214286 21 41 61 66 77 88
0.000000 0.000000 0.000000 1.004942 1.058950 -28.749479 -44.296371 0.010204 0.010204 0.001007 348.214286 1.129438 1.222131 -44.015644 -79.410088 0.010204 0.010204 0.001448 348.214286 21 41 61 66 77 92
0.000000 0.000000 0.000000 1.302057 1.785656 -35.304433 -92.577453 0.010204 0.010204 0.000994 366.857143 1.129438 1.222134 -12.506240 -65.585649 0.010204 0.010204 0.001384 366.857143 21 41 61 66 77 97
0.000000 0.000000 0.000000 1.000074 1.158861 -4.381534 -72.035032 0.010204 0.010204 0.000939 366.857143 1.129438 1.222119 -17.717845 -64.999991 0.010204 0.010204 0.001389 366.857143 21 41 61 66 77 98
0.000000 0.000000 0.000000 1.001650 1.144164 -0.135342 -62.496010 0.010204 0.010204 0.000897 348.214286 1.129432 1.221756 -159.618241 -71.967881 0.010204 0.010204 0.001510 348.214286 21 41 61 66 81 88
0.000000 0.000000 0.000000 1.022407 1.434569 -2.875631 -103.815616 0.010204 0.010204 0.000950 348.214286 1.129432 1.222100 -74.459865 -72.956003 0.010204 0.010204 0.001475 348.214286 21 41 61 66 81 92
0.000000 0.000000 0.000000 1.000340 1.219613 -0.019674 -58.536965 0.010204 0.010204 0.000844 366.857143 1.129432 1.221747 -16.312926 -72.452653 0.010204 0.010204 0.001444 366.857143 21 41 61 66 81 97
0.000000 0.000000 0.000000 1.014194 1.697354 -170.222464 -87.488022 0.010204 0.010204 0.000887 366.857143 1.129432 1.221757 -204.440291 -60.223913 0.010204 0.010204 0.001439 366.857143 21 41 61 66 81 98
0.000000 0.000000 0.000000 1.004013 1.094436 -56.467235 -54.121456 0.010204 0.010204 0.000909 366.857143 1.129432 1.221758 -15.115588 -61.155263 0.010204 0.010204 0.001434 366.857143 21 41 61 66 86 88
0.000000 0.000000 0.000000 1.000106 1.060559 -103.364569 -69.447272 0.010204 0.010204 0.000862 366.857143 1.129432 1.221749 -8.717724 -75.440715 0.010204 0.010204 0.001440 366.857143 21 41 61 66 86 92
0.000000 0.000000 0.000000 1.013337 1.106539 -89.742803 -72.026277 0.010204 0.010204 0.000925 385.500000 1.129432 1.221910 -10.591185 -64.609150 0.010204 0.010204 0.001346 385.500000 21 41 61 66 86 97
0.000000 0.000000 0.000000 1.001072 1.046927 -0.979893 -63.968797 0.010204 0.010204 0.000875 385.500000 1.129432 1.221751 -13.335982 -83.286017 0.010204 0.010204 0.001373 385.500000 21 41 61 66 86 98
0.000000 0.000000 0.000000 1.000043 1.056546 -0.005057 -53.224591 0.010204 0.010204 0.000784 366.857143 1.129432 1.221738 -60.940328 -74.151276 0.010204 0.010204 0.001449 366.857143 21 41 61 66 87 88
0.000000 0.000000 0.000000 1.000244 1.065211 -7.866121 -60.484005 0.010204 0.010204 0.000822 366.857143 1.129432 1.221748 -14.211356 -61.050138 0.010204 0.010204 0.001443 366.857143 21 41 61 66 87 92
0.000000 0.000000 0.000000 1.000129 1.047624 -0.082130 -64.308093 0.010204 0.010204 0.000795 385.500000 1.129432 1.221740 -159.057708 -74.236614 0.010204 0.010204 0.001381 385.500000 21 41 61 66 87 97
0.000000 0.000000 0.000000 1.001486 1.220013 -212.791844 -84.226600 0.010204 0.010204 0.000834 385.500000 1.129432 1.221895 -13.428899 -73.204853 0.010204 0.010204 0.001353 385.500000 21 41 61 66 87 98
0.000000 0.000000 0.000000 1.079366 5.254546 -239.728103 -285.148849 0.010204 0.010204 0.000820 348.214286 1.129397 1.221981 -13.086764 -66.503296 0.010204 0.010204 0.001488 348.214286 21 41 61 70 77 88
0.000000 0.000000 0.000000 1.000679 1.052854 -0.150534 -62.380344 0.010204 0.010204 0.000781 348.214286 1.129397 1.221636 -24.634619 -73.703786 0.010204 0.010204 0.001523 348.214286 21 41 61 70 77 92
0.000000 0.000000 0.000000 1.001160 1.076981 -96.735260 -65.207918 0.010204 0.010204 0.000773 366.857143 1.129397 1.221637 -124.158059 -66.135768 0.010204 0.010204 0.001451 366.857143 21 41 61 70 77 97
0.000000 0.000000 0.000000 1.000759 1.142795 -92.036241 -97.041319 0.010204 0.010204 0.000740 366.857143 1.129397 1.221628 -142.010664 -67.741897 0.010204 0.010204 0.001456 366.857143 21 41 61 70 77 98
0.000000 0.000000 0.000000 1.002375 1.050727 -63.432156 -64.941976 0.010204 0.010204 0.000860 348.214286 1.129398 1.221988 -50.265607 -66.022052 0.010204 0.010204 0.001460 348.214286 21 41 61 70 81 88
0.000000 0.000000 0.000000 1.009369 1.192430 -105.613090 -82.708259 0.010204 0.010204 0.000911 348.214286 1.129398 1.222509 -36.186415 -77.941862 0.010204 0.010204 0.001429 348.214286 21 41 61 70 81 92
0.000000 0.000000 0.000000 1.002379 1.109046 -2.496428 -53.225087 0.010204 0.010204 0.000810 366.857143 1.129398 1.221976 -34.405376 -73.332875 0.010204 0.010204 0.001400 366.857143 21 41 61 70 81 97
0.000000 0.000000 0.000000 1.028358 1.594072 -2.140812 -77.593690 0.010204 0.010204 0.000851 366.857143 1.129398 1.221991 -92.467303 -64.978904 0.010204 0.010204 0.001395 366.857143 21 41 61 70 81 98
0.000000 0.000000 0.000000 1.000473 1.096177 -15.642772 -57.950696 0.010204 0.010204 0.000723 366.857143 1.129397 1.221629 -133.541389 -69.583537 0.010204 0.010204 0.001456 366.857143 21 41 61 70 86 88
0.000000 0.000000 0.000000 1.000562 1.273598 -0.083518 -82.790872 0.010204 0.010204 0.000694 366.857143 1.129397 1.221619 -17.726744 -76.042735 0.010204 0.010204 0.001461 366.857143 21 41 61 70 86 92
0.000000 0.000000 0.000000 1.000334 1.053259 -151.318333 -87.974389 0.010204 0.010204 0.000733 385.500000 1.129397 1.221776 -259.314953 -63.444439 0.010204 0.010204 0.001364 385.500000 21 41 61 70 86 97
0.000000 0.000000 0.000000 1.000522 1.123444 -0.026447 -55.432287 0.010204 0.010204 0.000702 385.500000 1.129397 1.221621 -17.349506 -63.352303 0.010204 0.010204 0.001392 385.500000 21 41 61 70 86 98
0.000000 0.000000 0.000000 1.000510 1.068340 -84.052166 -60.334297 0.010204 0.010204 0.000754 366.857143 1.129397 1.221629 -43.402801 -73.152805 0.010204 0.010204 0.001452 366.857143 21 41 61 70 87 88
0.000000 0.000000 0.000000 1.043118 2.972617 -6.634164 -129.420425 0.010204 0.010204 0.000789 366.857143 1.129397 1.221638 -26.581310 -65.975547 0.010204 0.010204 0.001446 366.857143 21 41 61 70 87 92
0.000000 0.000000 0.000000 1.001316 1.068682 -0.162731 -63.636687 0.010204 0.010204 0.000763 385.500000 1.129397 1.221631 -10.746559 -64.951745 0.010204 0.010204 0.001384 385.500000 21 41 61 70 87 97
0.000000 0.000000 0.000000 1.001407 1.053916 -226.160601 -66.796657 0.010204 0.010204 0.000801 385.500000 1.129397 1.221790 -38.454060 -80.565759 0.010204 0.010204 0.001356 385.500000 21 41 61 70 87 98
0.000000 0.000000 0.000000 1.314918 5.028079 -100.709862 -262.423309 0.010204 0.010204 0.001078 366.857143 1.130184 1.224615 -12.398473 -70.221185 0.010204 0.010204 0.001340 366.857143 21 41 61 75 77 88
0.000000 0.000000 0.000000 1.000268 1.051656 -31.810208 -74.875406 0.010204 0.010204 0.001009 366.857143 1.130183 1.224263 -13.848580 -69.007889 0.010204 0.010204 0.001369 366.857143 21 41 61 75 77 92
0.000000 0.000000 0.000000 1.001561 1.133864 -0.076432 -50.027177 0.010204 0.010204 0.000996 385.500000 1.130183 1.224265 -102.712980 -63.832889 0.010204 0.010204 0.001310 385.500000 21 41 61 75 77 97
0.000000 0.000000 0.000000 1.000007 1.060734 -191.282255 -84.285281 0.010204 0.010204 0.000941 385.500000 1.130183 1.224255 -50.946445 -80.485492 0.010204 0.010204 0.001314 385.500000 21 41 61 75 77 98
0.000000 0.000000 0.000000 1.000020 1.086961 -0.239639 -72.524378 0.010204 0.010204 0.000900 366.857143 1.130178 1.224232 -150.126582 -68.706076 0.010204 0.010204 0.001377 366.857143 21 41 61 75 81 88
0.000000 0.000000 0.000000 1.000049 1.050850 -70.642274 -77.313988 0.010204 0.010204 0.000953 366.857143 1.130178 1.224574 -10.811998 -67.437656 0.010204 0.010204 0.001348 366.857143 21 41 61 75 81 92
0.000000 0.000000 0.000000 1.000008 1.154151 -52.134282 -54.160343 0.010204 0.010204 0.000847 385.500000 1.130178 1.224224 -76.873204 -58.998249 0.010204 0.010204 0.001321 385.500000 21 41 61 75 81 97
0.000000 0.000000 0.000000 1.000040 1.109953 -117.225497 -68.818281 0.010204 0.010204 0.000890 385.500000 1.130178 1.224233 -67.850031 -72.767898 0.010204 0.010204 0.001317 385.500000 21 41 61 75 81 98
0.000000 0.000000 0.000000 1.023288 1.250926 -91.936572 -56.146269 0.010204 0.010204 0.001094 385.500000 1.130282 1.224855 -22.904716 -77.023738 0.010204 0.010204 0.001267 385.500000 21 41 61 75 86 88
0.000000 0.000000 0.000000 1.000011 1.091549 -76.559799 -67.023814 0.010204 0.010204 0.001024 385.500000 1.130282 1.224839 -18.621750 -71.973326 0.010204 0.010204 0.001271 385.500000 21 41 61 75 86 92
0.000000 0.000000 0.000000 1.458185 1.112271 -68.899740 -67.463209 0.010204 0.010204 0.001120 404.142857 1.130295 1.225150 -135.508884 -72.951482 0.010204 0.010204 0.001198 404.142857 21 41 61 75 86 97
0.000000 0.000000 0.000000 1.011047 8.378237 -104.983811 -133.542416 0.010204 0.010204 0.001043 404.142857 1.130282 1.224844 -21.112405 -66.946463 0.010204 0.010204 0.001219 404.142857 21 41 61 75 86 98
0.000000 0.000000 0.000000 1.000062 1.683747 -18.475312 -150.148338 0.010204 0.010204 0.000911 385.500000 1.130180 1.224235 -12.305925 -70.655232 0.010204 0.010204 0.001316 385.500000 21 41 61 75 87 88
0.000000 0.000000 0.000000 1.000424 1.076899 -29.472876 -66.845882 0.010204 0.010204 0.000964 385.500000 1.130180 1.224244 -5.893568 -72.418457 0.010204 0.010204 0.001312 385.500000 21 41 61 75 87 92
0.000000 0.000000 0.000000 1.000174 1.095054 -0.018085 -52.495845 0.010204 0.010204 0.000925 404.142857 1.130180 1.224237 -79.590487 -68.592341 0.010204 0.010204 0.001260 404.142857 21 41 61 75 87 97
0.000000 0.000000 0.000000 1.019148 1.847267 -84.405270 -152.190121 0.010204 0.010204 0.000982 404.142857 1.130181 1.224395 -11.209823 -68.497806 0.010204 0.010204 0.001237 404.142857 21 41 61 75 87 98
0.000000 0.000000 0.000000 1.000679 1.089788 -0.053084 -54.858146 0.010204 0.010204 0.000822 366.857143 1.129412 1.222017 -40.144056 -68.631107 0.010204 0.010204 0.001417 366.857143 21 41 61 76 77 88
0.000000 0.000000 0.000000 1.000489 1.142111 -74.102111 -52.796373 0.010204 0.010204 0.000783 366.857143 1.129412 1.221676 -14.856624 -62.766187 0.010204 0.010204 0.001450 366.857143 21 41 61 76 77 92
0.000000 0.000000 0.000000 1.000246 1.053193 -15.410901 -67.078571 0.010204 0.010204 0.000775 385.500000 1.129412 1.221677 -185.700477 -75.199979 0.010204 0.010204 0.001383 385.500000 21 41 61 76 77 97
0.000000 0.000000 0.000000 1.000081 1.072901 -406.858216 -71.668347 0.010204 0.010204 0.000742 385.500000 1.129412 1.221668 -34.210484 -70.434192 0.010204 0.010204 0.001388 385.500000 21 41 61 76 77 98
0.000000 0.000000 0.000000 1.001744 1.069701 -1.015171 -59.776917 0.010204 0.010204 0.000862 366.857143 1.129412 1.221686 -101.609616 -77.218753 0.010204 0.010204 0.001441 366.857143 21 41 61 76 81 88
0.000000 0.000000 0.000000 1.005315 1.060272 -1.035051 -64.667771 0.010204 0.010204 0.000912 366.857143 1.129412 1.222033 -13.184849 -65.300409 0.010204 0.010204 0.001408 366.857143 21 41 61 76 81 92
0.000000 0.000000 0.000000 1.000430 1.149265 -155.424937 -41.134683 0.010204 0.010204 0.000812 385.500000 1.129412 1.221678 -13.155604 -64.991674 0.010204 0.010204 0.001379 385.500000 21 41 61 76 81 97
0.000000 0.000000 0.000000 1.003117 1.072352 -0.371055 -69.117824 0.010204 0.010204 0.000853 385.500000 1.129412 1.221687 -38.913933 -62.479368 0.010204 0.010204 0.001375 385.500000 21 41 61 76 81 98
0.000000 0.000000 0.000000 1.009567 1.399041 -1.348889 -93.171463 0.010204 0.010204 0.000830 385.500000 1.129412 1.221679 -181.849306 -62.834849 0.010204 0.010204 0.001377 385.500000 21 41 61 76 86 88
0.000000 0.000000 0.000000 1.000149 1.060012 -70.600160 -62.415556 0.010204 0.010204 0.000790 385.500000 1.129412 1.221670 -41.734107 -71.785715 0.010204 0.010204 0.001382 385.500000 21 41 61 76 86 92
0.000000 0.000000 0.000000 1.002964 1.061277 -0.189831 -56.511889 0.010204 0.010204 0.000843 404.142857 1.129412 1.221828 -56.715944 -81.170125 0.010204 0.010204 0.001294 404.142857 21 41 61 76 86 97
0.000000 0.000000 0.000000 1.001561 1.098875 -2.681933 -61.587019 0.010204 0.010204 0.000801 404.142857 1.129412 1.221672 -42.257232 -61.581744 0.010204 0.010204 0.001320 404.142857 21 41 61 76 86 98
0.000000 0.000000 0.000000 1.000277 1.313094 -122.454541 -71.907032 0.010204 0.010204 0.000872 385.500000 1.129415 1.221837 -8.929262 -67.781266 0.010204 0.010204 0.001331 385.500000 21 41 61 76 87 88
0.000000 0.000000 0.000000 1.017597 1.055689 -2.027471 -66.468711 0.010204 0.010204 0.000922 385.500000 1.129415 1.221851 -9.090320 -77.467702 0.010204 0.010204 0.001327 385.500000 21 41 61 76 87 92
0.000000 0.000000 0.000000 1.009937 1.053530 -300.644704 -56.632067 0.010204 0.010204 0.000886 404.142857 1.129415 1.221841 -99.132890 -74.337351 0.010204 0.010204 0.001274 404.142857 21 41 61 76 87 97
0.000000 0.000000 0.000000 1.021529 1.054388 -12.441727 -53.003298 0.010204 0.010204 0.000939 404.142857 1.129415 1.222080 -7.639114 -65.700277 0.010204 0.010204 0.001251 404.142857 21 41 61 76 87 98
0.000000 0.000000 0.000000 1.052752 1.084790 -141.149957 -88.068503 0.010204 0.010204 0.000769 348.214286 1.125550 1.218161 -60.969390 -62.624316 0.010204 0.010204 0.001518 348.214286 21 41 65 66 77 88
0.000000 0.000000 0.000000 1.068863 1.112091 -31.659645 -62.515025 0.010204 0.010204 0.000732 348.214286 1.125550 1.217641 -42.147257 -72.751347 0.010204 0.010204 0.001554 348.214286 21 41 65 66 77 92
0.000000 0.000000 0.000000 1.060455 1.097813 -41.529957 -62.533336 0.010204 0.010204 0.000725 366.857143 1.125550 1.217644 -83.256208 -81.217991 0.010204 0.010204 0.001480 366.857143 21 41 65 66 77 97
0.000000 0.000000 0.000000 1.033765 1.060366 -6.676096 -69.331541 0.010204 0.010204 0.000695 366.857143 1.125550 1.217629 -35.117671 -68.158242 0.010204 0.010204 0.001485 366.857143 21 41 65 66 77 98
0.000000 0.000000 0.000000 1.247539 1.874664 -212.655098 -79.938987 0.010204 0.010204 0.000673 348.214286 1.125550 1.217292 -6.019199 -61.241168 0.010204 0.010204 0.001625 348.214286 21 41 65 66 81 88
0.000000 0.000000 0.000000 1.028397 1.080932 -2.742112 -65.898316 0.010204 0.010204 0.000703 348.214286 1.125550 1.217636 -35.529795 -66.075727 0.010204 0.010204 0.001585 348.214286 21 41 65 66 81 92
0.000000 0.000000 0.000000 1.012605 1.080562 -1.814267 -50.380771 0.010204 0.010204 0.000642 366.857143 1.125550 1.217283 -53.385412 -57.556450 0.010204 0.010204 0.001549 366.857143 21 41 65 66 81 97
0.000000 0.000000 0.000000 1.116188 1.373906 -23.905196 -119.163676 0.010204 0.010204 0.000667 366.857143 1.125550 1.217293 -33.345158 -66.892391 0.010204 0.010204 0.001544 366.857143 21 41 65 66 81 98
0.000000 0.000000 0.000000 1.449258 2.123188 -131.966066 -261.783478 0.010204 0.010204 0.000680 366.857143 1.125550 1.217294 -14.199354 -77.543684 0.010204 0.010204 0.001538 366.857143 21 41 65 66 86 88
0.000000 0.000000 0.000000 1.357002 2.623626 -68.754503 -197.793566 0.010204 0.010204 0.000652 366.857143 1.125550 1.217285 -46.647318 -60.314441 0.010204 0.010204 0.001544 366.857143 21 41 65 66 86 92
0.000000 0.000000 0.000000 1.420328 1.963509 -72.472746 -111.243992 0.010204 0.010204 0.000688 385.500000 1.125550 1.217445 -25.532379 -75.144018 0.010204 0.010204 0.001437 385.500000 21 41 65 66 86 97
0.000000 0.000000 0.000000 1.059021 1.157587 -9.109427 -71.611424 0.010204 0.010204 0.000660 385.500000 1.125550 1.217287 -64.224907 -74.468687 0.010204 0.010204 0.001468 385.500000 21 41 65 66 86 98
0.000000 0.000000 0.000000 1.013825 1.232048 -1.361914 -86.724609 0.010204 0.010204 0.000607 366.857143 1.125550 1.217275 -188.574290 -63.606637 0.010204 0.010204 0.001555 366.857143 21 41 65 66 87 88
0.000000 0.000000 0.000000 1.012861 1.102851 -1.798206 -66.954725 0.010204 0.010204 0.000630 366.857143 1.125550 1.217284 -111.212160 -72.721853 0.010204 0.010204 0.001549 366.857143 21 41 65 66 87 92
0.000000 0.000000 0.000000 1.006620 1.059795 -38.112147 -68.350997 0.010204 0.010204 0.000613 385.500000 1.125550 1.217277 -124.452612 -73.587942 0.010204 0.010204 0.001478 385.500000 21 41 65 66 87 97
0.000000 0.000000 0.000000 1.074450 1.492466 -75.955861 -80.352447 0.010204 0.010204 0.000637 385.500000 1.125550 1.217432 -12.199108 -81.417030 0.010204 0.010204 0.001446 385.500000 21 41 65 66 87 98
0.000000 0.000000 0.000000 1.153633 1.130038 -58.778916 -54.931275 0.010204 0.010204 0.000797 348.214286 1.125551 1.217700 -9.079901 -57.846609 0.010204 0.010204 0.001570 348.214286 21 41 65 70 77 88
0.000000 0.000000 0.000000 1.024711 1.049848 -3.804977 -63.425249 0.010204 0.010204 0.000758 348.214286 1.125551 1.217355 -25.986439 -72.208798 0.010204 0.010204 0.001610 348.214286 21 41 65 70 77 92
0.000000 0.000000 0.000000 1.039720 1.053564 -3.667881 -52.515563 0.010204 0.010204 0.000751 366.857143 1.125551 1.217356 -145.923833 -62.273570 0.010204 0.010204 0.001530 366.857143 21 41 65 70 77 97
0.000000 0.000000 0.000000 1.035419 1.506152 -130.551009 -105.032320 0.010204 0.010204 0.000719 366.857143 1.125551 1.217347 -82.121822 -66.372510 0.010204 0.010204 0.001535 366.857143 21 41 65 70 77 98
0.000000 0.000000 0.000000 1.357447 1.138224 -178.419687 -65.979432 0.010204 0.010204 0.000836 348.214286 1.125551 1.217719 -62.448278 -78.805686 0.010204 0.010204 0.001540 348.214286 21 41 65 70 81 88
0.000000 0.000000 0.000000 1.190916 1.069677 -25.741193 -65.560457 0.010204 0.010204 0.000886 348.214286 1.125551 1.218242 -101.667701 -78.826408 0.010204 0.010204 0.001505 348.214286 21 41 65 70 81 92
0.000000 0.000000 0.000000 1.030401 1.687140 -0.885231 -43.199906 0.010204 0.010204 0.000788 366.857143 1.125551 1.217706 -57.168706 -68.367323 0.010204 0.010204 0.001473 366.857143 21 41 65 70 81 97
0.000000 0.000000 0.000000 1.236373 1.088013 -33.824179 -61.314784 0.010204 0.010204 0.000827 366.857143 1.125551 1.217722 -156.389801 -66.318730 0.010204 0.010204 0.001468 366.857143 21 41 65 70 81 98
0.000000 0.000000 0.000000 1.027102 1.197303 -2.353835 -72.206038 0.010204 0.010204 0.000703 366.857143 1.125551 1.217347 -152.880928 -74.504494 0.010204 0.010204 0.001535 366.857143 21 41 65 70 86 88
0.000000 0.000000 0.000000 1.001293 1.047738 -0.226289 -55.151157 0.010204 0.010204 0.000675 366.857143 1.125551 1.217338 -6.423688 -66.309421 0.010204 0.010204 0.001541 366.857143 21 41 65 70 86 92
0.000000 0.000000 0.000000 1.017520 1.074311 -2.068882 -68.515349 0.010204 0.010204 0.000712 385.500000 1.125551 1.217495 -53.398099 -66.485623 0.010204 0.010204 0.001434 385.500000 21 41 65 70 86 97
0.000000 0.000000 0.000000 1.004828 1.048104 -0.722195 -73.139927 0.010204 0.010204 0.000683 385.500000 1.125551 1.217340 -168.533089 -70.623131 0.010204 0.010204 0.001465 385.500000 21 41 65 70 86 98
0.000000 0.000000 0.000000 1.006608 1.072684 -0.354456 -91.567873 0.010204 0.010204 0.000732 366.857143 1.125551 1.217348 -6.848965 -66.905393 0.010204 0.010204 0.001531 366.857143 21 41 65 70 87 88
0.000000 0.000000 0.000000 1.080957 1.065038 -24.884090 -61.941846 0.010204 0.010204 0.000767 366.857143 1.125551 1.217357 -24.782738 -64.548317 0.010204 0.010204 0.001525 366.857143 21 41 65 70 87 92
0.000000 0.000000 0.000000 1.066543 1.073072 -6.812804 -55.351626 0.010204 0.010204 0.000742 385.500000 1.125551 1.217350 -46.704961 -66.412722 0.010204 0.010204 0.001456 385.500000 21 41 65 70 87 97
0.000000 0.000000 0.000000 2.352306 1.782833 -102.553570 -122.411107 0.010204 0.010204 0.000778 385.500000 1.125551 1.217509 -13.123126 -57.841603 0.010204 0.010204 0.001425 385.500000 21 41 65 70 87 98
0.000000 0.000000 0.000000 1.074377 1.060709 -85.464127 -54.474208 0.010204 0.010204 0.000769 366.857143 1.125551 1.217664 -271.770691 -74.411973 0.010204 0.010204 0.001495 366.857143 21 41 65 75 77 88
0.000000 0.000000 0.000000 1.589398 1.770830 -81.283687 -100.839657 0.010204 0.010204 0.000733 366.857143 1.125551 1.217318 -36.756487 -81.606028 0.010204 0.010204 0.001532 366.857143 21 41 65 75 77 92
0.000000 0.000000 0.000000 1.054495 1.056362 -6.295315 -55.047922 0.010204 0.010204 0.000726 385.500000 1.125551 1.217319 -130.041924 -64.974695 0.010204 0.010204 0.001458 385.500000 21 41 65 75 77 97
0.000000 0.000000 0.000000 1.017350 1.123813 -143.884420 -64.914625 0.010204 0.010204 0.000696 385.500000 1.125551 1.217309 -66.963763 -71.863803 0.010204 0.010204 0.001463 385.500000 21 41 65 75 77 98
0.000000 0.000000 0.000000 1.009186 1.079712 -48.818208 -65.421111 0.010204 0.010204 0.000674 366.857143 1.125551 1.217308 -13.840549 -78.202974 0.010204 0.010204 0.001543 366.857143 21 41 65 75 81 88
0.000000 0.000000 0.000000 1.102756 1.449788 -18.946633 -79.538074 0.010204 0.010204 0.000703 366.857143 1.125551 1.217649 -45.714639 -75.102420 0.010204 0.010204 0.001505 366.857143 21 41 65 75 81 92
0.000000 0.000000 0.000000 1.005523 1.145358 -0.862693 -63.064542 0.010204 0.010204 0.000643 385.500000 1.125551 1.217300 -7.356940 -72.715306 0.010204 0.010204 0.001473 385.500000 21 41 65 75 81 97
0.000000 0.000000 0.000000 1.012585 1.083526 -2.681249 -68.178306 0.010204 0.010204 0.000668 385.500000 1.125551 1.217309 -15.191277 -66.288139 0.010204 0.010204 0.001468 385.500000 21 41 65 75 81 98
0.000000 0.000000 0.000000 1.099298 1.051662 -5.772636 -57.984702 0.010204 0.010204 0.000776 385.500000 1.125551 1.217478 -152.016465 -66.767532 0.010204 0.010204 0.001404 385.500000 21 41 65 75 86 88
0.000000 0.000000 0.000000 1.015097 1.094804 -155.697023 -68.824766 0.010204 0.010204 0.000740 385.500000 1.125551 1.217464 -84.423950 -68.244361 0.010204 0.010204 0.001409 385.500000 21 41 65 75 86 92
0.000000 0.000000 0.000000 5.019409 3.057871 -145.300911 -265.545425 0.010204 0.010204 0.000788 404.142857 1.125551 1.217706 -94.493530 -74.243993 0.010204 0.010204 0.001320 404.142857 21 41 65 75 86 97
0.000000 0.000000 0.000000 1.114832 1.060937 -13.977051 -53.833068 0.010204 0.010204 0.000750 404.142857 1.125551 1.217468 -254.448211 -77.664105 0.010204 0.010204 0.001345 404.142857 21 41 65 75 86 98
0.000000 0.000000 0.000000 1.005260 1.050014 -0.217974 -67.929963 0.010204 0.010204 0.000679 385.500000 1.125551 1.217302 -6.304009 -70.375412 0.010204 0.010204 0.001466 385.500000 21 41 65 75 87 88
0.000000 0.000000 0.000000 1.060438 1.092194 -60.610620 -56.607182 0.010204 0.010204 0.000709 385.500000 1.125551 1.217311 -12.976542 -70.936686 0.010204 0.010204 0.001461 385.500000 21 41 65 75 87 92
0.000000 0.000000 0.000000 1.060438 1.118670 -38.818045 -55.492985 0.010204 0.010204 0.000688 404.142857 1.125551 1.217304 -22.529702 -77.600818 0.010204 0.010204 0.001397 404.142857 21 41 65 75 87 97
0.000000 0.000000 0.000000 1.134930 1.148599 -69.016348 -83.562735 0.010204 0.010204 0.000719 404.142857 1.125551 1.217460 -116.359695 -66.511861 0.010204 0.010204 0.001368 404.142857 21 41 65 75 87 98
0.000000 0.000000 0.000000 1.005187 1.093198 -2.171345 -68.294275 0.010204 0.010204 0.000798 366.857143 1.125570 1.218934 -7.324446 -65.886967 0.010204 0.010204 0.001427 366.857143 21 41 65 76 77 88
0.000000 0.000000 0.000000 1.001312 1.121178 -1.515431 -69.774051 0.010204 0.010204 0.000759 366.857143 1.125570 1.218592 -9.755927 -63.205375 0.010204 0.010204 0.001460 366.857143 21 41 65 76 77 92
0.000000 0.000000 0.000000 1.003944 1.212318 -62.823518 -71.148838 0.010204 0.010204 0.000752 385.500000 1.125570 1.218593 -135.620182 -60.469113 0.010204 0.010204 0.001393 385.500000 21 41 65 76 77 97
0.000000 0.000000 0.000000 1.000366 1.186387 -43.229019 -74.825864 0.010204 0.010204 0.000720 385.500000 1.125570 1.218584 -34.578707 -80.152701 0.010204 0.010204 0.001398 385.500000 21 41 65 76 77 98
0.000000 0.000000 0.000000 1.051049 1.157239 -4.638789 -49.078844 0.010204 0.010204 0.000836 366.857143 1.125570 1.218614 -191.873654 -74.874004 0.010204 0.010204 0.001451 366.857143 21 41 65 76 81 88
0.000000 0.000000 0.000000 1.302326 1.057925 -59.456058 -55.236840 0.010204 0.010204 0.000885 366.857143 1.125570 1.218963 -13.170413 -82.617109 0.010204 0.010204 0.001419 366.857143 21 41 65 76 81 92
0.000000 0.000000 0.000000 1.000394 1.065692 -111.954903 -40.299360 0.010204 0.010204 0.000788 385.500000 1.125570 1.218605 -34.143332 -62.710519 0.010204 0.010204 0.001389 385.500000 21 41 65 76 81 97
0.000000 0.000000 0.000000 1.879130 1.436620 -126.691847 -100.092197 0.010204 0.010204 0.000827 385.500000 1.125570 1.218615 -29.361525 -82.129162 0.010204 0.010204 0.001385 385.500000 21 41 65 76 81 98
0.000000 0.000000 0.000000 1.039829 1.074161 -9.536867 -53.206081 0.010204 0.010204 0.000805 385.500000 1.125570 1.218600 -90.938162 -72.526852 0.010204 0.010204 0.001387 385.500000 21 41 65 76 86 88
0.000000 0.000000 0.000000 1.017598 4.941064 -0.482400 -478.794827 0.010204 0.010204 0.000767 385.500000 1.125570 1.218591 -20.057103 -60.979753 0.010204 0.010204 0.001392 385.500000 21 41 65 76 86 92
0.000000 0.000000 0.000000 1.377762 1.096847 -28.931009 -58.961908 0.010204 0.010204 0.000818 404.142857 1.125570 1.218750 -5.314144 -61.039981 0.010204 0.010204 0.001304 404.142857 21 41 65 76 86 97
0.000000 0.000000 0.000000 1.098795 1.776209 -35.706415 -116.821280 0.010204 0.010204 0.000777 404.142857 1.125570 1.218593 -16.659859 -66.732096 0.010204 0.010204 0.001330 404.142857 21 41 65 76 86 98
0.000000 0.000000 0.000000 1.000536 1.092864 -9.574895 -63.480418 0.010204 0.010204 0.000846 385.500000 1.125573 1.218997 -18.399880 -70.187649 0.010204 0.010204 0.001341 385.500000 21 41 65 76 87 88
0.000000 0.000000 0.000000 1.534175 1.091941 -110.195893 -49.663383 0.010204 0.010204 0.000895 385.500000 1.125573 1.219013 -40.105745 -67.258035 0.010204 0.010204 0.001337 385.500000 21 41 65 76 87 92
0.000000 0.000000 0.000000 1.600649 1.109008 -49.070470 -52.691711 0.010204 0.010204 0.000859 404.142857 1.125573 1.219002 -4.615919 -74.326964 0.010204 0.010204 0.001284 404.142857 21 41 65 76 87 97
0.000000 0.000000 0.000000 1.511378 1.087029 -15.125519 -61.066406 0.010204 0.010204 0.000912 404.142857 1.125573 1.219281 -9.736697 -74.506544 0.010204 0.010204 0.001261 404.142857 21 41 65 76 87 98
0.000000 0.000000 0.000000 2.228802 1.072049 -10.965292 -69.594934 0.010204 0.010204 0.000777 348.214286 1.112707 1.216838 -142.013612 -55.620434 0.010204 0.010204 0.001468 348.214286 21 45 46 66 77 88
0.000000 0.000000 0.000000 2.230721 1.072169 -62.881100 -67.407567 0.010204 0.010204 0.000736 348.214286 1.112707 1.216230 -49.262723 -78.629028 0.010204 0.010204 0.001501 348.214286 21 45 46 66 77 92
0.000000 0.000000 0.000000 2.229861 1.072115 -7.919380 -61.934814 0.010204 0.010204 0.000728 366.857143 1.112707 1.216234 -135.925672 -64.041623 0.010204 0.010204 0.001433 366.857143 21 45 46 66 77 97
0.000000 0.000000 0.000000 2.238930 1.072860 -3.030173 -78.569208 0.010204 0.010204 0.000696 366.857143 1.112707 1.216215 -45.233917 -64.168881 0.010204 0.010204 0.001438 366.857143 21 45 46 66 77 98
0.000000 0.000000 0.000000 2.596927 1.094811 -155.066069 -71.652042 0.010204 0.010204 0.000672 348.214286 1.112706 1.215481 -12.995810 -57.526519 0.010204 0.010204 0.001565 348.214286 21 45 46 66 81 88
0.000000 0.000000 0.000000 2.457101 1.086029 -189.839686 -64.810092 0.010204 0.010204 0.000704 348.214286 1.112706 1.215828 -129.190908 -77.603875 0.010204 0.010204 0.001529 348.214286 21 45 46 66 81 92
0.000000 0.000000 0.000000 10.407539 1.617157 -710.563369 -90.723701 0.010204 0.010204 0.000640 366.857143 1.112706 1.215473 -7.380563 -64.083804 0.010204 0.010204 0.001496 366.857143 21 45 46 66 81 97
0.000000 0.000000 0.000000 2.527564 1.090432 -411.477144 -66.983954 0.010204 0.010204 0.000666 366.857143 1.112706 1.215483 -24.388433 -69.341822 0.010204 0.010204 0.001490 366.857143 21 45 46 66 81 98
0.000000 0.000000 0.000000 2.374484 1.080983 -176.352196 -69.870883 0.010204 0.010204 0.000679 366.857143 1.112706 1.215489 -6.327877 -80.377979 0.010204 0.010204 0.001486 366.857143 21 45 46 66 86 88
0.000000 0.000000 0.000000 2.844701 1.112395 -327.724018 -57.199290 0.010204 0.010204 0.000650 366.857143 1.112706 1.215479 -11.720016 -68.226831 0.010204 0.010204 0.001491 366.857143 21 45 46 66 86 92
0.000000 0.000000 0.000000 2.345469 1.079177 -97.589992 -74.613276 0.010204 0.010204 0.000688 385.500000 1.112706 1.215643 -7.264664 -66.071269 0.010204 0.010204 0.001393 385.500000 21 45 46 66 86 97
0.000000 0.000000 0.000000 2.398772 1.082505 -160.376381 -71.297557 0.010204 0.010204 0.000658 385.500000 1.112706 1.215481 -22.721269 -68.166184 0.010204 0.010204 0.001421 385.500000 21 45 46 66 86 98
0.000000 0.000000 0.000000 1.040141 1.057735 -18.012907 -59.059232 0.010204 0.010204 0.000603 366.857143 1.112706 1.215456 -11.333223 -62.439173 0.010204 0.010204 0.001501 366.857143 21 45 46 66 87 88
0.000000 0.000000 0.000000 1.897308 1.059223 -206.734260 -61.885823 0.010204 0.010204 0.000626 366.857143 1.112706 1.215465 -133.443660 -76.355479 0.010204 0.010204 0.001495 366.857143 21 45 46 66 87 92
0.000000 0.000000 0.000000 2.855608 1.135837 -108.432366 -66.949105 0.010204 0.010204 0.000609 385.500000 1.112706 1.215458 -7.415268 -72.144183 0.010204 0.010204 0.001430 385.500000 21 45 46 66 87 97
0.000000 0.000000 0.000000 7.217956 1.383463 -774.162046 -73.258092 0.010204 0.010204 0.000634 385.500000 1.112706 1.215613 -143.576636 -72.338917 0.010204 0.010204 0.001401 385.500000 21 45 46 66 87 98
0.000000 0.000000 0.000000 1.827567 1.076312 -58.403497 -65.048758 0.010204 0.010204 0.000627 348.214286 1.112706 1.214308 -236.802385 -71.897615 0.010204 0.010204 0.001619 348.214286 21 45 46 70 77 88
0.000000 0.000000 0.000000 1.494519 1.048467 -154.715905 -45.662630 0.010204 0.010204 0.000602 348.214286 1.112706 1.213964 -15.562495 -68.951082 0.010204 0.010204 0.001661 348.214286 21 45 46 70 77 92
0.000000 0.000000 0.000000 3.075140 1.197776 -136.824967 -69.920743 0.010204 0.010204 0.000597 366.857143 1.112706 1.213965 -15.987247 -66.573628 0.010204 0.010204 0.001577 366.857143 21 45 46 70 77 97
0.000000 0.000000 0.000000 1.624748 1.080050 -143.053399 -77.151019 0.010204 0.010204 0.000576 366.857143 1.112706 1.213955 -21.242697 -64.980749 0.010204 0.010204 0.001582 366.857143 21 45 46 70 77 98
0.000000 0.000000 0.000000 1.803371 1.064962 -76.304227 -53.485931 0.010204 0.010204 0.000651 348.214286 1.112706 1.214320 -4.922445 -65.172139 0.010204 0.010204 0.001587 348.214286 21 45 46 70 81 88
0.000000 0.000000 0.000000 1.782647 1.063186 -52.850630 -67.422578 0.010204 0.010204 0.000683 348.214286 1.112706 1.214842 -5.727810 -69.365917 0.010204 0.010204 0.001550 348.214286 21 45 46 70 81 92
0.000000 0.000000 0.000000 1.883236 1.071948 -124.868215 -57.845137 0.010204 0.010204 0.000620 366.857143 1.112706 1.214308 -10.571840 -67.066162 0.010204 0.010204 0.001516 366.857143 21 45 46 70 81 97
0.000000 0.000000 0.000000 1.794212 1.064175 -199.322520 -54.152001 0.010204 0.010204 0.000646 366.857143 1.112706 1.214323 -85.995372 -60.987266 0.010204 0.010204 0.001511 366.857143 21 45 46 70 81 98
0.000000 0.000000 0.000000 1.471425 1.074302 -45.093450 -73.310312 0.010204 0.010204 0.000566 366.857143 1.112706 1.213956 -54.391158 -80.188814 0.010204 0.010204 0.001582 366.857143 21 45 46 70 86 88
0.000000 0.000000 0.000000 1.260225 1.096641 -21.308913 -49.725927 0.010204 0.010204 0.000547 366.857143 1.112706 1.213947 -21.829683 -70.498686 0.010204 0.010204 0.001589 366.857143 21 45 46 70 86 92
0.000000 0.000000 0.000000 3.696058 1.368146 -87.590776 -113.957021 0.010204 0.010204 0.000572 385.500000 1.112706 1.214103 -18.862662 -71.802133 0.010204 0.010204 0.001475 385.500000 21 45 46 70 86 97
0.000000 0.000000 0.000000 1.488587 1.085808 -109.679997 -55.317425 0.010204 0.010204 0.000552 385.500000 1.112706 1.213949 -53.893278 -71.936615 0.010204 0.010204 0.001508 385.500000 21 45 46 70 86 98
0.000000 0.000000 0.000000 1.550191 1.057396 -140.795482 -53.266858 0.010204 0.010204 0.000585 366.857143 1.112706 1.213956 -10.232877 -91.776194 0.010204 0.010204 0.001577 366.857143 21 45 46 70 87 88
0.000000 0.000000 0.000000 2.761402 1.155970 -17.384175 -54.514636 0.010204 0.010204 0.000607 366.857143 1.112706 1.213966 -14.295648 -67.735030 0.010204 0.010204 0.001571 366.857143 21 45 46 70 87 92
0.000000 0.000000 0.000000 4.494777 1.313858 -93.107709 -78.975956 0.010204 0.010204 0.000591 385.500000 1.112706 1.213958 -17.548864 -69.561794 0.010204 0.010204 0.001498 385.500000 21 45 46 70 87 97
0.000000 0.000000 0.000000 2.054908 1.091758 -55.130487 -54.455448 0.010204 0.010204 0.000615 385.500000 1.112706 1.214117 -6.829494 -68.809808 0.010204 0.010204 0.001466 385.500000 21 45 46 70 87 98
0.000000 0.000000 0.000000 1.615202 1.046167 -164.599762 -60.719489 0.010204 0.010204 0.000643 366.857143 1.112706 1.214329 -11.449470 -67.763683 0.010204 0.010204 0.001529 366.857143 21 45 46 75 77 88
0.000000 0.000000 0.000000 1.860615 1.066271 -142.766408 -54.553932 0.010204 0.010204 0.000616 366.857143 1.112706 1.213982 -6.769630 -65.655365 0.010204 0.010204 0.001567 366.857143 21 45 46 75 77 92
0.000000 0.000000 0.000000 1.730959 1.055613 -57.564131 -78.951187 0.010204 0.010204 0.000611 385.500000 1.112706 1.213984 -11.814067 -71.207956 0.010204 0.010204 0.001490 385.500000 21 45 46 75 77 97
0.000000 0.000000 0.000000 1.955204 1.084813 -113.630055 -69.969625 0.010204 0.010204 0.000589 385.500000 1.112706 1.213974 -10.767454 -64.384126 0.010204 0.010204 0.001496 385.500000 21 45 46 75 77 98
0.000000 0.000000 0.000000 1.627447 1.091522 -62.151024 -66.181727 0.010204 0.010204 0.000573 366.857143 1.112706 1.213972 -111.971985 -68.278643 0.010204 0.010204 0.001578 366.857143 21 45 46 75 81 88
0.000000 0.000000 0.000000 4.740166 1.408019 -192.361719 -80.941441 0.010204 0.010204 0.000595 366.857143 1.112706 1.214313 -65.845980 -63.712795 0.010204 0.010204 0.001540 366.857143 21 45 46 75 81 92
0.000000 0.000000 0.000000 1.208012 1.080375 -26.655321 -51.894889 0.010204 0.010204 0.000549 385.500000 1.112706 1.213964 -10.181060 -69.098207 0.010204 0.010204 0.001506 385.500000 21 45 46 75 81 97
0.000000 0.000000 0.000000 1.543354 1.069279 -207.650639 -68.056106 0.010204 0.010204 0.000568 385.500000 1.112706 1.213973 -37.945229 -71.948102 0.010204 0.010204 0.001500 385.500000 21 45 46 75 81 98
0.000000 0.000000 0.000000 1.809221 1.057721 -214.145807 -64.652371 0.010204 0.010204 0.000648 385.500000 1.112706 1.214146 -23.474826 -72.446940 0.010204 0.010204 0.001434 385.500000 21 45 46 75 86 88
0.000000 0.000000 0.000000 1.868495 1.062383 -253.477258 -45.339729 0.010204 0.010204 0.000621 385.500000 1.112706 1.214133 -232.888288 -73.855458 0.010204 0.010204 0.001439 385.500000 21 45 46 75 86 92
0.000000 0.000000 0.000000 1.801739 1.057152 -99.880494 -84.420280 0.010204 0.010204 0.000657 404.142857 1.112706 1.214375 -13.297949 -68.683288 0.010204 0.010204 0.001347 404.142857 21 45 46 75 86 97
0.000000 0.000000 0.000000 1.814871 1.058152 -75.026456 -66.327640 0.010204 0.010204 0.000628 404.142857 1.112706 1.214136 -34.742939 -63.136349 0.010204 0.010204 0.001373 404.142857 21 45 46 75 86 98
0.000000 0.000000 0.000000 1.585297 1.063253 -61.225342 -52.768042 0.010204 0.010204 0.000577 385.500000 1.112706 1.213966 -264.016307 -73.750314 0.010204 0.010204 0.001499 385.500000 21 45 46 75 87 88
0.000000 0.000000 0.000000 6.206856 1.417120 -186.301709 -76.552229 0.010204 0.010204 0.000599 385.500000 1.112706 1.213976 -9.183614 -68.903425 0.010204 0.010204 0.001493 385.500000 21 45 46 75 87 92
0.000000 0.000000 0.000000 1.631422 1.051694 -147.700873 -48.386518 0.010204 0.010204 0.000583 404.142857 1.112706 1.213968 -13.049495 -74.430341 0.010204 0.010204 0.001427 404.142857 21 45 46 75 87 97
0.000000 0.000000 0.000000 2.551381 1.121092 -129.756073 -47.136172 0.010204 0.010204 0.000606 404.142857 1.112706 1.214124 -12.857705 -69.014589 0.010204 0.010204 0.001397 404.142857 21 45 46 75 87 98
0.000000 0.000000 0.000000 1.275949 1.071723 -56.424551 -65.649222 0.010204 0.010204 0.000541 366.857143 1.112706 1.214261 -13.255769 -59.183371 0.010204 0.010204 0.001553 366.857143 21 45 46 76 77 88
0.000000 0.000000 0.000000 1.338313 1.103300 -52.012685 -59.655932 0.010204 0.010204 0.000523 366.857143 1.112706 1.213920 -20.708483 -71.900075 0.010204 0.010204 0.001593 366.857143 21 45 46 76 77 92
0.000000 0.000000 0.000000 1.470235 1.134310 -91.034114 -80.527204 0.010204 0.010204 0.000519 385.500000 1.112706 1.213921 -212.366087 -75.300407 0.010204 0.010204 0.001513 385.500000 21 45 46 76 77 97
0.000000 0.000000 0.000000 1.172937 1.076841 -93.953352 -57.315379 0.010204 0.010204 0.000503 385.500000 1.112706 1.213912 -44.772989 -71.365619 0.010204 0.010204 0.001519 385.500000 21 45 46 76 77 98
0.000000 0.000000 0.000000 1.480650 1.076214 -104.155880 -72.711944 0.010204 0.010204 0.000558 366.857143 1.112706 1.213930 -224.555844 -67.061094 0.010204 0.010204 0.001581 366.857143 21 45 46 76 81 88
0.000000 0.000000 0.000000 3.616351 1.399741 -169.980679 -101.337596 0.010204 0.010204 0.000580 366.857143 1.112706 1.214276 -17.959891 -71.436704 0.010204 0.010204 0.001543 366.857143 21 45 46 76 81 92
0.000000 0.000000 0.000000 1.935802 1.166203 -73.739412 -66.371718 0.010204 0.010204 0.000535 385.500000 1.112706 1.213921 -15.822126 -62.032549 0.010204 0.010204 0.001509 385.500000 21 45 46 76 81 97
0.000000 0.000000 0.000000 1.358660 1.055968 -26.394800 -59.774967 0.010204 0.010204 0.000554 385.500000 1.112706 1.213931 -18.251490 -72.245582 0.010204 0.010204 0.001503 385.500000 21 45 46 76 81 98
0.000000 0.000000 0.000000 3.274705 1.391270 -358.029272 -83.764307 0.010204 0.010204 0.000544 385.500000 1.112706 1.213923 -12.006687 -76.761231 0.010204 0.010204 0.001506 385.500000 21 45 46 76 86 88
0.000000 0.000000 0.000000 1.312918 1.065760 -105.185591 -46.619394 0.010204 0.010204 0.000526 385.500000 1.112706 1.213914 -160.809042 -69.166631 0.010204 0.010204 0.001512 385.500000 21 45 46 76 86 92
0.000000 0.000000 0.000000 1.486137 1.080809 -69.473168 -66.887103 0.010204 0.010204 0.000550 404.142857 1.112706 1.214072 -11.749662 -66.025002 0.010204 0.010204 0.001408 404.142857 21 45 46 76 86 97
0.000000 0.000000 0.000000 1.331036 1.058357 -23.911632 -57.704947 0.010204 0.010204 0.000531 404.142857 1.112706 1.213916 -233.327323 -73.635214 0.010204 0.010204 0.001438 404.142857 21 45 46 76 86 98
0.000000 0.000000 0.000000 1.932830 1.126407 -142.025469 -67.600769 0.010204 0.010204 0.000562 385.500000 1.112706 1.214071 -14.563098 -66.976272 0.010204 0.010204 0.001451 385.500000 21 45 46 76 87 88
0.000000 0.000000 0.000000 1.752773 1.101217 -165.328564 -68.768072 0.010204 0.010204 0.000583 385.500000 1.112706 1.214085 -22.995773 -73.585013 0.010204 0.010204 0.001446 385.500000 21 45 46 76 87 92
0.000000 0.000000 0.000000 1.771694 1.103851 -112.955666 -97.893216 0.010204 0.010204 0.000568 404.142857 1.112706 1.214075 -4.720165 -87.522525 0.010204 0.010204 0.001384 404.142857 21 45 46 76 87 97
0.000000 0.000000 0.000000 1.727293 1.097674 -217.221691 -66.938276 0.010204 0.010204 0.000590 404.142857 1.112706 1.214312 -11.416152 -63.873894 0.010204 0.010204 0.001357 404.142857 21 45 46 76 87 98
0.000000 0.000000 0.000000 7.504122 1.310127 -855.199516 -86.677292 0.010204 0.010204 0.000789 348.214286 1.112721 1.214976 -12.465072 -73.924112 0.010204 0.010204 0.001535 348.214286 21 45 50 66 77 88
0.000000 0.000000 0.000000 15.473793 1.698724 -1410.619324 -109.764029 0.010204 0.010204 0.000749 348.214286 1.112721 1.214454 -9.917466 -75.589295 0.010204 0.010204 0.001571 348.214286 21 45 50 66 77 92
0.000000 0.000000 0.000000 9.926162 1.428037 -230.334324 -61.531374 0.010204 0.010204 0.000741 366.857143 1.112721 1.214457 -9.396786 -78.308448 0.010204 0.010204 0.001496 366.857143 21 45 50 66 77 97
0.000000 0.000000 0.000000 1.697706 1.092189 -109.131739 -70.395089 0.010204 0.010204 0.000709 366.857143 1.112721 1.214442 -19.518517 -85.758690 0.010204 0.010204 0.001501 366.857143 21 45 50 66 77 98
0.000000 0.000000 0.000000 1.532507 1.071604 -99.249716 -52.011749 0.010204 0.010204 0.000685 348.214286 1.112721 1.214097 -60.780065 -64.669513 0.010204 0.010204 0.001644 348.214286 21 45 50 66 81 88
0.000000 0.000000 0.000000 3.604304 1.207851 -456.762483 -84.127356 0.010204 0.010204 0.000717 348.214286 1.112721 1.214442 -9.462555 -60.033059 0.010204 0.010204 0.001602 348.214286 21 45 50 66 81 92
0.000000 0.000000 0.000000 1.090192 1.070240 -15.929796 -46.430373 0.010204 0.010204 0.000652 366.857143 1.112721 1.214089 -98.509093 -62.673824 0.010204 0.010204 0.001566 366.857143 21 45 50 66 81 97
0.000000 0.000000 0.000000 2.299802 1.135356 -181.245239 -70.585113 0.010204 0.010204 0.000679 366.857143 1.112721 1.214098 -51.100914 -78.477712 0.010204 0.010204 0.001561 366.857143 21 45 50 66 81 98
0.000000 0.000000 0.000000 2.313828 1.094080 -387.128825 -67.990706 0.010204 0.010204 0.000692 366.857143 1.112721 1.214100 -107.201937 -69.565477 0.010204 0.010204 0.001555 366.857143 21 45 50 66 86 88
0.000000 0.000000 0.000000 1.401766 1.196796 -212.330971 -62.368634 0.010204 0.010204 0.000663 366.857143 1.112721 1.214090 -200.436975 -69.256634 0.010204 0.010204 0.001561 366.857143 21 45 50 66 86 92
0.000000 0.000000 0.000000 2.447646 1.089830 -217.214402 -61.506677 0.010204 0.010204 0.000701 385.500000 1.112721 1.214251 -10.393823 -73.275142 0.010204 0.010204 0.001452 385.500000 21 45 50 66 86 97
0.000000 0.000000 0.000000 1.986429 1.081397 -94.138906 -56.864868 0.010204 0.010204 0.000671 385.500000 1.112721 1.214092 -54.766091 -71.767077 0.010204 0.010204 0.001484 385.500000 21 45 50 66 86 98
0.000000 0.000000 0.000000 1.030163 1.086734 -2.354236 -60.986871 0.010204 0.010204 0.000615 366.857143 1.112721 1.214080 -15.639093 -70.075702 0.010204 0.010204 0.001572 366.857143 21 45 50 66 87 88
0.000000 0.000000 0.000000 1.110862 1.063637 -320.156536 -55.846830 0.010204 0.010204 0.000639 366.857143 1.112721 1.214090 -29.571221 -71.585181 0.010204 0.010204 0.001566 366.857143 21 45 50 66 87 92
0.000000 0.000000 0.000000 1.062230 1.048193 -4.974101 -65.710036 0.010204 0.010204 0.000622 385.500000 1.112721 1.214082 -6.191103 -68.249941 0.010204 0.010204 0.001493 385.500000 21 45 50 66 87 97
0.000000 0.000000 0.000000 2.206951 1.424039 -250.583740 -84.081693 0.010204 0.010204 0.000647 385.500000 1.112721 1.214237 -56.240034 -67.490723 0.010204 0.010204 0.001461 385.500000 21 45 50 66 87 98
0.000000 0.000000 0.000000 3.294426 1.073140 -94.231706 -51.974862 0.010204 0.010204 0.000819 348.214286 1.112724 1.216004 -102.956168 -65.408143 0.010204 0.010204 0.001514 348.214286 21 45 50 70 77 88
0.000000 0.000000 0.000000 2.763547 1.089650 -54.455944 -47.594658 0.010204 0.010204 0.000777 348.214286 1.112724 1.215657 -38.948781 -78.356475 0.010204 0.010204 0.001550 348.214286 21 45 50 70 77 92
0.000000 0.000000 0.000000 4.468270 1.118185 -176.861984 -51.490762 0.010204 0.010204 0.000769 366.857143 1.112724 1.215658 -15.057885 -70.106862 0.010204 0.010204 0.001476 366.857143 21 45 50 70 77 97
0.000000 0.000000 0.000000 1.008574 1.066411 -38.995217 -77.781734 0.010204 0.010204 0.000735 366.857143 1.112724 1.215649 -100.693639 -66.744540 0.010204 0.010204 0.001481 366.857143 21 45 50 70 77 98
0.000000 0.000000 0.000000 2.782550 1.055644 -106.444024 -47.412023 0.010204 0.010204 0.000862 348.214286 1.112725 1.216414 -65.411758 -72.497223 0.010204 0.010204 0.001486 348.214286 21 45 50 70 81 88
0.000000 0.000000 0.000000 2.774913 1.055228 -285.295633 -54.649318 0.010204 0.010204 0.000919 348.214286 1.112725 1.217024 -137.488503 -68.552088 0.010204 0.010204 0.001454 348.214286 21 45 50 70 81 92
0.000000 0.000000 0.000000 1.090645 1.100508 -9.139609 -39.299124 0.010204 0.010204 0.000809 366.857143 1.112725 1.216400 -25.577728 -73.581318 0.010204 0.010204 0.001424 366.857143 21 45 50 70 81 97
0.000000 0.000000 0.000000 2.778414 1.055369 -276.580435 -65.168773 0.010204 0.010204 0.000853 366.857143 1.112725 1.216418 -36.968130 -66.384489 0.010204 0.010204 0.001420 366.857143 21 45 50 70 81 98
0.000000 0.000000 0.000000 1.101198 1.261327 -190.248482 -75.977778 0.010204 0.010204 0.000717 366.857143 1.112724 1.215640 -4.778860 -71.609207 0.010204 0.010204 0.001481 366.857143 21 45 50 70 86 88
0.000000 0.000000 0.000000 1.003626 1.181398 -11.879284 -64.402293 0.010204 0.010204 0.000687 366.857143 1.112724 1.215631 -90.220334 -75.706293 0.010204 0.010204 0.001486 366.857143 21 45 50 70 86 92
0.000000 0.000000 0.000000 1.442581 1.202088 -98.315109 -80.426782 0.010204 0.010204 0.000727 385.500000 1.112724 1.215788 -13.785430 -61.688402 0.010204 0.010204 0.001388 385.500000 21 45 50 70 86 97
0.000000 0.000000 0.000000 1.015895 1.070909 -7.752703 -65.880948 0.010204 0.010204 0.000695 385.500000 1.112724 1.215633 -41.871401 -59.129203 0.010204 0.010204 0.001416 385.500000 21 45 50 70 86 98
0.000000 0.000000 0.000000 1.017911 1.067263 -4.035129 -56.475604 0.010204 0.010204 0.000749 366.857143 1.112724 1.215655 -70.531888 -70.911650 0.010204 0.010204 0.001477 366.857143 21 45 50 70 87 88
0.000000 0.000000 0.000000 3.153309 1.068675 -549.753596 -70.573753 0.010204 0.010204 0.000786 366.857143 1.112724 1.215665 -9.182208 -72.798278 0.010204 0.010204 0.001472 366.857143 21 45 50 70 87 92
0.000000 0.000000 0.000000 3.481753 1.082064 -35.926583 -50.654291 0.010204 0.010204 0.000759 385.500000 1.112724 1.215657 -16.558949 -69.781739 0.010204 0.010204 0.001408 385.500000 21 45 50 70 87 97
0.000000 0.000000 0.000000 2.980543 1.062184 -60.181128 -62.727507 0.010204 0.010204 0.000798 385.500000 1.112724 1.215818 -48.849307 -71.395716 0.010204 0.010204 0.001380 385.500000 21 45 50 70 87 98
0.000000 0.000000 0.000000 1.298799 1.056939 -19.304386 -58.295755 0.010204 0.010204 0.000656 366.857143 1.112721 1.214409 -90.050561 -72.659443 0.010204 0.010204 0.001527 366.857143 21 45 50 75 77 88
0.000000 0.000000 0.000000 2.644582 1.373942 -25.493200 -79.114138 0.010204 0.010204 0.000629 366.857143 1.112721 1.214062 -26.658537 -70.599201 0.010204 0.010204 0.001565 366.857143 21 45 50 75 77 92
0.000000 0.000000 0.000000 1.253871 1.053295 -245.459295 -61.657646 0.010204 0.010204 0.000623 385.500000 1.112721 1.214064 -6.076987 -67.539014 0.010204 0.010204 0.001489 385.500000 21 45 50 75 77 97
0.000000 0.000000 0.000000 1.121632 1.050984 -125.737539 -58.207802 0.010204 0.010204 0.000601 385.500000 1.112721 1.214054 -13.800692 -68.577292 0.010204 0.010204 0.001494 385.500000 21 45 50 75 77 98
0.000000 0.000000 0.000000 1.059007 1.057892 -74.261596 -53.453081 0.010204 0.010204 0.000584 366.857143 1.112721 1.214053 -3.502765 -65.524013 0.010204 0.010204 0.001577 366.857143 21 45 50 75 81 88
0.000000 0.000000 0.000000 1.228241 1.154306 -83.126525 -59.108222 0.010204 0.010204 0.000607 366.857143 1.112721 1.214393 -19.530202 -58.670933 0.010204 0.010204 0.001538 366.857143 21 45 50 75 81 92
0.000000 0.000000 0.000000 1.766505 2.524738 -2.216449 -91.877286 0.010204 0.010204 0.000561 385.500000 1.112721 1.214044 -11.493829 -68.101408 0.010204 0.010204 0.001504 385.500000 21 45 50 75 81 97
0.000000 0.000000 0.000000 1.092030 1.077782 -144.453555 -63.442961 0.010204 0.010204 0.000580 385.500000 1.112721 1.214054 -24.506366 -66.769060 0.010204 0.010204 0.001499 385.500000 21 45 50 75 81 98
0.000000 0.000000 0.000000 1.555966 1.071993 -46.824482 -72.961454 0.010204 0.010204 0.000660 385.500000 1.112721 1.214218 -19.039226 -73.385231 0.010204 0.010204 0.001432 385.500000 21 45 50 75 86 88
0.000000 0.000000 0.000000 7.565297 1.932717 -873.550827 -172.947291 0.010204 0.010204 0.000633 385.500000 1.112721 1.214204 -17.276062 -66.654158 0.010204 0.010204 0.001437 385.500000 21 45 50 75 86 92
0.000000 0.000000 0.000000 1.509750 1.065585 -137.730457 -65.480232 0.010204 0.010204 0.000669 404.142857 1.112721 1.214445 -232.865467 -58.294726 0.010204 0.010204 0.001345 404.142857 21 45 50 75 86 97
0.000000 0.000000 0.000000 1.598483 1.077917 -141.482467 -65.119156 0.010204 0.010204 0.000641 404.142857 1.112721 1.214208 -29.189546 -67.802114 0.010204 0.010204 0.001372 404.142857 21 45 50 75 86 98
0.000000 0.000000 0.000000 1.103389 1.064223 -187.493137 -60.569710 0.010204 0.010204 0.000589 385.500000 1.112721 1.214046 -8.163141 -70.191419 0.010204 0.010204 0.001497 385.500000 21 45 50 75 87 88
0.000000 0.000000 0.000000 1.513307 1.142539 -72.352703 -60.132094 0.010204 0.010204 0.000611 385.500000 1.112721 1.214056 -17.158596 -65.338530 0.010204 0.010204 0.001492 385.500000 21 45 50 75 87 92
0.000000 0.000000 0.000000 1.468020 1.143827 -45.199963 -59.272582 0.010204 0.010204 0.000595 404.142857 1.112721 1.214048 -161.763669 -64.531707 0.010204 0.010204 0.001425 404.142857 21 45 50 75 87 97
0.000000 0.000000 0.000000 1.258819 1.062547 -34.570480 -59.992920 0.010204 0.010204 0.000618 404.142857 1.112721 1.214205 -150.182203 -64.350355 0.010204 0.010204 0.001395 404.142857 21 45 50 75 87 98
0.000000 0.000000 0.000000 1.293567 1.085817 -66.628728 -54.167011 0.010204 0.010204 0.000676 366.857143 1.112721 1.214447 -58.026102 -59.933438 0.010204 0.010204 0.001524 366.857143 21 45 50 76 77 88
0.000000 0.000000 0.000000 12.077645 10.522714 -1150.539816 -397.834761 0.010204 0.010204 0.000648 366.857143 1.112721 1.214106 -13.003870 -63.596082 0.010204 0.010204 0.001562 366.857143 21 45 50 76 77 92
0.000000 0.000000 0.000000 1.205306 1.116436 -27.381029 -70.860251 0.010204 0.010204 0.000642 385.500000 1.112721 1.214108 -36.180524 -66.726915 0.010204 0.010204 0.001486 385.500000 21 45 50 76 77 97
0.000000 0.000000 0.000000 1.075928 1.301649 -7.082699 -93.607474 0.010204 0.010204 0.000619 385.500000 1.112721 1.214098 -51.302534 -76.244310 0.010204 0.010204 0.001491 385.500000 21 45 50 76 77 98
0.000000 0.000000 0.000000 2.021538 1.062993 -59.190266 -46.180287 0.010204 0.010204 0.000703 366.857143 1.112721 1.214117 -8.658805 -57.659812 0.010204 0.010204 0.001551 366.857143 21 45 50 76 81 88
0.000000 0.000000 0.000000 3.151389 1.099328 -546.264162 -55.869644 0.010204 0.010204 0.000738 366.857143 1.112721 1.214463 -149.227244 -64.544763 0.010204 0.010204 0.001514 366.857143 21 45 50 76 81 92
0.000000 0.000000 0.000000 1.120653 1.080175 -9.506695 -35.146436 0.010204 0.010204 0.000668 385.500000 1.112721 1.214108 -106.134914 -74.860458 0.010204 0.010204 0.001481 385.500000 21 45 50 76 81 97
0.000000 0.000000 0.000000 2.337115 1.069791 -257.824142 -57.799099 0.010204 0.010204 0.000697 385.500000 1.112721 1.214118 -20.825384 -60.665520 0.010204 0.010204 0.001476 385.500000 21 45 50 76 81 98
0.000000 0.000000 0.000000 2.880466 1.134166 -37.872604 -60.762952 0.010204 0.010204 0.000681 385.500000 1.112721 1.214110 -64.742035 -63.158056 0.010204 0.010204 0.001479 385.500000 21 45 50 76 86 88
0.000000 0.000000 0.000000 1.102537 1.106375 -6.621930 -61.174805 0.010204 0.010204 0.000653 385.500000 1.112721 1.214100 -15.162893 -59.195497 0.010204 0.010204 0.001485 385.500000 21 45 50 76 86 92
0.000000 0.000000 0.000000 35.445867 2.882026 -230.126014 -226.839154 0.010204 0.010204 0.000690 404.142857 1.112721 1.214259 -18.471795 -72.946379 0.010204 0.010204 0.001384 404.142857 21 45 50 76 86 97
0.000000 0.000000 0.000000 1.662056 1.062677 -29.798947 -52.385600 0.010204 0.010204 0.000661 404.142857 1.112721 1.214102 -36.305013 -60.056880 0.010204 0.010204 0.001413 404.142857 21 45 50 76 86 98
0.000000 0.000000 0.000000 1.244521 1.060339 -21.316039 -54.322841 0.010204 0.010204 0.000710 385.500000 1.112721 1.214267 -144.131152 -78.391023 0.010204 0.010204 0.001426 385.500000 21 45 50 76 87 88
0.000000 0.000000 0.000000 14.957640 1.547557 -991.887842 -107.127375 0.010204 0.010204 0.000744 385.500000 1.112721 1.214281 -13.035476 -66.642908 0.010204 0.010204 0.001421 385.500000 21 45 50 76 87 92
0.000000 0.000000 0.000000 20.696165 1.775770 -383.299623 -96.536127 0.010204 0.010204 0.000719 404.142857 1.112721 1.214271 -13.450774 -61.513067 0.010204 0.010204 0.001361 404.142857 21 45 50 76 87 97
0.000000 0.000000 0.000000 11.735120 1.419628 -128.042352 -62.153309 0.010204 0.010204 0.000756 404.142857 1.112721 1.214510 -58.527420 -77.358331 0.010204 0.010204 0.001335 404.142857 21 45 50 76 87 98
0.000000 0.000000 0.000000 2.592910 1.073558 -251.988569 -62.055450 0.010204 0.010204 0.000786 348.214286 1.112714 1.214950 -4.580837 -71.500636 0.010204 0.010204 0.001536 348.214286 21 45 61 66 77 88
0.000000 0.000000 0.000000 2.702799 1.079057 -95.436109 -50.143339 0.010204 0.010204 0.000745 348.214286 1.112714 1.214427 -52.395970 -80.573262 0.010204 0.010204 0.001572 348.214286 21 45 61 66 77 92
0.000000 0.000000 0.000000 2.647042 1.076247 -34.609892 -70.907600 0.010204 0.010204 0.000738 366.857143 1.112714 1.214430 -16.055428 -66.538761 0.010204 0.010204 0.001497 366.857143 21 45 61 66 77 97
0.000000 0.000000 0.000000 1.918944 1.058614 -70.307809 -68.938101 0.010204 0.010204 0.000705 366.857143 1.112714 1.214414 -20.451290 -76.986514 0.010204 0.010204 0.001502 366.857143 21 45 61 66 77 98
0.000000 0.000000 0.000000 1.765518 1.062634 -165.430508 -73.088639 0.010204 0.010204 0.000681 348.214286 1.112714 1.214063 -8.684430 -74.724857 0.010204 0.010204 0.001644 348.214286 21 45 61 66 81 88
0.000000 0.000000 0.000000 1.831277 1.049438 -46.264706 -59.638221 0.010204 0.010204 0.000713 348.214286 1.112714 1.214408 -179.454819 -73.442318 0.010204 0.010204 0.001603 348.214286 21 45 61 66 81 92
0.000000 0.000000 0.000000 2.184724 1.589803 -97.879371 -81.881992 0.010204 0.010204 0.000649 366.857143 1.112714 1.214055 -10.155421 -72.540371 0.010204 0.010204 0.001567 366.857143 21 45 61 66 81 97
0.000000 0.000000 0.000000 1.800404 1.055292 -227.521436 -64.001178 0.010204 0.010204 0.000675 366.857143 1.112714 1.214064 -231.687958 -74.994841 0.010204 0.010204 0.001561 366.857143 21 45 61 66 81 98
0.000000 0.000000 0.000000 2.229876 1.068937 -68.578815 -62.121477 0.010204 0.010204 0.000688 366.857143 1.112714 1.214066 -7.275448 -67.945316 0.010204 0.010204 0.001556 366.857143 21 45 61 66 86 88
0.000000 0.000000 0.000000 1.832695 1.238839 -39.461914 -61.899939 0.010204 0.010204 0.000660 366.857143 1.112714 1.214056 -14.835807 -77.430279 0.010204 0.010204 0.001562 366.857143 21 45 61 66 86 92
0.000000 0.000000 0.000000 5.303153 1.225291 -201.692064 -67.006258 0.010204 0.010204 0.000698 385.500000 1.112714 1.214217 -5.658361 -68.261711 0.010204 0.010204 0.001453 385.500000 21 45 61 66 86 97
0.000000 0.000000 0.000000 5.223767 1.254264 -261.565961 -107.824166 0.010204 0.010204 0.000667 385.500000 1.112714 1.214058 -50.418697 -56.656542 0.010204 0.010204 0.001485 385.500000 21 45 61 66 86 98
0.000000 0.000000 0.000000 1.037416 1.079110 -21.155487 -63.510652 0.010204 0.010204 0.000612 366.857143 1.112714 1.214046 -5.526863 -66.044973 0.010204 0.010204 0.001573 366.857143 21 45 61 66 87 88
0.000000 0.000000 0.000000 1.329322 1.106160 -29.599682 -67.442954 0.010204 0.010204 0.000636 366.857143 1.112714 1.214055 -44.705901 -74.258506 0.010204 0.010204 0.001567 366.857143 21 45 61 66 87 92
0.000000 0.000000 0.000000 1.163542 1.074610 -6.288896 -59.431952 0.010204 0.010204 0.000618 385.500000 1.112714 1.214048 -230.651938 -67.954485 0.010204 0.010204 0.001494 385.500000 21 45 61 66 87 97
0.000000 0.000000 0.000000 1.377501 1.070578 -85.279123 -57.684846 0.010204 0.010204 0.000643 385.500000 1.112714 1.214203 -14.248256 -60.110718 0.010204 0.010204 0.001462 385.500000 21 45 61 66 87 98
0.000000 0.000000 0.000000 1.312919 1.063584 -19.319811 -74.991048 0.010204 0.010204 0.000636 348.214286 1.112713 1.214345 -13.562081 -62.382040 0.010204 0.010204 0.001618 348.214286 21 45 61 70 77 88
0.000000 0.000000 0.000000 1.232243 1.056395 -38.284983 -51.134151 0.010204 0.010204 0.000611 348.214286 1.112713 1.214000 -137.744857 -61.110097 0.010204 0.010204 0.001660 348.214286 21 45 61 70 77 92
0.000000 0.000000 0.000000 1.327773 1.073624 -2.607998 -52.598730 0.010204 0.010204 0.000606 366.857143 1.112713 1.214001 -150.470424 -71.007974 0.010204 0.010204 0.001575 366.857143 21 45 61 70 77 97
0.000000 0.000000 0.000000 1.175854 1.072354 -5.601734 -68.359264 0.010204 0.010204 0.000584 366.857143 1.112713 1.213992 -22.485875 -63.156989 0.010204 0.010204 0.001581 366.857143 21 45 61 70 77 98
0.000000 0.000000 0.000000 1.908501 1.114805 -120.746747 -58.434323 0.010204 0.010204 0.000660 348.214286 1.112713 1.214349 -225.864597 -74.429056 0.010204 0.010204 0.001586 348.214286 21 45 61 70 81 88
0.000000 0.000000 0.000000 1.766820 1.096157 -95.451625 -57.682907 0.010204 0.010204 0.000691 348.214286 1.112713 1.214869 -40.399079 -69.230033 0.010204 0.010204 0.001549 348.214286 21 45 61 70 81 92
0.000000 0.000000 0.000000 4.556535 1.468236 -504.253482 -63.624732 0.010204 0.010204 0.000629 366.857143 1.112713 1.214337 -18.744724 -61.989468 0.010204 0.010204 0.001515 366.857143 21 45 61 70 81 97
0.000000 0.000000 0.000000 1.839458 1.105702 -96.201123 -59.080633 0.010204 0.010204 0.000655 366.857143 1.112713 1.214353 -20.052002 -67.143296 0.010204 0.010204 0.001510 366.857143 21 45 61 70 81 98
0.000000 0.000000 0.000000 1.090876 1.051657 -31.001330 -59.941351 0.010204 0.010204 0.000574 366.857143 1.112713 1.213993 -8.667009 -68.520193 0.010204 0.010204 0.001581 366.857143 21 45 61 70 86 88
0.000000 0.000000 0.000000 1.096197 1.117481 -8.713080 -41.784202 0.010204 0.010204 0.000555 366.857143 1.112713 1.213983 -71.426230 -74.368043 0.010204 0.010204 0.001587 366.857143 21 45 61 70 86 92
0.000000 0.000000 0.000000 1.439269 1.206731 -45.934508 -84.190666 0.010204 0.010204 0.000580 385.500000 1.112713 1.214140 -21.779354 -71.460594 0.010204 0.010204 0.001474 385.500000 21 45 61 70 86 97
0.000000 0.000000 0.000000 1.201372 1.129448 -10.291075 -73.942836 0.010204 0.010204 0.000560 385.500000 1.112713 1.213985 -21.738225 -66.233422 0.010204 0.010204 0.001507 385.500000 21 45 61 70 86 98
0.000000 0.000000 0.000000 1.434533 1.124559 -94.243429 -67.701012 0.010204 0.010204 0.000593 366.857143 1.112713 1.213993 -13.961468 -64.826837 0.010204 0.010204 0.001576 366.857143 21 45 61 70 87 88
0.000000 0.000000 0.000000 1.352715 1.063081 -12.560952 -53.197372 0.010204 0.010204 0.000616 366.857143 1.112713 1.214003 -179.686501 -78.261225 0.010204 0.010204 0.001570 366.857143 21 45 61 70 87 92
0.000000 0.000000 0.000000 2.124722 1.211461 -33.298395 -65.495281 0.010204 0.010204 0.000600 385.500000 1.112713 1.213995 -152.727442 -71.545014 0.010204 0.010204 0.001497 385.500000 21 45 61 70 87 97
0.000000 0.000000 0.000000 1.640204 1.107216 -50.400186 -56.702635 0.010204 0.010204 0.000624 385.500000 1.112713 1.214154 -8.955218 -76.649637 0.010204 0.010204 0.001465 385.500000 21 45 61 70 87 98
0.000000 0.000000 0.000000 2.329514 1.048629 -67.063394 -48.535883 0.010204 0.010204 0.000784 366.857143 1.112715 1.215666 -8.101886 -61.260716 0.010204 0.010204 0.001446 366.857143 21 45 61 75 77 88
0.000000 0.000000 0.000000 2.478638 1.055469 -304.522066 -48.880898 0.010204 0.010204 0.000744 366.857143 1.112715 1.215317 -7.722939 -60.077475 0.010204 0.010204 0.001479 366.857143 21 45 61 75 77 92
0.000000 0.000000 0.000000 2.390693 1.051276 -72.213913 -68.478795 0.010204 0.010204 0.000737 385.500000 1.112715 1.215318 -75.214598 -65.950158 0.010204 0.010204 0.001411 385.500000 21 45 61 75 77 97
0.000000 0.000000 0.000000 1.058129 1.077970 -91.788544 -69.626645 0.010204 0.010204 0.000705 385.500000 1.112715 1.215308 -137.933112 -71.664516 0.010204 0.010204 0.001415 385.500000 21 45 61 75 77 98
0.000000 0.000000 0.000000 1.100253 1.215033 -29.015668 -76.337099 0.010204 0.010204 0.000682 366.857143 1.112715 1.215295 -238.629641 -67.285815 0.010204 0.010204 0.001489 366.857143 21 45 61 75 81 88
0.000000 0.000000 0.000000 1.466975 1.054069 -90.005451 -68.064571 0.010204 0.010204 0.000713 366.857143 1.112715 1.215636 -24.559093 -74.898635 0.010204 0.010204 0.001455 366.857143 21 45 61 75 81 92
0.000000 0.000000 0.000000 1.008320 1.207763 -0.535784 -53.103179 0.010204 0.010204 0.000649 385.500000 1.112715 1.215287 -15.736303 -74.972765 0.010204 0.010204 0.001424 385.500000 21 45 61 75 81 97
0.000000 0.000000 0.000000 1.077526 1.053017 -68.375763 -58.106002 0.010204 0.010204 0.000676 385.500000 1.112715 1.215296 -7.631804 -65.757624 0.010204 0.010204 0.001420 385.500000 21 45 61 75 81 98
0.000000 0.000000 0.000000 39.841332 2.410083 -447.924520 -97.763927 0.010204 0.010204 0.000792 385.500000 1.112716 1.215715 -8.376767 -74.586938 0.010204 0.010204 0.001361 385.500000 21 45 61 75 86 88
0.000000 0.000000 0.000000 1.657266 1.130308 -53.343303 -58.572775 0.010204 0.010204 0.000752 385.500000 1.112716 1.215699 -10.253021 -68.063846 0.010204 0.010204 0.001366 385.500000 21 45 61 75 86 92
0.000000 0.000000 0.000000 38.434245 2.358784 -2046.026529 -114.887652 0.010204 0.010204 0.000806 404.142857 1.112716 1.215983 -109.335774 -58.463180 0.010204 0.010204 0.001283 404.142857 21 45 61 75 86 97
0.000000 0.000000 0.000000 41.262520 2.461948 -651.139233 -117.557405 0.010204 0.010204 0.000763 404.142857 1.112716 1.215704 -67.899052 -64.923209 0.010204 0.010204 0.001307 404.142857 21 45 61 75 86 98
0.000000 0.000000 0.000000 1.020601 1.049820 -62.623738 -67.473365 0.010204 0.010204 0.000687 385.500000 1.112715 1.215294 -159.044503 -69.819133 0.010204 0.010204 0.001419 385.500000 21 45 61 75 87 88
0.000000 0.000000 0.000000 2.653361 1.062516 -131.051114 -69.243464 0.010204 0.010204 0.000719 385.500000 1.112715 1.215303 -19.079062 -72.576146 0.010204 0.010204 0.001413 385.500000 21 45 61 75 87 92
0.000000 0.000000 0.000000 3.082132 1.082779 -180.280665 -57.416827 0.010204 0.010204 0.000696 404.142857 1.112715 1.215296 -17.232796 -78.045836 0.010204 0.010204 0.001354 404.142857 21 45 61 75 87 97
0.000000 0.000000 0.000000 2.450259 1.053507 -51.872699 -64.148420 0.010204 0.010204 0.000729 404.142857 1.112715 1.215453 -10.974191 -64.585889 0.010204 0.010204 0.001328 404.142857 21 45 61 75 87 98
0.000000 0.000000 0.000000 1.589969 1.136842 -5.903989 -77.317745 0.010204 0.010204 0.000636 366.857143 1.112713 1.214357 -18.073389 -68.784321 0.010204 0.010204 0.001536 366.857143 21 45 61 76 77 88
0.000000 0.000000 0.000000 1.800543 1.371089 -58.406546 -69.729803 0.010204 0.010204 0.000611 366.857143 1.112713 1.214016 -10.898498 -68.357970 0.010204 0.010204 0.001574 366.857143 21 45 61 76 77 92
0.000000 0.000000 0.000000 1.197119 1.068872 -68.334252 -52.637628 0.010204 0.010204 0.000606 385.500000 1.112713 1.214017 -8.901001 -65.903242 0.010204 0.010204 0.001497 385.500000 21 45 61 76 77 97
0.000000 0.000000 0.000000 1.035103 1.056179 -13.164933 -68.852358 0.010204 0.010204 0.000585 385.500000 1.112713 1.214008 -39.554560 -68.202580 0.010204 0.010204 0.001502 385.500000 21 45 61 76 77 98
0.000000 0.000000 0.000000 3.357930 1.181817 -65.077015 -72.273706 0.010204 0.010204 0.000660 366.857143 1.112713 1.214026 -9.864109 -70.784295 0.010204 0.010204 0.001563 366.857143 21 45 61 76 81 88
0.000000 0.000000 0.000000 2.285324 1.084031 -177.566277 -52.698328 0.010204 0.010204 0.000691 366.857143 1.112713 1.214373 -11.861283 -58.831468 0.010204 0.010204 0.001525 366.857143 21 45 61 76 81 92
0.000000 0.000000 0.000000 1.550509 1.133095 -213.268861 -51.760266 0.010204 0.010204 0.000629 385.500000 1.112713 1.214018 -87.252922 -63.063140 0.010204 0.010204 0.001492 385.500000 21 45 61 76 81 97
0.000000 0.000000 0.000000 1.730455 1.051786 -33.296191 -51.705574 0.010204 0.010204 0.000654 385.500000 1.112713 1.214027 -146.073320 -68.943255 0.010204 0.010204 0.001487 385.500000 21 45 61 76 81 98
0.000000 0.000000 0.000000 1.765232 1.067597 -24.814199 -55.219583 0.010204 0.010204 0.000640 385.500000 1.112713 1.214019 -95.447090 -69.379941 0.010204 0.010204 0.001490 385.500000 21 45 61 76 86 88
0.000000 0.000000 0.000000 1.253064 1.098767 -40.310431 -53.284586 0.010204 0.010204 0.000616 385.500000 1.112713 1.214010 -107.699441 -72.679269 0.010204 0.010204 0.001496 385.500000 21 45 61 76 86 92
0.000000 0.000000 0.000000 1.666214 1.050659 -124.347879 -79.362980 0.010204 0.010204 0.000648 404.142857 1.112713 1.214168 -38.686018 -66.807226 0.010204 0.010204 0.001394 404.142857 21 45 61 76 86 97
0.000000 0.000000 0.000000 1.681506 1.068870 -108.407727 -56.032558 0.010204 0.010204 0.000622 404.142857 1.112713 1.214012 -162.174351 -71.019592 0.010204 0.010204 0.001423 404.142857 21 45 61 76 86 98
0.000000 0.000000 0.000000 11.075742 1.639520 -1723.890636 -107.701643 0.010204 0.010204 0.000666 385.500000 1.112713 1.214172 -18.999265 -82.198227 0.010204 0.010204 0.001436 385.500000 21 45 61 76 87 88
0.000000 0.000000 0.000000 2.238544 1.067511 -201.484386 -74.115539 0.010204 0.010204 0.000696 385.500000 1.112713 1.214186 -70.635233 -69.240690 0.010204 0.010204 0.001431 385.500000 21 45 61 76 87 92
0.000000 0.000000 0.000000 2.284623 1.070246 -136.796887 -64.464241 0.010204 0.010204 0.000674 404.142857 1.112713 1.214176 -54.439628 -75.056319 0.010204 0.010204 0.001370 404.142857 21 45 61 76 87 97
0.000000 0.000000 0.000000 2.188234 1.064553 -204.232778 -74.360618 0.010204 0.010204 0.000706 404.142857 1.112713 1.214414 -165.463803 -75.120970 0.010204 0.010204 0.001344 404.142857 21 45 61 76 87 98
0.000000 0.000000 0.000000 1.135825 1.077728 -255.165469 -69.680153 0.010204 0.010204 0.000802 348.214286 1.113092 1.218217 -14.533041 -74.505425 0.010204 0.010204 0.001456 348.214286 21 45 65 66 77 88
0.000000 0.000000 0.000000 1.266024 1.163433 -24.240992 -58.835811 0.010204 0.010204 0.000762 348.214286 1.113092 1.217697 -22.607890 -68.426772 0.010204 0.010204 0.001489 348.214286 21 45 65 66 77 92
0.000000 0.000000 0.000000 1.179907 1.106602 -4.666711 -56.740301 0.010204 0.010204 0.000754 366.857143 1.113092 1.217700 -247.262860 -70.747903 0.010204 0.010204 0.001421 366.857143 21 45 65 66 77 97
0.000000 0.000000 0.000000 1.211991 1.300250 -5.303799 -78.443337 0.010204 0.010204 0.000721 366.857143 1.113092 1.217685 -18.197535 -67.425431 0.010204 0.010204 0.001426 366.857143 21 45 65 66 77 98
0.000000 0.000000 0.000000 1.017352 1.065313 -55.010313 -53.671954 0.010204 0.010204 0.000697 348.214286 1.113092 1.217345 -278.052834 -91.622448 0.010204 0.010204 0.001554 348.214286 21 45 65 66 81 88
0.000000 0.000000 0.000000 1.025536 1.060147 -189.590179 -57.859252 0.010204 0.010204 0.000729 348.214286 1.113092 1.217690 -9.257772 -63.524067 0.010204 0.010204 0.001517 348.214286 21 45 65 66 81 92
0.000000 0.000000 0.000000 1.016417 1.177474 -33.807991 -49.385964 0.010204 0.010204 0.000664 366.857143 1.113092 1.217337 -69.645368 -71.413782 0.010204 0.010204 0.001484 366.857143 21 45 65 66 81 97
0.000000 0.000000 0.000000 1.035865 1.111363 -96.332659 -56.956025 0.010204 0.010204 0.000691 366.857143 1.113092 1.217346 -5.229149 -64.607165 0.010204 0.010204 0.001479 366.857143 21 45 65 66 81 98
0.000000 0.000000 0.000000 1.033956 1.062531 -7.409046 -49.249913 0.010204 0.010204 0.000704 366.857143 1.113092 1.217348 -182.574806 -76.995826 0.010204 0.010204 0.001474 366.857143 21 45 65 66 86 88
0.000000 0.000000 0.000000 1.011610 1.079427 -1.223833 -62.030965 0.010204 0.010204 0.000675 366.857143 1.113092 1.217338 -74.507614 -66.698523 0.010204 0.010204 0.001480 366.857143 21 45 65 66 86 92
0.000000 0.000000 0.000000 1.060332 1.088964 -9.300110 -69.167536 0.010204 0.010204 0.000714 385.500000 1.113092 1.217499 -11.933529 -69.013334 0.010204 0.010204 0.001381 385.500000 21 45 65 66 86 97
0.000000 0.000000 0.000000 1.048580 1.106673 -10.152234 -67.647734 0.010204 0.010204 0.000683 385.500000 1.113092 1.217340 -11.189756 -75.979795 0.010204 0.010204 0.001409 385.500000 21 45 65 66 86 98
0.000000 0.000000 0.000000 1.009219 1.321778 -0.597161 -75.184013 0.010204 0.010204 0.000626 366.857143 1.113092 1.217328 -8.236328 -68.010917 0.010204 0.010204 0.001489 366.857143 21 45 65 66 87 88
0.000000 0.000000 0.000000 1.008482 1.110298 -3.511276 -56.917893 0.010204 0.010204 0.000650 366.857143 1.113092 1.217338 -46.507685 -75.277303 0.010204 0.010204 0.001484 366.857143 21 45 65 66 87 92
0.000000 0.000000 0.000000 1.009265 1.143421 -1.108882 -76.747057 0.010204 0.010204 0.000633 385.500000 1.113092 1.217330 -19.068292 -66.184692 0.010204 0.010204 0.001418 385.500000 21 45 65 66 87 97
0.000000 0.000000 0.000000 1.006030 1.058943 -36.095084 -70.228766 0.010204 0.010204 0.000658 385.500000 1.113092 1.217485 -7.881078 -64.347150 0.010204 0.010204 0.001389 385.500000 21 45 65 66 87 98
0.000000 0.000000 0.000000 1.735801 1.067572 -62.453920 -54.968404 0.010204 0.010204 0.000833 348.214286 1.113095 1.217799 -10.777790 -63.501238 0.010204 0.010204 0.001504 348.214286 21 45 65 70 77 88
0.000000 0.000000 0.000000 1.188702 1.293049 -42.601479 -66.808462 0.010204 0.010204 0.000790 348.214286 1.113095 1.217454 -195.724492 -68.249048 0.010204 0.010204 0.001540 348.214286 21 45 65 70 77 92
0.000000 0.000000 0.000000 1.146778 1.067337 -174.070710 -59.877430 0.010204 0.010204 0.000782 366.857143 1.113095 1.217455 -4.364282 -71.977436 0.010204 0.010204 0.001466 366.857143 21 45 65 70 77 97
0.000000 0.000000 0.000000 1.008633 1.240248 -2.656782 -79.978364 0.010204 0.010204 0.000748 366.857143 1.113095 1.217446 -287.405722 -75.401954 0.010204 0.010204 0.001471 366.857143 21 45 65 70 77 98
0.000000 0.000000 0.000000 15.940142 1.359300 -339.328464 -82.642398 0.010204 0.010204 0.000877 348.214286 1.113096 1.217828 -54.561512 -75.358380 0.010204 0.010204 0.001476 348.214286 21 45 65 70 81 88
0.000000 0.000000 0.000000 11.799420 1.254691 -3379.809471 -118.483770 0.010204 0.010204 0.000932 348.214286 1.113096 1.218353 -164.889324 -70.841223 0.010204 0.010204 0.001444 348.214286 21 45 65 70 81 92
0.000000 0.000000 0.000000 1.014258 1.162032 -0.757630 -47.836725 0.010204 0.010204 0.000823 366.857143 1.113096 1.217815 -7.690236 -64.888101 0.010204 0.010204 0.001414 366.857143 21 45 65 70 81 97
0.000000 0.000000 0.000000 12.908770 1.282204 -2259.644646 -88.329106 0.010204 0.010204 0.000867 366.857143 1.113096 1.217831 -250.761279 -75.409177 0.010204 0.010204 0.001410 366.857143 21 45 65 70 81 98
0.000000 0.000000 0.000000 1.006227 1.069963 -90.977059 -49.882907 0.010204 0.010204 0.000730 366.857143 1.113095 1.217446 -90.142192 -67.039312 0.010204 0.010204 0.001471 366.857143 21 45 65 70 86 88
0.000000 0.000000 0.000000 1.000692 1.057259 -0.404338 -54.044462 0.010204 0.010204 0.000699 366.857143 1.113095 1.217437 -10.802638 -78.323595 0.010204 0.010204 0.001477 366.857143 21 45 65 70 86 92
0.000000 0.000000 0.000000 1.066326 1.356025 -9.837121 -70.382686 0.010204 0.010204 0.000740 385.500000 1.113095 1.217594 -15.904630 -70.685040 0.010204 0.010204 0.001378 385.500000 21 45 65 70 86 97
0.000000 0.000000 0.000000 1.002916 1.049484 -6.430388 -63.974562 0.010204 0.010204 0.000708 385.500000 1.113095 1.217439 -16.372151 -71.346829 0.010204 0.010204 0.001407 385.500000 21 45 65 70 86 98
0.000000 0.000000 0.000000 1.004007 1.062463 -26.920019 -62.693092 0.010204 0.010204 0.000762 366.857143 1.113095 1.217447 -12.393191 -72.359609 0.010204 0.010204 0.001467 366.857143 21 45 65 70 87 88
0.000000 0.000000 0.000000 2.883778 1.180193 -58.330554 -73.786405 0.010204 0.010204 0.000800 366.857143 1.113095 1.217457 -18.375987 -66.533924 0.010204 0.010204 0.001462 366.857143 21 45 65 70 87 92
0.000000 0.000000 0.000000 1.307647 1.091869 -17.223770 -54.269425 0.010204 0.010204 0.000772 385.500000 1.113095 1.217449 -7.997060 -69.880333 0.010204 0.010204 0.001398 385.500000 21 45 65 70 87 97
0.000000 0.000000 0.000000 14.675128 1.418505 -1055.559640 -91.479220 0.010204 0.010204 0.000812 385.500000 1.113095 1.217608 -152.192423 -76.995694 0.010204 0.010204 0.001370 385.500000 21 45 65 70 87 98
0.000000 0.000000 0.000000 2.025901 1.074891 -113.976757 -55.199525 0.010204 0.010204 0.000802 366.857143 1.113093 1.217737 -127.711488 -70.583726 0.010204 0.010204 0.001435 366.857143 21 45 65 75 77 88
0.000000 0.000000 0.000000 1.321437 1.178777 -146.013279 -62.105720 0.010204 0.010204 0.000762 366.857143 1.113093 1.217391 -68.575112 -70.709688 0.010204 0.010204 0.001468 366.857143 21 45 65 75 77 92
0.000000 0.000000 0.000000 1.277987 1.056569 -29.283679 -55.248864 0.010204 0.010204 0.000755 385.500000 1.113093 1.217392 -6.938218 -65.864110 0.010204 0.010204 0.001400 385.500000 21 45 65 75 77 97
0.000000 0.000000 0.000000 1.012954 1.168112 -65.203263 -82.424287 0.010204 0.010204 0.000722 385.500000 1.113093 1.217382 -109.531635 -74.417579 0.010204 0.010204 0.001405 385.500000 21 45 65 75 77 98
0.000000 0.000000 0.000000 1.010678 1.162515 -18.871626 -70.279420 0.010204 0.010204 0.000698 366.857143 1.113093 1.217381 -6.100798 -68.780419 0.010204 0.010204 0.001478 366.857143 21 45 65 75 81 88
0.000000 0.000000 0.000000 1.019793 1.109690 -52.001676 -61.457368 0.010204 0.010204 0.000730 366.857143 1.113093 1.217721 -75.265888 -79.798823 0.010204 0.010204 0.001444 366.857143 21 45 65 75 81 92
0.000000 0.000000 0.000000 1.001280 1.074607 -136.913958 -56.288974 0.010204 0.010204 0.000665 385.500000 1.113093 1.217372 -8.748911 -67.644779 0.010204 0.010204 0.001414 385.500000 21 45 65 75 81 97
0.000000 0.000000 0.000000 1.005549 1.057208 -189.146342 -68.534969 0.010204 0.010204 0.000692 385.500000 1.113093 1.217382 -76.867186 -78.852753 0.010204 0.010204 0.001409 385.500000 21 45 65 75 81 98
0.000000 0.000000 0.000000 6.228187 1.140506 -198.556039 -78.942273 0.010204 0.010204 0.000810 385.500000 1.113094 1.217555 -80.378612 -74.468945 0.010204 0.010204 0.001350 385.500000 21 45 65 75 86 88
0.000000 0.000000 0.000000 1.024219 1.338605 -10.855794 -49.411024 0.010204 0.010204 0.000770 385.500000 1.113094 1.217541 -13.963036 -61.562076 0.010204 0.010204 0.001355 385.500000 21 45 65 75 86 92
0.000000 0.000000 0.000000 5.551061 1.120418 -1199.513903 -72.872622 0.010204 0.010204 0.000824 404.142857 1.113094 1.217783 -298.812808 -71.595266 0.010204 0.010204 0.001272 404.142857 21 45 65 75 86 97
0.000000 0.000000 0.000000 7.738475 1.186512 -424.118234 -74.038789 0.010204 0.010204 0.000781 404.142857 1.113094 1.217545 -14.814327 -72.688982 0.010204 0.010204 0.001296 404.142857 21 45 65 75 86 98
0.000000 0.000000 0.000000 1.003599 1.062640 -3.631378 -72.704711 0.010204 0.010204 0.000704 385.500000 1.113093 1.217374 -109.273932 -70.456111 0.010204 0.010204 0.001408 385.500000 21 45 65 75 87 88
0.000000 0.000000 0.000000 1.093944 1.062103 -13.790210 -51.525776 0.010204 0.010204 0.000736 385.500000 1.113093 1.217384 -64.268791 -66.163608 0.010204 0.010204 0.001403 385.500000 21 45 65 75 87 92
0.000000 0.000000 0.000000 1.127910 1.183249 -236.701582 -59.187980 0.010204 0.010204 0.000713 404.142857 1.113093 1.217377 -105.349340 -79.457768 0.010204 0.010204 0.001343 404.142857 21 45 65 75 87 97
0.000000 0.000000 0.000000 1.239182 1.051766 -8.364414 -74.394246 0.010204 0.010204 0.000747 404.142857 1.113093 1.217533 -211.410802 -67.332570 0.010204 0.010204 0.001317 404.142857 21 45 65 75 87 98
0.000000 0.000000 0.000000 1.010580 1.051746 -159.334524 -52.417122 0.010204 0.010204 0.000834 366.857143 1.113168 1.220045 -71.358194 -67.824473 0.010204 0.010204 0.001372 366.857143 21 45 65 76 77 88
0.000000 0.000000 0.000000 1.001102 1.087432 -11.880563 -74.827868 0.010204 0.010204 0.000792 366.857143 1.113168 1.219703 -135.648898 -71.058440 0.010204 0.010204 0.001402 366.857143 21 45 65 76 77 92
0.000000 0.000000 0.000000 1.002825 1.111144 -0.383182 -75.049101 0.010204 0.010204 0.000784 385.500000 1.113168 1.219704 -6.444326 -67.729901 0.010204 0.010204 0.001341 385.500000 21 45 65 76 77 97
0.000000 0.000000 0.000000 1.000147 1.154467 -2.706759 -80.872646 0.010204 0.010204 0.000749 385.500000 1.113168 1.219695 -119.999535 -67.143179 0.010204 0.010204 0.001345 385.500000 21 45 65 76 77 98
0.000000 0.000000 0.000000 1.443040 1.064950 -43.784635 -66.432008 0.010204 0.010204 0.000877 366.857143 1.113168 1.219733 -6.656917 -66.618656 0.010204 0.010204 0.001394 366.857143 21 45 65 76 81 88
0.000000 0.000000 0.000000 3.818210 1.063371 -80.151355 -63.058250 0.010204 0.010204 0.000931 366.857143 1.113168 1.220084 -8.332468 -79.507563 0.010204 0.010204 0.001364 366.857143 21 45 65 76 81 92
0.000000 0.000000 0.000000 1.001928 1.060870 -2.169227 -40.792945 0.010204 0.010204 0.000824 385.500000 1.113168 1.219724 -9.106767 -70.134042 0.010204 0.010204 0.001337 385.500000 21 45 65 76 81 97
0.000000 0.000000 0.000000 3.957242 1.072288 -1536.868396 -80.166379 0.010204 0.010204 0.000867 385.500000 1.113168 1.219734 -8.616571 -69.693803 0.010204 0.010204 0.001333 385.500000 21 45 65 76 81 98
0.000000 0.000000 0.000000 1.808384 1.113787 -34.110853 -74.337119 0.010204 0.010204 0.000842 385.500000 1.113168 1.219715 -5.955119 -72.548000 0.010204 0.010204 0.001335 385.500000 21 45 65 76 86 88
0.000000 0.000000 0.000000 1.002288 1.694367 -217.062408 -155.380442 0.010204 0.010204 0.000800 385.500000 1.113168 1.219705 -7.516818 -77.058863 0.010204 0.010204 0.001340 385.500000 21 45 65 76 86 92
0.000000 0.000000 0.000000 3.912127 1.066789 -369.753404 -67.258804 0.010204 0.010204 0.000856 404.142857 1.113168 1.219865 -165.920019 -62.887669 0.010204 0.010204 0.001258 404.142857 21 45 65 76 86 97
0.000000 0.000000 0.000000 1.108424 1.101939 -7.743459 -69.219237 0.010204 0.010204 0.000811 404.142857 1.113168 1.219707 -68.442908 -69.467301 0.010204 0.010204 0.001282 404.142857 21 45 65 76 86 98
0.000000 0.000000 0.000000 1.011023 1.091829 -125.455749 -75.138262 0.010204 0.010204 0.000888 385.500000 1.113178 1.220276 -56.915385 -57.205953 0.010204 0.010204 0.001292 385.500000 21 45 65 76 87 88
0.000000 0.000000 0.000000 3.762482 1.061957 -96.960992 -55.471629 0.010204 0.010204 0.000942 385.500000 1.113178 1.220292 -141.982592 -74.286741 0.010204 0.010204 0.001288 385.500000 21 45 65 76 87 92
0.000000 0.000000 0.000000 3.764585 1.062846 -39.784198 -41.226602 0.010204 0.010204 0.000903 404.142857 1.113178 1.220280 -6.647810 -72.708583 0.010204 0.010204 0.001239 404.142857 21 45 65 76 87 97
0.000000 0.000000 0.000000 3.761082 1.061742 -63.292230 -59.979435 0.010204 0.010204 0.000962 404.142857 1.113179 1.220583 -41.285381 -73.746949 0.010204 0.010204 0.001218 404.142857 21 45 65 76 87 98
0.000000 0.000000 0.000000 12.624904 1.246492 -915.903002 -74.860330 0.010204 0.010204 0.000962 348.214286 1.112093 1.221526 -65.652063 -60.696589 0.010204 0.010204 0.001381 348.214286 25 26 46 66 77 88
0.000000 0.000000 0.000000 12.626961 1.246541 -152.819921 -88.250092 0.010204 0.010204 0.000900 348.214286 1.112092 1.220868 -11.200876 -66.427340 0.010204 0.010204 0.001410 348.214286 25 26 46 66 77 92
0.000000 0.000000 0.000000 12.625996 1.246516 -941.784975 -75.110369 0.010204 0.010204 0.000889 366.857143 1.112092 1.220873 -191.543813 -72.210321 0.010204 0.010204 0.001350 366.857143 25 26 46 66 77 97
0.000000 0.000000 0.000000 12.641446 1.248275 -719.074611 -77.635051 0.010204 0.010204 0.000842 366.857143 1.112092 1.220853 -83.176338 -73.887446 0.010204 0.010204 0.001354 366.857143 25 26 46 66 77 98
0.000000 0.000000 0.000000 12.930298 1.253329 -353.940112 -57.089999 0.010204 0.010204 0.000806 348.214286 1.112086 1.219862 -146.278194 -66.220339 0.010204 0.010204 0.001467 348.214286 25 26 46 66 81 88
0.000000 0.000000 0.000000 12.795806 1.250179 -2040.220196 -73.381388 0.010204 0.010204 0.000852 348.214286 1.112086 1.220211 -8.887928 -69.109453 0.010204 0.010204 0.001435 348.214286 25 26 46 66 81 92
0.000000 0.000000 0.000000 1.378155 1.069928 -227.513754 -49.645380 0.010204 0.010204 0.000760 366.857143 1.112086 1.219854 -41.449153 -63.304347 0.010204 0.010204 0.001405 366.857143 25 26 46 66 81 97
0.000000 0.000000 0.000000 12.859994 1.251628 -642.044207 -70.557312 0.010204 0.010204 0.000797 366.857143 1.112086 1.219864 -11.787818 -65.213769 0.010204 0.010204 0.001401 366.857143 25 26 46 66 81 98
0.000000 0.000000 0.000000 12.742744 1.249045 -108.569302 -68.293658 0.010204 0.010204 0.000816 366.857143 1.112086 1.219873 -4.108142 -76.187243 0.010204 0.010204 0.001397 366.857143 25 26 46 66 86 88
0.000000 0.000000 0.000000 14.880145 1.324210 -1188.922311 -76.041491 0.010204 0.010204 0.000775 366.857143 1.112086 1.219864 -16.694400 -72.852137 0.010204 0.010204 0.001401 366.857143 25 26 46 66 86 92
0.000000 0.000000 0.000000 12.714742 1.248426 -57.510419 -100.784657 0.010204 0.010204 0.000830 385.500000 1.112086 1.220029 -12.342956 -73.600385 0.010204 0.010204 0.001314 385.500000 25 26 46 66 86 97
0.000000 0.000000 0.000000 12.768137 1.249632 -2544.791898 -79.685663 0.010204 0.010204 0.000786 385.500000 1.112086 1.219866 -10.240432 -79.390935 0.010204 0.010204 0.001339 385.500000 25 26 46 66 86 98
0.000000 0.000000 0.000000 1.006910 1.156686 -6.367252 -69.711560 0.010204 0.010204 0.000709 366.857143 1.112086 1.219831 -75.842035 -64.525881 0.010204 0.010204 0.001410 366.857143 25 26 46 66 87 88
0.000000 0.000000 0.000000 55.185154 2.315869 -1089.292434 -116.130217 0.010204 0.010204 0.000741 366.857143 1.112086 1.219840 -23.906100 -69.115678 0.010204 0.010204 0.001405 366.857143 25 26 46 66 87 92
0.000000 0.000000 0.000000 1.396796 1.067898 -10.756460 -66.292128 0.010204 0.010204 0.000718 385.500000 1.112086 1.219833 -12.159677 -63.640244 0.010204 0.010204 0.001347 385.500000 25 26 46 66 87 97
0.000000 0.000000 0.000000 14.216886 1.282910 -389.477062 -76.404762 0.010204 0.010204 0.000752 385.500000 1.112086 1.219988 -89.337498 -63.745259 0.010204 0.010204 0.001321 385.500000 25 26 46 66 87 98
0.000000 0.000000 0.000000 3.697509 1.059229 -135.390678 -53.027912 0.010204 0.010204 0.000741 348.214286 1.112049 1.217468 -71.615032 -77.199273 0.010204 0.010204 0.001514 348.214286 25 26 46 70 77 88
0.000000 0.000000 0.000000 4.449823 1.079552 -136.096113 -60.145619 0.010204 0.010204 0.000706 348.214286 1.112049 1.217124 -22.532642 -73.450170 0.010204 0.010204 0.001551 348.214286 25 26 46 70 77 92
0.000000 0.000000 0.000000 3.990398 1.066944 -105.219516 -53.095052 0.010204 0.010204 0.000700 366.857143 1.112049 1.217125 -21.071441 -68.085620 0.010204 0.010204 0.001476 366.857143 25 26 46 70 77 97
0.000000 0.000000 0.000000 1.680291 1.345732 -20.048951 -83.748624 0.010204 0.010204 0.000671 366.857143 1.112049 1.217115 -16.922496 -63.760925 0.010204 0.010204 0.001481 366.857143 25 26 46 70 77 98
0.000000 0.000000 0.000000 3.219203 1.047679 -28.256025 -70.992572 0.010204 0.010204 0.000775 348.214286 1.112049 1.217487 -30.871455 -70.030083 0.010204 0.010204 0.001486 348.214286 25 26 46 70 81 88
0.000000 0.000000 0.000000 3.215217 1.047577 -29.208748 -57.836991 0.010204 0.010204 0.000819 348.214286 1.112049 1.218009 -85.099750 -72.854220 0.010204 0.010204 0.001453 348.214286 25 26 46 70 81 92
0.000000 0.000000 0.000000 3.245983 1.049589 -59.838623 -42.416874 0.010204 0.010204 0.000732 366.857143 1.112049 1.217474 -238.111318 -59.188534 0.010204 0.010204 0.001423 366.857143 25 26 46 70 81 97
0.000000 0.000000 0.000000 3.217340 1.047629 -50.080380 -55.919331 0.010204 0.010204 0.000767 366.857143 1.112049 1.217490 -69.061805 -73.405343 0.010204 0.010204 0.001419 366.857143 25 26 46 70 81 98
0.000000 0.000000 0.000000 1.385437 1.152935 -63.089399 -63.605681 0.010204 0.010204 0.000657 366.857143 1.112049 1.217116 -253.473769 -68.270294 0.010204 0.010204 0.001481 366.857143 25 26 46 70 86 88
0.000000 0.000000 0.000000 1.012133 1.087587 -1.837737 -47.965148 0.010204 0.010204 0.000632 366.857143 1.112049 1.217107 -116.354542 -72.362954 0.010204 0.010204 0.001486 366.857143 25 26 46 70 86 92
0.000000 0.000000 0.000000 3.337840 1.244177 -116.042309 -75.390678 0.010204 0.010204 0.000665 385.500000 1.112049 1.217263 -9.332859 -65.841040 0.010204 0.010204 0.001386 385.500000 25 26 46 70 86 97
0.000000 0.000000 0.000000 1.386053 1.330071 -46.130605 -70.094600 0.010204 0.010204 0.000639 385.500000 1.112049 1.217109 -9.031392 -66.741839 0.010204 0.010204 0.001415 385.500000 25 26 46 70 86 98
0.000000 0.000000 0.000000 2.534282 1.117971 -100.172498 -71.180414 0.010204 0.010204 0.000683 366.857143 1.112049 1.217117 -86.249977 -58.876539 0.010204 0.010204 0.001477 366.857143 25 26 46 70 87 88
0.000000 0.000000 0.000000 3.507438 1.054651 -228.111614 -59.967874 0.010204 0.010204 0.000714 366.857143 1.112049 1.217126 -152.451913 -58.762840 0.010204 0.010204 0.001471 366.857143 25 26 46 70 87 92
0.000000 0.000000 0.000000 3.587835 1.056790 -162.160656 -60.758302 0.010204 0.010204 0.000692 385.500000 1.112049 1.217119 -104.248416 -64.929707 0.010204 0.010204 0.001407 385.500000 25 26 46 70 87 97
0.000000 0.000000 0.000000 3.427140 1.052603 -276.659686 -54.652230 0.010204 0.010204 0.000724 385.500000 1.112049 1.217278 -14.913312 -79.076302 0.010204 0.010204 0.001378 385.500000 25 26 46 70 87 98
0.000000 0.000000 0.000000 58.339755 2.227439 -3169.695582 -143.413731 0.010204 0.010204 0.000763 366.857143 1.112049 1.217505 -68.435617 -77.839312 0.010204 0.010204 0.001435 366.857143 25 26 46 75 77 88
0.000000 0.000000 0.000000 148.969531 4.178678 -2011.111151 -111.271615 0.010204 0.010204 0.000726 366.857143 1.112049 1.217158 -176.625956 -75.486682 0.010204 0.010204 0.001468 366.857143 25 26 46 75 77 92
0.000000 0.000000 0.000000 83.453390 2.767900 -7017.927311 -142.092897 0.010204 0.010204 0.000719 385.500000 1.112049 1.217159 -84.531601 -71.580713 0.010204 0.010204 0.001400 385.500000 25 26 46 75 77 97
0.000000 0.000000 0.000000 2.419939 1.066889 -259.596793 -64.067881 0.010204 0.010204 0.000689 385.500000 1.112049 1.217150 -95.282338 -67.017854 0.010204 0.010204 0.001405 385.500000 25 26 46 75 77 98
0.000000 0.000000 0.000000 1.177357 1.087201 -37.660569 -60.655940 0.010204 0.010204 0.000667 366.857143 1.112049 1.217148 -8.691213 -72.700848 0.010204 0.010204 0.001478 366.857143 25 26 46 75 81 88
0.000000 0.000000 0.000000 3.408301 1.085129 -37.139186 -53.087807 0.010204 0.010204 0.000697 366.857143 1.112049 1.217488 -10.302975 -69.964187 0.010204 0.010204 0.001444 366.857143 25 26 46 75 81 92
0.000000 0.000000 0.000000 1.007720 1.057637 -0.859960 -45.188917 0.010204 0.010204 0.000636 385.500000 1.112049 1.217139 -54.720980 -56.852550 0.010204 0.010204 0.001413 385.500000 25 26 46 75 81 97
0.000000 0.000000 0.000000 1.880326 1.186795 -38.849326 -74.416355 0.010204 0.010204 0.000661 385.500000 1.112049 1.217149 -6.710545 -72.075424 0.010204 0.010204 0.001409 385.500000 25 26 46 75 81 98
0.000000 0.000000 0.000000 30.923442 1.638460 -5954.538181 -166.159267 0.010204 0.010204 0.000770 385.500000 1.112049 1.217329 -28.695209 -77.682080 0.010204 0.010204 0.001350 385.500000 25 26 46 75 86 88
0.000000 0.000000 0.000000 33.462139 1.694896 -2711.183721 -97.568815 0.010204 0.010204 0.000733 385.500000 1.112049 1.217315 -11.019787 -74.726018 0.010204 0.010204 0.001355 385.500000 25 26 46 75 86 92
0.000000 0.000000 0.000000 30.759844 1.634939 -544.055325 -119.337168 0.010204 0.010204 0.000783 404.142857 1.112049 1.217559 -253.716692 -68.182840 0.010204 0.010204 0.001272 404.142857 25 26 46 75 86 97
0.000000 0.000000 0.000000 31.058723 1.641376 -1206.258778 -84.306831 0.010204 0.010204 0.000743 404.142857 1.112049 1.217319 -65.298002 -57.951933 0.010204 0.010204 0.001296 404.142857 25 26 46 75 86 98
0.000000 0.000000 0.000000 1.452118 1.152545 -59.154019 -50.244973 0.010204 0.010204 0.000672 385.500000 1.112049 1.217142 -257.724024 -83.821685 0.010204 0.010204 0.001408 385.500000 25 26 46 75 87 88
0.000000 0.000000 0.000000 3.192485 1.047480 -83.122559 -73.120271 0.010204 0.010204 0.000702 385.500000 1.112049 1.217151 -207.207023 -72.791769 0.010204 0.010204 0.001403 385.500000 25 26 46 75 87 92
0.000000 0.000000 0.000000 3.261395 1.049504 -140.991355 -55.933596 0.010204 0.010204 0.000680 404.142857 1.112049 1.217144 -112.591890 -59.511183 0.010204 0.010204 0.001343 404.142857 25 26 46 75 87 97
0.000000 0.000000 0.000000 348.929044 8.473982 -119608.805138 -1309.896821 0.010204 0.010204 0.000712 404.142857 1.112049 1.217300 -91.034594 -68.614401 0.010204 0.010204 0.001317 404.142857 25 26 46 75 87 98
0.000000 0.000000 0.000000 1.060301 1.065801 -10.434510 -58.075124 0.010204 0.010204 0.000623 366.857143 1.112048 1.217395 -255.336705 -67.137274 0.010204 0.010204 0.001456 366.857143 25 26 46 76 77 88
0.000000 0.000000 0.000000 1.086298 1.194302 -4.376353 -68.774454 0.010204 0.010204 0.000599 366.857143 1.112048 1.217054 -54.074791 -76.426779 0.010204 0.010204 0.001490 366.857143 25 26 46 76 77 92
0.000000 0.000000 0.000000 1.068220 1.116852 -3.761178 -68.094236 0.010204 0.010204 0.000595 385.500000 1.112048 1.217055 -5.967602 -82.389529 0.010204 0.010204 0.001420 385.500000 25 26 46 76 77 97
0.000000 0.000000 0.000000 1.039636 1.263237 -45.849758 -67.495183 0.010204 0.010204 0.000574 385.500000 1.112048 1.217046 -30.015461 -71.555790 0.010204 0.010204 0.001425 385.500000 25 26 46 76 77 98
0.000000 0.000000 0.000000 5.840783 1.292009 -852.491504 -81.982955 0.010204 0.010204 0.000646 366.857143 1.112048 1.217064 -101.230826 -69.223112 0.010204 0.010204 0.001480 366.857143 25 26 46 76 81 88
0.000000 0.000000 0.000000 2.858774 1.072638 -131.068449 -55.406847 0.010204 0.010204 0.000675 366.857143 1.112048 1.217411 -238.519102 -74.090316 0.010204 0.010204 0.001446 366.857143 25 26 46 76 81 92
0.000000 0.000000 0.000000 1.530914 1.196805 -39.149237 -62.559499 0.010204 0.010204 0.000616 385.500000 1.112048 1.217056 -74.648728 -74.793361 0.010204 0.010204 0.001416 385.500000 25 26 46 76 81 97
0.000000 0.000000 0.000000 2.106312 1.053239 -179.821912 -56.359559 0.010204 0.010204 0.000641 385.500000 1.112048 1.217065 -54.068256 -66.661288 0.010204 0.010204 0.001411 385.500000 25 26 46 76 81 98
0.000000 0.000000 0.000000 1.837944 1.091746 -49.114324 -65.913552 0.010204 0.010204 0.000627 385.500000 1.112048 1.217058 -112.078307 -59.209167 0.010204 0.010204 0.001414 385.500000 25 26 46 76 86 88
0.000000 0.000000 0.000000 1.132812 1.117996 -7.687921 -65.855581 0.010204 0.010204 0.000604 385.500000 1.112048 1.217048 -220.151139 -70.726986 0.010204 0.010204 0.001419 385.500000 25 26 46 76 86 92
0.000000 0.000000 0.000000 4.337797 1.244006 -244.871953 -85.190540 0.010204 0.010204 0.000635 404.142857 1.112048 1.217206 -140.627612 -65.191081 0.010204 0.010204 0.001327 404.142857 25 26 46 76 86 97
0.000000 0.000000 0.000000 2.329520 1.205421 -58.351763 -65.366504 0.010204 0.010204 0.000610 404.142857 1.112048 1.217050 -67.606013 -69.062783 0.010204 0.010204 0.001353 404.142857 25 26 46 76 86 98
0.000000 0.000000 0.000000 5.837932 1.130462 -1052.131253 -64.466619 0.010204 0.010204 0.000651 385.500000 1.112048 1.217207 -43.183991 -64.588464 0.010204 0.010204 0.001365 385.500000 25 26 46 76 87 88
0.000000 0.000000 0.000000 4.328471 1.084383 -31.219800 -56.714146 0.010204 0.010204 0.000680 385.500000 1.112048 1.217221 -8.093699 -76.922540 0.010204 0.010204 0.001360 385.500000 25 26 46 76 87 92
0.000000 0.000000 0.000000 4.393289 1.086249 -32.205128 -78.563270 0.010204 0.010204 0.000659 404.142857 1.112048 1.217211 -53.602160 -69.707543 0.010204 0.010204 0.001306 404.142857 25 26 46 76 87 97
0.000000 0.000000 0.000000 4.252077 1.082199 -621.341936 -71.748031 0.010204 0.010204 0.000690 404.142857 1.112048 1.217449 -78.856023 -68.152463 0.010204 0.010204 0.001281 404.142857 25 26 46 76 87 98
0.000000 0.000000 0.000000 3.088496 1.065635 -43.793586 -60.650391 0.010204 0.010204 0.000704 348.214286 1.111881 1.214696 -154.350707 -78.577225 0.010204 0.010204 0.001546 348.214286 25 26 50 66 77 88
0.000000 0.000000 0.000000 3.116999 1.066589 -51.680065 -51.738772 0.010204 0.010204 0.000671 348.214286 1.111881 1.214174 -85.333066 -74.324083 0.010204 0.010204 0.001583 348.214286 25 26 50 66 77 92
0.000000 0.000000 0.000000 3.104407 1.066166 -186.796757 -63.864676 0.010204 0.010204 0.000665 366.857143 1.111881 1.214177 -7.597551 -74.040893 0.010204 0.010204 0.001507 366.857143 25 26 50 66 77 97
0.000000 0.000000 0.000000 3.225928 1.070347 -6.903220 -59.715612 0.010204 0.010204 0.000638 366.857143 1.111881 1.214161 -85.031299 -78.106746 0.010204 0.010204 0.001512 366.857143 25 26 50 66 77 98
0.000000 0.000000 0.000000 7.743681 1.239415 -452.368968 -66.505272 0.010204 0.010204 0.000618 348.214286 1.111881 1.213817 -297.443863 -72.316533 0.010204 0.010204 0.001657 348.214286 25 26 50 66 81 88
0.000000 0.000000 0.000000 3.256630 1.076686 -347.484446 -60.546171 0.010204 0.010204 0.000645 348.214286 1.111881 1.214162 -12.409705 -65.743726 0.010204 0.010204 0.001615 348.214286 25 26 50 66 81 92
0.000000 0.000000 0.000000 3.992970 1.139222 -321.507928 -45.354575 0.010204 0.010204 0.000591 366.857143 1.111881 1.213809 -9.379748 -67.735690 0.010204 0.010204 0.001578 366.857143 25 26 50 66 81 97
0.000000 0.000000 0.000000 4.548599 1.123393 -720.186474 -73.453349 0.010204 0.010204 0.000613 366.857143 1.111881 1.213818 -137.036422 -74.062616 0.010204 0.010204 0.001572 366.857143 25 26 50 66 81 98
0.000000 0.000000 0.000000 2.402251 1.046466 -42.277331 -42.420684 0.010204 0.010204 0.000624 366.857143 1.111881 1.213820 -81.888519 -62.750690 0.010204 0.010204 0.001567 366.857143 25 26 50 66 86 88
0.000000 0.000000 0.000000 162.335082 7.077181 -50173.652157 -865.138815 0.010204 0.010204 0.000600 366.857143 1.111881 1.213810 -11.838079 -68.258882 0.010204 0.010204 0.001573 366.857143 25 26 50 66 86 92
0.000000 0.000000 0.000000 14.996893 1.458664 -811.499598 -94.613176 0.010204 0.010204 0.000632 385.500000 1.111881 1.213971 -9.158465 -59.867701 0.010204 0.010204 0.001462 385.500000 25 26 50 66 86 97
0.000000 0.000000 0.000000 2.542690 1.051591 -30.317503 -58.320296 0.010204 0.010204 0.000606 385.500000 1.111881 1.213812 -56.917412 -56.828986 0.010204 0.010204 0.001495 385.500000 25 26 50 66 86 98
0.000000 0.000000 0.000000 1.216227 1.046508 -31.145838 -52.119965 0.010204 0.010204 0.000560 366.857143 1.111881 1.213800 -24.163395 -67.735451 0.010204 0.010204 0.001584 366.857143 25 26 50 66 87 88
0.000000 0.000000 0.000000 2.813709 1.104322 -265.783124 -58.965910 0.010204 0.010204 0.000580 366.857143 1.111881 1.213810 -18.596185 -70.673365 0.010204 0.010204 0.001578 366.857143 25 26 50 66 87 92
0.000000 0.000000 0.000000 3.150021 1.144108 -45.635828 -57.137924 0.010204 0.010204 0.000565 385.500000 1.111881 1.213802 -11.317476 -73.327545 0.010204 0.010204 0.001504 385.500000 25 26 50 66 87 97
0.000000 0.000000 0.000000 2.101787 1.052870 -132.113951 -56.329197 0.010204 0.010204 0.000586 385.500000 1.111881 1.213957 -194.296593 -64.955079 0.010204 0.010204 0.001471 385.500000 25 26 50 66 87 98
0.000000 0.000000 0.000000 2.812300 1.049696 -158.330520 -58.413035 0.010204 0.010204 0.000727 348.214286 1.111882 1.215703 -8.970823 -72.630055 0.010204 0.010204 0.001525 348.214286 25 26 50 70 77 88
0.000000 0.000000 0.000000 2.842110 1.050607 -105.946809 -62.101723 0.010204 0.010204 0.000693 348.214286 1.111882 1.215356 -114.638090 -74.498448 0.010204 0.010204 0.001561 348.214286 25 26 50 70 77 92
0.000000 0.000000 0.000000 2.828132 1.050173 -49.378343 -76.837342 0.010204 0.010204 0.000686 366.857143 1.111882 1.215357 -9.280461 -74.489516 0.010204 0.010204 0.001487 366.857143 25 26 50 70 77 97
0.000000 0.000000 0.000000 3.066571 1.059485 -100.875751 -59.652132 0.010204 0.010204 0.000658 366.857143 1.111882 1.215348 -58.271000 -66.365011 0.010204 0.010204 0.001492 366.857143 25 26 50 70 77 98
0.000000 0.000000 0.000000 2.746324 1.047780 -72.532614 -62.132446 0.010204 0.010204 0.000762 348.214286 1.111882 1.216109 -104.441110 -70.007763 0.010204 0.010204 0.001497 348.214286 25 26 50 70 81 88
0.000000 0.000000 0.000000 2.745727 1.047762 -387.460298 -64.824217 0.010204 0.010204 0.000807 348.214286 1.111882 1.216718 -11.362560 -65.929035 0.010204 0.010204 0.001465 348.214286 25 26 50 70 81 92
0.000000 0.000000 0.000000 2.748645 1.047943 -115.850615 -42.248159 0.010204 0.010204 0.000719 366.857143 1.111882 1.216094 -57.229705 -64.524375 0.010204 0.010204 0.001434 366.857143 25 26 50 70 81 97
0.000000 0.000000 0.000000 2.746060 1.047772 -48.841309 -61.766937 0.010204 0.010204 0.000754 366.857143 1.111882 1.216113 -94.242832 -77.703977 0.010204 0.010204 0.001430 366.857143 25 26 50 70 81 98
0.000000 0.000000 0.000000 3.393651 1.068057 -173.035249 -64.046502 0.010204 0.010204 0.000644 366.857143 1.111882 1.215340 -90.775933 -66.619376 0.010204 0.010204 0.001492 366.857143 25 26 50 70 86 88
0.000000 0.000000 0.000000 1.634856 1.742198 -130.868913 -89.582260 0.010204 0.010204 0.000619 366.857143 1.111882 1.215330 -135.242554 -71.823499 0.010204 0.010204 0.001497 366.857143 25 26 50 70 86 92
0.000000 0.000000 0.000000 3.125904 1.059156 -32.263152 -82.624712 0.010204 0.010204 0.000652 385.500000 1.111882 1.215488 -63.422794 -58.304625 0.010204 0.010204 0.001397 385.500000 25 26 50 70 86 97
0.000000 0.000000 0.000000 3.844432 1.083778 -184.399764 -68.984460 0.010204 0.010204 0.000626 385.500000 1.111882 1.215332 -16.672202 -69.259876 0.010204 0.010204 0.001426 385.500000 25 26 50 70 86 98
0.000000 0.000000 0.000000 2.870867 1.052123 -571.122885 -59.108419 0.010204 0.010204 0.000670 366.857143 1.111882 1.215354 -103.462352 -77.941950 0.010204 0.010204 0.001488 366.857143 25 26 50 70 87 88
0.000000 0.000000 0.000000 2.789866 1.049047 -360.131501 -62.953285 0.010204 0.010204 0.000700 366.857143 1.111882 1.215364 -11.340578 -60.979797 0.010204 0.010204 0.001482 366.857143 25 26 50 70 87 92
0.000000 0.000000 0.000000 2.795953 1.049232 -72.877882 -60.579470 0.010204 0.010204 0.000678 385.500000 1.111882 1.215356 -16.729555 -67.106201 0.010204 0.010204 0.001418 385.500000 25 26 50 70 87 97
0.000000 0.000000 0.000000 2.782193 1.048818 -409.540973 -64.535753 0.010204 0.010204 0.000710 385.500000 1.111882 1.215517 -14.290093 -70.914135 0.010204 0.010204 0.001389 385.500000 25 26 50 70 87 98
0.000000 0.000000 0.000000 6.240630 1.274047 -195.934868 -71.306489 0.010204 0.010204 0.000594 366.857143 1.111881 1.214129 -118.369630 -71.388043 0.010204 0.010204 0.001539 366.857143 25 26 50 75 77 88
0.000000 0.000000 0.000000 2.302051 1.071522 -187.757555 -57.380421 0.010204 0.010204 0.000571 366.857143 1.111881 1.213783 -260.428051 -71.017201 0.010204 0.010204 0.001577 366.857143 25 26 50 75 77 92
0.000000 0.000000 0.000000 1.975811 1.052446 -116.914281 -55.855250 0.010204 0.010204 0.000567 385.500000 1.111881 1.213784 -48.972078 -58.282510 0.010204 0.010204 0.001499 385.500000 25 26 50 75 77 97
0.000000 0.000000 0.000000 9.977871 1.588487 -321.789137 -122.034601 0.010204 0.010204 0.000548 385.500000 1.111881 1.213774 -84.940820 -67.248977 0.010204 0.010204 0.001505 385.500000 25 26 50 75 77 98
0.000000 0.000000 0.000000 1.385278 1.054876 -24.667471 -67.401012 0.010204 0.010204 0.000534 366.857143 1.111881 1.213773 -14.669694 -73.998483 0.010204 0.010204 0.001589 366.857143 25 26 50 75 81 88
0.000000 0.000000 0.000000 1.659234 1.071812 -72.473216 -58.603795 0.010204 0.010204 0.000553 366.857143 1.111881 1.214114 -90.495470 -65.599512 0.010204 0.010204 0.001549 366.857143 25 26 50 75 81 92
0.000000 0.000000 0.000000 1.367516 1.096930 -53.143662 -62.383194 0.010204 0.010204 0.000514 385.500000 1.111881 1.213765 -4.934219 -79.587502 0.010204 0.010204 0.001515 385.500000 25 26 50 75 81 97
0.000000 0.000000 0.000000 30.744491 4.789243 -5133.500845 -403.720123 0.010204 0.010204 0.000530 385.500000 1.111881 1.213774 -18.874596 -74.702224 0.010204 0.010204 0.001510 385.500000 25 26 50 75 81 98
0.000000 0.000000 0.000000 9.801479 1.400881 -2192.815425 -95.527205 0.010204 0.010204 0.000598 385.500000 1.111881 1.213938 -65.041528 -66.531780 0.010204 0.010204 0.001442 385.500000 25 26 50 75 86 88
0.000000 0.000000 0.000000 35.301066 2.577853 -2328.608090 -160.055684 0.010204 0.010204 0.000575 385.500000 1.111881 1.213924 -227.556650 -66.970390 0.010204 0.010204 0.001447 385.500000 25 26 50 75 86 92
0.000000 0.000000 0.000000 8.859719 1.357508 -221.072593 -80.683748 0.010204 0.010204 0.000606 404.142857 1.111881 1.214165 -6.262632 -58.583847 0.010204 0.010204 0.001354 404.142857 25 26 50 75 86 97
0.000000 0.000000 0.000000 10.630938 1.439100 -311.711739 -87.748635 0.010204 0.010204 0.000582 404.142857 1.111881 1.213928 -92.058860 -71.272788 0.010204 0.010204 0.001381 404.142857 25 26 50 75 86 98
0.000000 0.000000 0.000000 2.774267 1.149451 -216.057799 -60.322885 0.010204 0.010204 0.000537 385.500000 1.111881 1.213767 -8.757292 -67.666423 0.010204 0.010204 0.001508 385.500000 25 26 50 75 87 88
0.000000 0.000000 0.000000 3.611454 1.158496 -150.708598 -60.751640 0.010204 0.010204 0.000556 385.500000 1.111881 1.213776 -16.705266 -76.153375 0.010204 0.010204 0.001502 385.500000 25 26 50 75 87 92
0.000000 0.000000 0.000000 1.776248 1.048835 -57.473598 -57.038511 0.010204 0.010204 0.000543 404.142857 1.111881 1.213769 -5.735095 -70.597162 0.010204 0.010204 0.001435 404.142857 25 26 50 75 87 97
0.000000 0.000000 0.000000 1.995026 1.057566 -169.496286 -62.011286 0.010204 0.010204 0.000563 404.142857 1.111881 1.213925 -137.356347 -66.974333 0.010204 0.010204 0.001405 404.142857 25 26 50 75 87 98
0.000000 0.000000 0.000000 16.365355 1.593363 -1920.317397 -108.216316 0.010204 0.010204 0.000611 366.857143 1.111881 1.214167 -145.000077 -72.491342 0.010204 0.010204 0.001536 366.857143 25 26 50 76 77 88
0.000000 0.000000 0.000000 1.906620 1.047919 -107.656347 -57.419807 0.010204 0.010204 0.000587 366.857143 1.111881 1.213826 -102.722628 -75.343812 0.010204 0.010204 0.001574 366.857143 25 26 50 76 77 92
0.000000 0.000000 0.000000 2.037866 1.046782 -26.237906 -74.147379 0.010204 0.010204 0.000582 385.500000 1.111881 1.213827 -30.405258 -68.113020 0.010204 0.010204 0.001497 385.500000 25 26 50 76 77 97
0.000000 0.000000 0.000000 2.283524 1.293879 -218.299112 -107.827002 0.010204 0.010204 0.000562 385.500000 1.111881 1.213818 -23.002418 -71.279634 0.010204 0.010204 0.001502 385.500000 25 26 50 76 77 98
0.000000 0.000000 0.000000 3.633305 1.080760 -216.886537 -46.084451 0.010204 0.010204 0.000633 366.857143 1.111881 1.213836 -235.978779 -72.772161 0.010204 0.010204 0.001563 366.857143 25 26 50 76 81 88
0.000000 0.000000 0.000000 3.161038 1.065445 -657.074974 -65.172709 0.010204 0.010204 0.000662 366.857143 1.111881 1.214183 -27.730726 -67.303211 0.010204 0.010204 0.001525 366.857143 25 26 50 76 81 92
0.000000 0.000000 0.000000 534.860190 18.770728 -27517.253737 -869.901665 0.010204 0.010204 0.000604 385.500000 1.111881 1.213828 -23.134768 -68.270146 0.010204 0.010204 0.001492 385.500000 25 26 50 76 81 97
0.000000 0.000000 0.000000 3.397407 1.073087 -128.992947 -69.598196 0.010204 0.010204 0.000628 385.500000 1.111881 1.213837 -29.675495 -67.014048 0.010204 0.010204 0.001487 385.500000 25 26 50 76 81 98
0.000000 0.000000 0.000000 5.946970 1.154818 -574.972603 -55.072272 0.010204 0.010204 0.000615 385.500000 1.111881 1.213830 -16.126735 -74.170286 0.010204 0.010204 0.001490 385.500000 25 26 50 76 86 88
0.000000 0.000000 0.000000 2.331167 1.052024 -70.156986 -54.832016 0.010204 0.010204 0.000591 385.500000 1.111881 1.213820 -16.439771 -66.969886 0.010204 0.010204 0.001495 385.500000 25 26 50 76 86 92
0.000000 0.000000 0.000000 4.465690 1.107002 -346.762246 -69.142508 0.010204 0.010204 0.000622 404.142857 1.111881 1.213978 -15.172416 -71.191020 0.010204 0.010204 0.001394 404.142857 25 26 50 76 86 97
0.000000 0.000000 0.000000 8.515354 1.237991 -828.861657 -76.314707 0.010204 0.010204 0.000598 404.142857 1.111881 1.213822 -24.320777 -62.192131 0.010204 0.010204 0.001423 404.142857 25 26 50 76 86 98
0.000000 0.000000 0.000000 32.918706 1.946941 -5378.390364 -107.848572 0.010204 0.010204 0.000638 385.500000 1.111881 1.213987 -7.608866 -76.535660 0.010204 0.010204 0.001436 385.500000 25 26 50 76 87 88
0.000000 0.000000 0.000000 23.069515 1.652943 -123.098514 -130.987503 0.010204 0.010204 0.000667 385.500000 1.111881 1.214000 -25.807907 -71.820706 0.010204 0.010204 0.001431 385.500000 25 26 50 76 87 92
0.000000 0.000000 0.000000 23.766476 1.673707 -779.254570 -94.554541 0.010204 0.010204 0.000646 404.142857 1.111881 1.213990 -210.696100 -66.314675 0.010204 0.010204 0.001370 404.142857 25 26 50 76 87 97
0.000000 0.000000 0.000000 22.200776 1.627072 -104.788185 -104.541868 0.010204 0.010204 0.000676 404.142857 1.111881 1.214229 -152.390637 -76.065801 0.010204 0.010204 0.001344 404.142857 25 26 50 76 87 98
0.000000 0.000000 0.000000 2.847507 1.049329 -52.665529 -62.202370 0.010204 0.010204 0.000754 348.214286 1.111884 1.214798 -18.780072 -73.868006 0.010204 0.010204 0.001535 348.214286 25 26 61 66 77 88
0.000000 0.000000 0.000000 2.858783 1.049657 -443.403193 -68.442234 0.010204 0.010204 0.000716 348.214286 1.111884 1.214275 -67.167745 -65.510417 0.010204 0.010204 0.001571 348.214286 25 26 61 66 77 92
0.000000 0.000000 0.000000 2.853716 1.049509 -297.396988 -68.170306 0.010204 0.010204 0.000709 366.857143 1.111884 1.214278 -89.693149 -59.088826 0.010204 0.010204 0.001496 366.857143 25 26 61 66 77 97
0.000000 0.000000 0.000000 2.908241 1.051316 -239.530635 -59.750746 0.010204 0.010204 0.000678 366.857143 1.111884 1.214263 -253.680258 -70.002890 0.010204 0.010204 0.001501 366.857143 25 26 61 66 77 98
0.000000 0.000000 0.000000 23.715310 1.655407 -748.350186 -133.408302 0.010204 0.010204 0.000656 348.214286 1.111884 1.213911 -104.665729 -68.549943 0.010204 0.010204 0.001643 348.214286 25 26 61 66 81 88
0.000000 0.000000 0.000000 5.855534 1.135450 -227.604184 -64.000590 0.010204 0.010204 0.000686 348.214286 1.111884 1.214256 -9.680519 -63.208117 0.010204 0.010204 0.001602 348.214286 25 26 61 66 81 92
0.000000 0.000000 0.000000 38.283025 2.628351 -234.151307 -113.759091 0.010204 0.010204 0.000625 366.857143 1.111884 1.213903 -9.271525 -65.541005 0.010204 0.010204 0.001566 366.857143 25 26 61 66 81 97
0.000000 0.000000 0.000000 9.266441 1.234498 -126.134305 -70.376825 0.010204 0.010204 0.000650 366.857143 1.111884 1.213912 -95.168095 -73.799908 0.010204 0.010204 0.001560 366.857143 25 26 61 66 81 98
0.000000 0.000000 0.000000 4.168182 1.087170 -24.014866 -67.112668 0.010204 0.010204 0.000663 366.857143 1.111884 1.213914 -187.169797 -75.053966 0.010204 0.010204 0.001555 366.857143 25 26 61 66 86 88
0.000000 0.000000 0.000000 3.174114 1.069767 -356.307424 -67.317361 0.010204 0.010204 0.000636 366.857143 1.111884 1.213904 -11.473301 -71.109415 0.010204 0.010204 0.001561 366.857143 25 26 61 66 86 92
0.000000 0.000000 0.000000 3.800748 1.076488 -98.058905 -79.119663 0.010204 0.010204 0.000671 385.500000 1.111884 1.214065 -192.542069 -70.759224 0.010204 0.010204 0.001452 385.500000 25 26 61 66 86 97
0.000000 0.000000 0.000000 4.543888 1.098156 -371.686140 -67.370580 0.010204 0.010204 0.000643 385.500000 1.111884 1.213906 -20.212093 -64.886937 0.010204 0.010204 0.001484 385.500000 25 26 61 66 86 98
0.000000 0.000000 0.000000 1.293671 1.129970 -90.925189 -69.136136 0.010204 0.010204 0.000590 366.857143 1.111884 1.213894 -10.391002 -85.141155 0.010204 0.010204 0.001572 366.857143 25 26 61 66 87 88
0.000000 0.000000 0.000000 5.260323 1.206619 -134.377121 -60.939902 0.010204 0.010204 0.000613 366.857143 1.111884 1.213903 -8.261442 -69.866484 0.010204 0.010204 0.001566 366.857143 25 26 61 66 87 92
0.000000 0.000000 0.000000 1.938419 1.059230 -246.527913 -61.050680 0.010204 0.010204 0.000597 385.500000 1.111884 1.213896 -83.876743 -69.641155 0.010204 0.010204 0.001493 385.500000 25 26 61 66 87 97
0.000000 0.000000 0.000000 2.590039 1.059308 -105.443478 -60.135379 0.010204 0.010204 0.000620 385.500000 1.111884 1.214051 -22.988765 -70.204829 0.010204 0.010204 0.001461 385.500000 25 26 61 66 87 98
0.000000 0.000000 0.000000 4.441580 1.197100 -507.427038 -60.162062 0.010204 0.010204 0.000614 348.214286 1.111884 1.214192 -98.835683 -73.671323 0.010204 0.010204 0.001617 348.214286 25 26 61 70 77 88
0.000000 0.000000 0.000000 12.171169 1.730556 -561.006217 -153.552621 0.010204 0.010204 0.000590 348.214286 1.111884 1.213848 -13.950626 -61.718477 0.010204 0.010204 0.001659 348.214286 25 26 61 70 77 92
0.000000 0.000000 0.000000 2.336272 1.082345 -117.743938 -56.634752 0.010204 0.010204 0.000585 366.857143 1.111884 1.213849 -61.109702 -71.695706 0.010204 0.010204 0.001575 366.857143 25 26 61 70 77 97
0.000000 0.000000 0.000000 2.141862 1.118730 -198.753150 -65.912862 0.010204 0.010204 0.000565 366.857143 1.111884 1.213839 -56.674892 -72.076166 0.010204 0.010204 0.001580 366.857143 25 26 61 70 77 98
0.000000 0.000000 0.000000 31.816686 2.279441 -2688.089074 -152.256719 0.010204 0.010204 0.000637 348.214286 1.111884 1.214197 -22.922545 -78.692081 0.010204 0.010204 0.001585 348.214286 25 26 61 70 81 88
0.000000 0.000000 0.000000 17.800248 1.695105 -1555.578004 -99.166617 0.010204 0.010204 0.000666 348.214286 1.111884 1.214717 -127.742966 -64.701044 0.010204 0.010204 0.001548 348.214286 25 26 61 70 81 92
0.000000 0.000000 0.000000 2.193542 1.050316 -25.383027 -48.958077 0.010204 0.010204 0.000607 366.857143 1.111884 1.214185 -9.800479 -67.232986 0.010204 0.010204 0.001514 366.857143 25 26 61 70 81 97
0.000000 0.000000 0.000000 23.583148 1.936147 -2529.265984 -246.856267 0.010204 0.010204 0.000631 366.857143 1.111884 1.214200 -24.214655 -80.186994 0.010204 0.010204 0.001509 366.857143 25 26 61 70 81 98
0.000000 0.000000 0.000000 1.467365 1.077302 -108.471562 -63.046730 0.010204 0.010204 0.000555 366.857143 1.111884 1.213840 -12.260405 -63.214856 0.010204 0.010204 0.001580 366.857143 25 26 61 70 86 88
0.000000 0.000000 0.000000 1.174956 1.071385 -9.780239 -45.663783 0.010204 0.010204 0.000537 366.857143 1.111884 1.213831 -87.312690 -62.111482 0.010204 0.010204 0.001586 366.857143 25 26 61 70 86 92
0.000000 0.000000 0.000000 1.524928 1.070270 -146.701187 -53.936751 0.010204 0.010204 0.000561 385.500000 1.111884 1.213987 -18.657570 -70.764363 0.010204 0.010204 0.001473 385.500000 25 26 61 70 86 97
0.000000 0.000000 0.000000 2.083287 1.206496 -45.399818 -91.734068 0.010204 0.010204 0.000542 385.500000 1.111884 1.213833 -198.267191 -71.841356 0.010204 0.010204 0.001506 385.500000 25 26 61 70 86 98
0.000000 0.000000 0.000000 1.655150 1.046762 -78.169650 -63.239711 0.010204 0.010204 0.000573 366.857143 1.111884 1.213840 -172.812513 -70.031277 0.010204 0.010204 0.001575 366.857143 25 26 61 70 87 88
0.000000 0.000000 0.000000 2.791072 1.092442 -283.004442 -56.200943 0.010204 0.010204 0.000595 366.857143 1.111884 1.213850 -8.609234 -72.389713 0.010204 0.010204 0.001569 366.857143 25 26 61 70 87 92
0.000000 0.000000 0.000000 4.826700 1.203806 -175.067000 -64.826910 0.010204 0.010204 0.000579 385.500000 1.111884 1.213842 -5.921248 -73.283605 0.010204 0.010204 0.001496 385.500000 25 26 61 70 87 97
0.000000 0.000000 0.000000 2.043320 1.051710 -136.297806 -67.735176 0.010204 0.010204 0.000602 385.500000 1.111884 1.214001 -16.808157 -73.612702 0.010204 0.010204 0.001464 385.500000 25 26 61 70 87 98
0.000000 0.000000 0.000000 6.432261 1.136251 -178.169785 -68.727091 0.010204 0.010204 0.000752 366.857143 1.111886 1.215531 -63.267248 -75.534778 0.010204 0.010204 0.001445 366.857143 25 26 61 75 77 88
0.000000 0.000000 0.000000 6.538413 1.139022 -83.618331 -46.231583 0.010204 0.010204 0.000715 366.857143 1.111886 1.215181 -9.596415 -74.943113 0.010204 0.010204 0.001478 366.857143 25 26 61 75 77 92
0.000000 0.000000 0.000000 6.488316 1.137708 -63.388281 -73.956499 0.010204 0.010204 0.000708 385.500000 1.111886 1.215183 -232.148008 -75.783772 0.010204 0.010204 0.001410 385.500000 25 26 61 75 77 97
0.000000 0.000000 0.000000 7.403082 1.163814 -340.451296 -59.848360 0.010204 0.010204 0.000678 385.500000 1.111886 1.215173 -43.777745 -81.884165 0.010204 0.010204 0.001415 385.500000 25 26 61 75 77 98
0.000000 0.000000 0.000000 3.003285 1.060901 -28.601827 -41.845083 0.010204 0.010204 0.000656 366.857143 1.111886 1.215159 -42.339577 -71.342415 0.010204 0.010204 0.001488 366.857143 25 26 61 75 81 88
0.000000 0.000000 0.000000 10.006165 1.229628 -259.032758 -55.898227 0.010204 0.010204 0.000686 366.857143 1.111886 1.215501 -197.406515 -79.221845 0.010204 0.010204 0.001454 366.857143 25 26 61 75 81 92
0.000000 0.000000 0.000000 1.086053 1.241272 -156.091969 -52.111127 0.010204 0.010204 0.000626 385.500000 1.111886 1.215151 -11.867000 -64.183865 0.010204 0.010204 0.001424 385.500000 25 26 61 75 81 97
0.000000 0.000000 0.000000 22.692897 1.569142 -343.327768 -73.755616 0.010204 0.010204 0.000650 385.500000 1.111886 1.215161 -125.504444 -64.306437 0.010204 0.010204 0.001419 385.500000 25 26 61 75 81 98
0.000000 0.000000 0.000000 6.209325 1.130528 -487.670022 -74.516152 0.010204 0.010204 0.000759 385.500000 1.111886 1.215582 -27.315772 -61.605633 0.010204 0.010204 0.001361 385.500000 25 26 61 75 86 88
0.000000 0.000000 0.000000 6.229287 1.131309 -117.712657 -59.852990 0.010204 0.010204 0.000722 385.500000 1.111886 1.215567 -20.744546 -69.479761 0.010204 0.010204 0.001365 385.500000 25 26 61 75 86 92
0.000000 0.000000 0.000000 6.207146 1.130471 -266.968058 -75.806433 0.010204 0.010204 0.000772 404.142857 1.111886 1.215851 -12.040754 -74.730122 0.010204 0.010204 0.001282 404.142857 25 26 61 75 86 97
0.000000 0.000000 0.000000 6.211009 1.130572 -1084.025830 -85.952574 0.010204 0.010204 0.000732 404.142857 1.111886 1.215571 -58.477573 -87.900900 0.010204 0.010204 0.001306 404.142857 25 26 61 75 86 98
0.000000 0.000000 0.000000 12.381426 1.305244 -302.215301 -64.453283 0.010204 0.010204 0.000661 385.500000 1.111886 1.215158 -12.084129 -74.493117 0.010204 0.010204 0.001418 385.500000 25 26 61 75 87 88
0.000000 0.000000 0.000000 6.740982 1.144238 -176.703358 -66.178980 0.010204 0.010204 0.000691 385.500000 1.111886 1.215168 -6.908290 -71.885263 0.010204 0.010204 0.001413 385.500000 25 26 61 75 87 92
0.000000 0.000000 0.000000 6.849766 1.147104 -67.627369 -48.540057 0.010204 0.010204 0.000670 404.142857 1.111886 1.215160 -25.957789 -71.638748 0.010204 0.010204 0.001353 404.142857 25 26 61 75 87 97
0.000000 0.000000 0.000000 6.619907 1.141080 -142.887642 -72.041897 0.010204 0.010204 0.000701 404.142857 1.111886 1.215318 -28.326893 -72.301205 0.010204 0.010204 0.001327 404.142857 25 26 61 75 87 98
0.000000 0.000000 0.000000 2.400464 1.067510 -143.935558 -59.369916 0.010204 0.010204 0.000613 366.857143 1.111884 1.214204 -61.540291 -74.175227 0.010204 0.010204 0.001535 366.857143 25 26 61 76 77 88
0.000000 0.000000 0.000000 6.969257 1.501612 -1207.909536 -97.567886 0.010204 0.010204 0.000590 366.857143 1.111884 1.213864 -20.404021 -71.757267 0.010204 0.010204 0.001573 366.857143 25 26 61 76 77 92
0.000000 0.000000 0.000000 1.975529 1.063021 -44.707613 -62.787672 0.010204 0.010204 0.000585 385.500000 1.111884 1.213865 -32.907438 -68.957708 0.010204 0.010204 0.001496 385.500000 25 26 61 76 77 97
0.000000 0.000000 0.000000 1.197380 1.075794 -30.649392 -65.579199 0.010204 0.010204 0.000565 385.500000 1.111884 1.213855 -33.433682 -67.295154 0.010204 0.010204 0.001501 385.500000 25 26 61 76 77 98
0.000000 0.000000 0.000000 13.691858 1.380401 -390.273423 -69.696232 0.010204 0.010204 0.000636 366.857143 1.111884 1.213874 -19.864420 -74.359407 0.010204 0.010204 0.001562 366.857143 25 26 61 76 81 88
0.000000 0.000000 0.000000 5.645658 1.135776 -213.457516 -53.421239 0.010204 0.010204 0.000665 366.857143 1.111884 1.214220 -7.518092 -58.171185 0.010204 0.010204 0.001525 366.857143 25 26 61 76 81 92
0.000000 0.000000 0.000000 2.392469 1.051217 -9.737188 -51.897669 0.010204 0.010204 0.000607 385.500000 1.111884 1.213865 -180.870874 -76.942552 0.010204 0.010204 0.001491 385.500000 25 26 61 76 81 97
0.000000 0.000000 0.000000 8.063381 1.209144 -74.853773 -54.508051 0.010204 0.010204 0.000631 385.500000 1.111884 1.213875 -20.454878 -74.259155 0.010204 0.010204 0.001486 385.500000 25 26 61 76 81 98
0.000000 0.000000 0.000000 3.251654 1.070154 -801.232524 -66.673166 0.010204 0.010204 0.000618 385.500000 1.111884 1.213867 -11.311390 -70.342865 0.010204 0.010204 0.001489 385.500000 25 26 61 76 86 88
0.000000 0.000000 0.000000 2.137133 1.058392 -354.327091 -51.743156 0.010204 0.010204 0.000594 385.500000 1.111884 1.213858 -16.676429 -70.228743 0.010204 0.010204 0.001495 385.500000 25 26 61 76 86 92
0.000000 0.000000 0.000000 2.656483 1.050192 -241.727416 -68.519009 0.010204 0.010204 0.000625 404.142857 1.111884 1.214016 -236.717941 -70.789438 0.010204 0.010204 0.001393 404.142857 25 26 61 76 86 97
0.000000 0.000000 0.000000 4.203832 1.102376 -445.385046 -67.384188 0.010204 0.010204 0.000600 404.142857 1.111884 1.213860 -26.306355 -70.177470 0.010204 0.010204 0.001422 404.142857 25 26 61 76 86 98
0.000000 0.000000 0.000000 2.909498 1.054008 -91.851939 -55.974579 0.010204 0.010204 0.000641 385.500000 1.111884 1.214020 -14.847341 -74.901859 0.010204 0.010204 0.001435 385.500000 25 26 61 76 87 88
0.000000 0.000000 0.000000 2.818366 1.051007 -82.975599 -60.151243 0.010204 0.010204 0.000670 385.500000 1.111884 1.214034 -20.533208 -63.598525 0.010204 0.010204 0.001430 385.500000 25 26 61 76 87 92
0.000000 0.000000 0.000000 2.826415 1.051254 -88.142755 -67.544117 0.010204 0.010204 0.000649 404.142857 1.111884 1.214024 -13.800396 -70.244814 0.010204 0.010204 0.001370 404.142857 25 26 61 76 87 97
0.000000 0.000000 0.000000 2.807866 1.050688 -189.405012 -68.059905 0.010204 0.010204 0.000679 404.142857 1.111884 1.214262 -103.200807 -63.660722 0.010204 0.010204 0.001343 404.142857 25 26 61 76 87 98
0.000000 0.000000 0.000000 6.075055 1.305062 -233.199378 -70.883793 0.010204 0.010204 0.000588 348.214286 1.111878 1.214586 -8.810431 -63.169514 0.010204 0.010204 0.001564 348.214286 25 26 65 66 77 88
0.000000 0.000000 0.000000 6.528344 1.332615 -326.713144 -67.174215 0.010204 0.010204 0.000565 348.214286 1.111878 1.214066 -25.292388 -74.626356 0.010204 0.010204 0.001601 348.214286 25 26 65 66 77 92
0.000000 0.000000 0.000000 6.331728 1.320661 -813.075508 -82.767058 0.010204 0.010204 0.000560 366.857143 1.111878 1.214069 -49.129433 -72.590194 0.010204 0.010204 0.001524 366.857143 25 26 65 66 77 97
0.000000 0.000000 0.000000 8.094049 1.427903 -431.544279 -87.241806 0.010204 0.010204 0.000541 366.857143 1.111878 1.214054 -30.677957 -74.621016 0.010204 0.010204 0.001529 366.857143 25 26 65 66 77 98
0.000000 0.000000 0.000000 2.691219 1.118442 -222.170898 -74.289116 0.010204 0.010204 0.000527 348.214286 1.111878 1.213717 -110.533731 -75.965845 0.010204 0.010204 0.001677 348.214286 25 26 65 66 81 88
0.000000 0.000000 0.000000 1.840346 1.057153 -68.259395 -57.158299 0.010204 0.010204 0.000547 348.214286 1.111878 1.214062 -144.760141 -61.169509 0.010204 0.010204 0.001634 348.214286 25 26 65 66 81 92
0.000000 0.000000 0.000000 2.614506 1.122651 -234.109688 -67.111859 0.010204 0.010204 0.000507 366.857143 1.111878 1.213709 -128.295880 -57.878614 0.010204 0.010204 0.001597 366.857143 25 26 65 66 81 97
0.000000 0.000000 0.000000 2.194781 1.082643 -69.739299 -64.809694 0.010204 0.010204 0.000523 366.857143 1.111878 1.213718 -7.633699 -74.934366 0.010204 0.010204 0.001591 366.857143 25 26 65 66 81 98
0.000000 0.000000 0.000000 2.165232 1.076043 -21.545870 -47.837152 0.010204 0.010204 0.000531 366.857143 1.111878 1.213719 -10.169127 -61.621748 0.010204 0.010204 0.001585 366.857143 25 26 65 66 86 88
0.000000 0.000000 0.000000 1.726459 1.050076 -92.742119 -53.379908 0.010204 0.010204 0.000514 366.857143 1.111878 1.213710 -18.622400 -68.195465 0.010204 0.010204 0.001592 366.857143 25 26 65 66 86 92
0.000000 0.000000 0.000000 1.946469 1.061162 -191.088421 -70.643887 0.010204 0.010204 0.000537 385.500000 1.111878 1.213871 -7.295374 -65.358332 0.010204 0.010204 0.001478 385.500000 25 26 65 66 86 97
0.000000 0.000000 0.000000 2.381431 1.090780 -224.479496 -57.555634 0.010204 0.010204 0.000519 385.500000 1.111878 1.213712 -219.054203 -77.591188 0.010204 0.010204 0.001511 385.500000 25 26 65 66 86 98
0.000000 0.000000 0.000000 2.147937 1.147989 -23.850079 -68.159104 0.010204 0.010204 0.000484 366.857143 1.111878 1.213700 -14.734016 -61.706919 0.010204 0.010204 0.001603 366.857143 25 26 65 66 87 88
0.000000 0.000000 0.000000 222.615915 22.242566 -11448.810293 -1105.741404 0.010204 0.010204 0.000499 366.857143 1.111878 1.213710 -50.548007 -57.952422 0.010204 0.010204 0.001596 366.857143 25 26 65 66 87 92
0.000000 0.000000 0.000000 2.039510 1.103775 -164.350276 -69.253304 0.010204 0.010204 0.000488 385.500000 1.111878 1.213702 -114.398120 -66.743745 0.010204 0.010204 0.001521 385.500000 25 26 65 66 87 97
0.000000 0.000000 0.000000 1.659263 1.059607 -41.204224 -56.582473 0.010204 0.010204 0.000504 385.500000 1.111878 1.213857 -52.378544 -72.902981 0.010204 0.010204 0.001488 385.500000 25 26 65 66 87 98
0.000000 0.000000 0.000000 5.603016 1.195626 -397.426781 -71.024666 0.010204 0.010204 0.000604 348.214286 1.111878 1.214124 -3.068886 -79.602397 0.010204 0.010204 0.001619 348.214286 25 26 65 70 77 88
0.000000 0.000000 0.000000 11.526770 1.452411 -1365.924747 -104.512468 0.010204 0.010204 0.000580 348.214286 1.111878 1.213779 -16.069665 -72.953603 0.010204 0.010204 0.001661 348.214286 25 26 65 70 77 92
0.000000 0.000000 0.000000 7.793466 1.290524 -178.863582 -77.696838 0.010204 0.010204 0.000575 366.857143 1.111878 1.213780 -17.839952 -73.156255 0.010204 0.010204 0.001576 366.857143 25 26 65 70 77 97
0.000000 0.000000 0.000000 2.574767 1.070572 -28.837699 -48.533291 0.010204 0.010204 0.000555 366.857143 1.111878 1.213771 -69.666048 -64.578781 0.010204 0.010204 0.001582 366.857143 25 26 65 70 77 98
0.000000 0.000000 0.000000 2.332552 1.054820 -339.738199 -57.668818 0.010204 0.010204 0.000626 348.214286 1.111878 1.214142 -37.798036 -74.034759 0.010204 0.010204 0.001587 348.214286 25 26 65 70 81 88
0.000000 0.000000 0.000000 2.326176 1.054542 -53.371850 -57.118083 0.010204 0.010204 0.000656 348.214286 1.111878 1.214666 -11.173981 -64.872439 0.010204 0.010204 0.001550 348.214286 25 26 65 70 81 92
0.000000 0.000000 0.000000 2.350223 1.055599 -11.873867 -57.025034 0.010204 0.010204 0.000597 366.857143 1.111878 1.214130 -341.194442 -59.429697 0.010204 0.010204 0.001516 366.857143 25 26 65 70 81 97
0.000000 0.000000 0.000000 2.329865 1.054703 -115.014616 -57.659882 0.010204 0.010204 0.000621 366.857143 1.111878 1.214146 -24.111830 -68.376615 0.010204 0.010204 0.001511 366.857143 25 26 65 70 81 98
0.000000 0.000000 0.000000 4.912037 1.191253 -718.613038 -48.372259 0.010204 0.010204 0.000545 366.857143 1.111878 1.213771 -187.652307 -60.795591 0.010204 0.010204 0.001582 366.857143 25 26 65 70 86 88
0.000000 0.000000 0.000000 2.770784 1.121978 -31.610444 -65.407403 0.010204 0.010204 0.000527 366.857143 1.111878 1.213762 -251.921195 -72.234817 0.010204 0.010204 0.001588 366.857143 25 26 65 70 86 92
0.000000 0.000000 0.000000 2.535854 1.072372 -131.808083 -63.086299 0.010204 0.010204 0.000551 385.500000 1.111878 1.213919 -23.876672 -67.904576 0.010204 0.010204 0.001475 385.500000 25 26 65 70 86 97
0.000000 0.000000 0.000000 1.960911 1.048415 -175.946451 -63.222200 0.010204 0.010204 0.000532 385.500000 1.111878 1.213764 -47.926682 -62.058676 0.010204 0.010204 0.001508 385.500000 25 26 65 70 86 98
0.000000 0.000000 0.000000 6.876815 1.252884 -1275.588297 -75.639849 0.010204 0.010204 0.000563 366.857143 1.111878 1.213772 -60.537542 -83.048201 0.010204 0.010204 0.001577 366.857143 25 26 65 70 87 88
0.000000 0.000000 0.000000 3.506863 1.105380 -73.896428 -59.737561 0.010204 0.010204 0.000585 366.857143 1.111878 1.213782 -21.217726 -67.554207 0.010204 0.010204 0.001571 366.857143 25 26 65 70 87 92
0.000000 0.000000 0.000000 3.696986 1.113654 -23.722938 -60.325616 0.010204 0.010204 0.000569 385.500000 1.111878 1.213774 -10.865360 -65.203958 0.010204 0.010204 0.001498 385.500000 25 26 65 70 87 97
0.000000 0.000000 0.000000 3.279978 1.095525 -718.889476 -70.571404 0.010204 0.010204 0.000592 385.500000 1.111878 1.213933 -160.729648 -65.575172 0.010204 0.010204 0.001466 385.500000 25 26 65 70 87 98
0.000000 0.000000 0.000000 3.150438 1.096931 -222.808036 -54.668779 0.010204 0.010204 0.000587 366.857143 1.111878 1.214089 -83.337984 -56.403005 0.010204 0.010204 0.001540 366.857143 25 26 65 75 77 88
0.000000 0.000000 0.000000 3.823782 1.128406 -201.931118 -49.974951 0.010204 0.010204 0.000564 366.857143 1.111878 1.213743 -42.684344 -76.478584 0.010204 0.010204 0.001578 366.857143 25 26 65 75 77 92
0.000000 0.000000 0.000000 3.494449 1.112997 -282.520757 -69.194080 0.010204 0.010204 0.000560 385.500000 1.111878 1.213744 -176.595753 -84.340523 0.010204 0.010204 0.001501 385.500000 25 26 65 75 77 97
0.000000 0.000000 0.000000 23.437037 2.050605 -555.388352 -99.585880 0.010204 0.010204 0.000540 385.500000 1.111878 1.213734 -19.940103 -58.360379 0.010204 0.010204 0.001506 385.500000 25 26 65 75 77 98
0.000000 0.000000 0.000000 2.056090 1.061690 -111.161767 -58.889431 0.010204 0.010204 0.000527 366.857143 1.111878 1.213733 -7.226992 -69.415645 0.010204 0.010204 0.001590 366.857143 25 26 65 75 81 88
0.000000 0.000000 0.000000 2.236824 1.066293 -193.634112 -46.927351 0.010204 0.010204 0.000546 366.857143 1.111878 1.214073 -72.571060 -68.913707 0.010204 0.010204 0.001550 366.857143 25 26 65 75 81 92
0.000000 0.000000 0.000000 1.694248 1.055726 -139.237403 -44.976157 0.010204 0.010204 0.000507 385.500000 1.111878 1.213724 -16.757548 -75.839045 0.010204 0.010204 0.001516 385.500000 25 26 65 75 81 97
0.000000 0.000000 0.000000 6.061624 1.284482 -239.562144 -67.237384 0.010204 0.010204 0.000523 385.500000 1.111878 1.213734 -206.937764 -69.803487 0.010204 0.010204 0.001511 385.500000 25 26 65 75 81 98
0.000000 0.000000 0.000000 25.539713 2.074602 -1371.148383 -185.520525 0.010204 0.010204 0.000591 385.500000 1.111878 1.213902 -23.562313 -69.375631 0.010204 0.010204 0.001443 385.500000 25 26 65 75 86 88
0.000000 0.000000 0.000000 41.631961 2.781953 -2083.056205 -115.115506 0.010204 0.010204 0.000568 385.500000 1.111878 1.213889 -109.224733 -58.514825 0.010204 0.010204 0.001448 385.500000 25 26 65 75 86 92
0.000000 0.000000 0.000000 23.849077 2.000328 -731.143295 -114.564134 0.010204 0.010204 0.000598 404.142857 1.111878 1.214130 -67.985459 -73.877517 0.010204 0.010204 0.001355 404.142857 25 26 65 75 86 97
0.000000 0.000000 0.000000 26.870422 2.133072 -4724.520764 -141.974930 0.010204 0.010204 0.000574 404.142857 1.111878 1.213892 -89.524942 -67.398726 0.010204 0.010204 0.001382 404.142857 25 26 65 75 86 98
0.000000 0.000000 0.000000 4.228085 1.159592 -43.795068 -71.425442 0.010204 0.010204 0.000530 385.500000 1.111878 1.213726 -14.608881 -66.625357 0.010204 0.010204 0.001509 385.500000 25 26 65 75 87 88
0.000000 0.000000 0.000000 674.482088 32.282193 -62499.049116 -2597.318812 0.010204 0.010204 0.000549 385.500000 1.111878 1.213736 -38.523081 -70.106193 0.010204 0.010204 0.001503 385.500000 25 26 65 75 87 92
0.000000 0.000000 0.000000 2.084521 1.050712 -198.224643 -59.793561 0.010204 0.010204 0.000535 404.142857 1.111878 1.213729 -72.629343 -76.205452 0.010204 0.010204 0.001436 404.142857 25 26 65 75 87 97
0.000000 0.000000 0.000000 10.046408 1.416441 -906.468279 -74.078347 0.010204 0.010204 0.000555 404.142857 1.111878 1.213885 -121.176688 -77.358152 0.010204 0.010204 0.001406 404.142857 25 26 65 75 87 98
0.000000 0.000000 0.000000 3.166375 1.081490 -155.496248 -46.348047 0.010204 0.010204 0.000603 366.857143 1.111878 1.215334 -30.100205 -80.486491 0.010204 0.010204 0.001468 366.857143 25 26 65 76 77 88
0.000000 0.000000 0.000000 3.406650 1.091136 -191.068593 -55.498590 0.010204 0.010204 0.000579 366.857143 1.111878 1.214993 -79.222950 -78.703258 0.010204 0.010204 0.001502 366.857143 25 26 65 76 77 92
0.000000 0.000000 0.000000 3.289335 1.086401 -47.240436 -69.780231 0.010204 0.010204 0.000575 385.500000 1.111878 1.214994 -130.730799 -71.826884 0.010204 0.010204 0.001432 385.500000 25 26 65 76 77 97
0.000000 0.000000 0.000000 9.459583 1.346869 -1300.950864 -86.844815 0.010204 0.010204 0.000555 385.500000 1.111878 1.214984 -130.156441 -64.065891 0.010204 0.010204 0.001437 385.500000 25 26 65 76 77 98
0.000000 0.000000 0.000000 2.807517 1.067486 -322.362673 -57.236492 0.010204 0.010204 0.000625 366.857143 1.111878 1.215014 -22.345058 -66.970176 0.010204 0.010204 0.001492 366.857143 25 26 65 76 81 88
0.000000 0.000000 0.000000 2.794235 1.066964 -194.654107 -48.248832 0.010204 0.010204 0.000654 366.857143 1.111878 1.215364 -19.929587 -74.169805 0.010204 0.010204 0.001459 366.857143 25 26 65 76 81 92
0.000000 0.000000 0.000000 2.849781 1.069184 -62.560435 -62.634869 0.010204 0.010204 0.000596 385.500000 1.111878 1.215006 -23.993554 -77.977219 0.010204 0.010204 0.001428 385.500000 25 26 65 76 81 97
0.000000 0.000000 0.000000 2.801804 1.067261 -107.235624 -63.542038 0.010204 0.010204 0.000620 385.500000 1.111878 1.215015 -25.800532 -61.696432 0.010204 0.010204 0.001423 385.500000 25 26 65 76 81 98
0.000000 0.000000 0.000000 2.848136 1.069061 -271.612434 -52.211056 0.010204 0.010204 0.000607 385.500000 1.111878 1.215001 -5.252718 -63.478429 0.010204 0.010204 0.001426 385.500000 25 26 65 76 86 88
0.000000 0.000000 0.000000 2.947833 1.073083 -514.484093 -55.607082 0.010204 0.010204 0.000583 385.500000 1.111878 1.214991 -7.244093 -56.891850 0.010204 0.010204 0.001431 385.500000 25 26 65 76 86 92
0.000000 0.000000 0.000000 2.833860 1.068499 -62.110252 -87.727747 0.010204 0.010204 0.000614 404.142857 1.111878 1.215151 -91.109055 -90.370562 0.010204 0.010204 0.001339 404.142857 25 26 65 76 86 97
0.000000 0.000000 0.000000 2.858707 1.069478 -10.355623 -72.446012 0.010204 0.010204 0.000590 404.142857 1.111878 1.214993 -67.233632 -70.546232 0.010204 0.010204 0.001365 404.142857 25 26 65 76 86 98
0.000000 0.000000 0.000000 2.742962 1.064987 -111.635349 -68.041631 0.010204 0.010204 0.000630 385.500000 1.111878 1.215394 -23.996574 -60.236719 0.010204 0.010204 0.001377 385.500000 25 26 65 76 87 88
0.000000 0.000000 0.000000 2.740986 1.064906 -120.994522 -54.081723 0.010204 0.010204 0.000659 385.500000 1.111878 1.215410 -17.871657 -65.469756 0.010204 0.010204 0.001373 385.500000 25 26 65 76 87 92
0.000000 0.000000 0.000000 2.741234 1.064916 -125.056113 -80.693147 0.010204 0.010204 0.000638 404.142857 1.111878 1.215399 -20.223691 -81.847465 0.010204 0.010204 0.001318 404.142857 25 26 65 76 87 97
0.000000 0.000000 0.000000 2.740635 1.064892 -48.394089 -56.593044 0.010204 0.010204 0.000669 404.142857 1.111878 1.215677 -14.785000 -76.592246 0.010204 0.010204 0.001293 404.142857 25 26 65 76 87 98
0.000000 0.000000 0.000000 22.993251 1.956923 -2843.296725 -213.228099 0.010204 0.010204 0.000906 348.214286 1.113382 1.217106 -38.207116 -70.102425 0.010204 0.010204 0.001457 348.214286 25 30 46 66 77 88
0.000000 0.000000 0.000000 26.247282 2.099840 -4573.341288 -155.044721 0.010204 0.010204 0.000851 348.214286 1.113382 1.216497 -11.329440 -69.664170 0.010204 0.010204 0.001489 348.214286 25 30 46 66 77 92
0.000000 0.000000 0.000000 24.331880 2.015601 -2633.755337 -190.590676 0.010204 0.010204 0.000842 366.857143 1.113382 1.216501 -5.294505 -62.116635 0.010204 0.010204 0.001422 366.857143 25 30 46 66 77 97
0.000000 0.000000 0.000000 1.049541 1.100807 -13.094193 -62.324566 0.010204 0.010204 0.000800 366.857143 1.113382 1.216483 -6.734903 -80.016734 0.010204 0.010204 0.001427 366.857143 25 30 46 66 77 98
0.000000 0.000000 0.000000 1.668061 1.061410 -56.136531 -52.643134 0.010204 0.010204 0.000768 348.214286 1.113381 1.215744 -106.368391 -71.965373 0.010204 0.010204 0.001553 348.214286 25 30 46 66 81 88
0.000000 0.000000 0.000000 2.462686 1.066382 -166.558942 -59.529047 0.010204 0.010204 0.000809 348.214286 1.113381 1.216092 -14.896525 -72.065566 0.010204 0.010204 0.001517 348.214286 25 30 46 66 81 92
0.000000 0.000000 0.000000 1.006843 1.069692 -0.282299 -41.988336 0.010204 0.010204 0.000727 366.857143 1.113381 1.215736 -10.306887 -59.865416 0.010204 0.010204 0.001484 366.857143 25 30 46 66 81 97
0.000000 0.000000 0.000000 4.569106 1.181419 -286.183018 -67.870149 0.010204 0.010204 0.000760 366.857143 1.113381 1.215746 -20.082517 -70.155736 0.010204 0.010204 0.001479 366.857143 25 30 46 66 81 98
0.000000 0.000000 0.000000 2.332257 1.060495 -101.989783 -64.262492 0.010204 0.010204 0.000777 366.857143 1.113381 1.215752 -13.020716 -69.130213 0.010204 0.010204 0.001474 366.857143 25 30 46 66 86 88
0.000000 0.000000 0.000000 1.012706 1.070411 -41.981667 -61.837015 0.010204 0.010204 0.000741 366.857143 1.113381 1.215742 -68.994775 -77.642527 0.010204 0.010204 0.001480 366.857143 25 30 46 66 86 92
0.000000 0.000000 0.000000 2.168043 1.051636 -164.448286 -57.816897 0.010204 0.010204 0.000789 385.500000 1.113381 1.215906 -8.466113 -86.770361 0.010204 0.010204 0.001383 385.500000 25 30 46 66 86 97
0.000000 0.000000 0.000000 2.722865 1.083168 -13.539376 -62.705914 0.010204 0.010204 0.000751 385.500000 1.113381 1.215744 -20.386465 -65.467893 0.010204 0.010204 0.001411 385.500000 25 30 46 66 86 98
0.000000 0.000000 0.000000 1.004041 1.199708 -6.263394 -74.443004 0.010204 0.010204 0.000680 366.857143 1.113381 1.215719 -174.165909 -63.975381 0.010204 0.010204 0.001489 366.857143 25 30 46 66 87 88
0.000000 0.000000 0.000000 1.213217 1.645579 -34.743931 -109.355502 0.010204 0.010204 0.000710 366.857143 1.113381 1.215728 -106.715927 -77.131522 0.010204 0.010204 0.001484 366.857143 25 30 46 66 87 92
0.000000 0.000000 0.000000 1.015317 1.081015 -1.165810 -49.081707 0.010204 0.010204 0.000689 385.500000 1.113381 1.215721 -8.784632 -64.460147 0.010204 0.010204 0.001419 385.500000 25 30 46 66 87 97
0.000000 0.000000 0.000000 4.931222 3.565497 -124.502390 -240.749305 0.010204 0.010204 0.000720 385.500000 1.113381 1.215876 -236.205130 -62.361853 0.010204 0.010204 0.001390 385.500000 25 30 46 66 87 98
0.000000 0.000000 0.000000 1.370319 1.047032 -121.653305 -52.726702 0.010204 0.010204 0.000710 348.214286 1.113378 1.214549 -11.987083 -64.005495 0.010204 0.010204 0.001606 348.214286 25 30 46 70 77 88
0.000000 0.000000 0.000000 1.360469 1.069826 -133.778275 -46.978834 0.010204 0.010204 0.000679 348.214286 1.113378 1.214205 -21.873528 -66.419744 0.010204 0.010204 0.001647 348.214286 25 30 46 70 77 92
0.000000 0.000000 0.000000 2.459315 1.230747 -158.225361 -60.386627 0.010204 0.010204 0.000673 366.857143 1.113378 1.214206 -180.741050 -55.353616 0.010204 0.010204 0.001564 366.857143 25 30 46 70 77 97
0.000000 0.000000 0.000000 1.069219 1.057973 -41.097735 -74.946252 0.010204 0.010204 0.000646 366.857143 1.113378 1.214196 -38.404537 -62.166125 0.010204 0.010204 0.001569 366.857143 25 30 46 70 77 98
0.000000 0.000000 0.000000 2.932442 1.151331 -29.450548 -58.044519 0.010204 0.010204 0.000741 348.214286 1.113378 1.214561 -12.640198 -76.435506 0.010204 0.010204 0.001574 348.214286 25 30 46 70 81 88
0.000000 0.000000 0.000000 2.478970 1.114328 -40.227133 -70.067551 0.010204 0.010204 0.000781 348.214286 1.113378 1.215083 -52.659508 -76.823013 0.010204 0.010204 0.001538 348.214286 25 30 46 70 81 92
0.000000 0.000000 0.000000 1.762825 1.113403 -32.838189 -46.295656 0.010204 0.010204 0.000702 366.857143 1.113378 1.214549 -13.477883 -70.504058 0.010204 0.010204 0.001504 366.857143 25 30 46 70 81 97
0.000000 0.000000 0.000000 2.676512 1.130381 -137.035839 -59.673245 0.010204 0.010204 0.000734 366.857143 1.113378 1.214564 -6.715312 -66.639248 0.010204 0.010204 0.001499 366.857143 25 30 46 70 81 98
0.000000 0.000000 0.000000 1.188409 1.125035 -8.918215 -65.957821 0.010204 0.010204 0.000633 366.857143 1.113378 1.214197 -7.834275 -64.660936 0.010204 0.010204 0.001569 366.857143 25 30 46 70 86 88
0.000000 0.000000 0.000000 1.016171 1.046547 -8.806796 -52.723990 0.010204 0.010204 0.000610 366.857143 1.113378 1.214188 -230.122543 -64.705532 0.010204 0.010204 0.001575 366.857143 25 30 46 70 86 92
0.000000 0.000000 0.000000 1.268886 1.117416 -18.107629 -77.702375 0.010204 0.010204 0.000641 385.500000 1.113378 1.214344 -308.389677 -81.555881 0.010204 0.010204 0.001464 385.500000 25 30 46 70 86 97
0.000000 0.000000 0.000000 1.068392 1.058988 -206.462300 -66.230815 0.010204 0.010204 0.000616 385.500000 1.113378 1.214190 -59.386160 -69.461393 0.010204 0.010204 0.001496 385.500000 25 30 46 70 86 98
0.000000 0.000000 0.000000 1.331901 1.180070 -37.977556 -86.192894 0.010204 0.010204 0.000657 366.857143 1.113378 1.214198 -20.804878 -72.564885 0.010204 0.010204 0.001565 366.857143 25 30 46 70 87 88
0.000000 0.000000 0.000000 2.134393 1.130220 -122.886320 -56.035172 0.010204 0.010204 0.000685 366.857143 1.113378 1.214207 -8.585127 -67.377805 0.010204 0.010204 0.001558 366.857143 25 30 46 70 87 92
0.000000 0.000000 0.000000 1.757069 1.097836 -72.347106 -54.017268 0.010204 0.010204 0.000665 385.500000 1.113378 1.214200 -11.060647 -77.028133 0.010204 0.010204 0.001487 385.500000 25 30 46 70 87 97
0.000000 0.000000 0.000000 2.200571 1.121391 -100.349315 -61.660355 0.010204 0.010204 0.000695 385.500000 1.113378 1.214358 -60.820175 -66.193271 0.010204 0.010204 0.001455 385.500000 25 30 46 70 87 98
0.000000 0.000000 0.000000 3.669052 1.198470 -161.881377 -69.534846 0.010204 0.010204 0.000730 366.857143 1.113378 1.214570 -38.140009 -67.327595 0.010204 0.010204 0.001517 366.857143 25 30 46 75 77 88
0.000000 0.000000 0.000000 2.506144 1.148796 -81.217687 -57.307814 0.010204 0.010204 0.000696 366.857143 1.113378 1.214224 -11.014208 -55.557814 0.010204 0.010204 0.001554 366.857143 25 30 46 75 77 92
0.000000 0.000000 0.000000 2.825136 1.154190 -145.842849 -52.484283 0.010204 0.010204 0.000690 385.500000 1.113378 1.214225 -23.919566 -76.564543 0.010204 0.010204 0.001479 385.500000 25 30 46 75 77 97
0.000000 0.000000 0.000000 5.320644 4.250311 -438.404203 -293.803954 0.010204 0.010204 0.000662 385.500000 1.113378 1.214215 -32.681465 -62.889097 0.010204 0.010204 0.001484 385.500000 25 30 46 75 77 98
0.000000 0.000000 0.000000 1.366266 1.345165 -18.601281 -71.004173 0.010204 0.010204 0.000642 366.857143 1.113378 1.214214 -9.847848 -72.071649 0.010204 0.010204 0.001565 366.857143 25 30 46 75 81 88
0.000000 0.000000 0.000000 1.950308 1.354083 -85.411889 -64.113014 0.010204 0.010204 0.000670 366.857143 1.113378 1.214554 -5.291644 -75.272890 0.010204 0.010204 0.001527 366.857143 25 30 46 75 81 92
0.000000 0.000000 0.000000 1.015073 1.059280 -0.685858 -54.596061 0.010204 0.010204 0.000613 385.500000 1.113378 1.214205 -21.674939 -65.806167 0.010204 0.010204 0.001494 385.500000 25 30 46 75 81 97
0.000000 0.000000 0.000000 1.206006 1.134752 -40.801341 -81.185439 0.010204 0.010204 0.000637 385.500000 1.113378 1.214215 -78.263513 -78.032271 0.010204 0.010204 0.001489 385.500000 25 30 46 75 81 98
0.000000 0.000000 0.000000 3.297427 1.140423 -101.857450 -56.111421 0.010204 0.010204 0.000736 385.500000 1.113378 1.214388 -9.658157 -65.452044 0.010204 0.010204 0.001423 385.500000 25 30 46 75 86 88
0.000000 0.000000 0.000000 1.303356 1.094766 -52.442275 -55.319353 0.010204 0.010204 0.000703 385.500000 1.113378 1.214374 -226.213651 -72.355339 0.010204 0.010204 0.001428 385.500000 25 30 46 75 86 92
0.000000 0.000000 0.000000 3.077757 1.126408 -634.271321 -76.929894 0.010204 0.010204 0.000748 404.142857 1.113378 1.214617 -103.977346 -58.370760 0.010204 0.010204 0.001337 404.142857 25 30 46 75 86 97
0.000000 0.000000 0.000000 3.554578 1.156953 -640.226389 -58.443759 0.010204 0.010204 0.000712 404.142857 1.113378 1.214378 -121.767993 -55.184384 0.010204 0.010204 0.001364 404.142857 25 30 46 75 86 98
0.000000 0.000000 0.000000 1.047043 1.051289 -3.836971 -72.693888 0.010204 0.010204 0.000647 385.500000 1.113378 1.214208 -133.309626 -74.467083 0.010204 0.010204 0.001487 385.500000 25 30 46 75 87 88
0.000000 0.000000 0.000000 1.541583 1.061444 -218.797941 -55.281259 0.010204 0.010204 0.000675 385.500000 1.113378 1.214217 -108.910911 -69.807351 0.010204 0.010204 0.001482 385.500000 25 30 46 75 87 92
0.000000 0.000000 0.000000 2.643257 1.237084 -55.947892 -84.629123 0.010204 0.010204 0.000655 404.142857 1.113378 1.214210 -12.787982 -67.745717 0.010204 0.010204 0.001416 404.142857 25 30 46 75 87 97
0.000000 0.000000 0.000000 2.082394 1.096174 -382.452072 -80.548839 0.010204 0.010204 0.000683 404.142857 1.113378 1.214366 -12.584585 -72.866088 0.010204 0.010204 0.001387 404.142857 25 30 46 75 87 98
0.000000 0.000000 0.000000 1.373538 1.293877 -29.711993 -68.472742 0.010204 0.010204 0.000602 366.857143 1.113378 1.214501 -10.520701 -74.250234 0.010204 0.010204 0.001541 366.857143 25 30 46 76 77 88
0.000000 0.000000 0.000000 2.134844 2.231831 -265.336707 -185.522520 0.010204 0.010204 0.000580 366.857143 1.113378 1.214161 -6.520223 -67.643782 0.010204 0.010204 0.001580 366.857143 25 30 46 76 77 92
0.000000 0.000000 0.000000 1.071289 1.067955 -10.363643 -63.982087 0.010204 0.010204 0.000576 385.500000 1.113378 1.214162 -135.863361 -69.757965 0.010204 0.010204 0.001501 385.500000 25 30 46 76 77 97
0.000000 0.000000 0.000000 1.027101 1.055476 -174.795968 -74.871136 0.010204 0.010204 0.000556 385.500000 1.113378 1.214152 -95.850373 -67.574758 0.010204 0.010204 0.001507 385.500000 25 30 46 76 77 98
0.000000 0.000000 0.000000 2.802560 1.560335 -227.527162 -79.301221 0.010204 0.010204 0.000623 366.857143 1.113378 1.214170 -16.427061 -77.886639 0.010204 0.010204 0.001568 366.857143 25 30 46 76 81 88
0.000000 0.000000 0.000000 1.324894 1.088110 -80.734319 -62.965446 0.010204 0.010204 0.000650 366.857143 1.113378 1.214517 -29.004911 -81.389109 0.010204 0.010204 0.001530 366.857143 25 30 46 76 81 92
0.000000 0.000000 0.000000 1.141015 1.070328 -186.963620 -51.881263 0.010204 0.010204 0.000596 385.500000 1.113378 1.214162 -13.109974 -62.945991 0.010204 0.010204 0.001497 385.500000 25 30 46 76 81 97
0.000000 0.000000 0.000000 1.223785 1.065433 -66.595690 -57.331222 0.010204 0.010204 0.000618 385.500000 1.113378 1.214171 -141.180116 -71.293911 0.010204 0.010204 0.001491 385.500000 25 30 46 76 81 98
0.000000 0.000000 0.000000 1.295106 1.108523 -57.714405 -69.496456 0.010204 0.010204 0.000606 385.500000 1.113378 1.214164 -113.742475 -76.009440 0.010204 0.010204 0.001494 385.500000 25 30 46 76 86 88
0.000000 0.000000 0.000000 1.081302 1.057217 -78.168872 -60.550360 0.010204 0.010204 0.000584 385.500000 1.113378 1.214154 -16.511115 -77.182325 0.010204 0.010204 0.001500 385.500000 25 30 46 76 86 92
0.000000 0.000000 0.000000 1.212242 1.069949 -91.827870 -54.565618 0.010204 0.010204 0.000613 404.142857 1.113378 1.214313 -23.021714 -79.474260 0.010204 0.010204 0.001397 404.142857 25 30 46 76 86 97
0.000000 0.000000 0.000000 1.209326 1.083394 -148.769147 -61.009206 0.010204 0.010204 0.000590 404.142857 1.113378 1.214156 -54.245240 -71.095958 0.010204 0.010204 0.001427 404.142857 25 30 46 76 86 98
0.000000 0.000000 0.000000 1.349768 1.073514 -4.470115 -45.937652 0.010204 0.010204 0.000628 385.500000 1.113378 1.214312 -11.279879 -63.404324 0.010204 0.010204 0.001440 385.500000 25 30 46 76 87 88
0.000000 0.000000 0.000000 3.236782 1.441819 -322.710868 -68.959033 0.010204 0.010204 0.000655 385.500000 1.113378 1.214325 -14.230637 -71.822425 0.010204 0.010204 0.001435 385.500000 25 30 46 76 87 92
0.000000 0.000000 0.000000 4.466703 1.687544 -321.524014 -75.661396 0.010204 0.010204 0.000635 404.142857 1.113378 1.214315 -126.776990 -65.657724 0.010204 0.010204 0.001374 404.142857 25 30 46 76 87 97
0.000000 0.000000 0.000000 2.530116 1.300737 -103.990729 -84.024271 0.010204 0.010204 0.000663 404.142857 1.113378 1.214553 -35.032322 -68.001576 0.010204 0.010204 0.001347 404.142857 25 30 46 76 87 98
0.000000 0.000000 0.000000 2.417073 1.075737 -115.711338 -73.198505 0.010204 0.010204 0.000925 348.214286 1.113930 1.218509 -47.867360 -77.980276 0.010204 0.010204 0.001446 348.214286 25 30 50 66 77 88
0.000000 0.000000 0.000000 3.704218 1.265736 -251.618161 -92.619553 0.010204 0.010204 0.000871 348.214286 1.113930 1.217986 -98.345862 -72.044344 0.010204 0.010204 0.001478 348.214286 25 30 50 66 77 92
0.000000 0.000000 0.000000 4.281750 1.201755 -112.509308 -68.851518 0.010204 0.010204 0.000861 366.857143 1.113930 1.217990 -130.747720 -75.474911 0.010204 0.010204 0.001412 366.857143 25 30 50 66 77 97
0.000000 0.000000 0.000000 1.007733 1.436107 -34.232778 -139.356855 0.010204 0.010204 0.000818 366.857143 1.113930 1.217974 -125.075336 -75.173317 0.010204 0.010204 0.001416 366.857143 25 30 50 66 77 98
0.000000 0.000000 0.000000 1.027904 1.129617 -4.461460 -65.141025 0.010204 0.010204 0.000787 348.214286 1.113929 1.217623 -7.841920 -75.042023 0.010204 0.010204 0.001542 348.214286 25 30 50 66 81 88
0.000000 0.000000 0.000000 1.091786 1.099962 -147.741570 -66.707953 0.010204 0.010204 0.000828 348.214286 1.113929 1.217968 -85.309370 -79.799432 0.010204 0.010204 0.001506 348.214286 25 30 50 66 81 92
0.000000 0.000000 0.000000 1.003121 1.119360 -0.507476 -54.691359 0.010204 0.010204 0.000745 366.857143 1.113929 1.217615 -278.613504 -78.435422 0.010204 0.010204 0.001474 366.857143 25 30 50 66 81 97
0.000000 0.000000 0.000000 1.106766 1.288434 -161.937404 -77.565758 0.010204 0.010204 0.000779 366.857143 1.113929 1.217625 -112.300400 -77.107955 0.010204 0.010204 0.001468 366.857143 25 30 50 66 81 98
0.000000 0.000000 0.000000 1.566868 1.614739 -62.293642 -128.204452 0.010204 0.010204 0.000796 366.857143 1.113929 1.217626 -67.146339 -64.057047 0.010204 0.010204 0.001464 366.857143 25 30 50 66 86 88
0.000000 0.000000 0.000000 1.006520 1.191388 -2.191105 -54.425011 0.010204 0.010204 0.000759 366.857143 1.113929 1.217616 -13.953716 -69.653345 0.010204 0.010204 0.001469 366.857143 25 30 50 66 86 92
0.000000 0.000000 0.000000 1.169885 1.064115 -12.854314 -57.801705 0.010204 0.010204 0.000808 385.500000 1.113929 1.217777 -56.237097 -63.019558 0.010204 0.010204 0.001372 385.500000 25 30 50 66 86 97
0.000000 0.000000 0.000000 1.038573 1.068969 -11.223718 -74.269629 0.010204 0.010204 0.000769 385.500000 1.113929 1.217619 -24.729232 -70.762927 0.010204 0.010204 0.001400 385.500000 25 30 50 66 86 98
0.000000 0.000000 0.000000 1.000777 1.079658 -0.042973 -79.730535 0.010204 0.010204 0.000697 366.857143 1.113929 1.217606 -50.248192 -66.084302 0.010204 0.010204 0.001479 366.857143 25 30 50 66 87 88
0.000000 0.000000 0.000000 1.003066 1.064057 -1.437283 -82.243678 0.010204 0.010204 0.000728 366.857143 1.113929 1.217616 -27.721956 -62.349991 0.010204 0.010204 0.001473 366.857143 25 30 50 66 87 92
0.000000 0.000000 0.000000 1.004171 1.119960 -2.027913 -57.195505 0.010204 0.010204 0.000706 385.500000 1.113929 1.217608 -5.876108 -78.998634 0.010204 0.010204 0.001408 385.500000 25 30 50 66 87 97
0.000000 0.000000 0.000000 1.011718 1.139817 -117.357462 -67.085794 0.010204 0.010204 0.000737 385.500000 1.113929 1.217763 -12.257878 -71.888728 0.010204 0.010204 0.001380 385.500000 25 30 50 66 87 98
0.000000 0.000000 0.000000 2.388530 1.082321 -109.135641 -65.748013 0.010204 0.010204 0.000967 348.214286 1.114052 1.220740 -198.050872 -66.674238 0.010204 0.010204 0.001428 348.214286 25 30 50 70 77 88
0.000000 0.000000 0.000000 1.016598 1.318652 -7.486330 -101.731082 0.010204 0.010204 0.000910 348.214286 1.114052 1.220392 -126.234060 -79.395345 0.010204 0.010204 0.001460 348.214286 25 30 50 70 77 92
0.000000 0.000000 0.000000 1.040925 1.068914 -4.299707 -58.084654 0.010204 0.010204 0.000899 366.857143 1.114052 1.220393 -5.944308 -71.638317 0.010204 0.010204 0.001394 366.857143 25 30 50 70 77 97
0.000000 0.000000 0.000000 1.000161 1.060475 -87.130850 -65.523729 0.010204 0.010204 0.000854 366.857143 1.114052 1.220383 -16.927701 -73.244830 0.010204 0.010204 0.001398 366.857143 25 30 50 70 77 98
0.000000 0.000000 0.000000 3.347253 1.094773 -69.695450 -52.643163 0.010204 0.010204 0.001028 348.214286 1.114073 1.221404 -11.784001 -58.035965 0.010204 0.010204 0.001403 348.214286 25 30 50 70 81 88
0.000000 0.000000 0.000000 3.275750 1.053724 -442.805972 -69.925104 0.010204 0.010204 0.001107 348.214286 1.114077 1.222062 -93.874217 -64.049822 0.010204 0.010204 0.001375 348.214286 25 30 50 70 81 92
0.000000 0.000000 0.000000 1.001682 1.095193 -0.136485 -45.473428 0.010204 0.010204 0.000955 366.857143 1.114073 1.221388 -6.283569 -60.994440 0.010204 0.010204 0.001347 366.857143 25 30 50 70 81 97
0.000000 0.000000 0.000000 3.280849 1.055098 -515.124817 -82.080585 0.010204 0.010204 0.001015 366.857143 1.114073 1.221409 -27.118194 -76.395713 0.010204 0.010204 0.001343 366.857143 25 30 50 70 81 98
0.000000 0.000000 0.000000 1.000745 1.112024 -0.672725 -53.141876 0.010204 0.010204 0.000831 366.857143 1.114051 1.220370 -26.828531 -58.015035 0.010204 0.010204 0.001398 366.857143 25 30 50 70 86 88
0.000000 0.000000 0.000000 1.000075 1.155200 -0.126575 -65.954757 0.010204 0.010204 0.000791 366.857143 1.114051 1.220360 -25.047114 -67.704982 0.010204 0.010204 0.001403 366.857143 25 30 50 70 86 92
0.000000 0.000000 0.000000 1.001961 1.050685 -0.643715 -59.395389 0.010204 0.010204 0.000843 385.500000 1.114051 1.220518 -59.842291 -68.253112 0.010204 0.010204 0.001315 385.500000 25 30 50 70 86 97
0.000000 0.000000 0.000000 1.000244 1.056202 -127.479164 -70.610070 0.010204 0.010204 0.000802 385.500000 1.114051 1.220362 -4.737410 -70.225391 0.010204 0.010204 0.001340 385.500000 25 30 50 70 86 98
0.000000 0.000000 0.000000 1.000341 1.060911 -17.096531 -60.958627 0.010204 0.010204 0.000873 366.857143 1.114052 1.220393 -3.088413 -66.928934 0.010204 0.010204 0.001395 366.857143 25 30 50 70 87 88
0.000000 0.000000 0.000000 1.366759 1.178382 -172.937554 -69.760705 0.010204 0.010204 0.000922 366.857143 1.114052 1.220403 -86.032036 -66.358047 0.010204 0.010204 0.001390 366.857143 25 30 50 70 87 92
0.000000 0.000000 0.000000 1.048498 1.062791 -74.061896 -55.069207 0.010204 0.010204 0.000886 385.500000 1.114052 1.220395 -102.534971 -65.750282 0.010204 0.010204 0.001333 385.500000 25 30 50 70 87 97
0.000000 0.000000 0.000000 3.424765 1.059317 -70.790384 -58.213478 0.010204 0.010204 0.000939 385.500000 1.114052 1.220558 -12.128561 -71.730365 0.010204 0.010204 0.001307 385.500000 25 30 50 70 87 98
0.000000 0.000000 0.000000 1.141431 1.448711 -66.516233 -144.211535 0.010204 0.010204 0.000748 366.857143 1.113926 1.217910 -13.546540 -75.655339 0.010204 0.010204 0.001439 366.857143 25 30 50 75 77 88
0.000000 0.000000 0.000000 1.012495 1.057510 -224.087106 -63.559666 0.010204 0.010204 0.000714 366.857143 1.113926 1.217563 -85.718450 -66.517043 0.010204 0.010204 0.001473 366.857143 25 30 50 75 77 92
0.000000 0.000000 0.000000 1.049233 1.192493 -7.982358 -72.908896 0.010204 0.010204 0.000707 385.500000 1.113926 1.217564 -19.640202 -67.879201 0.010204 0.010204 0.001404 385.500000 25 30 50 75 77 97
0.000000 0.000000 0.000000 1.004254 1.056688 -68.495258 -81.649331 0.010204 0.010204 0.000679 385.500000 1.113926 1.217555 -77.745162 -75.865957 0.010204 0.010204 0.001409 385.500000 25 30 50 75 77 98
0.000000 0.000000 0.000000 1.003998 1.109023 -0.976591 -72.044427 0.010204 0.010204 0.000658 366.857143 1.113926 1.217553 -82.058391 -70.972616 0.010204 0.010204 0.001483 366.857143 25 30 50 75 81 88
0.000000 0.000000 0.000000 1.069643 2.216767 -5.233907 -138.107678 0.010204 0.010204 0.000686 366.857143 1.113926 1.217894 -134.291595 -65.015247 0.010204 0.010204 0.001448 366.857143 25 30 50 75 81 92
0.000000 0.000000 0.000000 1.003080 1.181968 -171.227614 -60.614944 0.010204 0.010204 0.000629 385.500000 1.113926 1.217545 -45.526087 -68.739128 0.010204 0.010204 0.001418 385.500000 25 30 50 75 81 97
0.000000 0.000000 0.000000 1.003199 1.073248 -48.291978 -67.333843 0.010204 0.010204 0.000653 385.500000 1.113926 1.217555 -28.066975 -61.028808 0.010204 0.010204 0.001413 385.500000 25 30 50 75 81 98
0.000000 0.000000 0.000000 1.099614 1.142012 -135.295708 -53.607738 0.010204 0.010204 0.000755 385.500000 1.113926 1.217720 -11.663554 -61.366350 0.010204 0.010204 0.001354 385.500000 25 30 50 75 86 88
0.000000 0.000000 0.000000 1.021285 1.072620 -7.636949 -60.502831 0.010204 0.010204 0.000720 385.500000 1.113926 1.217707 -9.516884 -69.564541 0.010204 0.010204 0.001359 385.500000 25 30 50 75 86 92
0.000000 0.000000 0.000000 1.067733 1.093881 -25.114735 -76.567943 0.010204 0.010204 0.000766 404.142857 1.113926 1.217948 -182.287814 -72.820412 0.010204 0.010204 0.001275 404.142857 25 30 50 75 86 97
0.000000 0.000000 0.000000 1.172877 1.253149 -5.685050 -63.172301 0.010204 0.010204 0.000730 404.142857 1.113926 1.217710 -58.387577 -71.427629 0.010204 0.010204 0.001299 404.142857 25 30 50 75 86 98
0.000000 0.000000 0.000000 1.003300 1.064611 -0.378956 -62.955086 0.010204 0.010204 0.000663 385.500000 1.113926 1.217547 -10.612972 -68.723934 0.010204 0.010204 0.001412 385.500000 25 30 50 75 87 88
0.000000 0.000000 0.000000 1.064469 1.386859 -4.737338 -52.074919 0.010204 0.010204 0.000692 385.500000 1.113926 1.217557 -144.398809 -74.926167 0.010204 0.010204 0.001407 385.500000 25 30 50 75 87 92
0.000000 0.000000 0.000000 1.014265 1.101492 -0.567197 -54.745210 0.010204 0.010204 0.000671 404.142857 1.113926 1.217549 -160.682768 -60.312895 0.010204 0.010204 0.001347 404.142857 25 30 50 75 87 97
0.000000 0.000000 0.000000 1.019523 1.090933 -21.693565 -64.181279 0.010204 0.010204 0.000701 404.142857 1.113926 1.217705 -10.315459 -63.239642 0.010204 0.010204 0.001320 404.142857 25 30 50 75 87 98
0.000000 0.000000 0.000000 1.014599 1.177910 -6.524177 -81.094391 0.010204 0.010204 0.000775 366.857143 1.113931 1.217989 -5.459146 -59.173235 0.010204 0.010204 0.001436 366.857143 25 30 50 76 77 88
0.000000 0.000000 0.000000 1.001608 1.058498 -0.614765 -67.042745 0.010204 0.010204 0.000739 366.857143 1.113931 1.217648 -39.160387 -70.324764 0.010204 0.010204 0.001470 366.857143 25 30 50 76 77 92
0.000000 0.000000 0.000000 1.002501 1.060709 -117.523209 -49.236224 0.010204 0.010204 0.000732 385.500000 1.113931 1.217649 -7.129541 -67.044342 0.010204 0.010204 0.001402 385.500000 25 30 50 76 77 97
0.000000 0.000000 0.000000 1.000368 1.054926 -42.220033 -67.078491 0.010204 0.010204 0.000702 385.500000 1.113931 1.217640 -53.180671 -63.397045 0.010204 0.010204 0.001406 385.500000 25 30 50 76 77 98
0.000000 0.000000 0.000000 1.061948 1.113979 -7.563047 -58.936375 0.010204 0.010204 0.000811 366.857143 1.113931 1.217658 -4.469747 -71.850166 0.010204 0.010204 0.001460 366.857143 25 30 50 76 81 88
0.000000 0.000000 0.000000 1.708513 1.085837 -50.533394 -49.422362 0.010204 0.010204 0.000856 366.857143 1.113931 1.218005 -16.773727 -78.051392 0.010204 0.010204 0.001427 366.857143 25 30 50 76 81 92
0.000000 0.000000 0.000000 1.001370 1.059129 -0.029696 -40.906940 0.010204 0.010204 0.000766 385.500000 1.113931 1.217650 -84.330709 -67.363459 0.010204 0.010204 0.001398 385.500000 25 30 50 76 81 97
0.000000 0.000000 0.000000 1.191549 1.122890 -10.560983 -72.891498 0.010204 0.010204 0.000803 385.500000 1.113931 1.217659 -35.748814 -71.449199 0.010204 0.010204 0.001393 385.500000 25 30 50 76 81 98
0.000000 0.000000 0.000000 1.035332 1.061161 -6.253272 -66.660129 0.010204 0.010204 0.000782 385.500000 1.113931 1.217651 -7.214512 -69.645127 0.010204 0.010204 0.001396 385.500000 25 30 50 76 86 88
0.000000 0.000000 0.000000 1.001536 1.087581 -70.729939 -76.593203 0.010204 0.010204 0.000746 385.500000 1.113931 1.217642 -16.071333 -57.030308 0.010204 0.010204 0.001401 385.500000 25 30 50 76 86 92
0.000000 0.000000 0.000000 1.138123 1.058373 -10.367069 -60.651067 0.010204 0.010204 0.000794 404.142857 1.113931 1.217800 -10.039370 -63.517347 0.010204 0.010204 0.001311 404.142857 25 30 50 76 86 97
0.000000 0.000000 0.000000 1.030851 1.125836 -5.719216 -61.867678 0.010204 0.010204 0.000756 404.142857 1.113931 1.217644 -15.436873 -74.752923 0.010204 0.010204 0.001337 404.142857 25 30 50 76 86 98
0.000000 0.000000 0.000000 1.002613 1.146254 -3.920311 -62.731746 0.010204 0.010204 0.000820 385.500000 1.113931 1.217815 -9.492361 -61.498860 0.010204 0.010204 0.001348 385.500000 25 30 50 76 87 88
0.000000 0.000000 0.000000 4.013189 1.087638 -326.939988 -57.091611 0.010204 0.010204 0.000865 385.500000 1.113931 1.217829 -62.117974 -60.936371 0.010204 0.010204 0.001344 385.500000 25 30 50 76 87 92
0.000000 0.000000 0.000000 15.777102 1.553416 -737.300902 -79.263462 0.010204 0.010204 0.000832 404.142857 1.113931 1.217819 -37.761378 -72.573913 0.010204 0.010204 0.001290 404.142857 25 30 50 76 87 97
0.000000 0.000000 0.000000 3.547858 1.070624 -394.882283 -71.518864 0.010204 0.010204 0.000881 404.142857 1.113931 1.218059 -31.419992 -73.253507 0.010204 0.010204 0.001267 404.142857 25 30 50 76 87 98
0.000000 0.000000 0.000000 2.232380 1.118893 -195.628655 -65.989764 0.010204 0.010204 0.000721 348.214286 1.113367 1.215051 -35.201314 -67.834252 0.010204 0.010204 0.001542 348.214286 25 30 61 66 77 88
0.000000 0.000000 0.000000 2.294211 1.125078 -31.087970 -72.036364 0.010204 0.010204 0.000687 348.214286 1.113367 1.214528 -13.025771 -70.105372 0.010204 0.010204 0.001578 348.214286 25 30 61 66 77 92
0.000000 0.000000 0.000000 2.265789 1.122230 -175.169483 -78.137692 0.010204 0.010204 0.000680 366.857143 1.113367 1.214531 -10.307145 -80.480667 0.010204 0.010204 0.001503 366.857143 25 30 61 66 77 97
0.000000 0.000000 0.000000 2.641845 1.160481 -148.709048 -77.065506 0.010204 0.010204 0.000652 366.857143 1.113367 1.214515 -28.952633 -64.290054 0.010204 0.010204 0.001508 366.857143 25 30 61 66 77 98
0.000000 0.000000 0.000000 1.513249 1.060698 -13.581319 -67.053736 0.010204 0.010204 0.000632 348.214286 1.113367 1.214164 -14.418858 -72.918855 0.010204 0.010204 0.001651 348.214286 25 30 61 66 81 88
0.000000 0.000000 0.000000 1.815460 1.089268 -76.331756 -58.382716 0.010204 0.010204 0.000660 348.214286 1.113367 1.214509 -36.088620 -72.947913 0.010204 0.010204 0.001610 348.214286 25 30 61 66 81 92
0.000000 0.000000 0.000000 1.588461 1.109566 -37.109436 -43.776509 0.010204 0.010204 0.000604 366.857143 1.113367 1.214156 -214.559588 -70.552019 0.010204 0.010204 0.001573 366.857143 25 30 61 66 81 97
0.000000 0.000000 0.000000 4.513276 1.400380 -327.109393 -82.375025 0.010204 0.010204 0.000627 366.857143 1.113367 1.214165 -63.191263 -72.883080 0.010204 0.010204 0.001568 366.857143 25 30 61 66 81 98
0.000000 0.000000 0.000000 4.631535 1.383213 -778.955747 -80.845850 0.010204 0.010204 0.000638 366.857143 1.113367 1.214167 -20.322154 -76.395204 0.010204 0.010204 0.001562 366.857143 25 30 61 66 86 88
0.000000 0.000000 0.000000 4.311522 1.455544 -251.181269 -84.547515 0.010204 0.010204 0.000613 366.857143 1.113367 1.214157 -63.839741 -80.270801 0.010204 0.010204 0.001568 366.857143 25 30 61 66 86 92
0.000000 0.000000 0.000000 2.342235 1.138741 -193.475688 -92.103510 0.010204 0.010204 0.000646 385.500000 1.113367 1.214318 -19.162084 -59.946814 0.010204 0.010204 0.001458 385.500000 25 30 61 66 86 97
0.000000 0.000000 0.000000 1.450827 1.048411 -98.270839 -62.437612 0.010204 0.010204 0.000620 385.500000 1.113367 1.214159 -29.789118 -80.639401 0.010204 0.010204 0.001490 385.500000 25 30 61 66 86 98
0.000000 0.000000 0.000000 1.166674 1.122050 -9.883922 -51.496572 0.010204 0.010204 0.000571 366.857143 1.113367 1.214147 -93.011096 -68.518213 0.010204 0.010204 0.001579 366.857143 25 30 61 66 87 88
0.000000 0.000000 0.000000 2.443962 1.302462 -310.993754 -70.726563 0.010204 0.010204 0.000592 366.857143 1.113367 1.214157 -20.139158 -72.494891 0.010204 0.010204 0.001573 366.857143 25 30 61 66 87 92
0.000000 0.000000 0.000000 1.258286 1.063617 -14.540538 -73.293847 0.010204 0.010204 0.000577 385.500000 1.113367 1.214149 -11.300001 -70.973621 0.010204 0.010204 0.001500 385.500000 25 30 61 66 87 97
0.000000 0.000000 0.000000 5.732860 1.805521 -330.088570 -128.830968 0.010204 0.010204 0.000599 385.500000 1.113367 1.214304 -49.009664 -66.837247 0.010204 0.010204 0.001467 385.500000 25 30 61 66 87 98
0.000000 0.000000 0.000000 1.288573 1.073197 -232.905050 -64.280137 0.010204 0.010204 0.000593 348.214286 1.113367 1.214447 -111.786710 -76.809763 0.010204 0.010204 0.001625 348.214286 25 30 61 70 77 88
0.000000 0.000000 0.000000 1.243513 1.066259 -66.580216 -51.410913 0.010204 0.010204 0.000571 348.214286 1.113367 1.214102 -10.118977 -68.460580 0.010204 0.010204 0.001668 348.214286 25 30 61 70 77 92
0.000000 0.000000 0.000000 2.762056 1.465210 -122.255404 -68.467666 0.010204 0.010204 0.000567 366.857143 1.113367 1.214103 -14.291144 -64.787334 0.010204 0.010204 0.001582 366.857143 25 30 61 70 77 97
0.000000 0.000000 0.000000 1.505914 1.168856 -112.662161 -57.979822 0.010204 0.010204 0.000548 366.857143 1.113367 1.214094 -31.480602 -64.289088 0.010204 0.010204 0.001588 366.857143 25 30 61 70 77 98
0.000000 0.000000 0.000000 4.794214 1.755969 -436.704637 -124.256297 0.010204 0.010204 0.000614 348.214286 1.113367 1.214452 -236.628895 -82.449676 0.010204 0.010204 0.001592 348.214286 25 30 61 70 81 88
0.000000 0.000000 0.000000 3.496094 1.496038 -112.185370 -79.166703 0.010204 0.010204 0.000641 348.214286 1.113367 1.214972 -13.616826 -59.868653 0.010204 0.010204 0.001555 348.214286 25 30 61 70 81 92
0.000000 0.000000 0.000000 1.237958 1.047834 -27.351300 -64.524655 0.010204 0.010204 0.000587 366.857143 1.113367 1.214439 -12.276845 -71.266745 0.010204 0.010204 0.001521 366.857143 25 30 61 70 81 97
0.000000 0.000000 0.000000 4.108605 1.618664 -512.590781 -157.881855 0.010204 0.010204 0.000609 366.857143 1.113367 1.214455 -10.847044 -70.608141 0.010204 0.010204 0.001516 366.857143 25 30 61 70 81 98
0.000000 0.000000 0.000000 1.169207 1.076554 -24.258267 -66.502356 0.010204 0.010204 0.000539 366.857143 1.113367 1.214095 -11.613717 -73.367176 0.010204 0.010204 0.001587 366.857143 25 30 61 70 86 88
0.000000 0.000000 0.000000 1.154200 1.111151 -9.278374 -58.227225 0.010204 0.010204 0.000521 366.857143 1.113367 1.214086 -53.904626 -70.473154 0.010204 0.010204 0.001594 366.857143 25 30 61 70 86 92
0.000000 0.000000 0.000000 3.574056 2.051986 -111.690984 -135.934273 0.010204 0.010204 0.000544 385.500000 1.113367 1.214242 -5.695694 -68.214390 0.010204 0.010204 0.001480 385.500000 25 30 61 70 86 97
0.000000 0.000000 0.000000 1.144368 1.069965 -7.485634 -60.415178 0.010204 0.010204 0.000526 385.500000 1.113367 1.214088 -205.687237 -72.857003 0.010204 0.010204 0.001513 385.500000 25 30 61 70 86 98
0.000000 0.000000 0.000000 1.668574 1.183806 -91.349778 -55.404229 0.010204 0.010204 0.000556 366.857143 1.113367 1.214095 -218.463453 -70.471005 0.010204 0.010204 0.001583 366.857143 25 30 61 70 87 88
0.000000 0.000000 0.000000 3.354323 1.554754 -209.266552 -111.050099 0.010204 0.010204 0.000576 366.857143 1.113367 1.214105 -42.640447 -70.623793 0.010204 0.010204 0.001576 366.857143 25 30 61 70 87 92
0.000000 0.000000 0.000000 1.228076 1.054719 -7.467895 -64.350359 0.010204 0.010204 0.000561 385.500000 1.113367 1.214097 -117.357554 -73.462182 0.010204 0.010204 0.001503 385.500000 25 30 61 70 87 97
0.000000 0.000000 0.000000 1.495877 1.113983 -98.356696 -60.687569 0.010204 0.010204 0.000582 385.500000 1.113367 1.214256 -187.804646 -68.211094 0.010204 0.010204 0.001471 385.500000 25 30 61 70 87 98
0.000000 0.000000 0.000000 10.922873 1.753913 -886.884559 -91.563144 0.010204 0.010204 0.000720 366.857143 1.113368 1.215749 -6.312165 -74.283246 0.010204 0.010204 0.001451 366.857143 25 30 61 75 77 88
0.000000 0.000000 0.000000 24.496968 2.792761 -4303.626866 -177.712132 0.010204 0.010204 0.000686 366.857143 1.113368 1.215400 -11.296812 -75.913942 0.010204 0.010204 0.001484 366.857143 25 30 61 75 77 92
0.000000 0.000000 0.000000 15.199002 2.081026 -908.800536 -103.598094 0.010204 0.010204 0.000680 385.500000 1.113368 1.215401 -4.816287 -57.001979 0.010204 0.010204 0.001416 385.500000 25 30 61 75 77 97
0.000000 0.000000 0.000000 1.890704 1.077155 -76.894377 -58.963691 0.010204 0.010204 0.000652 385.500000 1.113368 1.215391 -39.514535 -70.419300 0.010204 0.010204 0.001421 385.500000 25 30 61 75 77 98
0.000000 0.000000 0.000000 9.952710 2.404782 -1848.256857 -214.964548 0.010204 0.010204 0.000632 366.857143 1.113368 1.215378 -257.447043 -69.997166 0.010204 0.010204 0.001494 366.857143 25 30 61 75 81 88
0.000000 0.000000 0.000000 3.092458 1.174458 -263.478616 -60.942098 0.010204 0.010204 0.000659 366.857143 1.113368 1.215720 -8.730681 -79.923103 0.010204 0.010204 0.001460 366.857143 25 30 61 75 81 92
0.000000 0.000000 0.000000 1.012008 1.048271 -1.344847 -46.934122 0.010204 0.010204 0.000604 385.500000 1.113368 1.215370 -7.442394 -57.712910 0.010204 0.010204 0.001429 385.500000 25 30 61 75 81 97
0.000000 0.000000 0.000000 2.055937 1.107149 -139.973693 -59.478265 0.010204 0.010204 0.000627 385.500000 1.113368 1.215379 -28.627305 -67.988767 0.010204 0.010204 0.001425 385.500000 25 30 61 75 81 98
0.000000 0.000000 0.000000 5.681867 1.353887 -175.765930 -67.428615 0.010204 0.010204 0.000726 385.500000 1.113368 1.215795 -7.236864 -75.668720 0.010204 0.010204 0.001366 385.500000 25 30 61 75 86 88
0.000000 0.000000 0.000000 6.003286 1.379267 -2145.830808 -100.671151 0.010204 0.010204 0.000692 385.500000 1.113368 1.215780 -95.396496 -80.394751 0.010204 0.010204 0.001370 385.500000 25 30 61 75 86 92
0.000000 0.000000 0.000000 5.654471 1.351790 -980.146247 -87.524013 0.010204 0.010204 0.000738 404.142857 1.113368 1.216063 -33.041131 -75.820249 0.010204 0.010204 0.001287 404.142857 25 30 61 75 86 97
0.000000 0.000000 0.000000 5.703811 1.355570 -828.103425 -131.961562 0.010204 0.010204 0.000701 404.142857 1.113368 1.215784 -102.257610 -63.411318 0.010204 0.010204 0.001311 404.142857 25 30 61 75 86 98
0.000000 0.000000 0.000000 1.868350 1.116055 -292.510018 -54.932068 0.010204 0.010204 0.000637 385.500000 1.113368 1.215377 -244.433932 -74.062299 0.010204 0.010204 0.001424 385.500000 25 30 61 75 87 88
0.000000 0.000000 0.000000 1.624453 1.047894 -160.655821 -63.575947 0.010204 0.010204 0.000664 385.500000 1.113368 1.215386 -10.192583 -81.917181 0.010204 0.010204 0.001419 385.500000 25 30 61 75 87 92
0.000000 0.000000 0.000000 1.649183 1.050064 -54.980585 -57.388848 0.010204 0.010204 0.000644 404.142857 1.113368 1.215379 -175.940034 -80.304043 0.010204 0.010204 0.001359 404.142857 25 30 61 75 87 97
0.000000 0.000000 0.000000 91.217481 7.885729 -24011.753731 -402.460149 0.010204 0.010204 0.000673 404.142857 1.113368 1.215536 -19.637275 -60.633135 0.010204 0.010204 0.001332 404.142857 25 30 61 75 87 98
0.000000 0.000000 0.000000 1.291140 1.061867 -29.043543 -64.480077 0.010204 0.010204 0.000593 366.857143 1.113367 1.214459 -44.127960 -63.961698 0.010204 0.010204 0.001542 366.857143 25 30 61 76 77 88
0.000000 0.000000 0.000000 1.296673 1.086165 -20.589100 -70.840337 0.010204 0.010204 0.000571 366.857143 1.113367 1.214118 -136.511885 -71.741005 0.010204 0.010204 0.001581 366.857143 25 30 61 76 77 92
0.000000 0.000000 0.000000 1.197647 1.050081 -52.090619 -61.295693 0.010204 0.010204 0.000567 385.500000 1.113367 1.214119 -46.834977 -56.303765 0.010204 0.010204 0.001503 385.500000 25 30 61 76 77 97
0.000000 0.000000 0.000000 1.141673 1.093569 -20.015723 -77.162034 0.010204 0.010204 0.000548 385.500000 1.113367 1.214110 -70.416896 -73.380090 0.010204 0.010204 0.001508 385.500000 25 30 61 76 77 98
0.000000 0.000000 0.000000 24.193183 3.960012 -6282.743159 -310.002524 0.010204 0.010204 0.000614 366.857143 1.113367 1.214128 -10.303376 -76.346479 0.010204 0.010204 0.001570 366.857143 25 30 61 76 81 88
0.000000 0.000000 0.000000 1.755169 1.092021 -92.177204 -58.068724 0.010204 0.010204 0.000640 366.857143 1.113367 1.214474 -24.016538 -66.001559 0.010204 0.010204 0.001531 366.857143 25 30 61 76 81 92
0.000000 0.000000 0.000000 4.323036 1.531814 -668.870985 -83.803977 0.010204 0.010204 0.000587 385.500000 1.113367 1.214119 -169.977731 -65.616100 0.010204 0.010204 0.001498 385.500000 25 30 61 76 81 97
0.000000 0.000000 0.000000 2.637554 1.204559 -78.429705 -71.107423 0.010204 0.010204 0.000609 385.500000 1.113367 1.214129 -10.647985 -79.175093 0.010204 0.010204 0.001493 385.500000 25 30 61 76 81 98
0.000000 0.000000 0.000000 1.345101 1.047113 -85.380215 -59.363737 0.010204 0.010204 0.000597 385.500000 1.113367 1.214121 -13.488747 -67.557817 0.010204 0.010204 0.001495 385.500000 25 30 61 76 86 88
0.000000 0.000000 0.000000 1.603881 1.124529 -65.669388 -50.919091 0.010204 0.010204 0.000575 385.500000 1.113367 1.214112 -60.179727 -78.856044 0.010204 0.010204 0.001501 385.500000 25 30 61 76 86 92
0.000000 0.000000 0.000000 1.789537 1.103115 -13.991919 -59.741424 0.010204 0.010204 0.000604 404.142857 1.113367 1.214270 -12.417040 -68.843917 0.010204 0.010204 0.001399 404.142857 25 30 61 76 86 97
0.000000 0.000000 0.000000 1.558394 1.079011 -119.999058 -74.755965 0.010204 0.010204 0.000581 404.142857 1.113367 1.214114 -28.135191 -71.797541 0.010204 0.010204 0.001428 404.142857 25 30 61 76 86 98
0.000000 0.000000 0.000000 1.456794 1.051380 -37.438361 -59.616709 0.010204 0.010204 0.000618 385.500000 1.113367 1.214274 -78.184605 -73.126342 0.010204 0.010204 0.001441 385.500000 25 30 61 76 87 88
0.000000 0.000000 0.000000 29.179375 4.127128 -2026.676121 -312.128249 0.010204 0.010204 0.000645 385.500000 1.113367 1.214288 -103.729960 -69.029265 0.010204 0.010204 0.001436 385.500000 25 30 61 76 87 92
0.000000 0.000000 0.000000 82.835462 10.090037 -4782.355794 -286.913107 0.010204 0.010204 0.000626 404.142857 1.113367 1.214278 -133.093768 -62.299285 0.010204 0.010204 0.001375 404.142857 25 30 61 76 87 97
0.000000 0.000000 0.000000 16.033069 2.666274 -237.209538 -178.799673 0.010204 0.010204 0.000654 404.142857 1.113367 1.214516 -14.802010 -73.107000 0.010204 0.010204 0.001348 404.142857 25 30 61 76 87 98
0.000000 0.000000 0.000000 1.454135 1.101903 -59.479789 -74.516449 0.010204 0.010204 0.000735 348.214286 1.113389 1.215106 -4.215461 -75.888884 0.010204 0.010204 0.001540 348.214286 25 30 65 66 77 88
0.000000 0.000000 0.000000 1.636917 1.145058 -24.143982 -46.142606 0.010204 0.010204 0.000700 348.214286 1.113389 1.214586 -6.558284 -77.997341 0.010204 0.010204 0.001576 348.214286 25 30 65 66 77 92
0.000000 0.000000 0.000000 1.537382 1.121515 -37.501219 -64.172534 0.010204 0.010204 0.000694 366.857143 1.113389 1.214590 -31.942987 -67.498320 0.010204 0.010204 0.001501 366.857143 25 30 65 66 77 97
0.000000 0.000000 0.000000 1.311522 1.080020 -39.104847 -63.100496 0.010204 0.010204 0.000666 366.857143 1.113389 1.214574 -44.441510 -76.725060 0.010204 0.010204 0.001506 366.857143 25 30 65 66 77 98
0.000000 0.000000 0.000000 1.105612 1.060075 -70.440543 -68.156059 0.010204 0.010204 0.000645 348.214286 1.113389 1.214237 -85.037652 -64.691521 0.010204 0.010204 0.001650 348.214286 25 30 65 66 81 88
0.000000 0.000000 0.000000 1.227046 1.099909 -40.967123 -63.965920 0.010204 0.010204 0.000673 348.214286 1.113389 1.214582 -17.379208 -66.045299 0.010204 0.010204 0.001608 348.214286 25 30 65 66 81 92
0.000000 0.000000 0.000000 1.048314 1.055259 -1.565363 -55.667158 0.010204 0.010204 0.000616 366.857143 1.113389 1.214229 -5.732150 -61.068086 0.010204 0.010204 0.001572 366.857143 25 30 65 66 81 97
0.000000 0.000000 0.000000 1.097391 1.049543 -11.257139 -64.550949 0.010204 0.010204 0.000640 366.857143 1.113389 1.214238 -11.933308 -77.019690 0.010204 0.010204 0.001566 366.857143 25 30 65 66 81 98
0.000000 0.000000 0.000000 1.132134 1.049840 -26.697005 -64.665389 0.010204 0.010204 0.000651 366.857143 1.113389 1.214239 -4.708320 -64.292658 0.010204 0.010204 0.001560 366.857143 25 30 65 66 86 88
0.000000 0.000000 0.000000 1.150430 1.116530 -20.412543 -62.948532 0.010204 0.010204 0.000626 366.857143 1.113389 1.214230 -16.102792 -63.978753 0.010204 0.010204 0.001567 366.857143 25 30 65 66 86 92
0.000000 0.000000 0.000000 1.136298 1.046345 -42.710532 -78.359011 0.010204 0.010204 0.000660 385.500000 1.113389 1.214391 -13.873800 -64.173918 0.010204 0.010204 0.001457 385.500000 25 30 65 66 86 97
0.000000 0.000000 0.000000 1.811544 1.331319 -37.524488 -71.678205 0.010204 0.010204 0.000633 385.500000 1.113389 1.214232 -183.579257 -62.637994 0.010204 0.010204 0.001489 385.500000 25 30 65 66 86 98
0.000000 0.000000 0.000000 1.133520 1.448476 -18.956308 -78.799815 0.010204 0.010204 0.000583 366.857143 1.113389 1.214220 -22.120549 -69.594562 0.010204 0.010204 0.001578 366.857143 25 30 65 66 87 88
0.000000 0.000000 0.000000 1.037866 1.055486 -171.604399 -58.686335 0.010204 0.010204 0.000605 366.857143 1.113389 1.214230 -14.188502 -71.391661 0.010204 0.010204 0.001571 366.857143 25 30 65 66 87 92
0.000000 0.000000 0.000000 1.422860 1.711717 -19.395479 -122.612430 0.010204 0.010204 0.000589 385.500000 1.113389 1.214222 -19.554618 -75.576195 0.010204 0.010204 0.001498 385.500000 25 30 65 66 87 97
0.000000 0.000000 0.000000 1.065894 1.077656 -28.002444 -54.883327 0.010204 0.010204 0.000612 385.500000 1.113389 1.214377 -23.157974 -68.760790 0.010204 0.010204 0.001466 385.500000 25 30 65 66 87 98
0.000000 0.000000 0.000000 1.698176 1.068493 -155.084622 -62.088000 0.010204 0.010204 0.000760 348.214286 1.113389 1.214645 -7.334493 -65.531697 0.010204 0.010204 0.001593 348.214286 25 30 65 70 77 88
0.000000 0.000000 0.000000 2.415985 1.345119 -217.187347 -86.480508 0.010204 0.010204 0.000724 348.214286 1.113389 1.214301 -26.351609 -68.979126 0.010204 0.010204 0.001634 348.214286 25 30 65 70 77 92
0.000000 0.000000 0.000000 1.368628 1.057087 -87.725069 -60.106058 0.010204 0.010204 0.000717 366.857143 1.113389 1.214302 -91.689393 -65.231319 0.010204 0.010204 0.001552 366.857143 25 30 65 70 77 97
0.000000 0.000000 0.000000 1.058752 1.139146 -142.148841 -88.721851 0.010204 0.010204 0.000688 366.857143 1.113389 1.214292 -15.319364 -74.721865 0.010204 0.010204 0.001557 366.857143 25 30 65 70 77 98
0.000000 0.000000 0.000000 1.913033 1.048990 -178.898724 -56.531660 0.010204 0.010204 0.000796 348.214286 1.113389 1.214665 -41.810714 -66.780373 0.010204 0.010204 0.001562 348.214286 25 30 65 70 81 88
0.000000 0.000000 0.000000 11.786538 1.563242 -365.108708 -118.064417 0.010204 0.010204 0.000842 348.214286 1.113389 1.215188 -102.224922 -71.608889 0.010204 0.010204 0.001526 348.214286 25 30 65 70 81 92
0.000000 0.000000 0.000000 1.249416 1.601274 -3.529074 -41.364374 0.010204 0.010204 0.000751 366.857143 1.113389 1.214652 -186.654497 -65.048713 0.010204 0.010204 0.001493 366.857143 25 30 65 70 81 97
0.000000 0.000000 0.000000 34.923535 2.787220 -6470.330262 -339.024303 0.010204 0.010204 0.000788 366.857143 1.113389 1.214668 -135.251117 -78.477205 0.010204 0.010204 0.001488 366.857143 25 30 65 70 81 98
0.000000 0.000000 0.000000 1.051144 1.060128 -3.945891 -64.255125 0.010204 0.010204 0.000673 366.857143 1.113389 1.214293 -25.454128 -74.206054 0.010204 0.010204 0.001557 366.857143 25 30 65 70 86 88
0.000000 0.000000 0.000000 1.032099 1.231246 -14.528104 -71.754850 0.010204 0.010204 0.000647 366.857143 1.113389 1.214284 -26.623652 -77.396896 0.010204 0.010204 0.001563 366.857143 25 30 65 70 86 92
0.000000 0.000000 0.000000 1.297717 1.186937 -193.086684 -64.535559 0.010204 0.010204 0.000682 385.500000 1.113389 1.214440 -5.464622 -58.400878 0.010204 0.010204 0.001453 385.500000 25 30 65 70 86 97
0.000000 0.000000 0.000000 1.066988 1.113134 -41.198855 -81.340125 0.010204 0.010204 0.000654 385.500000 1.113389 1.214286 -55.453197 -73.453122 0.010204 0.010204 0.001485 385.500000 25 30 65 70 86 98
0.000000 0.000000 0.000000 1.032535 1.053570 -2.489059 -55.717798 0.010204 0.010204 0.000700 366.857143 1.113389 1.214294 -49.368317 -62.664943 0.010204 0.010204 0.001553 366.857143 25 30 65 70 87 88
0.000000 0.000000 0.000000 1.669361 1.060957 -251.505688 -63.991983 0.010204 0.010204 0.000732 366.857143 1.113389 1.214303 -13.096741 -68.122315 0.010204 0.010204 0.001546 366.857143 25 30 65 70 87 92
0.000000 0.000000 0.000000 3.053246 1.248446 -188.927264 -65.520159 0.010204 0.010204 0.000709 385.500000 1.113389 1.214296 -72.663369 -70.146586 0.010204 0.010204 0.001476 385.500000 25 30 65 70 87 97
0.000000 0.000000 0.000000 3.037719 1.144305 -169.654742 -55.296439 0.010204 0.010204 0.000743 385.500000 1.113389 1.214455 -5.804489 -63.214332 0.010204 0.010204 0.001445 385.500000 25 30 65 70 87 98
0.000000 0.000000 0.000000 1.892326 1.089772 -128.374969 -55.153653 0.010204 0.010204 0.000734 366.857143 1.113389 1.214610 -31.342697 -85.713562 0.010204 0.010204 0.001516 366.857143 25 30 65 75 77 88
0.000000 0.000000 0.000000 1.830361 1.133594 -255.776928 -62.281700 0.010204 0.010204 0.000700 366.857143 1.113389 1.214263 -14.554482 -67.853182 0.010204 0.010204 0.001554 366.857143 25 30 65 75 77 92
0.000000 0.000000 0.000000 1.396099 1.049985 -18.318719 -48.157473 0.010204 0.010204 0.000694 385.500000 1.113389 1.214264 -158.226640 -63.831825 0.010204 0.010204 0.001478 385.500000 25 30 65 75 77 97
0.000000 0.000000 0.000000 1.052802 1.059147 -72.688072 -76.696758 0.010204 0.010204 0.000666 385.500000 1.113389 1.214255 -49.314762 -59.206921 0.010204 0.010204 0.001483 385.500000 25 30 65 75 77 98
0.000000 0.000000 0.000000 1.117661 1.177806 -25.500078 -72.157005 0.010204 0.010204 0.000646 366.857143 1.113389 1.214253 -18.361026 -71.032593 0.010204 0.010204 0.001565 366.857143 25 30 65 75 81 88
0.000000 0.000000 0.000000 10.611368 7.598530 -1471.733060 -703.950423 0.010204 0.010204 0.000673 366.857143 1.113389 1.214594 -99.119589 -71.064185 0.010204 0.010204 0.001527 366.857143 25 30 65 75 81 92
0.000000 0.000000 0.000000 1.012721 1.065702 -0.647348 -48.169297 0.010204 0.010204 0.000617 385.500000 1.113389 1.214245 -16.563754 -56.050856 0.010204 0.010204 0.001493 385.500000 25 30 65 75 81 97
0.000000 0.000000 0.000000 1.130455 1.145110 -24.386542 -66.960586 0.010204 0.010204 0.000640 385.500000 1.113389 1.214254 -19.034148 -70.733605 0.010204 0.010204 0.001488 385.500000 25 30 65 75 81 98
0.000000 0.000000 0.000000 3.248351 1.153294 -522.439963 -64.857408 0.010204 0.010204 0.000741 385.500000 1.113389 1.214423 -57.645741 -63.141564 0.010204 0.010204 0.001423 385.500000 25 30 65 75 86 88
0.000000 0.000000 0.000000 1.126431 1.087721 -118.817433 -52.077666 0.010204 0.010204 0.000707 385.500000 1.113389 1.214410 -6.058251 -58.210885 0.010204 0.010204 0.001428 385.500000 25 30 65 75 86 92
0.000000 0.000000 0.000000 2.817857 1.122624 -61.734345 -54.870754 0.010204 0.010204 0.000752 404.142857 1.113389 1.214651 -4.847617 -62.749887 0.010204 0.010204 0.001337 404.142857 25 30 65 75 86 97
0.000000 0.000000 0.000000 3.950205 1.203664 -191.598617 -68.790106 0.010204 0.010204 0.000716 404.142857 1.113389 1.214413 -41.202936 -73.717204 0.010204 0.010204 0.001363 404.142857 25 30 65 75 86 98
0.000000 0.000000 0.000000 1.083957 1.135462 -8.525739 -78.910709 0.010204 0.010204 0.000651 385.500000 1.113389 1.214247 -203.540564 -68.231694 0.010204 0.010204 0.001487 385.500000 25 30 65 75 87 88
0.000000 0.000000 0.000000 4.389619 1.658918 -346.403912 -85.048571 0.010204 0.010204 0.000678 385.500000 1.113389 1.214257 -21.327144 -67.146998 0.010204 0.010204 0.001481 385.500000 25 30 65 75 87 92
0.000000 0.000000 0.000000 5.443667 2.151291 -316.883231 -94.460609 0.010204 0.010204 0.000658 404.142857 1.113389 1.214249 -92.676183 -70.552624 0.010204 0.010204 0.001415 404.142857 25 30 65 75 87 97
0.000000 0.000000 0.000000 1.542573 1.074118 -108.340559 -69.381979 0.010204 0.010204 0.000687 404.142857 1.113389 1.214405 -16.475105 -67.984538 0.010204 0.010204 0.001386 404.142857 25 30 65 75 87 98
0.000000 0.000000 0.000000 1.050941 1.090094 -5.864633 -58.717351 0.010204 0.010204 0.000760 366.857143 1.113393 1.215891 -9.248026 -74.454462 0.010204 0.010204 0.001447 366.857143 25 30 65 76 77 88
0.000000 0.000000 0.000000 1.008196 1.112228 -7.254064 -73.765821 0.010204 0.010204 0.000725 366.857143 1.113393 1.215550 -9.730139 -75.562307 0.010204 0.010204 0.001480 366.857143 25 30 65 76 77 92
0.000000 0.000000 0.000000 1.025035 1.184272 -174.042843 -54.584727 0.010204 0.010204 0.000718 385.500000 1.113393 1.215551 -50.571876 -72.199393 0.010204 0.010204 0.001412 385.500000 25 30 65 76 77 97
0.000000 0.000000 0.000000 1.001814 1.176110 -0.433712 -76.794821 0.010204 0.010204 0.000689 385.500000 1.113393 1.215542 -5.281299 -62.770111 0.010204 0.010204 0.001416 385.500000 25 30 65 76 77 98
0.000000 0.000000 0.000000 1.824089 1.057435 -89.442187 -61.704148 0.010204 0.010204 0.000796 366.857143 1.113393 1.215572 -134.847243 -74.256105 0.010204 0.010204 0.001470 366.857143 25 30 65 76 81 88
0.000000 0.000000 0.000000 5.526606 1.166485 -131.197331 -43.754019 0.010204 0.010204 0.000841 366.857143 1.113393 1.215921 -27.675523 -68.726764 0.010204 0.010204 0.001438 366.857143 25 30 65 76 81 92
0.000000 0.000000 0.000000 1.004295 1.064895 -0.208853 -37.127911 0.010204 0.010204 0.000751 385.500000 1.113393 1.215563 -11.534255 -68.156388 0.010204 0.010204 0.001408 385.500000 25 30 65 76 81 97
0.000000 0.000000 0.000000 24.131583 1.901746 -2789.288514 -133.664453 0.010204 0.010204 0.000787 385.500000 1.113393 1.215573 -14.290943 -74.228832 0.010204 0.010204 0.001403 385.500000 25 30 65 76 81 98
0.000000 0.000000 0.000000 2.027789 1.065499 -107.596397 -49.871279 0.010204 0.010204 0.000767 385.500000 1.113393 1.215558 -17.052428 -64.314790 0.010204 0.010204 0.001406 385.500000 25 30 65 76 86 88
0.000000 0.000000 0.000000 1.057389 3.010406 -4.242835 -179.521279 0.010204 0.010204 0.000732 385.500000 1.113393 1.215549 -14.303291 -59.327001 0.010204 0.010204 0.001411 385.500000 25 30 65 76 86 92
0.000000 0.000000 0.000000 19.176005 1.692455 -956.924704 -89.700203 0.010204 0.010204 0.000779 404.142857 1.113393 1.215708 -5.257567 -73.062331 0.010204 0.010204 0.001321 404.142857 25 30 65 76 86 97
0.000000 0.000000 0.000000 1.226262 1.060117 -75.707801 -62.315144 0.010204 0.010204 0.000741 404.142857 1.113393 1.215551 -26.890384 -70.952658 0.010204 0.010204 0.001347 404.142857 25 30 65 76 86 98
0.000000 0.000000 0.000000 1.014247 1.093240 -7.446957 -57.133402 0.010204 0.010204 0.000804 385.500000 1.113394 1.215957 -18.132479 -66.838888 0.010204 0.010204 0.001358 385.500000 25 30 65 76 87 88
0.000000 0.000000 0.000000 3.893061 1.104377 -228.674319 -48.892569 0.010204 0.010204 0.000849 385.500000 1.113394 1.215973 -16.937355 -63.589773 0.010204 0.010204 0.001354 385.500000 25 30 65 76 87 92
0.000000 0.000000 0.000000 3.925513 1.106085 -208.611653 -57.272721 0.010204 0.010204 0.000817 404.142857 1.113394 1.215962 -153.840967 -90.226447 0.010204 0.010204 0.001300 404.142857 25 30 65 76 87 97
0.000000 0.000000 0.000000 3.868606 1.103336 -50.759940 -73.170666 0.010204 0.010204 0.000865 404.142857 1.113394 1.216241 -85.017001 -74.684154 0.010204 0.010204 0.001277 404.142857 25 30 65 76 87 98
0.000000 0.000000 0.000000 2.774913 1.055228 -170.659473 -70.440676 0.010204 0.010204 0.000919 348.214286 1.112725 1.217024 -155.160779 -76.304501 0.010204 0.010204 0.001454 348.214286 25 41 46 66 77 88
0.000000 0.000000 0.000000 2.782550 1.055644 -287.429172 -65.815236 0.010204 0.010204 0.000862 348.214286 1.112725 1.216414 -17.317794 -61.351483 0.010204 0.010204 0.001486 348.214286 25 41 46 66 77 92
0.000000 0.000000 0.000000 2.778414 1.055369 -9.682902 -67.714535 0.010204 0.010204 0.000853 366.857143 1.112725 1.216418 -7.049056 -64.208517 0.010204 0.010204 0.001420 366.857143 25 41 46 66 77 97
0.000000 0.000000 0.000000 1.090645 1.100508 -112.886488 -65.667209 0.010204 0.010204 0.000809 366.857143 1.112725 1.216400 -7.234312 -74.134243 0.010204 0.010204 0.001424 366.857143 25 41 46 66 77 98
0.000000 0.000000 0.000000 2.763547 1.089650 -463.350963 -67.938810 0.010204 0.010204 0.000777 348.214286 1.112724 1.215657 -31.588854 -64.006285 0.010204 0.010204 0.001550 348.214286 25 41 46 66 81 88
0.000000 0.000000 0.000000 3.294426 1.073140 -187.840276 -48.393924 0.010204 0.010204 0.000819 348.214286 1.112724 1.216004 -5.666267 -67.138985 0.010204 0.010204 0.001514 348.214286 25 41 46 66 81 92
0.000000 0.000000 0.000000 1.008574 1.066411 -0.528176 -40.276560 0.010204 0.010204 0.000735 366.857143 1.112724 1.215649 -104.898444 -73.724081 0.010204 0.010204 0.001481 366.857143 25 41 46 66 81 97
0.000000 0.000000 0.000000 4.468270 1.118185 -184.095223 -71.011629 0.010204 0.010204 0.000769 366.857143 1.112724 1.215658 -36.527627 -78.828951 0.010204 0.010204 0.001476 366.857143 25 41 46 66 81 98
0.000000 0.000000 0.000000 3.153309 1.068675 -82.338200 -58.686420 0.010204 0.010204 0.000786 366.857143 1.112724 1.215665 -12.922830 -58.891661 0.010204 0.010204 0.001472 366.857143 25 41 46 66 86 88
0.000000 0.000000 0.000000 1.017911 1.067263 -8.756947 -55.019186 0.010204 0.010204 0.000749 366.857143 1.112724 1.215655 -29.936591 -74.438405 0.010204 0.010204 0.001477 366.857143 25 41 46 66 86 92
0.000000 0.000000 0.000000 2.980543 1.062184 -162.362824 -66.549764 0.010204 0.010204 0.000798 385.500000 1.112724 1.215818 -11.274611 -53.440663 0.010204 0.010204 0.001380 385.500000 25 41 46 66 86 97
0.000000 0.000000 0.000000 3.481753 1.082064 -78.693172 -67.881820 0.010204 0.010204 0.000759 385.500000 1.112724 1.215657 -10.373982 -77.846727 0.010204 0.010204 0.001408 385.500000 25 41 46 66 86 98
0.000000 0.000000 0.000000 1.003626 1.181398 -0.610643 -73.664262 0.010204 0.010204 0.000687 366.857143 1.112724 1.215631 -62.889198 -63.300888 0.010204 0.010204 0.001486 366.857143 25 41 46 66 87 88
0.000000 0.000000 0.000000 1.101198 1.261327 -17.099565 -60.790473 0.010204 0.010204 0.000717 366.857143 1.112724 1.215640 -39.038228 -72.922011 0.010204 0.010204 0.001481 366.857143 25 41 46 66 87 92
0.000000 0.000000 0.000000 1.015895 1.070909 -1.660921 -48.754271 0.010204 0.010204 0.000695 385.500000 1.112724 1.215633 -59.124940 -68.276672 0.010204 0.010204 0.001416 385.500000 25 41 46 66 87 97
0.000000 0.000000 0.000000 1.442581 1.202088 -156.739049 -65.939727 0.010204 0.010204 0.000727 385.500000 1.112724 1.215788 -225.485518 -74.592932 0.010204 0.010204 0.001388 385.500000 25 41 46 66 87 98
0.000000 0.000000 0.000000 3.604304 1.207851 -171.162322 -88.403218 0.010204 0.010204 0.000717 348.214286 1.112721 1.214442 -9.014838 -85.871197 0.010204 0.010204 0.001602 348.214286 25 41 46 70 77 88
0.000000 0.000000 0.000000 1.532507 1.071604 -81.485063 -55.304301 0.010204 0.010204 0.000685 348.214286 1.112721 1.214097 -7.772801 -64.610352 0.010204 0.010204 0.001644 348.214286 25 41 46 70 77 92
0.000000 0.000000 0.000000 2.299802 1.135356 -78.858968 -67.925372 0.010204 0.010204 0.000679 366.857143 1.112721 1.214098 -305.810528 -70.116492 0.010204 0.010204 0.001561 366.857143 25 41 46 70 77 97
0.000000 0.000000 0.000000 1.090192 1.070240 -9.548437 -61.605133 0.010204 0.010204 0.000652 366.857143 1.112721 1.214089 -23.362673 -72.658685 0.010204 0.010204 0.001566 366.857143 25 41 46 70 77 98
0.000000 0.000000 0.000000 15.473793 1.698724 -2705.277125 -168.519111 0.010204 0.010204 0.000749 348.214286 1.112721 1.214454 -18.269397 -58.734041 0.010204 0.010204 0.001571 348.214286 25 41 46 70 81 88
0.000000 0.000000 0.000000 7.504122 1.310127 -403.350373 -80.042585 0.010204 0.010204 0.000789 348.214286 1.112721 1.214976 -15.359607 -70.912166 0.010204 0.010204 0.001535 348.214286 25 41 46 70 81 92
0.000000 0.000000 0.000000 1.697706 1.092189 -68.798196 -53.036284 0.010204 0.010204 0.000709 366.857143 1.112721 1.214442 -5.736396 -65.983525 0.010204 0.010204 0.001501 366.857143 25 41 46 70 81 97
0.000000 0.000000 0.000000 9.926162 1.428037 -453.272593 -108.348274 0.010204 0.010204 0.000741 366.857143 1.112721 1.214457 -49.790914 -61.931137 0.010204 0.010204 0.001496 366.857143 25 41 46 70 81 98
0.000000 0.000000 0.000000 1.110862 1.063637 -30.014236 -63.299215 0.010204 0.010204 0.000639 366.857143 1.112721 1.214090 -20.513657 -71.180099 0.010204 0.010204 0.001566 366.857143 25 41 46 70 86 88
0.000000 0.000000 0.000000 1.030163 1.086734 -93.951488 -64.918122 0.010204 0.010204 0.000615 366.857143 1.112721 1.214080 -48.126629 -66.713937 0.010204 0.010204 0.001572 366.857143 25 41 46 70 86 92
0.000000 0.000000 0.000000 2.206951 1.424039 -13.551260 -63.583786 0.010204 0.010204 0.000647 385.500000 1.112721 1.214237 -18.464122 -67.270160 0.010204 0.010204 0.001461 385.500000 25 41 46 70 86 97
0.000000 0.000000 0.000000 1.062230 1.048193 -71.936875 -71.398204 0.010204 0.010204 0.000622 385.500000 1.112721 1.214082 -10.560740 -80.964858 0.010204 0.010204 0.001493 385.500000 25 41 46 70 86 98
0.000000 0.000000 0.000000 1.401766 1.196796 -99.428263 -70.122749 0.010204 0.010204 0.000663 366.857143 1.112721 1.214090 -25.456883 -66.902521 0.010204 0.010204 0.001561 366.857143 25 41 46 70 87 88
0.000000 0.000000 0.000000 2.313828 1.094080 -82.601451 -50.820390 0.010204 0.010204 0.000692 366.857143 1.112721 1.214100 -63.867338 -77.807481 0.010204 0.010204 0.001555 366.857143 25 41 46 70 87 92
0.000000 0.000000 0.000000 1.986429 1.081397 -101.009263 -57.416831 0.010204 0.010204 0.000671 385.500000 1.112721 1.214092 -4.929188 -67.431208 0.010204 0.010204 0.001484 385.500000 25 41 46 70 87 97
0.000000 0.000000 0.000000 2.447646 1.089830 -152.224291 -69.154131 0.010204 0.010204 0.000701 385.500000 1.112721 1.214251 -21.630296 -84.244365 0.010204 0.010204 0.001452 385.500000 25 41 46 70 87 98
0.000000 0.000000 0.000000 3.151389 1.099328 -261.320773 -60.430244 0.010204 0.010204 0.000738 366.857143 1.112721 1.214463 -15.281123 -81.761464 0.010204 0.010204 0.001514 366.857143 25 41 46 75 77 88
0.000000 0.000000 0.000000 2.021538 1.062993 -148.903760 -52.188254 0.010204 0.010204 0.000703 366.857143 1.112721 1.214117 -14.877409 -62.311156 0.010204 0.010204 0.001551 366.857143 25 41 46 75 77 92
0.000000 0.000000 0.000000 2.337115 1.069791 -184.991238 -51.709548 0.010204 0.010204 0.000697 385.500000 1.112721 1.214118 -290.688545 -66.899769 0.010204 0.010204 0.001476 385.500000 25 41 46 75 77 97
0.000000 0.000000 0.000000 1.120653 1.080175 -26.823003 -59.677163 0.010204 0.010204 0.000668 385.500000 1.112721 1.214108 -44.647999 -64.065939 0.010204 0.010204 0.001481 385.500000 25 41 46 75 77 98
0.000000 0.000000 0.000000 12.077645 10.522714 -1922.428199 -509.118772 0.010204 0.010204 0.000648 366.857143 1.112721 1.214106 -47.536167 -73.441430 0.010204 0.010204 0.001562 366.857143 25 41 46 75 81 88
0.000000 0.000000 0.000000 1.293567 1.085817 -59.479911 -50.467511 0.010204 0.010204 0.000676 366.857143 1.112721 1.214447 -16.570983 -67.935067 0.010204 0.010204 0.001524 366.857143 25 41 46 75 81 92
0.000000 0.000000 0.000000 1.075928 1.301649 -2.931576 -48.237292 0.010204 0.010204 0.000619 385.500000 1.112721 1.214098 -131.368455 -75.283690 0.010204 0.010204 0.001491 385.500000 25 41 46 75 81 97
0.000000 0.000000 0.000000 1.205306 1.116436 -22.085149 -58.246820 0.010204 0.010204 0.000642 385.500000 1.112721 1.214108 -108.933762 -74.706917 0.010204 0.010204 0.001486 385.500000 25 41 46 75 81 98
0.000000 0.000000 0.000000 14.957640 1.547557 -698.945820 -103.835830 0.010204 0.010204 0.000744 385.500000 1.112721 1.214281 -31.644739 -76.022610 0.010204 0.010204 0.001421 385.500000 25 41 46 75 86 88
0.000000 0.000000 0.000000 1.244521 1.060339 -45.346971 -41.023331 0.010204 0.010204 0.000710 385.500000 1.112721 1.214267 -105.701375 -69.730397 0.010204 0.010204 0.001426 385.500000 25 41 46 75 86 92
0.000000 0.000000 0.000000 11.735120 1.419628 -911.752951 -109.564157 0.010204 0.010204 0.000756 404.142857 1.112721 1.214510 -50.138322 -70.838768 0.010204 0.010204 0.001335 404.142857 25 41 46 75 86 97
0.000000 0.000000 0.000000 20.696165 1.775770 -1213.175296 -119.463099 0.010204 0.010204 0.000719 404.142857 1.112721 1.214271 -155.333792 -71.472392 0.010204 0.010204 0.001361 404.142857 25 41 46 75 86 98
0.000000 0.000000 0.000000 1.102537 1.106375 -4.461568 -60.462236 0.010204 0.010204 0.000653 385.500000 1.112721 1.214100 -39.030132 -65.516342 0.010204 0.010204 0.001485 385.500000 25 41 46 75 87 88
0.000000 0.000000 0.000000 2.880466 1.134166 -89.139160 -69.915438 0.010204 0.010204 0.000681 385.500000 1.112721 1.214110 -145.099276 -75.992962 0.010204 0.010204 0.001479 385.500000 25 41 46 75 87 92
0.000000 0.000000 0.000000 1.662056 1.062677 -369.526307 -58.631800 0.010204 0.010204 0.000661 404.142857 1.112721 1.214102 -13.710006 -67.443979 0.010204 0.010204 0.001413 404.142857 25 41 46 75 87 97
0.000000 0.000000 0.000000 35.445867 2.882026 -631.719962 -159.076522 0.010204 0.010204 0.000690 404.142857 1.112721 1.214259 -111.400662 -70.982126 0.010204 0.010204 0.001384 404.142857 25 41 46 75 87 98
0.000000 0.000000 0.000000 1.228241 1.154306 -59.218101 -53.120734 0.010204 0.010204 0.000607 366.857143 1.112721 1.214393 -12.311406 -62.032479 0.010204 0.010204 0.001538 366.857143 25 41 46 76 77 88
0.000000 0.000000 0.000000 1.059007 1.057892 -214.086281 -64.721581 0.010204 0.010204 0.000584 366.857143 1.112721 1.214053 -38.694428 -70.982558 0.010204 0.010204 0.001577 366.857143 25 41 46 76 77 92
0.000000 0.000000 0.000000 1.092030 1.077782 -7.347638 -77.814282 0.010204 0.010204 0.000580 385.500000 1.112721 1.214054 -7.074852 -54.660353 0.010204 0.010204 0.001499 385.500000 25 41 46 76 77 97
0.000000 0.000000 0.000000 1.766505 2.524738 -62.511926 -162.020641 0.010204 0.010204 0.000561 385.500000 1.112721 1.214044 -38.718055 -77.062292 0.010204 0.010204 0.001504 385.500000 25 41 46 76 77 98
0.000000 0.000000 0.000000 2.644582 1.373942 -258.237560 -103.905169 0.010204 0.010204 0.000629 366.857143 1.112721 1.214062 -10.876440 -76.365387 0.010204 0.010204 0.001565 366.857143 25 41 46 76 81 88
0.000000 0.000000 0.000000 1.298799 1.056939 -209.345723 -51.268526 0.010204 0.010204 0.000656 366.857143 1.112721 1.214409 -15.163385 -63.400121 0.010204 0.010204 0.001527 366.857143 25 41 46 76 81 92
0.000000 0.000000 0.000000 1.121632 1.050984 -10.998184 -52.875002 0.010204 0.010204 0.000601 385.500000 1.112721 1.214054 -92.153872 -70.552881 0.010204 0.010204 0.001494 385.500000 25 41 46 76 81 97
0.000000 0.000000 0.000000 1.253871 1.053295 -21.118646 -56.860255 0.010204 0.010204 0.000623 385.500000 1.112721 1.214064 -90.926531 -64.111730 0.010204 0.010204 0.001489 385.500000 25 41 46 76 81 98
0.000000 0.000000 0.000000 1.513307 1.142539 -25.758530 -67.419298 0.010204 0.010204 0.000611 385.500000 1.112721 1.214056 -256.390745 -68.353406 0.010204 0.010204 0.001492 385.500000 25 41 46 76 86 88
0.000000 0.000000 0.000000 1.103389 1.064223 -86.327482 -55.295324 0.010204 0.010204 0.000589 385.500000 1.112721 1.214046 -100.907142 -68.939064 0.010204 0.010204 0.001497 385.500000 25 41 46 76 86 92
0.000000 0.000000 0.000000 1.258819 1.062547 -92.567984 -67.380550 0.010204 0.010204 0.000618 404.142857 1.112721 1.214205 -16.929509 -73.662234 0.010204 0.010204 0.001395 404.142857 25 41 46 76 86 97
0.000000 0.000000 0.000000 1.468020 1.143827 -36.940403 -50.558686 0.010204 0.010204 0.000595 404.142857 1.112721 1.214048 -50.716757 -69.993844 0.010204 0.010204 0.001425 404.142857 25 41 46 76 86 98
0.000000 0.000000 0.000000 7.565297 1.932717 -1027.522283 -127.015567 0.010204 0.010204 0.000633 385.500000 1.112721 1.214204 -121.399354 -73.163289 0.010204 0.010204 0.001437 385.500000 25 41 46 76 87 88
0.000000 0.000000 0.000000 1.555966 1.071993 -43.123376 -55.962658 0.010204 0.010204 0.000660 385.500000 1.112721 1.214218 -34.531519 -81.956885 0.010204 0.010204 0.001432 385.500000 25 41 46 76 87 92
0.000000 0.000000 0.000000 1.598483 1.077917 -41.888083 -64.346655 0.010204 0.010204 0.000641 404.142857 1.112721 1.214208 -18.550056 -58.057874 0.010204 0.010204 0.001372 404.142857 25 41 46 76 87 97
0.000000 0.000000 0.000000 1.509750 1.065585 -240.597907 -66.038331 0.010204 0.010204 0.000669 404.142857 1.112721 1.214445 -51.844251 -79.459752 0.010204 0.010204 0.001345 404.142857 25 41 46 76 87 98
0.000000 0.000000 0.000000 1.782647 1.063186 -74.836068 -49.251374 0.010204 0.010204 0.000683 348.214286 1.112706 1.214842 -165.110140 -71.487947 0.010204 0.010204 0.001550 348.214286 25 41 50 66 77 88
0.000000 0.000000 0.000000 1.803371 1.064962 -169.670246 -53.529185 0.010204 0.010204 0.000651 348.214286 1.112706 1.214320 -23.132140 -72.749661 0.010204 0.010204 0.001587 348.214286 25 41 50 66 77 92
0.000000 0.000000 0.000000 1.794212 1.064175 -204.827665 -56.048415 0.010204 0.010204 0.000646 366.857143 1.112706 1.214323 -13.302429 -70.305176 0.010204 0.010204 0.001511 366.857143 25 41 50 66 77 97
0.000000 0.000000 0.000000 1.883236 1.071948 -78.431108 -61.878378 0.010204 0.010204 0.000620 366.857143 1.112706 1.214308 -106.215038 -54.387287 0.010204 0.010204 0.001516 366.857143 25 41 50 66 77 98
0.000000 0.000000 0.000000 1.494519 1.048467 -22.522195 -54.331720 0.010204 0.010204 0.000602 348.214286 1.112706 1.213964 -7.815295 -64.692321 0.010204 0.010204 0.001661 348.214286 25 41 50 66 81 88
0.000000 0.000000 0.000000 1.827567 1.076312 -170.802058 -57.048298 0.010204 0.010204 0.000627 348.214286 1.112706 1.214308 -57.497541 -71.177687 0.010204 0.010204 0.001619 348.214286 25 41 50 66 81 92
0.000000 0.000000 0.000000 1.624748 1.080050 -82.956584 -58.164046 0.010204 0.010204 0.000576 366.857143 1.112706 1.213955 -39.999556 -72.775775 0.010204 0.010204 0.001582 366.857143 25 41 50 66 81 97
0.000000 0.000000 0.000000 3.075140 1.197776 -18.014794 -65.830930 0.010204 0.010204 0.000597 366.857143 1.112706 1.213965 -25.655514 -82.028835 0.010204 0.010204 0.001577 366.857143 25 41 50 66 81 98
0.000000 0.000000 0.000000 2.761402 1.155970 -161.323174 -66.814601 0.010204 0.010204 0.000607 366.857143 1.112706 1.213966 -170.142926 -65.931986 0.010204 0.010204 0.001571 366.857143 25 41 50 66 86 88
0.000000 0.000000 0.000000 1.550191 1.057396 -89.754223 -50.236617 0.010204 0.010204 0.000585 366.857143 1.112706 1.213956 -112.970385 -69.619264 0.010204 0.010204 0.001577 366.857143 25 41 50 66 86 92
0.000000 0.000000 0.000000 2.054908 1.091758 -225.352471 -68.204703 0.010204 0.010204 0.000615 385.500000 1.112706 1.214117 -3.708004 -68.252779 0.010204 0.010204 0.001466 385.500000 25 41 50 66 86 97
0.000000 0.000000 0.000000 4.494777 1.313858 -360.373242 -70.794830 0.010204 0.010204 0.000591 385.500000 1.112706 1.213958 -84.516539 -70.190550 0.010204 0.010204 0.001498 385.500000 25 41 50 66 86 98
0.000000 0.000000 0.000000 1.260225 1.096641 -67.951292 -62.718352 0.010204 0.010204 0.000547 366.857143 1.112706 1.213947 -30.701165 -62.549746 0.010204 0.010204 0.001589 366.857143 25 41 50 66 87 88
0.000000 0.000000 0.000000 1.471425 1.074302 -50.692031 -63.272797 0.010204 0.010204 0.000566 366.857143 1.112706 1.213956 -86.679978 -66.500620 0.010204 0.010204 0.001582 366.857143 25 41 50 66 87 92
0.000000 0.000000 0.000000 1.488587 1.085808 -95.646420 -74.755883 0.010204 0.010204 0.000552 385.500000 1.112706 1.213949 -3.415167 -78.971971 0.010204 0.010204 0.001508 385.500000 25 41 50 66 87 97
0.000000 0.000000 0.000000 3.696058 1.368146 -270.854830 -123.006755 0.010204 0.010204 0.000572 385.500000 1.112706 1.214103 -73.770266 -73.813994 0.010204 0.010204 0.001475 385.500000 25 41 50 66 87 98
0.000000 0.000000 0.000000 2.457101 1.086029 -450.179584 -69.032752 0.010204 0.010204 0.000704 348.214286 1.112706 1.215828 -12.725844 -69.050692 0.010204 0.010204 0.001529 348.214286 25 41 50 70 77 88
0.000000 0.000000 0.000000 2.596927 1.094811 -9.259869 -55.655107 0.010204 0.010204 0.000672 348.214286 1.112706 1.215481 -8.676401 -66.115626 0.010204 0.010204 0.001565 348.214286 25 41 50 70 77 92
0.000000 0.000000 0.000000 2.527564 1.090432 -124.474130 -45.802740 0.010204 0.010204 0.000666 366.857143 1.112706 1.215483 -8.828547 -70.477598 0.010204 0.010204 0.001490 366.857143 25 41 50 70 77 97
0.000000 0.000000 0.000000 10.407539 1.617157 -540.280806 -106.035311 0.010204 0.010204 0.000640 366.857143 1.112706 1.215473 -58.131662 -68.317555 0.010204 0.010204 0.001496 366.857143 25 41 50 70 77 98
0.000000 0.000000 0.000000 2.230721 1.072169 -93.532417 -69.555821 0.010204 0.010204 0.000736 348.214286 1.112707 1.216230 -86.021617 -69.712805 0.010204 0.010204 0.001501 348.214286 25 41 50 70 81 88
0.000000 0.000000 0.000000 2.228802 1.072049 -72.193163 -60.081123 0.010204 0.010204 0.000777 348.214286 1.112707 1.216838 -22.738684 -73.643518 0.010204 0.010204 0.001468 348.214286 25 41 50 70 81 92
0.000000 0.000000 0.000000 2.238930 1.072860 -141.039971 -57.521405 0.010204 0.010204 0.000696 366.857143 1.112707 1.216215 -6.055525 -61.745394 0.010204 0.010204 0.001438 366.857143 25 41 50 70 81 97
0.000000 0.000000 0.000000 2.229861 1.072115 -197.238642 -56.767051 0.010204 0.010204 0.000728 366.857143 1.112707 1.216234 -159.118050 -61.750997 0.010204 0.010204 0.001433 366.857143 25 41 50 70 81 98
0.000000 0.000000 0.000000 1.897308 1.059223 -52.116108 -58.987468 0.010204 0.010204 0.000626 366.857143 1.112706 1.215465 -35.034822 -59.604996 0.010204 0.010204 0.001495 366.857143 25 41 50 70 86 88
0.000000 0.000000 0.000000 1.040141 1.057735 -109.173460 -50.670309 0.010204 0.010204 0.000603 366.857143 1.112706 1.215456 -75.895387 -67.143660 0.010204 0.010204 0.001501 366.857143 25 41 50 70 86 92
0.000000 0.000000 0.000000 7.217956 1.383463 -455.796959 -104.944124 0.010204 0.010204 0.000634 385.500000 1.112706 1.215613 -97.730993 -69.157358 0.010204 0.010204 0.001401 385.500000 25 41 50 70 86 97
0.000000 0.000000 0.000000 2.855608 1.135837 -286.951835 -86.843841 0.010204 0.010204 0.000609 385.500000 1.112706 1.215458 -43.246811 -70.252324 0.010204 0.010204 0.001430 385.500000 25 41 50 70 86 98
0.000000 0.000000 0.000000 2.844701 1.112395 -125.564447 -54.733873 0.010204 0.010204 0.000650 366.857143 1.112706 1.215479 -53.581284 -64.123205 0.010204 0.010204 0.001491 366.857143 25 41 50 70 87 88
0.000000 0.000000 0.000000 2.374484 1.080983 -288.533916 -58.552141 0.010204 0.010204 0.000679 366.857143 1.112706 1.215489 -127.742732 -75.582947 0.010204 0.010204 0.001486 366.857143 25 41 50 70 87 92
0.000000 0.000000 0.000000 2.398772 1.082505 -89.995713 -49.568520 0.010204 0.010204 0.000658 385.500000 1.112706 1.215481 -74.594897 -72.962781 0.010204 0.010204 0.001421 385.500000 25 41 50 70 87 97
0.000000 0.000000 0.000000 2.345469 1.079177 -59.558353 -58.996939 0.010204 0.010204 0.000688 385.500000 1.112706 1.215643 -12.434693 -75.598078 0.010204 0.010204 0.001393 385.500000 25 41 50 70 87 98
0.000000 0.000000 0.000000 3.616351 1.399741 -316.158649 -66.993340 0.010204 0.010204 0.000580 366.857143 1.112706 1.214276 -14.613168 -66.352437 0.010204 0.010204 0.001543 366.857143 25 41 50 75 77 88
0.000000 0.000000 0.000000 1.480650 1.076214 -67.664766 -54.842352 0.010204 0.010204 0.000558 366.857143 1.112706 1.213930 -9.889658 -68.917811 0.010204 0.010204 0.001581 366.857143 25 41 50 75 77 92
0.000000 0.000000 0.000000 1.358660 1.055968 -40.572454 -62.353750 0.010204 0.010204 0.000554 385.500000 1.112706 1.213931 -10.070182 -67.115611 0.010204 0.010204 0.001503 385.500000 25 41 50 75 77 97
0.000000 0.000000 0.000000 1.935802 1.166203 -128.798001 -84.392436 0.010204 0.010204 0.000535 385.500000 1.112706 1.213921 -14.670855 -78.454497 0.010204 0.010204 0.001509 385.500000 25 41 50 75 77 98
0.000000 0.000000 0.000000 1.338313 1.103300 -23.618456 -65.745619 0.010204 0.010204 0.000523 366.857143 1.112706 1.213920 -15.588745 -59.779227 0.010204 0.010204 0.001593 366.857143 25 41 50 75 81 88
0.000000 0.000000 0.000000 1.275949 1.071723 -59.498197 -63.604154 0.010204 0.010204 0.000541 366.857143 1.112706 1.214261 -18.016428 -68.591174 0.010204 0.010204 0.001553 366.857143 25 41 50 75 81 92
0.000000 0.000000 0.000000 1.172937 1.076841 -65.957776 -54.034086 0.010204 0.010204 0.000503 385.500000 1.112706 1.213912 -14.226844 -67.320732 0.010204 0.010204 0.001519 385.500000 25 41 50 75 81 97
0.000000 0.000000 0.000000 1.470235 1.134310 -80.223913 -74.800030 0.010204 0.010204 0.000519 385.500000 1.112706 1.213921 -39.299389 -68.212715 0.010204 0.010204 0.001513 385.500000 25 41 50 75 81 98
0.000000 0.000000 0.000000 1.752773 1.101217 -196.173805 -60.833065 0.010204 0.010204 0.000583 385.500000 1.112706 1.214085 -16.268126 -74.021061 0.010204 0.010204 0.001446 385.500000 25 41 50 75 86 88
0.000000 0.000000 0.000000 1.932830 1.126407 -90.233815 -60.952670 0.010204 0.010204 0.000562 385.500000 1.112706 1.214071 -15.016568 -71.200395 0.010204 0.010204 0.001451 385.500000 25 41 50 75 86 92
0.000000 0.000000 0.000000 1.727293 1.097674 -46.893957 -73.299114 0.010204 0.010204 0.000590 404.142857 1.112706 1.214312 -36.543763 -71.227546 0.010204 0.010204 0.001357 404.142857 25 41 50 75 86 97
0.000000 0.000000 0.000000 1.771694 1.103851 -171.375258 -55.321703 0.010204 0.010204 0.000568 404.142857 1.112706 1.214075 -13.673525 -75.286840 0.010204 0.010204 0.001384 404.142857 25 41 50 75 86 98
0.000000 0.000000 0.000000 1.312918 1.065760 -11.145923 -62.943143 0.010204 0.010204 0.000526 385.500000 1.112706 1.213914 -8.872098 -70.665778 0.010204 0.010204 0.001512 385.500000 25 41 50 75 87 88
0.000000 0.000000 0.000000 3.274705 1.391270 -120.961697 -99.248432 0.010204 0.010204 0.000544 385.500000 1.112706 1.213923 -9.049004 -70.750200 0.010204 0.010204 0.001506 385.500000 25 41 50 75 87 92
0.000000 0.000000 0.000000 1.331036 1.058357 -245.173362 -70.579421 0.010204 0.010204 0.000531 404.142857 1.112706 1.213916 -9.468150 -60.817229 0.010204 0.010204 0.001438 404.142857 25 41 50 75 87 97
0.000000 0.000000 0.000000 1.486137 1.080809 -94.496140 -56.191252 0.010204 0.010204 0.000550 404.142857 1.112706 1.214072 -55.417296 -72.570428 0.010204 0.010204 0.001408 404.142857 25 41 50 75 87 98
0.000000 0.000000 0.000000 4.740166 1.408019 -291.928306 -106.070136 0.010204 0.010204 0.000595 366.857143 1.112706 1.214313 -24.413854 -76.395500 0.010204 0.010204 0.001540 366.857143 25 41 50 76 77 88
0.000000 0.000000 0.000000 1.627447 1.091522 -55.888128 -46.994454 0.010204 0.010204 0.000573 366.857143 1.112706 1.213972 -5.763886 -64.456683 0.010204 0.010204 0.001578 366.857143 25 41 50 76 77 92
0.000000 0.000000 0.000000 1.543354 1.069279 -85.908298 -63.432223 0.010204 0.010204 0.000568 385.500000 1.112706 1.213973 -15.283198 -59.922167 0.010204 0.010204 0.001500 385.500000 25 41 50 76 77 97
0.000000 0.000000 0.000000 1.208012 1.080375 -75.108228 -65.689800 0.010204 0.010204 0.000549 385.500000 1.112706 1.213964 -39.034030 -71.008403 0.010204 0.010204 0.001506 385.500000 25 41 50 76 77 98
0.000000 0.000000 0.000000 1.860615 1.066271 -61.745118 -70.567730 0.010204 0.010204 0.000616 366.857143 1.112706 1.213982 -26.034643 -67.071755 0.010204 0.010204 0.001567 366.857143 25 41 50 76 81 88
0.000000 0.000000 0.000000 1.615202 1.046167 -118.762128 -60.828594 0.010204 0.010204 0.000643 366.857143 1.112706 1.214329 -115.187278 -76.461859 0.010204 0.010204 0.001529 366.857143 25 41 50 76 81 92
0.000000 0.000000 0.000000 1.955204 1.084813 -187.205930 -45.660922 0.010204 0.010204 0.000589 385.500000 1.112706 1.213974 -12.993129 -79.798881 0.010204 0.010204 0.001496 385.500000 25 41 50 76 81 97
0.000000 0.000000 0.000000 1.730959 1.055613 -108.598725 -58.946368 0.010204 0.010204 0.000611 385.500000 1.112706 1.213984 -18.650191 -74.061948 0.010204 0.010204 0.001490 385.500000 25 41 50 76 81 98
0.000000 0.000000 0.000000 6.206856 1.417120 -859.606231 -76.779070 0.010204 0.010204 0.000599 385.500000 1.112706 1.213976 -4.637790 -72.854190 0.010204 0.010204 0.001493 385.500000 25 41 50 76 86 88
0.000000 0.000000 0.000000 1.585297 1.063253 -46.682516 -36.414774 0.010204 0.010204 0.000577 385.500000 1.112706 1.213966 -13.397688 -75.037439 0.010204 0.010204 0.001499 385.500000 25 41 50 76 86 92
0.000000 0.000000 0.000000 2.551381 1.121092 -67.164997 -80.125197 0.010204 0.010204 0.000606 404.142857 1.112706 1.214124 -10.222714 -75.668906 0.010204 0.010204 0.001397 404.142857 25 41 50 76 86 97
0.000000 0.000000 0.000000 1.631422 1.051694 -67.186988 -63.980159 0.010204 0.010204 0.000583 404.142857 1.112706 1.213968 -22.318194 -58.612794 0.010204 0.010204 0.001427 404.142857 25 41 50 76 86 98
0.000000 0.000000 0.000000 1.868495 1.062383 -191.067434 -65.831843 0.010204 0.010204 0.000621 385.500000 1.112706 1.214133 -10.195000 -66.869715 0.010204 0.010204 0.001439 385.500000 25 41 50 76 87 88
0.000000 0.000000 0.000000 1.809221 1.057721 -125.646964 -58.310311 0.010204 0.010204 0.000648 385.500000 1.112706 1.214146 -112.766956 -71.218252 0.010204 0.010204 0.001434 385.500000 25 41 50 76 87 92
0.000000 0.000000 0.000000 1.814871 1.058152 -58.403414 -73.242186 0.010204 0.010204 0.000628 404.142857 1.112706 1.214136 -17.663989 -80.080894 0.010204 0.010204 0.001373 404.142857 25 41 50 76 87 97
0.000000 0.000000 0.000000 1.801739 1.057152 -167.932876 -69.032535 0.010204 0.010204 0.000657 404.142857 1.112706 1.214375 -12.548510 -74.845566 0.010204 0.010204 0.001347 404.142857 25 41 50 76 87 98
0.000000 0.000000 0.000000 11.799420 1.254691 -840.666062 -77.112531 0.010204 0.010204 0.000932 348.214286 1.113096 1.218353 -7.703385 -62.725349 0.010204 0.010204 0.001444 348.214286 25 41 61 66 77 88
0.000000 0.000000 0.000000 15.940142 1.359300 -386.948868 -70.899101 0.010204 0.010204 0.000877 348.214286 1.113096 1.217828 -215.024872 -72.699546 0.010204 0.010204 0.001476 348.214286 25 41 61 66 77 92
0.000000 0.000000 0.000000 12.908770 1.282204 -1894.480301 -75.604593 0.010204 0.010204 0.000867 366.857143 1.113096 1.217831 -16.858958 -72.263581 0.010204 0.010204 0.001410 366.857143 25 41 61 66 77 97
0.000000 0.000000 0.000000 1.014258 1.162032 -233.280171 -83.077479 0.010204 0.010204 0.000823 366.857143 1.113096 1.217815 -268.076253 -70.433336 0.010204 0.010204 0.001414 366.857143 25 41 61 66 77 98
0.000000 0.000000 0.000000 1.188702 1.293049 -54.021645 -80.453869 0.010204 0.010204 0.000790 348.214286 1.113095 1.217454 -8.221234 -74.715541 0.010204 0.010204 0.001540 348.214286 25 41 61 66 81 88
0.000000 0.000000 0.000000 1.735801 1.067572 -73.540892 -57.231568 0.010204 0.010204 0.000833 348.214286 1.113095 1.217799 -13.436343 -74.943582 0.010204 0.010204 0.001504 348.214286 25 41 61 66 81 92
0.000000 0.000000 0.000000 1.008633 1.240248 -17.207124 -50.965078 0.010204 0.010204 0.000748 366.857143 1.113095 1.217446 -69.030952 -66.345623 0.010204 0.010204 0.001471 366.857143 25 41 61 66 81 97
0.000000 0.000000 0.000000 1.146778 1.067337 -38.224797 -65.183200 0.010204 0.010204 0.000782 366.857143 1.113095 1.217455 -95.604071 -66.192041 0.010204 0.010204 0.001466 366.857143 25 41 61 66 81 98
0.000000 0.000000 0.000000 2.883778 1.180193 -65.587522 -62.269350 0.010204 0.010204 0.000800 366.857143 1.113095 1.217457 -12.415494 -64.913490 0.010204 0.010204 0.001462 366.857143 25 41 61 66 86 88
0.000000 0.000000 0.000000 1.004007 1.062463 -229.695764 -77.028418 0.010204 0.010204 0.000762 366.857143 1.113095 1.217447 -15.403475 -72.449589 0.010204 0.010204 0.001467 366.857143 25 41 61 66 86 92
0.000000 0.000000 0.000000 14.675128 1.418505 -263.386391 -80.794696 0.010204 0.010204 0.000812 385.500000 1.113095 1.217608 -7.402199 -70.353642 0.010204 0.010204 0.001370 385.500000 25 41 61 66 86 97
0.000000 0.000000 0.000000 1.307647 1.091869 -149.101404 -80.018377 0.010204 0.010204 0.000772 385.500000 1.113095 1.217449 -93.259873 -70.675364 0.010204 0.010204 0.001398 385.500000 25 41 61 66 86 98
0.000000 0.000000 0.000000 1.000692 1.057259 -24.689976 -57.187358 0.010204 0.010204 0.000699 366.857143 1.113095 1.217437 -125.504925 -70.680835 0.010204 0.010204 0.001477 366.857143 25 41 61 66 87 88
0.000000 0.000000 0.000000 1.006227 1.069963 -4.746097 -72.551771 0.010204 0.010204 0.000730 366.857143 1.113095 1.217446 -72.611826 -62.643127 0.010204 0.010204 0.001471 366.857143 25 41 61 66 87 92
0.000000 0.000000 0.000000 1.002916 1.049484 -162.162420 -52.406941 0.010204 0.010204 0.000708 385.500000 1.113095 1.217439 -12.641585 -66.279008 0.010204 0.010204 0.001407 385.500000 25 41 61 66 87 97
0.000000 0.000000 0.000000 1.066326 1.356025 -53.891652 -93.750254 0.010204 0.010204 0.000740 385.500000 1.113095 1.217594 -20.017982 -63.704056 0.010204 0.010204 0.001378 385.500000 25 41 61 66 87 98
0.000000 0.000000 0.000000 1.025536 1.060147 -196.871510 -51.111499 0.010204 0.010204 0.000729 348.214286 1.113092 1.217690 -53.526958 -65.480290 0.010204 0.010204 0.001517 348.214286 25 41 61 70 77 88
0.000000 0.000000 0.000000 1.017352 1.065313 -1.898545 -71.857414 0.010204 0.010204 0.000697 348.214286 1.113092 1.217345 -8.959897 -76.401324 0.010204 0.010204 0.001554 348.214286 25 41 61 70 77 92
0.000000 0.000000 0.000000 1.035865 1.111363 -5.095202 -53.997302 0.010204 0.010204 0.000691 366.857143 1.113092 1.217346 -16.349010 -65.091394 0.010204 0.010204 0.001479 366.857143 25 41 61 70 77 97
0.000000 0.000000 0.000000 1.016417 1.177474 -118.380516 -88.579094 0.010204 0.010204 0.000664 366.857143 1.113092 1.217337 -215.470335 -74.911672 0.010204 0.010204 0.001484 366.857143 25 41 61 70 77 98
0.000000 0.000000 0.000000 1.266024 1.163433 -8.361894 -65.213000 0.010204 0.010204 0.000762 348.214286 1.113092 1.217697 -67.082687 -60.196514 0.010204 0.010204 0.001489 348.214286 25 41 61 70 81 88
0.000000 0.000000 0.000000 1.135825 1.077728 -116.273870 -47.419143 0.010204 0.010204 0.000802 348.214286 1.113092 1.218217 -14.953905 -83.755759 0.010204 0.010204 0.001456 348.214286 25 41 61 70 81 92
0.000000 0.000000 0.000000 1.211991 1.300250 -233.982769 -40.764235 0.010204 0.010204 0.000721 366.857143 1.113092 1.217685 -66.082380 -57.306776 0.010204 0.010204 0.001426 366.857143 25 41 61 70 81 97
0.000000 0.000000 0.000000 1.179907 1.106602 -107.603659 -68.739540 0.010204 0.010204 0.000754 366.857143 1.113092 1.217700 -99.131761 -82.968954 0.010204 0.010204 0.001421 366.857143 25 41 61 70 81 98
0.000000 0.000000 0.000000 1.008482 1.110298 -1.430870 -59.966298 0.010204 0.010204 0.000650 366.857143 1.113092 1.217338 -6.858241 -62.235411 0.010204 0.010204 0.001484 366.857143 25 41 61 70 86 88
0.000000 0.000000 0.000000 1.009219 1.321778 -138.734059 -78.089795 0.010204 0.010204 0.000626 366.857143 1.113092 1.217328 -43.659783 -67.223702 0.010204 0.010204 0.001489 366.857143 25 41 61 70 86 92
0.000000 0.000000 0.000000 1.006030 1.058943 -1.698696 -72.001810 0.010204 0.010204 0.000658 385.500000 1.113092 1.217485 -8.992073 -69.804125 0.010204 0.010204 0.001389 385.500000 25 41 61 70 86 97
0.000000 0.000000 0.000000 1.009265 1.143421 -112.669097 -82.099436 0.010204 0.010204 0.000633 385.500000 1.113092 1.217330 -22.884157 -71.094530 0.010204 0.010204 0.001418 385.500000 25 41 61 70 86 98
0.000000 0.000000 0.000000 1.011610 1.079427 -231.797042 -58.094397 0.010204 0.010204 0.000675 366.857143 1.113092 1.217338 -28.575019 -70.191034 0.010204 0.010204 0.001480 366.857143 25 41 61 70 87 88
0.000000 0.000000 0.000000 1.033956 1.062531 -1.803583 -53.107339 0.010204 0.010204 0.000704 366.857143 1.113092 1.217348 -106.138765 -69.178747 0.010204 0.010204 0.001474 366.857143 25 41 61 70 87 92
0.000000 0.000000 0.000000 1.048580 1.106673 -2.900813 -56.325152 0.010204 0.010204 0.000683 385.500000 1.113092 1.217340 -8.520567 -69.606871 0.010204 0.010204 0.001409 385.500000 25 41 61 70 87 97
0.000000 0.000000 0.000000 1.060332 1.088964 -61.211981 -66.937150 0.010204 0.010204 0.000714 385.500000 1.113092 1.217499 -58.649227 -65.373410 0.010204 0.010204 0.001381 385.500000 25 41 61 70 87 98
0.000000 0.000000 0.000000 3.818210 1.063371 -45.311673 -51.160151 0.010204 0.010204 0.000931 366.857143 1.113168 1.220084 -9.193601 -70.845146 0.010204 0.010204 0.001364 366.857143 25 41 61 75 77 88
0.000000 0.000000 0.000000 1.443040 1.064950 -23.868395 -53.500527 0.010204 0.010204 0.000877 366.857143 1.113168 1.219733 -73.217467 -74.369101 0.010204 0.010204 0.001394 366.857143 25 41 61 75 77 92
0.000000 0.000000 0.000000 3.957242 1.072288 -111.086017 -54.808537 0.010204 0.010204 0.000867 385.500000 1.113168 1.219734 -254.326995 -77.662093 0.010204 0.010204 0.001333 385.500000 25 41 61 75 77 97
0.000000 0.000000 0.000000 1.001928 1.060870 -172.773687 -76.607922 0.010204 0.010204 0.000824 385.500000 1.113168 1.219724 -53.806634 -65.103546 0.010204 0.010204 0.001337 385.500000 25 41 61 75 77 98
0.000000 0.000000 0.000000 1.001102 1.087432 -73.719348 -63.770647 0.010204 0.010204 0.000792 366.857143 1.113168 1.219703 -30.948548 -73.330836 0.010204 0.010204 0.001402 366.857143 25 41 61 75 81 88
0.000000 0.000000 0.000000 1.010580 1.051746 -46.236975 -60.162708 0.010204 0.010204 0.000834 366.857143 1.113168 1.220045 -71.375172 -70.428253 0.010204 0.010204 0.001372 366.857143 25 41 61 75 81 92
0.000000 0.000000 0.000000 1.000147 1.154467 -124.830124 -58.244306 0.010204 0.010204 0.000749 385.500000 1.113168 1.219695 -6.815318 -63.423987 0.010204 0.010204 0.001345 385.500000 25 41 61 75 81 97
0.000000 0.000000 0.000000 1.002825 1.111144 -163.976758 -85.156758 0.010204 0.010204 0.000784 385.500000 1.113168 1.219704 -110.722267 -70.226223 0.010204 0.010204 0.001341 385.500000 25 41 61 75 81 98
0.000000 0.000000 0.000000 3.762482 1.061957 -362.213016 -62.507889 0.010204 0.010204 0.000942 385.500000 1.113178 1.220292 -13.526538 -77.396795 0.010204 0.010204 0.001288 385.500000 25 41 61 75 86 88
0.000000 0.000000 0.000000 1.011023 1.091829 -25.344759 -74.648783 0.010204 0.010204 0.000888 385.500000 1.113178 1.220276 -193.220825 -69.134717 0.010204 0.010204 0.001292 385.500000 25 41 61 75 86 92
0.000000 0.000000 0.000000 3.761082 1.061742 -77.893345 -60.050287 0.010204 0.010204 0.000962 404.142857 1.113179 1.220583 -58.667110 -72.373051 0.010204 0.010204 0.001218 404.142857 25 41 61 75 86 97
0.000000 0.000000 0.000000 3.764585 1.062846 -337.793845 -58.952450 0.010204 0.010204 0.000903 404.142857 1.113178 1.220280 -11.449330 -66.864865 0.010204 0.010204 0.001239 404.142857 25 41 61 75 86 98
0.000000 0.000000 0.000000 1.002288 1.694367 -0.114116 -78.307110 0.010204 0.010204 0.000800 385.500000 1.113168 1.219705 -11.022676 -56.114268 0.010204 0.010204 0.001340 385.500000 25 41 61 75 87 88
0.000000 0.000000 0.000000 1.808384 1.113787 -36.896179 -61.079140 0.010204 0.010204 0.000842 385.500000 1.113168 1.219715 -7.102665 -72.402950 0.010204 0.010204 0.001335 385.500000 25 41 61 75 87 92
0.000000 0.000000 0.000000 1.108424 1.101939 -6.238438 -61.346649 0.010204 0.010204 0.000811 404.142857 1.113168 1.219707 -16.819336 -68.035571 0.010204 0.010204 0.001282 404.142857 25 41 61 75 87 97
0.000000 0.000000 0.000000 3.912127 1.066789 -401.744626 -68.077827 0.010204 0.010204 0.000856 404.142857 1.113168 1.219865 -12.491039 -71.507070 0.010204 0.010204 0.001258 404.142857 25 41 61 75 87 98
0.000000 0.000000 0.000000 1.019793 1.109690 -5.523664 -53.243749 0.010204 0.010204 0.000730 366.857143 1.113093 1.217721 -14.984925 -79.856172 0.010204 0.010204 0.001444 366.857143 25 41 61 76 77 88
0.000000 0.000000 0.000000 1.010678 1.162515 -0.884473 -59.897204 0.010204 0.010204 0.000698 366.857143 1.113093 1.217381 -142.212777 -61.772924 0.010204 0.010204 0.001478 366.857143 25 41 61 76 77 92
0.000000 0.000000 0.000000 1.005549 1.057208 -2.147068 -61.630774 0.010204 0.010204 0.000692 385.500000 1.113093 1.217382 -100.986036 -76.867641 0.010204 0.010204 0.001409 385.500000 25 41 61 76 77 97
0.000000 0.000000 0.000000 1.001280 1.074607 -0.339015 -76.883085 0.010204 0.010204 0.000665 385.500000 1.113093 1.217372 -70.305157 -66.931493 0.010204 0.010204 0.001414 385.500000 25 41 61 76 77 98
0.000000 0.000000 0.000000 1.321437 1.178777 -145.275120 -72.243807 0.010204 0.010204 0.000762 366.857143 1.113093 1.217391 -246.897878 -68.839122 0.010204 0.010204 0.001468 366.857143 25 41 61 76 81 88
0.000000 0.000000 0.000000 2.025901 1.074891 -100.507837 -61.828178 0.010204 0.010204 0.000802 366.857143 1.113093 1.217737 -182.024501 -72.011719 0.010204 0.010204 0.001435 366.857143 25 41 61 76 81 92
0.000000 0.000000 0.000000 1.012954 1.168112 -56.010901 -39.799546 0.010204 0.010204 0.000722 385.500000 1.113093 1.217382 -9.464943 -70.032983 0.010204 0.010204 0.001405 385.500000 25 41 61 76 81 97
0.000000 0.000000 0.000000 1.277987 1.056569 -61.497881 -64.661271 0.010204 0.010204 0.000755 385.500000 1.113093 1.217392 -20.135382 -79.409488 0.010204 0.010204 0.001400 385.500000 25 41 61 76 81 98
0.000000 0.000000 0.000000 1.093944 1.062103 -4.826558 -61.785841 0.010204 0.010204 0.000736 385.500000 1.113093 1.217384 -10.807427 -66.366996 0.010204 0.010204 0.001403 385.500000 25 41 61 76 86 88
0.000000 0.000000 0.000000 1.003599 1.062640 -130.607211 -54.563178 0.010204 0.010204 0.000704 385.500000 1.113093 1.217374 -27.152712 -74.921061 0.010204 0.010204 0.001408 385.500000 25 41 61 76 86 92
0.000000 0.000000 0.000000 1.239182 1.051766 -115.957576 -78.904815 0.010204 0.010204 0.000747 404.142857 1.113093 1.217533 -6.343999 -71.144354 0.010204 0.010204 0.001317 404.142857 25 41 61 76 86 97
0.000000 0.000000 0.000000 1.127910 1.183249 -15.483299 -85.579572 0.010204 0.010204 0.000713 404.142857 1.113093 1.217377 -12.342797 -70.995108 0.010204 0.010204 0.001343 404.142857 25 41 61 76 86 98
0.000000 0.000000 0.000000 1.024219 1.338605 -506.819393 -73.941940 0.010204 0.010204 0.000770 385.500000 1.113094 1.217541 -11.549410 -62.272262 0.010204 0.010204 0.001355 385.500000 25 41 61 76 87 88
0.000000 0.000000 0.000000 6.228187 1.140506 -464.751396 -64.398170 0.010204 0.010204 0.000810 385.500000 1.113094 1.217555 -9.103964 -83.832810 0.010204 0.010204 0.001350 385.500000 25 41 61 76 87 92
0.000000 0.000000 0.000000 7.738475 1.186512 -117.754576 -59.810656 0.010204 0.010204 0.000781 404.142857 1.113094 1.217545 -136.701008 -77.795786 0.010204 0.010204 0.001296 404.142857 25 41 61 76 87 97
0.000000 0.000000 0.000000 5.551061 1.120418 -907.462851 -62.025950 0.010204 0.010204 0.000824 404.142857 1.113094 1.217783 -24.853671 -67.624505 0.010204 0.010204 0.001272 404.142857 25 41 61 76 87 98
0.000000 0.000000 0.000000 1.766820 1.096157 -45.958041 -74.034033 0.010204 0.010204 0.000691 348.214286 1.112713 1.214869 -18.876035 -62.748310 0.010204 0.010204 0.001549 348.214286 25 41 65 66 77 88
0.000000 0.000000 0.000000 1.908501 1.114805 -49.264282 -58.198747 0.010204 0.010204 0.000660 348.214286 1.112713 1.214349 -108.992661 -67.073280 0.010204 0.010204 0.001586 348.214286 25 41 65 66 77 92
0.000000 0.000000 0.000000 1.839458 1.105702 -63.090111 -63.881862 0.010204 0.010204 0.000655 366.857143 1.112713 1.214353 -7.434223 -62.163369 0.010204 0.010204 0.001510 366.857143 25 41 65 66 77 97
0.000000 0.000000 0.000000 4.556535 1.468236 -945.670105 -95.392202 0.010204 0.010204 0.000629 366.857143 1.112713 1.214337 -18.697155 -61.085487 0.010204 0.010204 0.001515 366.857143 25 41 65 66 77 98
0.000000 0.000000 0.000000 1.232243 1.056395 -62.052535 -50.805967 0.010204 0.010204 0.000611 348.214286 1.112713 1.214000 -166.012132 -65.371550 0.010204 0.010204 0.001660 348.214286 25 41 65 66 81 88
0.000000 0.000000 0.000000 1.312919 1.063584 -19.531872 -59.260696 0.010204 0.010204 0.000636 348.214286 1.112713 1.214345 -4.826630 -67.776283 0.010204 0.010204 0.001618 348.214286 25 41 65 66 81 92
0.000000 0.000000 0.000000 1.175854 1.072354 -80.395541 -55.870236 0.010204 0.010204 0.000584 366.857143 1.112713 1.213992 -17.658865 -70.676683 0.010204 0.010204 0.001581 366.857143 25 41 65 66 81 97
0.000000 0.000000 0.000000 1.327773 1.073624 -104.536800 -67.405479 0.010204 0.010204 0.000606 366.857143 1.112713 1.214001 -25.213018 -73.968250 0.010204 0.010204 0.001575 366.857143 25 41 65 66 81 98
0.000000 0.000000 0.000000 1.352715 1.063081 -41.509993 -66.043021 0.010204 0.010204 0.000616 366.857143 1.112713 1.214003 -4.163969 -61.857817 0.010204 0.010204 0.001570 366.857143 25 41 65 66 86 88
0.000000 0.000000 0.000000 1.434533 1.124559 -48.620188 -61.753720 0.010204 0.010204 0.000593 366.857143 1.112713 1.213993 -12.344596 -75.415219 0.010204 0.010204 0.001576 366.857143 25 41 65 66 86 92
0.000000 0.000000 0.000000 1.640204 1.107216 -78.517742 -66.586550 0.010204 0.010204 0.000624 385.500000 1.112713 1.214154 -20.976106 -65.563294 0.010204 0.010204 0.001465 385.500000 25 41 65 66 86 97
0.000000 0.000000 0.000000 2.124722 1.211461 -30.624756 -77.964020 0.010204 0.010204 0.000600 385.500000 1.112713 1.213995 -32.753228 -63.336774 0.010204 0.010204 0.001497 385.500000 25 41 65 66 86 98
0.000000 0.000000 0.000000 1.096197 1.117481 -40.057506 -62.584922 0.010204 0.010204 0.000555 366.857143 1.112713 1.213983 -11.354716 -59.042772 0.010204 0.010204 0.001587 366.857143 25 41 65 66 87 88
0.000000 0.000000 0.000000 1.090876 1.051657 -87.683918 -62.396363 0.010204 0.010204 0.000574 366.857143 1.112713 1.213993 -124.428702 -72.796657 0.010204 0.010204 0.001581 366.857143 25 41 65 66 87 92
0.000000 0.000000 0.000000 1.201372 1.129448 -198.764625 -79.500371 0.010204 0.010204 0.000560 385.500000 1.112713 1.213985 -28.648132 -74.781653 0.010204 0.010204 0.001507 385.500000 25 41 65 66 87 97
0.000000 0.000000 0.000000 1.439269 1.206731 -145.027754 -77.503749 0.010204 0.010204 0.000580 385.500000 1.112713 1.214140 -9.064887 -67.364649 0.010204 0.010204 0.001474 385.500000 25 41 65 66 87 98
0.000000 0.000000 0.000000 1.831277 1.049438 -77.756723 -55.576953 0.010204 0.010204 0.000713 348.214286 1.112714 1.214408 -14.707558 -74.535863 0.010204 0.010204 0.001603 348.214286 25 41 65 70 77 88
0.000000 0.000000 0.000000 1.765518 1.062634 -114.782104 -57.893975 0.010204 0.010204 0.000681 348.214286 1.112714 1.214063 -31.912756 -72.410866 0.010204 0.010204 0.001644 348.214286 25 41 65 70 77 92
0.000000 0.000000 0.000000 1.800404 1.055292 -89.388848 -53.633708 0.010204 0.010204 0.000675 366.857143 1.112714 1.214064 -143.929297 -58.307770 0.010204 0.010204 0.001561 366.857143 25 41 65 70 77 97
0.000000 0.000000 0.000000 2.184724 1.589803 -98.813664 -96.994853 0.010204 0.010204 0.000649 366.857143 1.112714 1.214055 -31.110566 -77.298293 0.010204 0.010204 0.001567 366.857143 25 41 65 70 77 98
0.000000 0.000000 0.000000 2.702799 1.079057 -232.017786 -63.376307 0.010204 0.010204 0.000745 348.214286 1.112714 1.214427 -15.376163 -77.698238 0.010204 0.010204 0.001572 348.214286 25 41 65 70 81 88
0.000000 0.000000 0.000000 2.592910 1.073558 -194.390154 -55.275279 0.010204 0.010204 0.000786 348.214286 1.112714 1.214950 -175.695037 -74.926642 0.010204 0.010204 0.001536 348.214286 25 41 65 70 81 92
0.000000 0.000000 0.000000 1.918944 1.058614 -166.058097 -41.259143 0.010204 0.010204 0.000705 366.857143 1.112714 1.214414 -137.570396 -66.841064 0.010204 0.010204 0.001502 366.857143 25 41 65 70 81 97
0.000000 0.000000 0.000000 2.647042 1.076247 -145.937822 -67.571300 0.010204 0.010204 0.000738 366.857143 1.112714 1.214430 -24.068153 -59.674218 0.010204 0.010204 0.001497 366.857143 25 41 65 70 81 98
0.000000 0.000000 0.000000 1.329322 1.106160 -15.273819 -61.605238 0.010204 0.010204 0.000636 366.857143 1.112714 1.214055 -108.268309 -70.083350 0.010204 0.010204 0.001567 366.857143 25 41 65 70 86 88
0.000000 0.000000 0.000000 1.037416 1.079110 -1.491512 -55.359815 0.010204 0.010204 0.000612 366.857143 1.112714 1.214046 -23.531955 -61.552850 0.010204 0.010204 0.001573 366.857143 25 41 65 70 86 92
0.000000 0.000000 0.000000 1.377501 1.070578 -300.373051 -59.460290 0.010204 0.010204 0.000643 385.500000 1.112714 1.214203 -19.080194 -54.820543 0.010204 0.010204 0.001462 385.500000 25 41 65 70 86 97
0.000000 0.000000 0.000000 1.163542 1.074610 -43.593034 -62.400439 0.010204 0.010204 0.000618 385.500000 1.112714 1.214048 -25.375182 -67.404678 0.010204 0.010204 0.001494 385.500000 25 41 65 70 86 98
0.000000 0.000000 0.000000 1.832695 1.238839 -93.987571 -67.653959 0.010204 0.010204 0.000660 366.857143 1.112714 1.214056 -11.187035 -71.144374 0.010204 0.010204 0.001562 366.857143 25 41 65 70 87 88
0.000000 0.000000 0.000000 2.229876 1.068937 -271.572483 -56.900117 0.010204 0.010204 0.000688 366.857143 1.112714 1.214066 -10.487632 -66.486185 0.010204 0.010204 0.001556 366.857143 25 41 65 70 87 92
0.000000 0.000000 0.000000 5.223767 1.254264 -112.339229 -56.647329 0.010204 0.010204 0.000667 385.500000 1.112714 1.214058 -15.903333 -71.294763 0.010204 0.010204 0.001485 385.500000 25 41 65 70 87 97
0.000000 0.000000 0.000000 5.303153 1.225291 -254.361424 -73.043097 0.010204 0.010204 0.000698 385.500000 1.112714 1.214217 -6.905275 -71.243124 0.010204 0.010204 0.001453 385.500000 25 41 65 70 87 98
0.000000 0.000000 0.000000 2.285324 1.084031 -31.228522 -57.801655 0.010204 0.010204 0.000691 366.857143 1.112713 1.214373 -10.712159 -69.810802 0.010204 0.010204 0.001525 366.857143 25 41 65 75 77 88
0.000000 0.000000 0.000000 3.357930 1.181817 -144.406547 -71.387425 0.010204 0.010204 0.000660 366.857143 1.112713 1.214026 -83.441985 -66.582368 0.010204 0.010204 0.001563 366.857143 25 41 65 75 77 92
0.000000 0.000000 0.000000 1.730455 1.051786 -67.729853 -59.467114 0.010204 0.010204 0.000654 385.500000 1.112713 1.214027 -6.646559 -66.413233 0.010204 0.010204 0.001487 385.500000 25 41 65 75 77 97
0.000000 0.000000 0.000000 1.550509 1.133095 -128.268843 -64.561824 0.010204 0.010204 0.000629 385.500000 1.112713 1.214018 -38.977126 -82.639009 0.010204 0.010204 0.001492 385.500000 25 41 65 75 77 98
0.000000 0.000000 0.000000 1.800543 1.371089 -83.166192 -101.230541 0.010204 0.010204 0.000611 366.857143 1.112713 1.214016 -36.609491 -68.151974 0.010204 0.010204 0.001574 366.857143 25 41 65 75 81 88
0.000000 0.000000 0.000000 1.589969 1.136842 -184.834119 -62.004442 0.010204 0.010204 0.000636 366.857143 1.112713 1.214357 -59.498003 -67.619940 0.010204 0.010204 0.001536 366.857143 25 41 65 75 81 92
0.000000 0.000000 0.000000 1.035103 1.056179 -4.141934 -50.401722 0.010204 0.010204 0.000585 385.500000 1.112713 1.214008 -38.321096 -72.526463 0.010204 0.010204 0.001502 385.500000 25 41 65 75 81 97
0.000000 0.000000 0.000000 1.197119 1.068872 -219.353707 -71.130041 0.010204 0.010204 0.000606 385.500000 1.112713 1.214017 -48.229977 -68.517867 0.010204 0.010204 0.001497 385.500000 25 41 65 75 81 98
0.000000 0.000000 0.000000 2.238544 1.067511 -66.663010 -63.654588 0.010204 0.010204 0.000696 385.500000 1.112713 1.214186 -31.897377 -67.677597 0.010204 0.010204 0.001431 385.500000 25 41 65 75 86 88
0.000000 0.000000 0.000000 11.075742 1.639520 -886.010087 -98.034974 0.010204 0.010204 0.000666 385.500000 1.112713 1.214172 -94.421152 -59.479989 0.010204 0.010204 0.001436 385.500000 25 41 65 75 86 92
0.000000 0.000000 0.000000 2.188234 1.064553 -236.353412 -74.042618 0.010204 0.010204 0.000706 404.142857 1.112713 1.214414 -243.763771 -62.813484 0.010204 0.010204 0.001344 404.142857 25 41 65 75 86 97
0.000000 0.000000 0.000000 2.284623 1.070246 -207.166448 -65.544128 0.010204 0.010204 0.000674 404.142857 1.112713 1.214176 -66.966328 -71.189451 0.010204 0.010204 0.001370 404.142857 25 41 65 75 86 98
0.000000 0.000000 0.000000 1.253064 1.098767 -20.919653 -55.930281 0.010204 0.010204 0.000616 385.500000 1.112713 1.214010 -18.176125 -60.473808 0.010204 0.010204 0.001496 385.500000 25 41 65 75 87 88
0.000000 0.000000 0.000000 1.765232 1.067597 -107.824195 -61.655346 0.010204 0.010204 0.000640 385.500000 1.112713 1.214019 -22.843245 -78.315467 0.010204 0.010204 0.001490 385.500000 25 41 65 75 87 92
0.000000 0.000000 0.000000 1.681506 1.068870 -84.897883 -64.552326 0.010204 0.010204 0.000622 404.142857 1.112713 1.214012 -13.721967 -65.956998 0.010204 0.010204 0.001423 404.142857 25 41 65 75 87 97
0.000000 0.000000 0.000000 1.666214 1.050659 -191.469628 -63.963138 0.010204 0.010204 0.000648 404.142857 1.112713 1.214168 -24.810713 -72.172438 0.010204 0.010204 0.001394 404.142857 25 41 65 75 87 98
0.000000 0.000000 0.000000 1.466975 1.054069 -22.499285 -72.281705 0.010204 0.010204 0.000713 366.857143 1.112715 1.215636 -114.018650 -75.873474 0.010204 0.010204 0.001455 366.857143 25 41 65 76 77 88
0.000000 0.000000 0.000000 1.100253 1.215033 -54.449240 -47.197375 0.010204 0.010204 0.000682 366.857143 1.112715 1.215295 -124.281785 -64.436269 0.010204 0.010204 0.001489 366.857143 25 41 65 76 77 92
0.000000 0.000000 0.000000 1.077526 1.053017 -4.570786 -54.431279 0.010204 0.010204 0.000676 385.500000 1.112715 1.215296 -42.433949 -68.200798 0.010204 0.010204 0.001420 385.500000 25 41 65 76 77 97
0.000000 0.000000 0.000000 1.008320 1.207763 -38.043546 -102.589434 0.010204 0.010204 0.000649 385.500000 1.112715 1.215287 -63.256456 -75.123336 0.010204 0.010204 0.001424 385.500000 25 41 65 76 77 98
0.000000 0.000000 0.000000 2.478638 1.055469 -184.430293 -54.049976 0.010204 0.010204 0.000744 366.857143 1.112715 1.215317 -258.245762 -65.361976 0.010204 0.010204 0.001479 366.857143 25 41 65 76 81 88
0.000000 0.000000 0.000000 2.329514 1.048629 -156.148286 -70.136176 0.010204 0.010204 0.000784 366.857143 1.112715 1.215666 -24.836219 -69.352504 0.010204 0.010204 0.001446 366.857143 25 41 65 76 81 92
0.000000 0.000000 0.000000 1.058129 1.077970 -88.419362 -38.472015 0.010204 0.010204 0.000705 385.500000 1.112715 1.215308 -26.377855 -77.511324 0.010204 0.010204 0.001415 385.500000 25 41 65 76 81 97
0.000000 0.000000 0.000000 2.390693 1.051276 -256.033489 -70.713173 0.010204 0.010204 0.000737 385.500000 1.112715 1.215318 -42.877207 -74.818098 0.010204 0.010204 0.001411 385.500000 25 41 65 76 81 98
0.000000 0.000000 0.000000 2.653361 1.062516 -255.714351 -67.281275 0.010204 0.010204 0.000719 385.500000 1.112715 1.215303 -12.155586 -74.984989 0.010204 0.010204 0.001413 385.500000 25 41 65 76 86 88
0.000000 0.000000 0.000000 1.020601 1.049820 -32.897516 -56.565768 0.010204 0.010204 0.000687 385.500000 1.112715 1.215294 -36.171574 -69.786559 0.010204 0.010204 0.001419 385.500000 25 41 65 76 86 92
0.000000 0.000000 0.000000 2.450259 1.053507 -232.890948 -70.288058 0.010204 0.010204 0.000729 404.142857 1.112715 1.215453 -4.413334 -61.792850 0.010204 0.010204 0.001328 404.142857 25 41 65 76 86 97
0.000000 0.000000 0.000000 3.082132 1.082779 -555.470521 -53.676241 0.010204 0.010204 0.000696 404.142857 1.112715 1.215296 -7.600248 -71.821140 0.010204 0.010204 0.001354 404.142857 25 41 65 76 86 98
0.000000 0.000000 0.000000 1.657266 1.130308 -55.811310 -73.674522 0.010204 0.010204 0.000752 385.500000 1.112716 1.215699 -25.746501 -66.405200 0.010204 0.010204 0.001366 385.500000 25 41 65 76 87 88
0.000000 0.000000 0.000000 39.841332 2.410083 -3270.430122 -119.564530 0.010204 0.010204 0.000792 385.500000 1.112716 1.215715 -17.545719 -68.950284 0.010204 0.010204 0.001361 385.500000 25 41 65 76 87 92
0.000000 0.000000 0.000000 41.262520 2.461948 -2054.903126 -145.179295 0.010204 0.010204 0.000763 404.142857 1.112716 1.215704 -163.490150 -68.233995 0.010204 0.010204 0.001307 404.142857 25 41 65 76 87 97
0.000000 0.000000 0.000000 38.434245 2.358784 -3050.446842 -129.249313 0.010204 0.010204 0.000806 404.142857 1.112716 1.215983 -46.508964 -70.332851 0.010204 0.010204 0.001283 404.142857 25 41 65 76 87 98
0.000000 0.000000 0.000000 1.255230 1.093926 -54.884619 -63.190221 0.010204 0.010204 0.000873 348.214286 1.125482 1.220113 -71.105855 -61.565373 0.010204 0.010204 0.001440 348.214286 25 45 46 66 77 88
0.000000 0.000000 0.000000 1.257496 1.094828 -84.933070 -61.911451 0.010204 0.010204 0.000822 348.214286 1.125481 1.219504 -123.968746 -64.615447 0.010204 0.010204 0.001472 348.214286 25 45 46 66 77 92
0.000000 0.000000 0.000000 1.256378 1.094374 -21.823078 -50.516114 0.010204 0.010204 0.000814 366.857143 1.125481 1.219509 -9.252394 -67.642046 0.010204 0.010204 0.001406 366.857143 25 45 46 66 77 97
0.000000 0.000000 0.000000 1.307618 1.126892 -39.677692 -62.719198 0.010204 0.010204 0.000774 366.857143 1.125481 1.219490 -17.073593 -60.575468 0.010204 0.010204 0.001411 366.857143 25 45 46 66 77 98
0.000000 0.000000 0.000000 1.137871 1.055974 -63.727038 -71.656470 0.010204 0.010204 0.000745 348.214286 1.125480 1.218756 -233.957647 -75.895507 0.010204 0.010204 0.001534 348.214286 25 45 46 66 81 88
0.000000 0.000000 0.000000 1.632467 1.239148 -102.105063 -82.175685 0.010204 0.010204 0.000783 348.214286 1.125480 1.219103 -77.434566 -71.009941 0.010204 0.010204 0.001499 348.214286 25 45 46 66 81 92
0.000000 0.000000 0.000000 1.016101 1.155049 -77.916293 -44.468740 0.010204 0.010204 0.000707 366.857143 1.125480 1.218747 -82.311323 -63.791142 0.010204 0.010204 0.001467 366.857143 25 45 46 66 81 97
0.000000 0.000000 0.000000 3.514459 1.972682 -487.302983 -87.439173 0.010204 0.010204 0.000738 366.857143 1.125480 1.218757 -23.412939 -65.287010 0.010204 0.010204 0.001462 366.857143 25 45 46 66 81 98
0.000000 0.000000 0.000000 1.446658 1.167851 -96.704614 -61.572417 0.010204 0.010204 0.000753 366.857143 1.125480 1.218763 -21.846683 -66.293913 0.010204 0.010204 0.001457 366.857143 25 45 46 66 86 88
0.000000 0.000000 0.000000 1.076974 1.328513 -1.567232 -64.352371 0.010204 0.010204 0.000719 366.857143 1.125480 1.218754 -303.436517 -75.059659 0.010204 0.010204 0.001463 366.857143 25 45 46 66 86 92
0.000000 0.000000 0.000000 1.367765 1.137073 -17.263098 -66.001313 0.010204 0.010204 0.000765 385.500000 1.125480 1.218917 -40.213344 -65.733279 0.010204 0.010204 0.001367 385.500000 25 45 46 66 86 97
0.000000 0.000000 0.000000 1.571630 1.217008 -112.055428 -59.672993 0.010204 0.010204 0.000729 385.500000 1.125480 1.218756 -16.785310 -67.611205 0.010204 0.010204 0.001395 385.500000 25 45 46 66 86 98
0.000000 0.000000 0.000000 1.008303 1.605319 -0.830174 -59.328449 0.010204 0.010204 0.000663 366.857143 1.125480 1.218730 -51.037955 -75.741559 0.010204 0.010204 0.001472 366.857143 25 45 46 66 87 88
0.000000 0.000000 0.000000 1.039222 1.085476 -32.746725 -58.119789 0.010204 0.010204 0.000691 366.857143 1.125480 1.218739 -115.339668 -66.806397 0.010204 0.010204 0.001466 366.857143 25 45 46 66 87 92
0.000000 0.000000 0.000000 1.013256 1.063893 -89.982567 -52.223880 0.010204 0.010204 0.000671 385.500000 1.125480 1.218732 -67.218150 -66.532853 0.010204 0.010204 0.001403 385.500000 25 45 46 66 87 97
0.000000 0.000000 0.000000 1.269514 1.177373 -25.367783 -61.514502 0.010204 0.010204 0.000700 385.500000 1.125480 1.218887 -24.998697 -63.881397 0.010204 0.010204 0.001375 385.500000 25 45 46 66 87 98
0.000000 0.000000 0.000000 1.057483 1.049280 -4.380874 -54.718892 0.010204 0.010204 0.000691 348.214286 1.125471 1.217580 -26.752454 -59.073757 0.010204 0.010204 0.001586 348.214286 25 45 46 70 77 88
0.000000 0.000000 0.000000 1.127186 1.126945 -14.764148 -57.135135 0.010204 0.010204 0.000661 348.214286 1.125471 1.217236 -10.076809 -68.915038 0.010204 0.010204 0.001626 348.214286 25 45 46 70 77 92
0.000000 0.000000 0.000000 1.648550 1.602906 -135.640448 -94.068210 0.010204 0.010204 0.000656 366.857143 1.125471 1.217237 -40.031674 -66.781929 0.010204 0.010204 0.001545 366.857143 25 45 46 70 77 97
0.000000 0.000000 0.000000 1.026157 1.049660 -4.772504 -69.191546 0.010204 0.010204 0.000631 366.857143 1.125471 1.217227 -93.121493 -61.450977 0.010204 0.010204 0.001550 366.857143 25 45 46 70 77 98
0.000000 0.000000 0.000000 1.084573 1.055788 -150.690373 -45.363420 0.010204 0.010204 0.000720 348.214286 1.125471 1.217592 -143.924612 -66.033023 0.010204 0.010204 0.001555 348.214286 25 45 46 70 81 88
0.000000 0.000000 0.000000 1.079861 1.052436 -7.489363 -65.864867 0.010204 0.010204 0.000757 348.214286 1.125471 1.218114 -9.747367 -72.611379 0.010204 0.010204 0.001519 348.214286 25 45 46 70 81 92
0.000000 0.000000 0.000000 1.118583 1.081261 -1.744091 -46.810360 0.010204 0.010204 0.000683 366.857143 1.125471 1.217580 -117.809363 -67.539277 0.010204 0.010204 0.001486 366.857143 25 45 46 70 81 97
0.000000 0.000000 0.000000 1.082364 1.054210 -63.843806 -66.308712 0.010204 0.010204 0.000713 366.857143 1.125471 1.217595 -8.253775 -66.882248 0.010204 0.010204 0.001481 366.857143 25 45 46 70 81 98
0.000000 0.000000 0.000000 1.129757 1.272402 -62.096898 -75.832437 0.010204 0.010204 0.000619 366.857143 1.125471 1.217228 -90.759409 -74.089387 0.010204 0.010204 0.001550 366.857143 25 45 46 70 86 88
0.000000 0.000000 0.000000 1.009885 1.060332 -148.060905 -52.395328 0.010204 0.010204 0.000596 366.857143 1.125471 1.217219 -4.612798 -66.528584 0.010204 0.010204 0.001556 366.857143 25 45 46 70 86 92
0.000000 0.000000 0.000000 1.041163 1.068549 -5.345365 -59.859603 0.010204 0.010204 0.000626 385.500000 1.125471 1.217375 -87.493693 -65.292346 0.010204 0.010204 0.001447 385.500000 25 45 46 70 86 97
0.000000 0.000000 0.000000 1.042586 1.105022 -10.074987 -74.233408 0.010204 0.010204 0.000602 385.500000 1.125471 1.217221 -64.908080 -82.161136 0.010204 0.010204 0.001479 385.500000 25 45 46 70 86 98
0.000000 0.000000 0.000000 1.034888 1.046227 -5.942056 -69.785034 0.010204 0.010204 0.000641 366.857143 1.125471 1.217228 -176.924752 -65.249219 0.010204 0.010204 0.001545 366.857143 25 45 46 70 87 88
0.000000 0.000000 0.000000 1.585043 1.467953 -186.062492 -106.796016 0.010204 0.010204 0.000668 366.857143 1.125471 1.217238 -139.555572 -67.954535 0.010204 0.010204 0.001539 366.857143 25 45 46 70 87 92
0.000000 0.000000 0.000000 1.079426 1.066043 -4.056911 -52.863450 0.010204 0.010204 0.000648 385.500000 1.125471 1.217230 -27.702255 -70.352020 0.010204 0.010204 0.001469 385.500000 25 45 46 70 87 97
0.000000 0.000000 0.000000 1.103298 1.078869 -289.157385 -67.798934 0.010204 0.010204 0.000676 385.500000 1.125471 1.217389 -168.017715 -83.563304 0.010204 0.010204 0.001438 385.500000 25 45 46 70 87 98
0.000000 0.000000 0.000000 1.094968 1.057312 -120.562865 -61.136973 0.010204 0.010204 0.000710 366.857143 1.125472 1.217601 -147.933906 -72.849360 0.010204 0.010204 0.001499 366.857143 25 45 46 75 77 88
0.000000 0.000000 0.000000 1.072604 1.047989 -163.178790 -59.704016 0.010204 0.010204 0.000678 366.857143 1.125472 1.217254 -21.937216 -73.049272 0.010204 0.010204 0.001536 366.857143 25 45 46 75 77 92
0.000000 0.000000 0.000000 1.213007 1.134582 -31.484629 -61.117563 0.010204 0.010204 0.000672 385.500000 1.125472 1.217256 -50.558454 -60.208186 0.010204 0.010204 0.001462 385.500000 25 45 46 75 77 97
0.000000 0.000000 0.000000 1.066698 1.084924 -162.329319 -60.292586 0.010204 0.010204 0.000646 385.500000 1.125472 1.217246 -92.910936 -72.714305 0.010204 0.010204 0.001467 385.500000 25 45 46 75 77 98
0.000000 0.000000 0.000000 1.022280 1.051454 -2.325177 -70.026837 0.010204 0.010204 0.000627 366.857143 1.125472 1.217244 -13.567071 -68.349519 0.010204 0.010204 0.001546 366.857143 25 45 46 75 81 88
0.000000 0.000000 0.000000 1.036501 1.049228 -12.152533 -60.577930 0.010204 0.010204 0.000653 366.857143 1.125472 1.217585 -29.444203 -71.215486 0.010204 0.010204 0.001509 366.857143 25 45 46 75 81 92
0.000000 0.000000 0.000000 1.011607 1.086639 -161.889136 -56.417844 0.010204 0.010204 0.000600 385.500000 1.125472 1.217236 -15.318287 -71.540047 0.010204 0.010204 0.001476 385.500000 25 45 46 75 81 97
0.000000 0.000000 0.000000 1.632124 2.159372 -28.866266 -225.806408 0.010204 0.010204 0.000622 385.500000 1.125472 1.217245 -58.670865 -60.784485 0.010204 0.010204 0.001471 385.500000 25 45 46 75 81 98
0.000000 0.000000 0.000000 1.170061 1.091000 -24.396930 -63.509244 0.010204 0.010204 0.000716 385.500000 1.125472 1.217418 -166.425246 -73.017511 0.010204 0.010204 0.001407 385.500000 25 45 46 75 86 88
0.000000 0.000000 0.000000 1.359436 1.202454 -23.200795 -67.509252 0.010204 0.010204 0.000684 385.500000 1.125472 1.217405 -23.071931 -62.999081 0.010204 0.010204 0.001412 385.500000 25 45 46 75 86 92
0.000000 0.000000 0.000000 1.163365 1.087237 -91.316345 -83.943463 0.010204 0.010204 0.000727 404.142857 1.125472 1.217647 -43.108112 -73.271568 0.010204 0.010204 0.001323 404.142857 25 45 46 75 86 97
0.000000 0.000000 0.000000 1.175894 1.094294 -40.987876 -63.080148 0.010204 0.010204 0.000693 404.142857 1.125472 1.217408 -73.953274 -63.537579 0.010204 0.010204 0.001349 404.142857 25 45 46 75 86 98
0.000000 0.000000 0.000000 1.046006 1.088357 -135.951669 -65.983019 0.010204 0.010204 0.000632 385.500000 1.125472 1.217238 -11.789179 -66.835415 0.010204 0.010204 0.001470 385.500000 25 45 46 75 87 88
0.000000 0.000000 0.000000 1.086976 1.062677 -9.341840 -46.654703 0.010204 0.010204 0.000658 385.500000 1.125472 1.217248 -107.784976 -71.817213 0.010204 0.010204 0.001464 385.500000 25 45 46 75 87 92
0.000000 0.000000 0.000000 1.674226 1.523367 -32.675255 -80.605722 0.010204 0.010204 0.000639 404.142857 1.125472 1.217240 -187.585344 -74.347344 0.010204 0.010204 0.001400 404.142857 25 45 46 75 87 97
0.000000 0.000000 0.000000 1.129931 1.086108 -25.382068 -57.419088 0.010204 0.010204 0.000666 404.142857 1.125472 1.217396 -43.778534 -75.252541 0.010204 0.010204 0.001371 404.142857 25 45 46 75 87 98
0.000000 0.000000 0.000000 1.021065 1.063276 -6.418973 -61.160032 0.010204 0.010204 0.000589 366.857143 1.125471 1.217532 -24.022028 -76.095733 0.010204 0.010204 0.001522 366.857143 25 45 46 76 77 88
0.000000 0.000000 0.000000 1.013325 1.048656 -4.405806 -51.418905 0.010204 0.010204 0.000568 366.857143 1.125471 1.217192 -47.850013 -66.020370 0.010204 0.010204 0.001560 366.857143 25 45 46 76 77 92
0.000000 0.000000 0.000000 1.178403 1.601267 -151.739918 -99.500048 0.010204 0.010204 0.000564 385.500000 1.125471 1.217193 -17.121296 -67.859703 0.010204 0.010204 0.001484 385.500000 25 45 46 76 77 97
0.000000 0.000000 0.000000 1.204836 2.148132 -17.317326 -168.643888 0.010204 0.010204 0.000545 385.500000 1.125471 1.217184 -29.912863 -70.613354 0.010204 0.010204 0.001489 385.500000 25 45 46 76 77 98
0.000000 0.000000 0.000000 1.240213 1.397854 -45.002001 -81.691130 0.010204 0.010204 0.000609 366.857143 1.125471 1.217201 -7.859117 -65.553427 0.010204 0.010204 0.001549 366.857143 25 45 46 76 81 88
0.000000 0.000000 0.000000 1.033054 1.051648 -1.282227 -54.941625 0.010204 0.010204 0.000634 366.857143 1.125471 1.217548 -30.691879 -68.185645 0.010204 0.010204 0.001512 366.857143 25 45 46 76 81 92
0.000000 0.000000 0.000000 1.023394 1.046632 -220.888359 -64.601291 0.010204 0.010204 0.000583 385.500000 1.125471 1.217193 -15.651774 -62.742895 0.010204 0.010204 0.001479 385.500000 25 45 46 76 81 97
0.000000 0.000000 0.000000 1.066334 1.107111 -110.146190 -74.200678 0.010204 0.010204 0.000604 385.500000 1.125471 1.217203 -27.958763 -67.427724 0.010204 0.010204 0.001474 385.500000 25 45 46 76 81 98
0.000000 0.000000 0.000000 1.199442 1.366542 -28.676416 -64.836323 0.010204 0.010204 0.000593 385.500000 1.125471 1.217195 -145.809276 -68.843499 0.010204 0.010204 0.001477 385.500000 25 45 46 76 86 88
0.000000 0.000000 0.000000 1.036794 1.091089 -130.515327 -49.871379 0.010204 0.010204 0.000572 385.500000 1.125471 1.217186 -8.408826 -70.832939 0.010204 0.010204 0.001482 385.500000 25 45 46 76 86 92
0.000000 0.000000 0.000000 1.032287 1.056408 -12.357618 -62.997964 0.010204 0.010204 0.000599 404.142857 1.125471 1.217344 -10.653085 -69.807611 0.010204 0.010204 0.001382 404.142857 25 45 46 76 86 97
0.000000 0.000000 0.000000 1.038278 1.072965 -219.739063 -64.610446 0.010204 0.010204 0.000577 404.142857 1.125471 1.217188 -172.492069 -62.698543 0.010204 0.010204 0.001411 404.142857 25 45 46 76 86 98
0.000000 0.000000 0.000000 4.666329 5.874328 -297.177370 -461.569046 0.010204 0.010204 0.000614 385.500000 1.125471 1.217343 -14.824852 -70.896141 0.010204 0.010204 0.001423 385.500000 25 45 46 76 87 88
0.000000 0.000000 0.000000 1.214089 1.280331 -24.627457 -103.505488 0.010204 0.010204 0.000639 385.500000 1.125471 1.217357 -11.181666 -65.636026 0.010204 0.010204 0.001418 385.500000 25 45 46 76 87 92
0.000000 0.000000 0.000000 1.240526 1.315426 -41.663172 -80.908489 0.010204 0.010204 0.000621 404.142857 1.125471 1.217347 -9.924539 -64.890074 0.010204 0.010204 0.001359 404.142857 25 45 46 76 87 97
0.000000 0.000000 0.000000 1.185635 1.242585 -101.894649 -75.256801 0.010204 0.010204 0.000647 404.142857 1.125471 1.217584 -30.867195 -59.981717 0.010204 0.010204 0.001333 404.142857 25 45 46 76 87 98
0.000000 0.000000 0.000000 1.545847 1.296266 -166.920896 -71.160155 0.010204 0.010204 0.000891 348.214286 1.125625 1.218286 -147.703176 -65.884944 0.010204 0.010204 0.001505 348.214286 25 45 50 66 77 88
0.000000 0.000000 0.000000 1.127402 1.076101 -29.328257 -63.769669 0.010204 0.010204 0.000842 348.214286 1.125625 1.217764 -13.706635 -78.808917 0.010204 0.010204 0.001539 348.214286 25 45 50 66 77 92
0.000000 0.000000 0.000000 1.087334 1.049023 -112.092970 -41.781644 0.010204 0.010204 0.000832 366.857143 1.125625 1.217767 -15.003783 -64.927542 0.010204 0.010204 0.001467 366.857143 25 45 50 66 77 97
0.000000 0.000000 0.000000 1.002825 1.055217 -104.999176 -72.061742 0.010204 0.010204 0.000793 366.857143 1.125625 1.217752 -28.493773 -72.021684 0.010204 0.010204 0.001472 366.857143 25 45 50 66 77 98
0.000000 0.000000 0.000000 1.067899 1.240045 -3.045838 -81.266792 0.010204 0.010204 0.000763 348.214286 1.125624 1.217407 -34.715021 -80.752292 0.010204 0.010204 0.001609 348.214286 25 45 50 66 81 88
0.000000 0.000000 0.000000 1.038923 1.062850 -3.455938 -58.367362 0.010204 0.010204 0.000802 348.214286 1.125624 1.217752 -20.123685 -77.027698 0.010204 0.010204 0.001570 348.214286 25 45 50 66 81 92
0.000000 0.000000 0.000000 1.006724 1.123965 -1.044236 -55.789389 0.010204 0.010204 0.000724 366.857143 1.125624 1.217399 -45.454857 -72.172125 0.010204 0.010204 0.001535 366.857143 25 45 50 66 81 97
0.000000 0.000000 0.000000 1.295648 1.739813 -20.370448 -133.670718 0.010204 0.010204 0.000756 366.857143 1.125624 1.217409 -28.282375 -70.675808 0.010204 0.010204 0.001529 366.857143 25 45 50 66 81 98
0.000000 0.000000 0.000000 1.051841 1.077494 -146.786678 -68.793602 0.010204 0.010204 0.000772 366.857143 1.125624 1.217410 -59.347555 -73.693008 0.010204 0.010204 0.001524 366.857143 25 45 50 66 86 88
0.000000 0.000000 0.000000 1.015385 1.219891 -277.985016 -72.915684 0.010204 0.010204 0.000737 366.857143 1.125624 1.217400 -33.003137 -64.696035 0.010204 0.010204 0.001530 366.857143 25 45 50 66 86 92
0.000000 0.000000 0.000000 1.120781 1.126495 -9.600295 -83.665301 0.010204 0.010204 0.000783 385.500000 1.125624 1.217561 -72.293879 -67.719163 0.010204 0.010204 0.001425 385.500000 25 45 50 66 86 97
0.000000 0.000000 0.000000 1.060449 1.121564 -53.440373 -72.506496 0.010204 0.010204 0.000747 385.500000 1.125624 1.217402 -9.398845 -69.337881 0.010204 0.010204 0.001455 385.500000 25 45 50 66 86 98
0.000000 0.000000 0.000000 1.001210 1.055868 -0.230233 -76.954473 0.010204 0.010204 0.000679 366.857143 1.125624 1.217390 -112.181625 -70.552081 0.010204 0.010204 0.001541 366.857143 25 45 50 66 87 88
0.000000 0.000000 0.000000 1.004883 1.055533 -84.417412 -54.832500 0.010204 0.010204 0.000708 366.857143 1.125624 1.217400 -158.713874 -64.630325 0.010204 0.010204 0.001534 366.857143 25 45 50 66 87 92
0.000000 0.000000 0.000000 1.003908 1.057844 -0.679698 -58.233674 0.010204 0.010204 0.000687 385.500000 1.125624 1.217392 -12.556925 -71.520759 0.010204 0.010204 0.001464 385.500000 25 45 50 66 87 97
0.000000 0.000000 0.000000 1.008032 1.058432 -2.213512 -71.117161 0.010204 0.010204 0.000717 385.500000 1.125624 1.217547 -40.129194 -65.589386 0.010204 0.010204 0.001433 385.500000 25 45 50 66 87 98
0.000000 0.000000 0.000000 1.085233 1.066832 -22.912630 -49.288629 0.010204 0.010204 0.000929 348.214286 1.125660 1.219324 -88.341265 -69.451505 0.010204 0.010204 0.001484 348.214286 25 45 50 70 77 88
0.000000 0.000000 0.000000 1.002052 1.046659 -2.020766 -57.738855 0.010204 0.010204 0.000877 348.214286 1.125660 1.218977 -232.720288 -69.668928 0.010204 0.010204 0.001519 348.214286 25 45 50 70 77 92
0.000000 0.000000 0.000000 1.014761 1.130091 -1.436567 -50.753878 0.010204 0.010204 0.000868 366.857143 1.125660 1.218978 -9.512889 -67.324640 0.010204 0.010204 0.001448 366.857143 25 45 50 70 77 97
0.000000 0.000000 0.000000 1.000143 1.063346 -1.117843 -79.423558 0.010204 0.010204 0.000825 366.857143 1.125660 1.218969 -95.141274 -72.898766 0.010204 0.010204 0.001453 366.857143 25 45 50 70 77 98
0.000000 0.000000 0.000000 1.163404 1.688840 -21.064402 -106.788860 0.010204 0.010204 0.000985 348.214286 1.125666 1.219736 -26.402882 -66.176305 0.010204 0.010204 0.001458 348.214286 25 45 50 70 81 88
0.000000 0.000000 0.000000 1.528051 1.067687 -139.090284 -47.859098 0.010204 0.010204 0.001056 348.214286 1.125666 1.220346 -30.635680 -65.251057 0.010204 0.010204 0.001427 348.214286 25 45 50 70 81 92
0.000000 0.000000 0.000000 1.000157 1.095836 -0.014881 -35.400666 0.010204 0.010204 0.000918 366.857143 1.125665 1.219721 -18.127658 -65.247289 0.010204 0.010204 0.001398 366.857143 25 45 50 70 81 97
0.000000 0.000000 0.000000 1.612717 1.085004 -31.789919 -58.091014 0.010204 0.010204 0.000973 366.857143 1.125666 1.219740 -21.949349 -67.167580 0.010204 0.010204 0.001394 366.857143 25 45 50 70 81 98
0.000000 0.000000 0.000000 1.001330 1.151710 -90.526173 -59.368315 0.010204 0.010204 0.000804 366.857143 1.125660 1.218961 -36.709174 -68.060004 0.010204 0.010204 0.001453 366.857143 25 45 50 70 86 88
0.000000 0.000000 0.000000 1.000184 1.172348 -180.351930 -62.373597 0.010204 0.010204 0.000767 366.857143 1.125660 1.218951 -11.903329 -63.493210 0.010204 0.010204 0.001458 366.857143 25 45 50 70 86 92
0.000000 0.000000 0.000000 1.001574 1.065864 -26.073558 -59.262066 0.010204 0.010204 0.000816 385.500000 1.125660 1.219108 -130.188885 -58.227730 0.010204 0.010204 0.001363 385.500000 25 45 50 70 86 97
0.000000 0.000000 0.000000 1.000348 1.062968 -280.332541 -66.510248 0.010204 0.010204 0.000777 385.500000 1.125660 1.218953 -25.897386 -77.979057 0.010204 0.010204 0.001390 385.500000 25 45 50 70 86 98
0.000000 0.000000 0.000000 1.000164 1.063427 -73.927461 -58.011805 0.010204 0.010204 0.000843 366.857143 1.125660 1.218975 -21.271775 -66.162469 0.010204 0.010204 0.001449 366.857143 25 45 50 70 87 88
0.000000 0.000000 0.000000 1.029062 1.062855 -4.965632 -60.144474 0.010204 0.010204 0.000889 366.857143 1.125660 1.218985 -11.207790 -82.286420 0.010204 0.010204 0.001444 366.857143 25 45 50 70 87 92
0.000000 0.000000 0.000000 1.010000 1.091785 -1.794316 -67.175747 0.010204 0.010204 0.000855 385.500000 1.125660 1.218977 -15.431177 -64.405808 0.010204 0.010204 0.001382 385.500000 25 45 50 70 87 97
0.000000 0.000000 0.000000 1.262286 1.049985 -90.594338 -66.284723 0.010204 0.010204 0.000904 385.500000 1.125660 1.219139 -142.635273 -77.969102 0.010204 0.010204 0.001355 385.500000 25 45 50 70 87 98
0.000000 0.000000 0.000000 1.040627 1.123005 -3.576213 -56.001380 0.010204 0.010204 0.000727 366.857143 1.125624 1.217719 -26.210796 -74.857893 0.010204 0.010204 0.001497 366.857143 25 45 50 75 77 88
0.000000 0.000000 0.000000 1.097567 1.363952 -84.647602 -79.144650 0.010204 0.010204 0.000695 366.857143 1.125624 1.217372 -10.032125 -67.186828 0.010204 0.010204 0.001534 366.857143 25 45 50 75 77 92
0.000000 0.000000 0.000000 1.118320 1.401783 -16.414712 -85.194096 0.010204 0.010204 0.000689 385.500000 1.125624 1.217374 -6.090249 -61.680384 0.010204 0.010204 0.001460 385.500000 25 45 50 75 77 97
0.000000 0.000000 0.000000 1.011429 1.083966 -1.689879 -86.581921 0.010204 0.010204 0.000662 385.500000 1.125624 1.217364 -27.838312 -74.540174 0.010204 0.010204 0.001465 385.500000 25 45 50 75 77 98
0.000000 0.000000 0.000000 1.004744 1.067826 -130.843199 -50.617760 0.010204 0.010204 0.000642 366.857143 1.125624 1.217363 -6.723269 -72.546001 0.010204 0.010204 0.001545 366.857143 25 45 50 75 81 88
0.000000 0.000000 0.000000 1.008742 1.087838 -11.521259 -51.408411 0.010204 0.010204 0.000669 366.857143 1.125624 1.217703 -13.899612 -65.910156 0.010204 0.010204 0.001507 366.857143 25 45 50 75 81 92
0.000000 0.000000 0.000000 1.003402 1.093960 -42.816715 -48.233938 0.010204 0.010204 0.000614 385.500000 1.125624 1.217354 -179.537724 -76.464244 0.010204 0.010204 0.001475 385.500000 25 45 50 75 81 97
0.000000 0.000000 0.000000 1.006133 1.076181 -0.323652 -52.747994 0.010204 0.010204 0.000637 385.500000 1.125624 1.217364 -25.740184 -72.512284 0.010204 0.010204 0.001469 385.500000 25 45 50 75 81 98
0.000000 0.000000 0.000000 1.031584 1.062171 -3.894916 -59.176502 0.010204 0.010204 0.000733 385.500000 1.125624 1.217528 -7.625136 -67.785414 0.010204 0.010204 0.001405 385.500000 25 45 50 75 86 88
0.000000 0.000000 0.000000 1.037461 1.090231 -4.294960 -60.018242 0.010204 0.010204 0.000701 385.500000 1.125624 1.217514 -21.246734 -79.544507 0.010204 0.010204 0.001410 385.500000 25 45 50 75 86 92
0.000000 0.000000 0.000000 1.028014 1.054627 -7.864792 -82.371847 0.010204 0.010204 0.000744 404.142857 1.125624 1.217755 -11.425002 -71.760657 0.010204 0.010204 0.001321 404.142857 25 45 50 75 86 97
0.000000 0.000000 0.000000 1.035215 1.069899 -7.407135 -55.381754 0.010204 0.010204 0.000710 404.142857 1.125624 1.217518 -13.667437 -68.121316 0.010204 0.010204 0.001347 404.142857 25 45 50 75 86 98
0.000000 0.000000 0.000000 1.004764 1.048860 -0.905089 -55.710916 0.010204 0.010204 0.000648 385.500000 1.125624 1.217356 -138.072150 -69.060704 0.010204 0.010204 0.001468 385.500000 25 45 50 75 87 88
0.000000 0.000000 0.000000 1.011636 1.052195 -80.541245 -56.835549 0.010204 0.010204 0.000674 385.500000 1.125624 1.217366 -133.135620 -70.254076 0.010204 0.010204 0.001463 385.500000 25 45 50 75 87 92
0.000000 0.000000 0.000000 1.014483 1.072451 -0.798705 -53.834621 0.010204 0.010204 0.000655 404.142857 1.125624 1.217358 -87.370847 -70.794678 0.010204 0.010204 0.001398 404.142857 25 45 50 75 87 97
0.000000 0.000000 0.000000 1.018797 1.072431 -0.311674 -69.640035 0.010204 0.010204 0.000683 404.142857 1.125624 1.217515 -34.772784 -61.507927 0.010204 0.010204 0.001369 404.142857 25 45 50 75 87 98
0.000000 0.000000 0.000000 1.022911 1.170386 -14.546033 -57.387852 0.010204 0.010204 0.000752 366.857143 1.125625 1.217758 -28.143796 -63.450119 0.010204 0.010204 0.001494 366.857143 25 45 50 76 77 88
0.000000 0.000000 0.000000 1.003655 1.067747 -178.621572 -63.208174 0.010204 0.010204 0.000719 366.857143 1.125625 1.217417 -13.505603 -69.165468 0.010204 0.010204 0.001531 366.857143 25 45 50 76 77 92
0.000000 0.000000 0.000000 1.009267 1.121866 -0.992151 -63.153653 0.010204 0.010204 0.000712 385.500000 1.125625 1.217418 -78.198902 -73.540639 0.010204 0.010204 0.001457 385.500000 25 45 50 76 77 97
0.000000 0.000000 0.000000 1.002038 1.135888 -0.258609 -79.491325 0.010204 0.010204 0.000684 385.500000 1.125625 1.217409 -71.594115 -71.646822 0.010204 0.010204 0.001462 385.500000 25 45 50 76 77 98
0.000000 0.000000 0.000000 1.052626 1.108290 -32.983867 -71.076465 0.010204 0.010204 0.000786 366.857143 1.125625 1.217427 -149.649123 -75.135682 0.010204 0.010204 0.001520 366.857143 25 45 50 76 81 88
0.000000 0.000000 0.000000 1.118378 1.081372 -11.387867 -66.300279 0.010204 0.010204 0.000828 366.857143 1.125625 1.217774 -141.764862 -69.062119 0.010204 0.010204 0.001485 366.857143 25 45 50 76 81 92
0.000000 0.000000 0.000000 1.009588 1.226640 -87.069541 -52.907954 0.010204 0.010204 0.000744 385.500000 1.125625 1.217419 -9.406798 -75.007314 0.010204 0.010204 0.001453 385.500000 25 45 50 76 81 97
0.000000 0.000000 0.000000 1.044455 1.053376 -115.720436 -71.252341 0.010204 0.010204 0.000778 385.500000 1.125625 1.217428 -12.008795 -73.542006 0.010204 0.010204 0.001448 385.500000 25 45 50 76 81 98
0.000000 0.000000 0.000000 1.060242 1.128658 -12.822815 -61.441609 0.010204 0.010204 0.000759 385.500000 1.125625 1.217420 -83.577396 -69.293748 0.010204 0.010204 0.001451 385.500000 25 45 50 76 86 88
0.000000 0.000000 0.000000 1.001754 1.049008 -50.739854 -66.688517 0.010204 0.010204 0.000725 385.500000 1.125625 1.217411 -19.640198 -70.342449 0.010204 0.010204 0.001456 385.500000 25 45 50 76 86 92
0.000000 0.000000 0.000000 1.198890 1.218650 -70.573927 -55.040599 0.010204 0.010204 0.000770 404.142857 1.125625 1.217569 -13.098699 -57.233292 0.010204 0.010204 0.001359 404.142857 25 45 50 76 86 97
0.000000 0.000000 0.000000 1.014631 1.049314 -36.464252 -71.137060 0.010204 0.010204 0.000734 404.142857 1.125625 1.217413 -404.917146 -88.169280 0.010204 0.010204 0.001387 404.142857 25 45 50 76 86 98
0.000000 0.000000 0.000000 1.003074 1.207225 -66.697071 -64.074181 0.010204 0.010204 0.000794 385.500000 1.125625 1.217578 -22.353285 -66.472352 0.010204 0.010204 0.001399 385.500000 25 45 50 76 87 88
0.000000 0.000000 0.000000 1.167301 1.058050 -48.116111 -61.561744 0.010204 0.010204 0.000836 385.500000 1.125625 1.217591 -20.766512 -65.903130 0.010204 0.010204 0.001394 385.500000 25 45 50 76 87 92
0.000000 0.000000 0.000000 1.340624 1.131426 -31.534642 -61.842577 0.010204 0.010204 0.000806 404.142857 1.125625 1.217581 -15.396129 -74.323721 0.010204 0.010204 0.001337 404.142857 25 45 50 76 87 97
0.000000 0.000000 0.000000 2.818790 1.599314 -413.068331 -140.473401 0.010204 0.010204 0.000851 404.142857 1.125625 1.217820 -158.548167 -74.621650 0.010204 0.010204 0.001311 404.142857 25 45 50 76 87 98
0.000000 0.000000 0.000000 1.190916 1.069677 -140.448002 -71.437134 0.010204 0.010204 0.000886 348.214286 1.125551 1.218242 -112.031991 -76.639271 0.010204 0.010204 0.001505 348.214286 25 45 61 66 77 88
0.000000 0.000000 0.000000 1.357447 1.138224 -256.400498 -49.821916 0.010204 0.010204 0.000836 348.214286 1.125551 1.217719 -39.905264 -67.870222 0.010204 0.010204 0.001540 348.214286 25 45 61 66 77 92
0.000000 0.000000 0.000000 1.236373 1.088013 -22.298284 -53.091125 0.010204 0.010204 0.000827 366.857143 1.125551 1.217722 -10.538177 -76.508747 0.010204 0.010204 0.001468 366.857143 25 45 61 66 77 97
0.000000 0.000000 0.000000 1.030401 1.687140 -206.617484 -80.118544 0.010204 0.010204 0.000788 366.857143 1.125551 1.217706 -64.430102 -56.625091 0.010204 0.010204 0.001473 366.857143 25 45 61 66 77 98
0.000000 0.000000 0.000000 1.024711 1.049848 -1.708588 -50.935489 0.010204 0.010204 0.000758 348.214286 1.125551 1.217355 -21.589656 -71.109425 0.010204 0.010204 0.001610 348.214286 25 45 61 66 81 88
0.000000 0.000000 0.000000 1.153633 1.130038 -54.459640 -43.759184 0.010204 0.010204 0.000797 348.214286 1.125551 1.217700 -45.997157 -73.311780 0.010204 0.010204 0.001570 348.214286 25 45 61 66 81 92
0.000000 0.000000 0.000000 1.035419 1.506152 -0.704770 -61.947402 0.010204 0.010204 0.000719 366.857143 1.125551 1.217347 -12.159525 -63.089028 0.010204 0.010204 0.001535 366.857143 25 45 61 66 81 97
0.000000 0.000000 0.000000 1.039720 1.053564 -1.481746 -64.595512 0.010204 0.010204 0.000751 366.857143 1.125551 1.217356 -6.000388 -60.566190 0.010204 0.010204 0.001530 366.857143 25 45 61 66 81 98
0.000000 0.000000 0.000000 1.080957 1.065038 -91.977167 -49.105084 0.010204 0.010204 0.000767 366.857143 1.125551 1.217357 -11.832045 -73.230638 0.010204 0.010204 0.001525 366.857143 25 45 61 66 86 88
0.000000 0.000000 0.000000 1.006608 1.072684 -0.568986 -59.219134 0.010204 0.010204 0.000732 366.857143 1.125551 1.217348 -19.127355 -67.193882 0.010204 0.010204 0.001531 366.857143 25 45 61 66 86 92
0.000000 0.000000 0.000000 2.352306 1.782833 -119.065780 -189.083284 0.010204 0.010204 0.000778 385.500000 1.125551 1.217509 -15.723911 -65.716022 0.010204 0.010204 0.001425 385.500000 25 45 61 66 86 97
0.000000 0.000000 0.000000 1.066543 1.073072 -35.026401 -63.485709 0.010204 0.010204 0.000742 385.500000 1.125551 1.217350 -75.212314 -74.024833 0.010204 0.010204 0.001456 385.500000 25 45 61 66 86 98
0.000000 0.000000 0.000000 1.001293 1.047738 -0.067798 -53.992877 0.010204 0.010204 0.000675 366.857143 1.125551 1.217338 -7.940697 -70.821577 0.010204 0.010204 0.001541 366.857143 25 45 61 66 87 88
0.000000 0.000000 0.000000 1.027102 1.197303 -1.797017 -73.395521 0.010204 0.010204 0.000703 366.857143 1.125551 1.217347 -8.568121 -72.687692 0.010204 0.010204 0.001535 366.857143 25 45 61 66 87 92
0.000000 0.000000 0.000000 1.004828 1.048104 -0.283595 -37.104121 0.010204 0.010204 0.000683 385.500000 1.125551 1.217340 -11.623596 -60.900892 0.010204 0.010204 0.001465 385.500000 25 45 61 66 87 97
0.000000 0.000000 0.000000 1.017520 1.074311 -19.180720 -67.959077 0.010204 0.010204 0.000712 385.500000 1.125551 1.217495 -21.449742 -69.035124 0.010204 0.010204 0.001434 385.500000 25 45 61 66 87 98
0.000000 0.000000 0.000000 1.028397 1.080932 -13.739685 -62.603856 0.010204 0.010204 0.000703 348.214286 1.125550 1.217636 -52.372553 -80.475922 0.010204 0.010204 0.001585 348.214286 25 45 61 70 77 88
0.000000 0.000000 0.000000 1.247539 1.874664 -164.652665 -83.578821 0.010204 0.010204 0.000673 348.214286 1.125550 1.217292 -8.947458 -67.073962 0.010204 0.010204 0.001625 348.214286 25 45 61 70 77 92
0.000000 0.000000 0.000000 1.116188 1.373906 -3.564341 -65.193176 0.010204 0.010204 0.000667 366.857143 1.125550 1.217293 -8.601021 -61.046034 0.010204 0.010204 0.001544 366.857143 25 45 61 70 77 97
0.000000 0.000000 0.000000 1.012605 1.080562 -1.309909 -70.922197 0.010204 0.010204 0.000642 366.857143 1.125550 1.217283 -17.731635 -71.591204 0.010204 0.010204 0.001549 366.857143 25 45 61 70 77 98
0.000000 0.000000 0.000000 1.068863 1.112091 -22.348114 -67.229618 0.010204 0.010204 0.000732 348.214286 1.125550 1.217641 -115.664852 -73.683243 0.010204 0.010204 0.001554 348.214286 25 45 61 70 81 88
0.000000 0.000000 0.000000 1.052752 1.084790 -1.088711 -52.724616 0.010204 0.010204 0.000769 348.214286 1.125550 1.218161 -157.631240 -75.559497 0.010204 0.010204 0.001518 348.214286 25 45 61 70 81 92
0.000000 0.000000 0.000000 1.033765 1.060366 -1.022597 -41.602265 0.010204 0.010204 0.000695 366.857143 1.125550 1.217629 -19.884671 -63.910497 0.010204 0.010204 0.001485 366.857143 25 45 61 70 81 97
0.000000 0.000000 0.000000 1.060455 1.097813 -62.574408 -71.942985 0.010204 0.010204 0.000725 366.857143 1.125550 1.217644 -99.586931 -80.611721 0.010204 0.010204 0.001480 366.857143 25 45 61 70 81 98
0.000000 0.000000 0.000000 1.012861 1.102851 -0.285730 -67.409439 0.010204 0.010204 0.000630 366.857143 1.125550 1.217284 -13.453671 -71.727867 0.010204 0.010204 0.001549 366.857143 25 45 61 70 86 88
0.000000 0.000000 0.000000 1.013825 1.232048 -127.419474 -64.955788 0.010204 0.010204 0.000607 366.857143 1.125550 1.217275 -16.105814 -62.807867 0.010204 0.010204 0.001555 366.857143 25 45 61 70 86 92
0.000000 0.000000 0.000000 1.074450 1.492466 -157.473052 -125.174516 0.010204 0.010204 0.000637 385.500000 1.125550 1.217432 -146.450098 -77.622607 0.010204 0.010204 0.001446 385.500000 25 45 61 70 86 97
0.000000 0.000000 0.000000 1.006620 1.059795 -1.127627 -68.321300 0.010204 0.010204 0.000613 385.500000 1.125550 1.217277 -10.938558 -59.761205 0.010204 0.010204 0.001478 385.500000 25 45 61 70 86 98
0.000000 0.000000 0.000000 1.357002 2.623626 -208.442890 -195.603485 0.010204 0.010204 0.000652 366.857143 1.125550 1.217285 -19.092711 -73.330040 0.010204 0.010204 0.001544 366.857143 25 45 61 70 87 88
0.000000 0.000000 0.000000 1.449258 2.123188 -125.880925 -144.674638 0.010204 0.010204 0.000680 366.857143 1.125550 1.217294 -43.277044 -80.301106 0.010204 0.010204 0.001538 366.857143 25 45 61 70 87 92
0.000000 0.000000 0.000000 1.059021 1.157587 -7.920602 -51.165347 0.010204 0.010204 0.000660 385.500000 1.125550 1.217287 -7.594077 -72.731232 0.010204 0.010204 0.001468 385.500000 25 45 61 70 87 97
0.000000 0.000000 0.000000 1.420328 1.963509 -90.403669 -155.576506 0.010204 0.010204 0.000688 385.500000 1.125550 1.217445 -16.957004 -60.675853 0.010204 0.010204 0.001437 385.500000 25 45 61 70 87 98
0.000000 0.000000 0.000000 1.302326 1.057925 -68.724671 -54.255368 0.010204 0.010204 0.000885 366.857143 1.125570 1.218963 -10.559791 -58.676220 0.010204 0.010204 0.001419 366.857143 25 45 61 75 77 88
0.000000 0.000000 0.000000 1.051049 1.157239 -17.566922 -49.338442 0.010204 0.010204 0.000836 366.857143 1.125570 1.218614 -39.875118 -79.234676 0.010204 0.010204 0.001451 366.857143 25 45 61 75 77 92
0.000000 0.000000 0.000000 1.879130 1.436620 -73.480037 -50.912859 0.010204 0.010204 0.000827 385.500000 1.125570 1.218615 -10.974789 -70.059890 0.010204 0.010204 0.001385 385.500000 25 45 61 75 77 97
0.000000 0.000000 0.000000 1.000394 1.065692 -96.989621 -69.192210 0.010204 0.010204 0.000788 385.500000 1.125570 1.218605 -30.457263 -69.618073 0.010204 0.010204 0.001389 385.500000 25 45 61 75 77 98
0.000000 0.000000 0.000000 1.001312 1.121178 -18.266603 -68.777729 0.010204 0.010204 0.000759 366.857143 1.125570 1.218592 -9.272407 -83.195660 0.010204 0.010204 0.001460 366.857143 25 45 61 75 81 88
0.000000 0.000000 0.000000 1.005187 1.093198 -68.634836 -58.488671 0.010204 0.010204 0.000798 366.857143 1.125570 1.218934 -150.728925 -74.241171 0.010204 0.010204 0.001427 366.857143 25 45 61 75 81 92
0.000000 0.000000 0.000000 1.000366 1.186387 -0.265960 -44.753405 0.010204 0.010204 0.000720 385.500000 1.125570 1.218584 -81.914894 -72.222080 0.010204 0.010204 0.001398 385.500000 25 45 61 75 81 97
0.000000 0.000000 0.000000 1.003944 1.212318 -0.308138 -91.907639 0.010204 0.010204 0.000752 385.500000 1.125570 1.218593 -201.893767 -77.836248 0.010204 0.010204 0.001393 385.500000 25 45 61 75 81 98
0.000000 0.000000 0.000000 1.534175 1.091941 -193.476027 -68.689556 0.010204 0.010204 0.000895 385.500000 1.125573 1.219013 -25.062825 -75.788351 0.010204 0.010204 0.001337 385.500000 25 45 61 75 86 88
0.000000 0.000000 0.000000 1.000536 1.092864 -1.020422 -74.874706 0.010204 0.010204 0.000846 385.500000 1.125573 1.218997 -9.549003 -72.976412 0.010204 0.010204 0.001341 385.500000 25 45 61 75 86 92
0.000000 0.000000 0.000000 1.511378 1.087029 -67.075487 -63.008728 0.010204 0.010204 0.000912 404.142857 1.125573 1.219281 -12.181662 -65.165049 0.010204 0.010204 0.001261 404.142857 25 45 61 75 86 97
0.000000 0.000000 0.000000 1.600649 1.109008 -42.903040 -56.446077 0.010204 0.010204 0.000859 404.142857 1.125573 1.219002 -185.932961 -73.848400 0.010204 0.010204 0.001284 404.142857 25 45 61 75 86 98
0.000000 0.000000 0.000000 1.017598 4.941064 -156.999199 -254.693094 0.010204 0.010204 0.000767 385.500000 1.125570 1.218591 -14.722643 -76.213884 0.010204 0.010204 0.001392 385.500000 25 45 61 75 87 88
0.000000 0.000000 0.000000 1.039829 1.074161 -5.883785 -49.686934 0.010204 0.010204 0.000805 385.500000 1.125570 1.218600 -28.954930 -63.555131 0.010204 0.010204 0.001387 385.500000 25 45 61 75 87 92
0.000000 0.000000 0.000000 1.098795 1.776209 -11.451467 -121.143103 0.010204 0.010204 0.000777 404.142857 1.125570 1.218593 -20.498362 -80.877231 0.010204 0.010204 0.001330 404.142857 25 45 61 75 87 97
0.000000 0.000000 0.000000 1.377762 1.096847 -49.479404 -59.151126 0.010204 0.010204 0.000818 404.142857 1.125570 1.218750 -4.295222 -58.423980 0.010204 0.010204 0.001304 404.142857 25 45 61 75 87 98
0.000000 0.000000 0.000000 1.102756 1.449788 -61.986719 -95.069151 0.010204 0.010204 0.000703 366.857143 1.125551 1.217649 -62.167140 -75.027828 0.010204 0.010204 0.001505 366.857143 25 45 61 76 77 88
0.000000 0.000000 0.000000 1.009186 1.079712 -0.974416 -61.042141 0.010204 0.010204 0.000674 366.857143 1.125551 1.217308 -15.422967 -72.683313 0.010204 0.010204 0.001543 366.857143 25 45 61 76 77 92
0.000000 0.000000 0.000000 1.012585 1.083526 -85.414047 -46.497420 0.010204 0.010204 0.000668 385.500000 1.125551 1.217309 -25.211703 -72.183107 0.010204 0.010204 0.001468 385.500000 25 45 61 76 77 97
0.000000 0.000000 0.000000 1.005523 1.145358 -354.791907 -81.524601 0.010204 0.010204 0.000643 385.500000 1.125551 1.217300 -54.536061 -70.229173 0.010204 0.010204 0.001473 385.500000 25 45 61 76 77 98
0.000000 0.000000 0.000000 1.589398 1.770830 -121.131088 -115.776702 0.010204 0.010204 0.000733 366.857143 1.125551 1.217318 -10.207613 -64.950615 0.010204 0.010204 0.001532 366.857143 25 45 61 76 81 88
0.000000 0.000000 0.000000 1.074377 1.060709 -19.418733 -53.898645 0.010204 0.010204 0.000769 366.857143 1.125551 1.217664 -9.856721 -72.881857 0.010204 0.010204 0.001495 366.857143 25 45 61 76 81 92
0.000000 0.000000 0.000000 1.017350 1.123813 -0.043622 -46.402326 0.010204 0.010204 0.000696 385.500000 1.125551 1.217309 -153.138269 -74.942176 0.010204 0.010204 0.001463 385.500000 25 45 61 76 81 97
0.000000 0.000000 0.000000 1.054495 1.056362 -93.761464 -68.407647 0.010204 0.010204 0.000726 385.500000 1.125551 1.217319 -80.936266 -62.285847 0.010204 0.010204 0.001458 385.500000 25 45 61 76 81 98
0.000000 0.000000 0.000000 1.060438 1.092194 -8.614088 -68.001773 0.010204 0.010204 0.000709 385.500000 1.125551 1.217311 -62.354579 -70.659688 0.010204 0.010204 0.001461 385.500000 25 45 61 76 86 88
0.000000 0.000000 0.000000 1.005260 1.050014 -0.870205 -55.708873 0.010204 0.010204 0.000679 385.500000 1.125551 1.217302 -34.736290 -65.619913 0.010204 0.010204 0.001466 385.500000 25 45 61 76 86 92
0.000000 0.000000 0.000000 1.134930 1.148599 -11.326360 -80.741696 0.010204 0.010204 0.000719 404.142857 1.125551 1.217460 -69.408758 -70.822993 0.010204 0.010204 0.001368 404.142857 25 45 61 76 86 97
0.000000 0.000000 0.000000 1.060438 1.118670 -4.002740 -69.520323 0.010204 0.010204 0.000688 404.142857 1.125551 1.217304 -195.750304 -69.036538 0.010204 0.010204 0.001397 404.142857 25 45 61 76 86 98
0.000000 0.000000 0.000000 1.015097 1.094804 -122.379778 -49.599771 0.010204 0.010204 0.000740 385.500000 1.125551 1.217464 -17.686333 -63.456069 0.010204 0.010204 0.001409 385.500000 25 45 61 76 87 88
0.000000 0.000000 0.000000 1.099298 1.051662 -173.847249 -58.015502 0.010204 0.010204 0.000776 385.500000 1.125551 1.217478 -58.193000 -78.239726 0.010204 0.010204 0.001404 385.500000 25 45 61 76 87 92
0.000000 0.000000 0.000000 1.114832 1.060937 -75.246676 -53.225858 0.010204 0.010204 0.000750 404.142857 1.125551 1.217468 -9.385212 -76.620464 0.010204 0.010204 0.001345 404.142857 25 45 61 76 87 97
0.000000 0.000000 0.000000 5.019409 3.057871 -1034.204983 -245.392067 0.010204 0.010204 0.000788 404.142857 1.125551 1.217706 -18.650995 -77.620577 0.010204 0.010204 0.001320 404.142857 25 45 61 76 87 98
0.000000 0.000000 0.000000 1.009369 1.192430 -2.487834 -53.859975 0.010204 0.010204 0.000911 348.214286 1.129398 1.222509 -59.711619 -66.803140 0.010204 0.010204 0.001429 348.214286 25 45 65 66 77 88
0.000000 0.000000 0.000000 1.002375 1.050727 -1.110353 -69.591237 0.010204 0.010204 0.000860 348.214286 1.129398 1.221988 -10.703569 -66.363967 0.010204 0.010204 0.001460 348.214286 25 45 65 66 77 92
0.000000 0.000000 0.000000 1.028358 1.594072 -3.452317 -60.483894 0.010204 0.010204 0.000851 366.857143 1.129398 1.221991 -17.085414 -65.620618 0.010204 0.010204 0.001395 366.857143 25 45 65 66 77 97
0.000000 0.000000 0.000000 1.002379 1.109046 -3.429778 -67.172054 0.010204 0.010204 0.000810 366.857143 1.129398 1.221976 -106.408964 -72.475821 0.010204 0.010204 0.001400 366.857143 25 45 65 66 77 98
0.000000 0.000000 0.000000 1.000679 1.052854 -0.087729 -53.017961 0.010204 0.010204 0.000781 348.214286 1.129397 1.221636 -76.118253 -61.259026 0.010204 0.010204 0.001523 348.214286 25 45 65 66 81 88
0.000000 0.000000 0.000000 1.079366 5.254546 -3.898916 -408.797446 0.010204 0.010204 0.000820 348.214286 1.129397 1.221981 -25.707266 -63.343152 0.010204 0.010204 0.001488 348.214286 25 45 65 66 81 92
0.000000 0.000000 0.000000 1.000759 1.142795 -0.037643 -47.749930 0.010204 0.010204 0.000740 366.857143 1.129397 1.221628 -140.395465 -65.305179 0.010204 0.010204 0.001456 366.857143 25 45 65 66 81 97
0.000000 0.000000 0.000000 1.001160 1.076981 -0.498509 -64.656434 0.010204 0.010204 0.000773 366.857143 1.129397 1.221637 -42.243637 -71.983379 0.010204 0.010204 0.001451 366.857143 25 45 65 66 81 98
0.000000 0.000000 0.000000 1.043118 2.972617 -2.391137 -107.798262 0.010204 0.010204 0.000789 366.857143 1.129397 1.221638 -11.480920 -70.114575 0.010204 0.010204 0.001446 366.857143 25 45 65 66 86 88
0.000000 0.000000 0.000000 1.000510 1.068340 -148.420927 -61.414752 0.010204 0.010204 0.000754 366.857143 1.129397 1.221629 -22.700065 -75.488654 0.010204 0.010204 0.001452 366.857143 25 45 65 66 86 92
0.000000 0.000000 0.000000 1.001407 1.053916 -0.101277 -58.217042 0.010204 0.010204 0.000801 385.500000 1.129397 1.221790 -17.073923 -79.268523 0.010204 0.010204 0.001356 385.500000 25 45 65 66 86 97
0.000000 0.000000 0.000000 1.001316 1.068682 -0.243683 -71.474539 0.010204 0.010204 0.000763 385.500000 1.129397 1.221631 -12.310496 -72.350669 0.010204 0.010204 0.001384 385.500000 25 45 65 66 86 98
0.000000 0.000000 0.000000 1.000562 1.273598 -4.111792 -85.044272 0.010204 0.010204 0.000694 366.857143 1.129397 1.221619 -100.185008 -76.378688 0.010204 0.010204 0.001461 366.857143 25 45 65 66 87 88
0.000000 0.000000 0.000000 1.000473 1.096177 -0.028971 -64.296182 0.010204 0.010204 0.000723 366.857143 1.129397 1.221629 -118.658534 -70.600396 0.010204 0.010204 0.001456 366.857143 25 45 65 66 87 92
0.000000 0.000000 0.000000 1.000522 1.123444 -101.210164 -64.681086 0.010204 0.010204 0.000702 385.500000 1.129397 1.221621 -229.975637 -76.991444 0.010204 0.010204 0.001392 385.500000 25 45 65 66 87 97
0.000000 0.000000 0.000000 1.000334 1.053259 -23.893734 -61.830902 0.010204 0.010204 0.000733 385.500000 1.129397 1.221776 -5.822090 -74.817576 0.010204 0.010204 0.001364 385.500000 25 45 65 66 87 98
0.000000 0.000000 0.000000 1.022407 1.434569 -2.699731 -56.709120 0.010204 0.010204 0.000950 348.214286 1.129432 1.222100 -21.103058 -69.320508 0.010204 0.010204 0.001475 348.214286 25 45 65 70 77 88
0.000000 0.000000 0.000000 1.001650 1.144164 -0.281100 -67.617580 0.010204 0.010204 0.000897 348.214286 1.129432 1.221756 -176.380702 -67.249246 0.010204 0.010204 0.001510 348.214286 25 45 65 70 77 92
0.000000 0.000000 0.000000 1.014194 1.697354 -0.178530 -83.789351 0.010204 0.010204 0.000887 366.857143 1.129432 1.221757 -260.491808 -68.120457 0.010204 0.010204 0.001439 366.857143 25 45 65 70 77 97
0.000000 0.000000 0.000000 1.000340 1.219613 -103.102018 -84.183122 0.010204 0.010204 0.000844 366.857143 1.129432 1.221747 -33.834198 -74.426083 0.010204 0.010204 0.001444 366.857143 25 45 65 70 77 98
0.000000 0.000000 0.000000 1.004942 1.058950 -157.785413 -58.918791 0.010204 0.010204 0.001007 348.214286 1.129438 1.222131 -142.536946 -66.157132 0.010204 0.010204 0.001448 348.214286 25 45 65 70 81 88
0.000000 0.000000 0.000000 1.083781 1.094816 -89.118897 -60.688276 0.010204 0.010204 0.001078 348.214286 1.129439 1.222656 -167.632841 -75.707546 0.010204 0.010204 0.001417 348.214286 25 45 65 70 81 92
0.000000 0.000000 0.000000 1.000074 1.158861 -0.009628 -38.343919 0.010204 0.010204 0.000939 366.857143 1.129438 1.222119 -227.143749 -64.526399 0.010204 0.010204 0.001389 366.857143 25 45 65 70 81 97
0.000000 0.000000 0.000000 1.302057 1.785656 -24.200305 -184.299247 0.010204 0.010204 0.000994 366.857143 1.129438 1.222134 -32.559942 -66.757554 0.010204 0.010204 0.001384 366.857143 25 45 65 70 81 98
0.000000 0.000000 0.000000 1.000244 1.065211 -0.077766 -61.931745 0.010204 0.010204 0.000822 366.857143 1.129432 1.221748 -72.566351 -74.365112 0.010204 0.010204 0.001443 366.857143 25 45 65 70 86 88
0.000000 0.000000 0.000000 1.000043 1.056546 -81.637876 -74.195385 0.010204 0.010204 0.000784 366.857143 1.129432 1.221738 -25.795572 -67.547607 0.010204 0.010204 0.001449 366.857143 25 45 65 70 86 92
0.000000 0.000000 0.000000 1.001486 1.220013 -0.045100 -85.028966 0.010204 0.010204 0.000834 385.500000 1.129432 1.221895 -140.429326 -68.371787 0.010204 0.010204 0.001353 385.500000 25 45 65 70 86 97
0.000000 0.000000 0.000000 1.000129 1.047624 -225.373500 -83.512501 0.010204 0.010204 0.000795 385.500000 1.129432 1.221740 -20.863008 -66.981109 0.010204 0.010204 0.001381 385.500000 25 45 65 70 86 98
0.000000 0.000000 0.000000 1.000106 1.060559 -163.923369 -53.497216 0.010204 0.010204 0.000862 366.857143 1.129432 1.221749 -14.523145 -68.077904 0.010204 0.010204 0.001440 366.857143 25 45 65 70 87 88
0.000000 0.000000 0.000000 1.004013 1.094436 -149.147380 -49.290991 0.010204 0.010204 0.000909 366.857143 1.129432 1.221758 -28.500140 -74.742860 0.010204 0.010204 0.001434 366.857143 25 45 65 70 87 92
0.000000 0.000000 0.000000 1.001072 1.046927 -0.037550 -43.204704 0.010204 0.010204 0.000875 385.500000 1.129432 1.221751 -24.543231 -60.503030 0.010204 0.010204 0.001373 385.500000 25 45 65 70 87 97
0.000000 0.000000 0.000000 1.013337 1.106539 -0.990739 -64.314098 0.010204 0.010204 0.000925 385.500000 1.129432 1.221910 -166.188268 -72.951557 0.010204 0.010204 0.001346 385.500000 25 45 65 70 87 98
0.000000 0.000000 0.000000 1.005315 1.060272 -0.412353 -55.650724 0.010204 0.010204 0.000912 366.857143 1.129412 1.222033 -99.843768 -78.075830 0.010204 0.010204 0.001408 366.857143 25 45 65 75 77 88
0.000000 0.000000 0.000000 1.001744 1.069701 -1.845351 -59.597070 0.010204 0.010204 0.000862 366.857143 1.129412 1.221686 -49.683454 -58.267312 0.010204 0.010204 0.001441 366.857143 25 45 65 75 77 92
0.000000 0.000000 0.000000 1.003117 1.072352 -10.041135 -45.837712 0.010204 0.010204 0.000853 385.500000 1.129412 1.221687 -53.185375 -73.945699 0.010204 0.010204 0.001375 385.500000 25 45 65 75 77 97
0.000000 0.000000 0.000000 1.000430 1.149265 -0.162863 -101.528837 0.010204 0.010204 0.000812 385.500000 1.129412 1.221678 -26.878638 -65.842701 0.010204 0.010204 0.001379 385.500000 25 45 65 75 77 98
0.000000 0.000000 0.000000 1.000489 1.142111 -0.057358 -79.982638 0.010204 0.010204 0.000783 366.857143 1.129412 1.221676 -11.176288 -64.198862 0.010204 0.010204 0.001450 366.857143 25 45 65 75 81 88
0.000000 0.000000 0.000000 1.000679 1.089788 -27.583706 -62.192658 0.010204 0.010204 0.000822 366.857143 1.129412 1.222017 -29.830956 -70.824584 0.010204 0.010204 0.001417 366.857143 25 45 65 75 81 92
0.000000 0.000000 0.000000 1.000081 1.072901 -8.058344 -58.470232 0.010204 0.010204 0.000742 385.500000 1.129412 1.221668 -14.747807 -65.314290 0.010204 0.010204 0.001388 385.500000 25 45 65 75 81 97
0.000000 0.000000 0.000000 1.000246 1.053193 -0.391736 -66.686006 0.010204 0.010204 0.000775 385.500000 1.129412 1.221677 -29.271449 -69.199461 0.010204 0.010204 0.001383 385.500000 25 45 65 75 81 98
0.000000 0.000000 0.000000 1.017597 1.055689 -9.627616 -49.144172 0.010204 0.010204 0.000922 385.500000 1.129415 1.221851 -6.765071 -61.705069 0.010204 0.010204 0.001327 385.500000 25 45 65 75 86 88
0.000000 0.000000 0.000000 1.000277 1.313094 -0.391307 -73.186013 0.010204 0.010204 0.000872 385.500000 1.129415 1.221837 -32.978079 -64.378703 0.010204 0.010204 0.001331 385.500000 25 45 65 75 86 92
0.000000 0.000000 0.000000 1.021529 1.054388 -2.532939 -50.588343 0.010204 0.010204 0.000939 404.142857 1.129415 1.222080 -61.715223 -64.394670 0.010204 0.010204 0.001251 404.142857 25 45 65 75 86 97
0.000000 0.000000 0.000000 1.009937 1.053530 -141.153012 -60.732495 0.010204 0.010204 0.000886 404.142857 1.129415 1.221841 -17.829478 -75.039905 0.010204 0.010204 0.001274 404.142857 25 45 65 75 86 98
0.000000 0.000000 0.000000 1.000149 1.060012 -0.010778 -67.379014 0.010204 0.010204 0.000790 385.500000 1.129412 1.221670 -19.638327 -62.414289 0.010204 0.010204 0.001382 385.500000 25 45 65 75 87 88
0.000000 0.000000 0.000000 1.009567 1.399041 -27.131735 -76.424109 0.010204 0.010204 0.000830 385.500000 1.129412 1.221679 -171.153579 -73.837168 0.010204 0.010204 0.001377 385.500000 25 45 65 75 87 92
0.000000 0.000000 0.000000 1.001561 1.098875 -0.123639 -51.012432 0.010204 0.010204 0.000801 404.142857 1.129412 1.221672 -18.604254 -74.356883 0.010204 0.010204 0.001320 404.142857 25 45 65 75 87 97
0.000000 0.000000 0.000000 1.002964 1.061277 -165.364092 -84.165256 0.010204 0.010204 0.000843 404.142857 1.129412 1.221828 -16.514181 -75.618235 0.010204 0.010204 0.001294 404.142857 25 45 65 75 87 98
0.000000 0.000000 0.000000 1.000049 1.050850 -0.090382 -62.614366 0.010204 0.010204 0.000953 366.857143 1.130178 1.224574 -13.810573 -67.405928 0.010204 0.010204 0.001348 366.857143 25 45 65 76 77 88
0.000000 0.000000 0.000000 1.000020 1.086961 -43.208192 -78.060120 0.010204 0.010204 0.000900 366.857143 1.130178 1.224232 -23.604849 -75.228106 0.010204 0.010204 0.001377 366.857143 25 45 65 76 77 92
0.000000 0.000000 0.000000 1.000040 1.109953 -127.699446 -68.893516 0.010204 0.010204 0.000890 385.500000 1.130178 1.224233 -225.356262 -61.248751 0.010204 0.010204 0.001317 385.500000 25 45 65 76 77 97
0.000000 0.000000 0.000000 1.000008 1.154151 -0.039093 -94.865553 0.010204 0.010204 0.000847 385.500000 1.130178 1.224224 -82.509091 -57.665171 0.010204 0.010204 0.001321 385.500000 25 45 65 76 77 98
0.000000 0.000000 0.000000 1.000268 1.051656 -0.418313 -49.293072 0.010204 0.010204 0.001009 366.857143 1.130183 1.224263 -22.771381 -68.616092 0.010204 0.010204 0.001369 366.857143 25 45 65 76 81 88
0.000000 0.000000 0.000000 1.314918 5.028079 -28.070827 -451.860159 0.010204 0.010204 0.001078 366.857143 1.130184 1.224615 -48.717285 -62.710321 0.010204 0.010204 0.001340 366.857143 25 45 65 76 81 92
0.000000 0.000000 0.000000 1.000007 1.060734 -26.423800 -47.436586 0.010204 0.010204 0.000941 385.500000 1.130183 1.224255 -74.406532 -70.695604 0.010204 0.010204 0.001314 385.500000 25 45 65 76 81 97
0.000000 0.000000 0.000000 1.001561 1.133864 -21.217899 -78.304701 0.010204 0.010204 0.000996 385.500000 1.130183 1.224265 -20.507137 -57.823380 0.010204 0.010204 0.001310 385.500000 25 45 65 76 81 98
0.000000 0.000000 0.000000 1.000424 1.076899 -0.040069 -51.563798 0.010204 0.010204 0.000964 385.500000 1.130180 1.224244 -150.291781 -60.037255 0.010204 0.010204 0.001312 385.500000 25 45 65 76 86 88
0.000000 0.000000 0.000000 1.000062 1.683747 -0.009003 -83.370072 0.010204 0.010204 0.000911 385.500000 1.130180 1.224235 -10.369300 -66.865401 0.010204 0.010204 0.001316 385.500000 25 45 65 76 86 92
0.000000 0.000000 0.000000 1.019148 1.847267 -1.009792 -73.008617 0.010204 0.010204 0.000982 404.142857 1.130181 1.224395 -11.713787 -59.430451 0.010204 0.010204 0.001237 404.142857 25 45 65 76 86 97
0.000000 0.000000 0.000000 1.000174 1.095054 -10.801086 -94.071599 0.010204 0.010204 0.000925 404.142857 1.130180 1.224237 -29.355670 -72.239238 0.010204 0.010204 0.001260 404.142857 25 45 65 76 86 98
0.000000 0.000000 0.000000 1.000011 1.091549 -204.916448 -53.537208 0.010204 0.010204 0.001024 385.500000 1.130282 1.224839 -32.026328 -76.070095 0.010204 0.010204 0.001271 385.500000 25 45 65 76 87 88
0.000000 0.000000 0.000000 1.023288 1.250926 -36.898843 -66.236253 0.010204 0.010204 0.001094 385.500000 1.130282 1.224855 -61.706059 -76.573399 0.010204 0.010204 0.001267 385.500000 25 45 65 76 87 92
0.000000 0.000000 0.000000 1.011047 8.378237 -0.737220 -148.261927 0.010204 0.010204 0.001043 404.142857 1.130282 1.224844 -18.044220 -70.736873 0.010204 0.010204 0.001219 404.142857 25 45 65 76 87 97
0.000000 0.000000 0.000000 1.458185 1.112271 -125.496706 -67.374748 0.010204 0.010204 0.001120 404.142857 1.130295 1.225150 -6.842281 -62.049713 0.010204 0.010204 0.001198 404.142857 25 45 65 76 87 98
